Entity,Code,Year,Arable land (hectares per person)
Afghanistan,AFG,1961,0.8302508
Afghanistan,AFG,1962,0.81876516
Afghanistan,AFG,1963,0.8069145
Afghanistan,AFG,1964,0.7947572
Afghanistan,AFG,1965,0.7772015
Afghanistan,AFG,1966,0.7631695
Afghanistan,AFG,1967,0.7466239
Afghanistan,AFG,1968,0.7292049
Afghanistan,AFG,1969,0.7134164
Afghanistan,AFG,1970,0.69706917
Afghanistan,AFG,1971,0.68293804
Afghanistan,AFG,1972,0.6673024
Afghanistan,AFG,1973,0.6506005
Afghanistan,AFG,1974,0.6343668
Afghanistan,AFG,1975,0.6192288
Afghanistan,AFG,1976,0.6056731
Afghanistan,AFG,1977,0.59291995
Afghanistan,AFG,1978,0.5811288
Afghanistan,AFG,1979,0.57925093
Afghanistan,AFG,1980,0.60063887
Afghanistan,AFG,1981,0.66261333
Afghanistan,AFG,1982,0.719655
Afghanistan,AFG,1983,0.72449285
Afghanistan,AFG,1984,0.70686716
Afghanistan,AFG,1985,0.69222915
Afghanistan,AFG,1986,0.69264
Afghanistan,AFG,1987,0.6946019
Afghanistan,AFG,1988,0.6864354
Afghanistan,AFG,1989,0.6661564
Afghanistan,AFG,1990,0.65666807
Afghanistan,AFG,1991,0.64630103
Afghanistan,AFG,1992,0.59567857
Afghanistan,AFG,1993,0.5235836
Afghanistan,AFG,1994,0.4740076
Afghanistan,AFG,1995,0.4484398
Afghanistan,AFG,1996,0.43049514
Afghanistan,AFG,1997,0.41648397
Afghanistan,AFG,1998,0.40485394
Afghanistan,AFG,1999,0.38480908
Afghanistan,AFG,2000,0.38166296
Afghanistan,AFG,2001,0.3787657
Afghanistan,AFG,2002,0.35915232
Afghanistan,AFG,2003,0.3418811
Afghanistan,AFG,2004,0.33173952
Afghanistan,AFG,2005,0.3198172
Afghanistan,AFG,2006,0.3065596
Afghanistan,AFG,2007,0.3008122
Afghanistan,AFG,2008,0.29430622
Afghanistan,AFG,2009,0.28373158
Afghanistan,AFG,2010,0.27552593
Afghanistan,AFG,2011,0.26547217
Afghanistan,AFG,2012,0.25490808
Afghanistan,AFG,2013,0.24618389
Afghanistan,AFG,2014,0.23697475
Afghanistan,AFG,2015,0.22951804
Afghanistan,AFG,2016,0.22273383
Afghanistan,AFG,2017,0.21572512
Afghanistan,AFG,2018,0.21212181
Afghanistan,AFG,2019,0.20572631
Afghanistan,AFG,2020,0.20038916
Afghanistan,AFG,2021,0.19572298
Afghanistan,AFG,2022,0.19246483
Afghanistan,AFG,2023,0.18926656
Albania,ALB,1961,0.26027232
Albania,ALB,1962,0.25477424
Albania,ALB,1963,0.24962825
Albania,ALB,1964,0.24419351
Albania,ALB,1965,0.24667643
Albania,ALB,1966,0.24809709
Albania,ALB,1967,0.2482705
Albania,ALB,1968,0.24724667
Albania,ALB,1969,0.24499266
Albania,ALB,1970,0.24397336
Albania,ALB,1971,0.24224663
Albania,ALB,1972,0.24073547
Albania,ALB,1973,0.23859781
Albania,ALB,1974,0.23700877
Albania,ALB,1975,0.23411208
Albania,ALB,1976,0.23387997
Albania,ALB,1977,0.23074971
Albania,ALB,1978,0.22717832
Albania,ALB,1979,0.22270337
Albania,ALB,1980,0.21893737
Albania,ALB,1981,0.21569623
Albania,ALB,1982,0.21154496
Albania,ALB,1983,0.20710559
Albania,ALB,1984,0.20279373
Albania,ALB,1985,0.19866687
Albania,ALB,1986,0.1948631
Albania,ALB,1987,0.19133449
Albania,ALB,1988,0.1877584
Albania,ALB,1989,0.18030058
Albania,ALB,1990,0.17617302
Albania,ALB,1991,0.1769321
Albania,ALB,1992,0.17800833
Albania,ALB,1993,0.17878795
Albania,ALB,1994,0.17988886
Albania,ALB,1995,0.18100348
Albania,ALB,1996,0.18213195
Albania,ALB,1997,0.18359224
Albania,ALB,1998,0.18443167
Albania,ALB,1999,0.18560347
Albania,ALB,2000,0.18711394
Albania,ALB,2001,0.18887821
Albania,ALB,2002,0.18944547
Albania,ALB,2003,0.1901556
Albania,ALB,2004,0.19095199
Albania,ALB,2005,0.17864929
Albania,ALB,2006,0.1951515
Albania,ALB,2007,0.19461168
Albania,ALB,2008,0.20696811
Albania,ALB,2009,0.20802598
Albania,ALB,2010,0.21489719
Albania,ALB,2011,0.21409923
Albania,ALB,2012,0.21641496
Albania,ALB,2013,0.21907045
Albania,ALB,2014,0.22193645
Albania,ALB,2015,0.22520469
Albania,ALB,2016,0.23064032
Albania,ALB,2017,0.23109296
Albania,ALB,2018,0.23443581
Albania,ALB,2019,0.23755735
Albania,ALB,2020,0.23713852
Albania,ALB,2021,0.24094673
Albania,ALB,2022,0.24395955
Albania,ALB,2023,0.24493523
Algeria,DZA,1961,0.55654526
Algeria,DZA,1962,0.5338634
Algeria,DZA,1963,0.51743776
Algeria,DZA,1964,0.503456
Algeria,DZA,1965,0.5016183
Algeria,DZA,1966,0.4941196
Algeria,DZA,1967,0.48935556
Algeria,DZA,1968,0.4739378
Algeria,DZA,1969,0.46252733
Algeria,DZA,1970,0.4532884
Algeria,DZA,1971,0.4525164
Algeria,DZA,1972,0.45123503
Algeria,DZA,1973,0.44085947
Algeria,DZA,1974,0.43241808
Algeria,DZA,1975,0.43658245
Algeria,DZA,1976,0.43219736
Algeria,DZA,1977,0.4057359
Algeria,DZA,1978,0.3936717
Algeria,DZA,1979,0.3795604
Algeria,DZA,1980,0.36948115
Algeria,DZA,1981,0.3582075
Algeria,DZA,1982,0.34626004
Algeria,DZA,1983,0.32065198
Algeria,DZA,1984,0.3250757
Algeria,DZA,1985,0.313969
Algeria,DZA,1986,0.30630237
Algeria,DZA,1987,0.30153188
Algeria,DZA,1988,0.29453075
Algeria,DZA,1989,0.28798822
Algeria,DZA,1990,0.27904528
Algeria,DZA,1991,0.27936047
Algeria,DZA,1992,0.28398073
Algeria,DZA,1993,0.27616626
Algeria,DZA,1994,0.26811507
Algeria,DZA,1995,0.2641008
Algeria,DZA,1996,0.25904965
Algeria,DZA,1997,0.2586268
Algeria,DZA,1998,0.2549067
Algeria,DZA,1999,0.2517855
Algeria,DZA,2000,0.24792993
Algeria,DZA,2001,0.24202695
Algeria,DZA,2002,0.23769453
Algeria,DZA,2003,0.2332093
Algeria,DZA,2004,0.22964737
Algeria,DZA,2005,0.22685504
Algeria,DZA,2006,0.222166
Algeria,DZA,2007,0.21845943
Algeria,DZA,2008,0.21509631
Algeria,DZA,2009,0.21112725
Algeria,DZA,2010,0.20730494
Algeria,DZA,2011,0.20328763
Algeria,DZA,2012,0.19939613
Algeria,DZA,2013,0.19514152
Algeria,DZA,2014,0.19052146
Algeria,DZA,2015,0.18646146
Algeria,DZA,2016,0.18125017
Algeria,DZA,2017,0.17920204
Algeria,DZA,2018,0.17646624
Algeria,DZA,2019,0.173948
Algeria,DZA,2020,0.17099552
Algeria,DZA,2021,0.16824877
Algeria,DZA,2022,0.16559878
Algeria,DZA,2023,0.163135
American Samoa,ASM,1961,0.03096874
American Samoa,ASM,1962,0.03004977
American Samoa,ASM,1963,0.029135937
American Samoa,ASM,1964,0.028227407
American Samoa,ASM,1965,0.027343417
American Samoa,ASM,1966,0.026516408
American Samoa,ASM,1967,0.025741061
American Samoa,ASM,1968,0.024986336
American Samoa,ASM,1969,0.024265403
American Samoa,ASM,1970,0.0236809
American Samoa,ASM,1971,0.023244834
American Samoa,ASM,1972,0.022861226
American Samoa,ASM,1973,0.022506682
American Samoa,ASM,1974,0.022164501
American Samoa,ASM,1975,0.021776114
American Samoa,ASM,1976,0.021362528
American Samoa,ASM,1977,0.02096917
American Samoa,ASM,1978,0.020594671
American Samoa,ASM,1979,0.020246116
American Samoa,ASM,1980,0.019751258
American Samoa,ASM,1981,0.019056695
American Samoa,ASM,1982,0.018333381
American Samoa,ASM,1983,0.017644951
American Samoa,ASM,1984,0.016991
American Samoa,ASM,1985,0.016367031
American Samoa,ASM,1986,0.015774814
American Samoa,ASM,1987,0.015212017
American Samoa,ASM,1988,0.0146738505
American Samoa,ASM,1989,0.014162112
American Samoa,ASM,1990,0.013722127
American Samoa,ASM,1991,0.013575039
American Samoa,ASM,1992,0.013662874
American Samoa,ASM,1993,0.013556889
American Samoa,ASM,1994,0.013463152
American Samoa,ASM,1995,0.013380228
American Samoa,ASM,1996,0.013307593
American Samoa,ASM,1997,0.013244546
American Samoa,ASM,1998,0.013192612
American Samoa,ASM,1999,0.013333808
American Samoa,ASM,2000,0.013367338
American Samoa,ASM,2001,0.013496223
American Samoa,ASM,2002,0.013669342
American Samoa,ASM,2003,0.013866704
American Samoa,ASM,2004,0.014080045
American Samoa,ASM,2005,0.014306657
American Samoa,ASM,2006,0.014545713
American Samoa,ASM,2007,0.014791581
American Samoa,ASM,2008,0.015046214
American Samoa,ASM,2009,0.015307592
American Samoa,ASM,2010,0.015571811
American Samoa,ASM,2011,0.015848437
American Samoa,ASM,2012,0.016150048
American Samoa,ASM,2013,0.01647965
American Samoa,ASM,2014,0.016833128
American Samoa,ASM,2015,0.017209426
American Samoa,ASM,2016,0.017609341
American Samoa,ASM,2017,0.018028148
American Samoa,ASM,2018,0.01846468
American Samoa,ASM,2019,0.018920911
American Samoa,ASM,2020,0.019292217
American Samoa,ASM,2021,0.019705433
American Samoa,ASM,2022,0.020065367
American Samoa,ASM,2023,0.021674627
Andorra,AND,1961,0.09724788
Andorra,AND,1962,0.09020386
Andorra,AND,1963,0.083927825
Andorra,AND,1964,0.07834534
Andorra,AND,1965,0.07334605
Andorra,AND,1966,0.06837139
Andorra,AND,1967,0.063143276
Andorra,AND,1968,0.058220774
Andorra,AND,1969,0.05389383
Andorra,AND,1970,0.050057568
Andorra,AND,1971,0.046637442
Andorra,AND,1972,0.0435597
Andorra,AND,1973,0.040778045
Andorra,AND,1974,0.038270187
Andorra,AND,1975,0.036006194
Andorra,AND,1976,0.033972006
Andorra,AND,1977,0.032157443
Andorra,AND,1978,0.030548343
Andorra,AND,1979,0.02914942
Andorra,AND,1980,0.027947012
Andorra,AND,1981,0.02690414
Andorra,AND,1982,0.02579713
Andorra,AND,1983,0.024651794
Andorra,AND,1984,0.023655761
Andorra,AND,1985,0.022818027
Andorra,AND,1986,0.02186557
Andorra,AND,1987,0.020985037
Andorra,AND,1988,0.02023636
Andorra,AND,1989,0.019755038
Andorra,AND,1990,0.01901249
Andorra,AND,1991,0.017646955
Andorra,AND,1992,0.016611295
Andorra,AND,1993,0.015804779
Andorra,AND,1994,0.015477001
Andorra,AND,1995,0.015646514
Andorra,AND,1996,0.015628908
Andorra,AND,1997,0.015455951
Andorra,AND,1998,0.01529473
Andorra,AND,1999,0.015218384
Andorra,AND,2000,0.0152241755
Andorra,AND,2001,0.011389175
Andorra,AND,2002,0.012780801
Andorra,AND,2003,0.012376593
Andorra,AND,2004,0.0108980825
Andorra,AND,2005,0.010333113
Andorra,AND,2006,0.009800842
Andorra,AND,2007,0.00940435
Andorra,AND,2008,0.009102342
Andorra,AND,2009,0.009178905
Andorra,AND,2010,0.009540803
Andorra,AND,2011,0.009899335
Andorra,AND,2012,0.009891454
Andorra,AND,2013,0.010772136
Andorra,AND,2014,0.01084937
Andorra,AND,2015,0.0112228785
Andorra,AND,2016,0.0113603305
Andorra,AND,2017,0.011116684
Andorra,AND,2018,0.010969639
Andorra,AND,2019,0.0103446925
Andorra,AND,2020,0.009936676
Andorra,AND,2021,0.009540095
Andorra,AND,2022,0.009379587
Andorra,AND,2023,0.009059316
Angola,AGO,1961,0.5036232
Angola,AGO,1962,0.5042667
Angola,AGO,1963,0.5029288
Angola,AGO,1964,0.50327706
Angola,AGO,1965,0.50163156
Angola,AGO,1966,0.5016675
Angola,AGO,1967,0.50161237
Angola,AGO,1968,0.50151694
Angola,AGO,1969,0.50315034
Angola,AGO,1970,0.49549034
Angola,AGO,1971,0.48405117
Angola,AGO,1972,0.46969175
Angola,AGO,1973,0.4539387
Angola,AGO,1974,0.43850583
Angola,AGO,1975,0.42379403
Angola,AGO,1976,0.40991345
Angola,AGO,1977,0.3962924
Angola,AGO,1978,0.38275066
Angola,AGO,1979,0.36955824
Angola,AGO,1980,0.35653377
Angola,AGO,1981,0.34378085
Angola,AGO,1982,0.33136615
Angola,AGO,1983,0.31927836
Angola,AGO,1984,0.30766237
Angola,AGO,1985,0.2965502
Angola,AGO,1986,0.28601158
Angola,AGO,1987,0.27624682
Angola,AGO,1988,0.26700324
Angola,AGO,1989,0.25804013
Angola,AGO,1990,0.24943319
Angola,AGO,1991,0.24535225
Angola,AGO,1992,0.24147372
Angola,AGO,1993,0.2338792
Angola,AGO,1994,0.22641912
Angola,AGO,1995,0.21898165
Angola,AGO,1996,0.21170035
Angola,AGO,1997,0.20463271
Angola,AGO,1998,0.1978974
Angola,AGO,1999,0.19148241
Angola,AGO,2000,0.18524386
Angola,AGO,2001,0.17913434
Angola,AGO,2002,0.17890431
Angola,AGO,2003,0.18390843
Angola,AGO,2004,0.17741533
Angola,AGO,2005,0.1710628
Angola,AGO,2006,0.16487405
Angola,AGO,2007,0.1636302
Angola,AGO,2008,0.1575631
Angola,AGO,2009,0.17845374
Angola,AGO,2010,0.18029755
Angola,AGO,2011,0.1940677
Angola,AGO,2012,0.1866754
Angola,AGO,2013,0.18516664
Angola,AGO,2014,0.18445723
Angola,AGO,2015,0.18200997
Angola,AGO,2016,0.18322267
Angola,AGO,2017,0.17678282
Angola,AGO,2018,0.17071839
Angola,AGO,2019,0.16500065
Angola,AGO,2020,0.15963586
Angola,AGO,2021,0.15486892
Angola,AGO,2022,0.15111536
Angola,AGO,2023,0.14653099
Antigua and Barbuda,ATG,1961,0.14149275
Antigua and Barbuda,ATG,1962,0.122087345
Antigua and Barbuda,ATG,1963,0.12040318
Antigua and Barbuda,ATG,1964,0.11860386
Antigua and Barbuda,ATG,1965,0.100050025
Antigua and Barbuda,ATG,1966,0.098522164
Antigua and Barbuda,ATG,1967,0.09702928
Antigua and Barbuda,ATG,1968,0.09552771
Antigua and Barbuda,ATG,1969,0.09401589
Antigua and Barbuda,ATG,1970,0.09298289
Antigua and Barbuda,ATG,1971,0.092694156
Antigua and Barbuda,ATG,1972,0.07738141
Antigua and Barbuda,ATG,1973,0.07770974
Antigua and Barbuda,ATG,1974,0.078054264
Antigua and Barbuda,ATG,1975,0.07832203
Antigua and Barbuda,ATG,1976,0.07841661
Antigua and Barbuda,ATG,1977,0.07829382
Antigua and Barbuda,ATG,1978,0.07807864
Antigua and Barbuda,ATG,1979,0.07779195
Antigua and Barbuda,ATG,1980,0.077503756
Antigua and Barbuda,ATG,1981,0.07732158
Antigua and Barbuda,ATG,1982,0.07717836
Antigua and Barbuda,ATG,1983,0.077001266
Antigua and Barbuda,ATG,1984,0.06165038
Antigua and Barbuda,ATG,1985,0.06192813
Antigua and Barbuda,ATG,1986,0.062231626
Antigua and Barbuda,ATG,1987,0.06255278
Antigua and Barbuda,ATG,1988,0.062870346
Antigua and Barbuda,ATG,1989,0.06316621
Antigua and Barbuda,ATG,1990,0.063425615
Antigua and Barbuda,ATG,1991,0.06310442
Antigua and Barbuda,ATG,1992,0.062107943
Antigua and Barbuda,ATG,1993,0.060987696
Antigua and Barbuda,ATG,1994,0.05984172
Antigua and Barbuda,ATG,1995,0.05866049
Antigua and Barbuda,ATG,1996,0.05746136
Antigua and Barbuda,ATG,1997,0.056296006
Antigua and Barbuda,ATG,1998,0.05523946
Antigua and Barbuda,ATG,1999,0.054299135
Antigua and Barbuda,ATG,2000,0.053395983
Antigua and Barbuda,ATG,2001,0.05258384
Antigua and Barbuda,ATG,2002,0.05192647
Antigua and Barbuda,ATG,2003,0.05135843
Antigua and Barbuda,ATG,2004,0.050813653
Antigua and Barbuda,ATG,2005,0.050244313
Antigua and Barbuda,ATG,2006,0.04962533
Antigua and Barbuda,ATG,2007,0.04895721
Antigua and Barbuda,ATG,2008,0.04824392
Antigua and Barbuda,ATG,2009,0.047521178
Antigua and Barbuda,ATG,2010,0.046882324
Antigua and Barbuda,ATG,2011,0.04633276
Antigua and Barbuda,ATG,2012,0.045840017
Antigua and Barbuda,ATG,2013,0.04542151
Antigua and Barbuda,ATG,2014,0.045062806
Antigua and Barbuda,ATG,2015,0.044738226
Antigua and Barbuda,ATG,2016,0.04445976
Antigua and Barbuda,ATG,2017,0.044214528
Antigua and Barbuda,ATG,2018,0.04399182
Antigua and Barbuda,ATG,2019,0.04378092
Antigua and Barbuda,ATG,2020,0.043551162
Antigua and Barbuda,ATG,2021,0.04331395
Antigua and Barbuda,ATG,2022,0.04308488
Antigua and Barbuda,ATG,2023,0.042865105
Argentina,ARG,1961,0.8972668
Argentina,ARG,1962,0.9101894
Argentina,ARG,1963,0.91495985
Argentina,ARG,1964,0.9187185
Argentina,ARG,1965,0.92530835
Argentina,ARG,1966,0.96232754
Argentina,ARG,1967,0.9799089
Argentina,ARG,1968,1.0302548
Argentina,ARG,1969,1.0199198
Argentina,ARG,1970,1.0094091
Argentina,ARG,1971,0.9988371
Argentina,ARG,1972,0.98825985
Argentina,ARG,1973,0.9774413
Argentina,ARG,1974,0.9664452
Argentina,ARG,1975,0.95589775
Argentina,ARG,1976,0.9458463
Argentina,ARG,1977,0.9357045
Argentina,ARG,1978,0.92550695
Argentina,ARG,1979,0.9154157
Argentina,ARG,1980,0.90544647
Argentina,ARG,1981,0.8954833
Argentina,ARG,1982,0.8855887
Argentina,ARG,1983,0.87580246
Argentina,ARG,1984,0.86618626
Argentina,ARG,1985,0.8568243
Argentina,ARG,1986,0.84768975
Argentina,ARG,1987,0.8387191
Argentina,ARG,1988,0.82965887
Argentina,ARG,1989,0.8202424
Argentina,ARG,1990,0.8113042
Argentina,ARG,1991,0.80288184
Argentina,ARG,1992,0.79495984
Argentina,ARG,1993,0.7873458
Argentina,ARG,1994,0.7799849
Argentina,ARG,1995,0.77288234
Argentina,ARG,1996,0.7662375
Argentina,ARG,1997,0.75999105
Argentina,ARG,1998,0.75399625
Argentina,ARG,1999,0.7482603
Argentina,ARG,2000,0.7427316
Argentina,ARG,2001,0.7374386
Argentina,ARG,2002,0.7326447
Argentina,ARG,2003,0.7762852
Argentina,ARG,2004,0.8191073
Argentina,ARG,2005,0.86166155
Argentina,ARG,2006,0.89804643
Argentina,ARG,2007,0.92423517
Argentina,ARG,2008,0.8815597
Argentina,ARG,2009,0.84422576
Argentina,ARG,2010,0.92042387
Argentina,ARG,2011,0.9256144
Argentina,ARG,2012,0.93978375
Argentina,ARG,2013,0.9250594
Argentina,ARG,2014,0.9059423
Argentina,ARG,2015,0.9281511
Argentina,ARG,2016,0.9119224
Argentina,ARG,2017,0.9116391
Argentina,ARG,2018,0.89981204
Argentina,ARG,2019,0.9083134
Argentina,ARG,2020,0.9278198
Argentina,ARG,2021,0.93195486
Argentina,ARG,2022,0.94915193
Argentina,ARG,2023,0.8868854
Armenia,ARM,1992,0.11842566
Armenia,ARM,1993,0.12538615
Armenia,ARM,1994,0.1292869
Armenia,ARM,1995,0.13151605
Armenia,ARM,1996,0.13724805
Armenia,ARM,1997,0.14016004
Armenia,ARM,1998,0.14181519
Armenia,ARM,1999,0.14207748
Armenia,ARM,2000,0.13970383
Armenia,ARM,2001,0.14166512
Armenia,ARM,2002,0.14219639
Armenia,ARM,2003,0.14296937
Armenia,ARM,2004,0.14376442
Armenia,ARM,2005,0.14460972
Armenia,ARM,2006,0.14483067
Armenia,ARM,2007,0.1454914
Armenia,ARM,2008,0.14589745
Armenia,ARM,2009,0.14657535
Armenia,ARM,2010,0.14730032
Armenia,ARM,2011,0.14835365
Armenia,ARM,2012,0.14827552
Armenia,ARM,2013,0.14831237
Armenia,ARM,2014,0.14848365
Armenia,ARM,2015,0.14867203
Armenia,ARM,2016,0.1491829
Armenia,ARM,2017,0.14969456
Armenia,ARM,2018,0.1500842
Armenia,ARM,2019,0.15014346
Armenia,ARM,2020,0.14992402
Armenia,ARM,2021,0.14968774
Armenia,ARM,2022,0.1491075
Armenia,ARM,2023,0.14897278
Aruba,ABW,1961,0.035985462
Aruba,ABW,1962,0.035511363
Aruba,ABW,1963,0.035086486
Aruba,ABW,1964,0.034710772
Aruba,ABW,1965,0.034370165
Aruba,ABW,1966,0.034075033
Aruba,ABW,1967,0.033904053
Aruba,ABW,1968,0.03385871
Aruba,ABW,1969,0.033868454
Aruba,ABW,1970,0.033927057
Aruba,ABW,1971,0.0340246
Aruba,ABW,1972,0.034454837
Aruba,ABW,1973,0.034305904
Aruba,ABW,1974,0.034276508
Aruba,ABW,1975,0.03430826
Aruba,ABW,1976,0.03426535
Aruba,ABW,1977,0.034141347
Aruba,ABW,1978,0.034027494
Aruba,ABW,1979,0.03378892
Aruba,ABW,1980,0.033383965
Aruba,ABW,1981,0.03302346
Aruba,ABW,1982,0.032639205
Aruba,ABW,1983,0.03213987
Aruba,ABW,1984,0.031795997
Aruba,ABW,1985,0.032400206
Aruba,ABW,1986,0.03337171
Aruba,ABW,1987,0.033807196
Aruba,ABW,1988,0.03370919
Aruba,ABW,1989,0.033089027
Aruba,ABW,1990,0.031870987
Aruba,ABW,1991,0.030350856
Aruba,ABW,1992,0.028983407
Aruba,ABW,1993,0.027142566
Aruba,ABW,1994,0.025774857
Aruba,ABW,1995,0.025061086
Aruba,ABW,1996,0.02409029
Aruba,ABW,1997,0.023174703
Aruba,ABW,1998,0.022611389
Aruba,ABW,1999,0.02230674
Aruba,ABW,2000,0.02207798
Aruba,ABW,2001,0.021872506
Aruba,ABW,2002,0.02172166
Aruba,ABW,2003,0.021475818
Aruba,ABW,2004,0.021022094
Aruba,ABW,2005,0.020484457
Aruba,ABW,2006,0.020119712
Aruba,ABW,2007,0.019970044
Aruba,ABW,2008,0.019818267
Aruba,ABW,2009,0.019684264
Aruba,ABW,2010,0.019639034
Aruba,ABW,2011,0.019494887
Aruba,ABW,2012,0.01921045
Aruba,ABW,2013,0.018925952
Aruba,ABW,2014,0.018725364
Aruba,ABW,2015,0.018534651
Aruba,ABW,2016,0.018394696
Aruba,ABW,2017,0.018393341
Aruba,ABW,2018,0.018364124
Aruba,ABW,2019,0.018314514
Aruba,ABW,2020,0.01841841
Aruba,ABW,2021,0.018570103
Aruba,ABW,2022,0.018637592
Aruba,ABW,2023,0.018629085
Australia,AUS,1961,1.3716099
Australia,AUS,1962,1.4444045
Australia,AUS,1963,1.4048818
Australia,AUS,1964,1.4593047
Australia,AUS,1965,1.5215696
Australia,AUS,1966,1.6123393
Australia,AUS,1967,1.6335145
Australia,AUS,1968,1.7829514
Australia,AUS,1969,1.6012431
Australia,AUS,1970,1.4786904
Australia,AUS,1971,1.3030069
Australia,AUS,1972,1.2936935
Australia,AUS,1973,1.1153961
Australia,AUS,1974,1.0768782
Australia,AUS,1975,0.9769668
Australia,AUS,1976,1.0312834
Australia,AUS,1977,1.0458709
Australia,AUS,1978,1.1585876
Australia,AUS,1979,1.1898856
Australia,AUS,1980,1.2105908
Australia,AUS,1981,1.2213149
Australia,AUS,1982,1.2804718
Australia,AUS,1983,1.2504652
Australia,AUS,1984,1.395369
Australia,AUS,1985,1.3277544
Australia,AUS,1986,1.290832
Australia,AUS,1987,1.205125
Australia,AUS,1988,1.0970131
Australia,AUS,1989,1.0423794
Australia,AUS,1990,0.9936052
Australia,AUS,1991,0.9956008
Australia,AUS,1992,0.92833334
Australia,AUS,1993,0.9702969
Australia,AUS,1994,1.0021079
Australia,AUS,1995,0.93513525
Australia,AUS,1996,1.0531273
Australia,AUS,1997,1.1346663
Australia,AUS,1998,1.1473817
Australia,AUS,1999,1.2222878
Australia,AUS,2000,1.2335511
Australia,AUS,2001,1.2555318
Australia,AUS,2002,1.2174785
Australia,AUS,2003,1.178455
Australia,AUS,2004,1.2914945
Australia,AUS,2005,1.3085297
Australia,AUS,2006,1.1846873
Australia,AUS,2007,1.1103044
Australia,AUS,2008,1.1291767
Australia,AUS,2009,1.2512463
Australia,AUS,2010,1.161585
Australia,AUS,2011,1.4187496
Australia,AUS,2012,1.3916664
Australia,AUS,2013,1.349906
Australia,AUS,2014,1.3614213
Australia,AUS,2015,1.3054546
Australia,AUS,2016,1.2424916
Australia,AUS,2017,1.2504581
Australia,AUS,2018,1.2407836
Australia,AUS,2019,1.2067579
Australia,AUS,2020,1.1947329
Australia,AUS,2021,1.2172279
Australia,AUS,2022,1.2016348
Australia,AUS,2023,1.1624069
Austria,AUT,1961,0.23834726
Austria,AUT,1962,0.23576887
Austria,AUT,1963,0.23077531
Austria,AUT,1964,0.22938062
Austria,AUT,1965,0.22830771
Austria,AUT,1966,0.22070274
Austria,AUT,1967,0.2168904
Austria,AUT,1968,0.21590196
Austria,AUT,1969,0.21300744
Austria,AUT,1970,0.21239878
Austria,AUT,1971,0.2115864
Austria,AUT,1972,0.2104928
Austria,AUT,1973,0.19957514
Austria,AUT,1974,0.19923575
Austria,AUT,1975,0.19936922
Austria,AUT,1976,0.20091137
Austria,AUT,1977,0.2020234
Austria,AUT,1978,0.20456725
Austria,AUT,1979,0.20173723
Austria,AUT,1980,0.203459
Austria,AUT,1981,0.20465839
Austria,AUT,1982,0.20266327
Austria,AUT,1983,0.19029585
Austria,AUT,1984,0.19110131
Austria,AUT,1985,0.19140817
Austria,AUT,1986,0.19009764
Austria,AUT,1987,0.18997738
Austria,AUT,1988,0.19221346
Austria,AUT,1989,0.1914807
Austria,AUT,1990,0.18572907
Austria,AUT,1991,0.18633401
Austria,AUT,1992,0.1831467
Austria,AUT,1993,0.17949226
Austria,AUT,1994,0.1793068
Austria,AUT,1995,0.17790017
Austria,AUT,1996,0.17715755
Austria,AUT,1997,0.17645492
Austria,AUT,1998,0.17601067
Austria,AUT,1999,0.17541832
Austria,AUT,2000,0.17462254
Austria,AUT,2001,0.17246325
Austria,AUT,2002,0.17136939
Austria,AUT,2003,0.16992466
Austria,AUT,2004,0.16878435
Austria,AUT,2005,0.16780855
Austria,AUT,2006,0.166557
Austria,AUT,2007,0.16587332
Austria,AUT,2008,0.16451369
Austria,AUT,2009,0.16379565
Austria,AUT,2010,0.16306758
Austria,AUT,2011,0.16201833
Austria,AUT,2012,0.1607475
Austria,AUT,2013,0.15966135
Austria,AUT,2014,0.15816097
Austria,AUT,2015,0.15574996
Austria,AUT,2016,0.15389048
Austria,AUT,2017,0.15105769
Austria,AUT,2018,0.15012124
Austria,AUT,2019,0.14927274
Austria,AUT,2020,0.14859164
Austria,AUT,2021,0.14771676
Austria,AUT,2022,0.14605339
Austria,AUT,2023,0.14474553
Azerbaijan,AZE,1992,0.23089792
Azerbaijan,AZE,1993,0.22893205
Azerbaijan,AZE,1994,0.22689247
Azerbaijan,AZE,1995,0.22463678
Azerbaijan,AZE,1996,0.22991112
Azerbaijan,AZE,1997,0.22979619
Azerbaijan,AZE,1998,0.22869961
Azerbaijan,AZE,1999,0.22860543
Azerbaijan,AZE,2000,0.22682206
Azerbaijan,AZE,2001,0.2263167
Azerbaijan,AZE,2002,0.22483006
Azerbaijan,AZE,2003,0.2232788
Azerbaijan,AZE,2004,0.22159754
Azerbaijan,AZE,2005,0.21964167
Azerbaijan,AZE,2006,0.217018
Azerbaijan,AZE,2007,0.21605118
Azerbaijan,AZE,2008,0.21226922
Azerbaijan,AZE,2009,0.20944999
Azerbaijan,AZE,2010,0.20808823
Azerbaijan,AZE,2011,0.20556886
Azerbaijan,AZE,2012,0.2040495
Azerbaijan,AZE,2013,0.20445372
Azerbaijan,AZE,2014,0.20204343
Azerbaijan,AZE,2015,0.20081164
Azerbaijan,AZE,2016,0.2048615
Azerbaijan,AZE,2017,0.21255256
Azerbaijan,AZE,2018,0.2110612
Azerbaijan,AZE,2019,0.20909226
Azerbaijan,AZE,2020,0.20650698
Azerbaijan,AZE,2021,0.2060615
Azerbaijan,AZE,2022,0.20626606
Azerbaijan,AZE,2023,0.2059985
Bahamas,BHS,1961,0.05728455
Bahamas,BHS,1962,0.054477677
Bahamas,BHS,1963,0.051818457
Bahamas,BHS,1964,0.049460176
Bahamas,BHS,1965,0.047312643
Bahamas,BHS,1966,0.04519803
Bahamas,BHS,1967,0.043138776
Bahamas,BHS,1968,0.041154925
Bahamas,BHS,1969,0.03933004
Bahamas,BHS,1970,0.03784152
Bahamas,BHS,1971,0.036676675
Bahamas,BHS,1972,0.035704266
Bahamas,BHS,1973,0.03486212
Bahamas,BHS,1974,0.03408947
Bahamas,BHS,1975,0.03335144
Bahamas,BHS,1976,0.032633882
Bahamas,BHS,1977,0.031940572
Bahamas,BHS,1978,0.03128338
Bahamas,BHS,1979,0.030670814
Bahamas,BHS,1980,0.03010416
Bahamas,BHS,1981,0.029584048
Bahamas,BHS,1982,0.02909224
Bahamas,BHS,1983,0.02860669
Bahamas,BHS,1984,0.028127925
Bahamas,BHS,1985,0.027651154
Bahamas,BHS,1986,0.027180666
Bahamas,BHS,1987,0.026724188
Bahamas,BHS,1988,0.026271543
Bahamas,BHS,1989,0.025813304
Bahamas,BHS,1990,0.025367374
Bahamas,BHS,1991,0.024934903
Bahamas,BHS,1992,0.024481773
Bahamas,BHS,1993,0.024026992
Bahamas,BHS,1994,0.020235473
Bahamas,BHS,1995,0.019903071
Bahamas,BHS,1996,0.019590685
Bahamas,BHS,1997,0.01929856
Bahamas,BHS,1998,0.019025393
Bahamas,BHS,1999,0.018772645
Bahamas,BHS,2000,0.021615947
Bahamas,BHS,2001,0.02135214
Bahamas,BHS,2002,0.021108879
Bahamas,BHS,2003,0.020857045
Bahamas,BHS,2004,0.020601444
Bahamas,BHS,2005,0.02035511
Bahamas,BHS,2006,0.02009329
Bahamas,BHS,2007,0.019811284
Bahamas,BHS,2008,0.01954652
Bahamas,BHS,2009,0.019293845
Bahamas,BHS,2010,0.01904876
Bahamas,BHS,2011,0.021521054
Bahamas,BHS,2012,0.021306686
Bahamas,BHS,2013,0.021110797
Bahamas,BHS,2014,0.020926084
Bahamas,BHS,2015,0.020760564
Bahamas,BHS,2016,0.020615634
Bahamas,BHS,2017,0.020487342
Bahamas,BHS,2018,0.020370902
Bahamas,BHS,2019,0.020269843
Bahamas,BHS,2020,0.020209013
Bahamas,BHS,2021,0.02018301
Bahamas,BHS,2022,0.020123862
Bahamas,BHS,2023,0.02002804
Bahrain,BHR,1961,0.011604563
Bahrain,BHR,1962,0.011151442
Bahrain,BHR,1963,0.010723803
Bahrain,BHR,1964,0.010319065
Bahrain,BHR,1965,0.009956887
Bahrain,BHR,1966,0.009636558
Bahrain,BHR,1967,0.009337547
Bahrain,BHR,1968,0.009118388
Bahrain,BHR,1969,0.008990017
Bahrain,BHR,1970,0.008896441
Bahrain,BHR,1971,0.008668028
Bahrain,BHR,1972,0.008260606
Bahrain,BHR,1973,0.007833308
Bahrain,BHR,1974,0.007433894
Bahrain,BHR,1975,0.007061075
Bahrain,BHR,1976,0.0067144963
Bahrain,BHR,1977,0.0063933916
Bahrain,BHR,1978,0.006096706
Bahrain,BHR,1979,0.005823145
Bahrain,BHR,1980,0.005571372
Bahrain,BHR,1981,0.005354408
Bahrain,BHR,1982,0.0051681856
Bahrain,BHR,1983,0.004991178
Bahrain,BHR,1984,0.0048174895
Bahrain,BHR,1985,0.0046472936
Bahrain,BHR,1986,0.004481431
Bahrain,BHR,1987,0.004321017
Bahrain,BHR,1988,0.004167283
Bahrain,BHR,1989,0.004021499
Bahrain,BHR,1990,0.0038850266
Bahrain,BHR,1991,0.0039757323
Bahrain,BHR,1992,0.0038725317
Bahrain,BHR,1993,0.0037719836
Bahrain,BHR,1994,0.0036739986
Bahrain,BHR,1995,0.003578592
Bahrain,BHR,1996,0.0034855837
Bahrain,BHR,1997,0.003394923
Bahrain,BHR,1998,0.0033066487
Bahrain,BHR,1999,0.003220669
Bahrain,BHR,2000,0.0031525358
Bahrain,BHR,2001,0.0030393943
Bahrain,BHR,2002,0.002842856
Bahrain,BHR,2003,0.002642191
Bahrain,BHR,2004,0.0024643668
Bahrain,BHR,2005,0.002283922
Bahrain,BHR,2006,0.0021240618
Bahrain,BHR,2007,0.001962869
Bahrain,BHR,2008,0.0018577322
Bahrain,BHR,2009,0.0017396249
Bahrain,BHR,2010,0.001676783
Bahrain,BHR,2011,0.0017238206
Bahrain,BHR,2012,0.0017122098
Bahrain,BHR,2013,0.0016517834
Bahrain,BHR,2014,0.0015822761
Bahrain,BHR,2015,0.0015178914
Bahrain,BHR,2016,0.001467979
Bahrain,BHR,2017,0.0013922974
Bahrain,BHR,2018,0.001397121
Bahrain,BHR,2019,0.0014153271
Bahrain,BHR,2020,0.0014264327
Bahrain,BHR,2021,0.0013959379
Bahrain,BHR,2022,0.0013773264
Bahrain,BHR,2023,0.0013315926
Bangladesh,BGD,1961,0.16141331
Bangladesh,BGD,1962,0.15664761
Bangladesh,BGD,1963,0.15228902
Bangladesh,BGD,1964,0.14850879
Bangladesh,BGD,1965,0.14652139
Bangladesh,BGD,1966,0.142663
Bangladesh,BGD,1967,0.13923588
Bangladesh,BGD,1968,0.13498291
Bangladesh,BGD,1969,0.1309178
Bangladesh,BGD,1970,0.12796324
Bangladesh,BGD,1971,0.1257457
Bangladesh,BGD,1972,0.12748194
Bangladesh,BGD,1973,0.1238567
Bangladesh,BGD,1974,0.120399244
Bangladesh,BGD,1975,0.11745008
Bangladesh,BGD,1976,0.114431955
Bangladesh,BGD,1977,0.1115342
Bangladesh,BGD,1978,0.10877384
Bangladesh,BGD,1979,0.10610336
Bangladesh,BGD,1980,0.103628375
Bangladesh,BGD,1981,0.10087139
Bangladesh,BGD,1982,0.098088115
Bangladesh,BGD,1983,0.09533734
Bangladesh,BGD,1984,0.09390178
Bangladesh,BGD,1985,0.09128829
Bangladesh,BGD,1986,0.08925755
Bangladesh,BGD,1987,0.08798649
Bangladesh,BGD,1988,0.08895127
Bangladesh,BGD,1989,0.08729479
Bangladesh,BGD,1990,0.08470559
Bangladesh,BGD,1991,0.08247859
Bangladesh,BGD,1992,0.074246116
Bangladesh,BGD,1993,0.07200398
Bangladesh,BGD,1994,0.06986686
Bangladesh,BGD,1995,0.06854792
Bangladesh,BGD,1996,0.066929795
Bangladesh,BGD,1997,0.065960124
Bangladesh,BGD,1998,0.065220244
Bangladesh,BGD,1999,0.06385681
Bangladesh,BGD,2000,0.062061343
Bangladesh,BGD,2001,0.060691867
Bangladesh,BGD,2002,0.05940245
Bangladesh,BGD,2003,0.058366884
Bangladesh,BGD,2004,0.056982767
Bangladesh,BGD,2005,0.05604779
Bangladesh,BGD,2006,0.055189006
Bangladesh,BGD,2007,0.054166086
Bangladesh,BGD,2008,0.05354099
Bangladesh,BGD,2009,0.05295157
Bangladesh,BGD,2010,0.05240405
Bangladesh,BGD,2011,0.05119438
Bangladesh,BGD,2012,0.050654512
Bangladesh,BGD,2013,0.04930617
Bangladesh,BGD,2014,0.048738666
Bangladesh,BGD,2015,0.048701752
Bangladesh,BGD,2016,0.04846786
Bangladesh,BGD,2017,0.048014767
Bangladesh,BGD,2018,0.047530286
Bangladesh,BGD,2019,0.047643285
Bangladesh,BGD,2020,0.04744494
Bangladesh,BGD,2021,0.04696501
Bangladesh,BGD,2022,0.046743836
Bangladesh,BGD,2023,0.0459587
Barbados,BRB,1961,0.068625934
Barbados,BRB,1962,0.06802027
Barbados,BRB,1963,0.06735226
Barbados,BRB,1964,0.06667834
Barbados,BRB,1965,0.066001974
Barbados,BRB,1966,0.065307185
Barbados,BRB,1967,0.06475347
Barbados,BRB,1968,0.06437595
Barbados,BRB,1969,0.06414265
Barbados,BRB,1970,0.064157315
Barbados,BRB,1971,0.0642137
Barbados,BRB,1972,0.064087674
Barbados,BRB,1973,0.063917674
Barbados,BRB,1974,0.063801706
Barbados,BRB,1975,0.06370061
Barbados,BRB,1976,0.063632965
Barbados,BRB,1977,0.063586436
Barbados,BRB,1978,0.06360539
Barbados,BRB,1979,0.063676775
Barbados,BRB,1980,0.06361222
Barbados,BRB,1981,0.06342411
Barbados,BRB,1982,0.06321737
Barbados,BRB,1983,0.06299411
Barbados,BRB,1984,0.062764786
Barbados,BRB,1985,0.06254397
Barbados,BRB,1986,0.062349483
Barbados,BRB,1987,0.062189296
Barbados,BRB,1988,0.062072523
Barbados,BRB,1989,0.061989315
Barbados,BRB,1990,0.061875924
Barbados,BRB,1991,0.061687224
Barbados,BRB,1992,0.061475333
Barbados,BRB,1993,0.06129634
Barbados,BRB,1994,0.061157405
Barbados,BRB,1995,0.061059613
Barbados,BRB,1996,0.06100258
Barbados,BRB,1997,0.06097747
Barbados,BRB,1998,0.060967244
Barbados,BRB,1999,0.05713916
Barbados,BRB,2000,0.057238147
Barbados,BRB,2001,0.05715919
Barbados,BRB,2002,0.05300059
Barbados,BRB,2003,0.052675936
Barbados,BRB,2004,0.048634857
Barbados,BRB,2005,0.048380014
Barbados,BRB,2006,0.04814779
Barbados,BRB,2007,0.047919553
Barbados,BRB,2008,0.047668986
Barbados,BRB,2009,0.047423966
Barbados,BRB,2010,0.04359784
Barbados,BRB,2011,0.03983501
Barbados,BRB,2012,0.036109164
Barbados,BRB,2013,0.03421389
Barbados,BRB,2014,0.032333627
Barbados,BRB,2015,0.028674863
Barbados,BRB,2016,0.025035944
Barbados,BRB,2017,0.024984742
Barbados,BRB,2018,0.024936678
Barbados,BRB,2019,0.024892695
Barbados,BRB,2020,0.024849307
Barbados,BRB,2021,0.024809763
Barbados,BRB,2022,0.024794735
Barbados,BRB,2023,0.024793154
Belarus,BLR,1992,0.595509
Belarus,BLR,1993,0.596149
Belarus,BLR,1994,0.60868555
Belarus,BLR,1995,0.6113501
Belarus,BLR,1996,0.61321497
Belarus,BLR,1997,0.61033267
Belarus,BLR,1998,0.61427945
Belarus,BLR,1999,0.61655146
Belarus,BLR,2000,0.6145531
Belarus,BLR,2001,0.5802459
Belarus,BLR,2002,0.56925374
Belarus,BLR,2003,0.5684539
Belarus,BLR,2004,0.57018673
Belarus,BLR,2005,0.5734736
Belarus,BLR,2006,0.5767875
Belarus,BLR,2007,0.5772437
Belarus,BLR,2008,0.5789262
Belarus,BLR,2009,0.58329755
Belarus,BLR,2010,0.5836246
Belarus,BLR,2011,0.5843594
Belarus,BLR,2012,0.58453435
Belarus,BLR,2013,0.588751
Belarus,BLR,2014,0.5992582
Belarus,BLR,2015,0.6000797
Belarus,BLR,2016,0.60022944
Belarus,BLR,2017,0.6054558
Belarus,BLR,2018,0.6051626
Belarus,BLR,2019,0.60649115
Belarus,BLR,2020,0.6034146
Belarus,BLR,2021,0.6045631
Belarus,BLR,2022,0.60749424
Belarus,BLR,2023,0.60662663
Belgium,BEL,2000,0.084087305
Belgium,BEL,2001,0.082145944
Belgium,BEL,2002,0.0805204
Belgium,BEL,2003,0.08047314
Belgium,BEL,2004,0.08060541
Belgium,BEL,2005,0.08044955
Belgium,BEL,2006,0.07982588
Belgium,BEL,2007,0.0789595
Belgium,BEL,2008,0.07880505
Belgium,BEL,2009,0.077803046
Belgium,BEL,2010,0.07654476
Belgium,BEL,2011,0.074740015
Belgium,BEL,2012,0.07229719
Belgium,BEL,2013,0.073122166
Belgium,BEL,2014,0.07288749
Belgium,BEL,2015,0.073575094
Belgium,BEL,2016,0.0749597
Belgium,BEL,2017,0.07349349
Belgium,BEL,2018,0.074384876
Belgium,BEL,2019,0.074618116
Belgium,BEL,2020,0.074955046
Belgium,BEL,2021,0.07471305
Belgium,BEL,2022,0.073932745
Belgium,BEL,2023,0.07327314
Belize,BLZ,1961,0.38448393
Belize,BLZ,1962,0.374836
Belize,BLZ,1963,0.37485817
Belize,BLZ,1964,0.36416247
Belize,BLZ,1965,0.35347503
Belize,BLZ,1966,0.35215837
Belize,BLZ,1967,0.3415055
Belize,BLZ,1968,0.3312615
Belize,BLZ,1969,0.33039647
Belize,BLZ,1970,0.32301882
Belize,BLZ,1971,0.32571962
Belize,BLZ,1972,0.3208316
Belize,BLZ,1973,0.32425165
Belize,BLZ,1974,0.3198502
Belize,BLZ,1975,0.322118
Belize,BLZ,1976,0.3155546
Belize,BLZ,1977,0.3164394
Belize,BLZ,1978,0.30999258
Belize,BLZ,1979,0.30350512
Belize,BLZ,1980,0.3102122
Belize,BLZ,1981,0.30916888
Belize,BLZ,1982,0.30154443
Belize,BLZ,1983,0.29431146
Belize,BLZ,1984,0.28742096
Belize,BLZ,1985,0.26252168
Belize,BLZ,1986,0.2626019
Belize,BLZ,1987,0.28598443
Belize,BLZ,1988,0.28542072
Belize,BLZ,1989,0.29032925
Belize,BLZ,1990,0.28403506
Belize,BLZ,1991,0.2887083
Belize,BLZ,1992,0.2932198
Belize,BLZ,1993,0.30784702
Belize,BLZ,1994,0.30136064
Belize,BLZ,1995,0.3037042
Belize,BLZ,1996,0.2995578
Belize,BLZ,1997,0.29432595
Belize,BLZ,1998,0.2842259
Belize,BLZ,1999,0.27460858
Belize,BLZ,2000,0.26578182
Belize,BLZ,2001,0.26169685
Belize,BLZ,2002,0.27342787
Belize,BLZ,2003,0.26537266
Belize,BLZ,2004,0.25764847
Belize,BLZ,2005,0.25024042
Belize,BLZ,2006,0.24315856
Belize,BLZ,2007,0.23640662
Belize,BLZ,2008,0.22999005
Belize,BLZ,2009,0.23351482
Belize,BLZ,2010,0.2341957
Belize,BLZ,2011,0.22914897
Belize,BLZ,2012,0.23324382
Belize,BLZ,2013,0.22831918
Belize,BLZ,2014,0.22354503
Belize,BLZ,2015,0.24696
Belize,BLZ,2016,0.24129091
Belize,BLZ,2017,0.24115627
Belize,BLZ,2018,0.23670132
Belize,BLZ,2019,0.2384476
Belize,BLZ,2020,0.25075996
Belize,BLZ,2021,0.25294298
Belize,BLZ,2022,0.24830347
Belize,BLZ,2023,0.24324627
Benin,BEN,1961,0.3594841
Benin,BEN,1962,0.36089176
Benin,BEN,1963,0.36186704
Benin,BEN,1964,0.36242563
Benin,BEN,1965,0.36259
Benin,BEN,1966,0.36598578
Benin,BEN,1967,0.3724334
Benin,BEN,1968,0.37488195
Benin,BEN,1969,0.39356658
Benin,BEN,1970,0.39150986
Benin,BEN,1971,0.39875373
Benin,BEN,1972,0.39905936
Benin,BEN,1973,0.39591947
Benin,BEN,1974,0.3955234
Benin,BEN,1975,0.3976308
Benin,BEN,1976,0.396354
Benin,BEN,1977,0.39467853
Benin,BEN,1978,0.38996264
Benin,BEN,1979,0.3849651
Benin,BEN,1980,0.38214117
Benin,BEN,1981,0.37887165
Benin,BEN,1982,0.3729013
Benin,BEN,1983,0.36457303
Benin,BEN,1984,0.35634077
Benin,BEN,1985,0.34817007
Benin,BEN,1986,0.3400764
Benin,BEN,1987,0.3320545
Benin,BEN,1988,0.32411706
Benin,BEN,1989,0.31630388
Benin,BEN,1990,0.30578557
Benin,BEN,1991,0.29741514
Benin,BEN,1992,0.2901469
Benin,BEN,1993,0.28096077
Benin,BEN,1994,0.27884823
Benin,BEN,1995,0.2874683
Benin,BEN,1996,0.30507562
Benin,BEN,1997,0.31898582
Benin,BEN,1998,0.3313946
Benin,BEN,1999,0.3284392
Benin,BEN,2000,0.329566
Benin,BEN,2001,0.32905358
Benin,BEN,2002,0.3322291
Benin,BEN,2003,0.334889
Benin,BEN,2004,0.32479095
Benin,BEN,2005,0.31497207
Benin,BEN,2006,0.28757972
Benin,BEN,2007,0.2792058
Benin,BEN,2008,0.27090093
Benin,BEN,2009,0.26289713
Benin,BEN,2010,0.25516754
Benin,BEN,2011,0.24768114
Benin,BEN,2012,0.25005633
Benin,BEN,2013,0.2521283
Benin,BEN,2014,0.24478686
Benin,BEN,2015,0.23766181
Benin,BEN,2016,0.23936039
Benin,BEN,2017,0.2486405
Benin,BEN,2018,0.2758318
Benin,BEN,2019,0.27799565
Benin,BEN,2020,0.25487494
Benin,BEN,2021,0.25995722
Benin,BEN,2022,0.25770935
Benin,BEN,2023,0.25128934
Bermuda,BMU,1961,0.009275792
Bermuda,BMU,1962,0.0067813466
Bermuda,BMU,1963,0.006616674
Bermuda,BMU,1964,0.008618833
Bermuda,BMU,1965,0.008427973
Bermuda,BMU,1966,0.008241645
Bermuda,BMU,1967,0.008078523
Bermuda,BMU,1968,0.0059519084
Bermuda,BMU,1969,0.005847269
Bermuda,BMU,1970,0.005755506
Bermuda,BMU,1971,0.005702663
Bermuda,BMU,1972,0.005681495
Bermuda,BMU,1973,0.0056661502
Bermuda,BMU,1974,0.005654403
Bermuda,BMU,1975,0.0056466334
Bermuda,BMU,1976,0.005638038
Bermuda,BMU,1977,0.0056261956
Bermuda,BMU,1978,0.005614718
Bermuda,BMU,1979,0.0056056953
Bermuda,BMU,1980,0.0055894023
Bermuda,BMU,1981,0.0055558644
Bermuda,BMU,1982,0.005516024
Bermuda,BMU,1983,0.0054767514
Bermuda,BMU,1984,0.0054378365
Bermuda,BMU,1985,0.005400832
Bermuda,BMU,1986,0.0053677824
Bermuda,BMU,1987,0.0053319116
Bermuda,BMU,1988,0.0052910987
Bermuda,BMU,1989,0.0052512735
Bermuda,BMU,1990,0.0052120434
Bermuda,BMU,1991,0.005173841
Bermuda,BMU,1992,0.0051363707
Bermuda,BMU,1993,0.005100653
Bermuda,BMU,1994,0.0050680814
Bermuda,BMU,1995,0.0067197527
Bermuda,BMU,1996,0.0066875094
Bermuda,BMU,1997,0.006647058
Bermuda,BMU,1998,0.006596415
Bermuda,BMU,1999,0.0065440745
Bermuda,BMU,2000,0.0064987815
Bermuda,BMU,2001,0.0064654825
Bermuda,BMU,2002,0.0064368704
Bermuda,BMU,2003,0.006411695
Bermuda,BMU,2004,0.006394373
Bermuda,BMU,2005,0.0063784663
Bermuda,BMU,2006,0.00636598
Bermuda,BMU,2007,0.0063481987
Bermuda,BMU,2008,0.0047393367
Bermuda,BMU,2009,0.004719578
Bermuda,BMU,2010,0.0047077285
Bermuda,BMU,2011,0.0047071376
Bermuda,BMU,2012,0.004713572
Bermuda,BMU,2013,0.0047189104
Bermuda,BMU,2014,0.004722253
Bermuda,BMU,2015,0.0047270893
Bermuda,BMU,2016,0.004728207
Bermuda,BMU,2017,0.0047186133
Bermuda,BMU,2018,0.0046999105
Bermuda,BMU,2019,0.004679676
Bermuda,BMU,2020,0.0046596876
Bermuda,BMU,2021,0.004640515
Bermuda,BMU,2022,0.0046332763
Bermuda,BMU,2023,0.0046369284
Bhutan,BTN,1961,0.43364757
Bhutan,BTN,1962,0.42081165
Bhutan,BTN,1963,0.40790355
Bhutan,BTN,1964,0.39527723
Bhutan,BTN,1965,0.38284838
Bhutan,BTN,1966,0.37061745
Bhutan,BTN,1967,0.35861316
Bhutan,BTN,1968,0.34684768
Bhutan,BTN,1969,0.33532965
Bhutan,BTN,1970,0.35653165
Bhutan,BTN,1971,0.34459966
Bhutan,BTN,1972,0.33306688
Bhutan,BTN,1973,0.3219151
Bhutan,BTN,1974,0.3252833
Bhutan,BTN,1975,0.31438717
Bhutan,BTN,1976,0.31704932
Bhutan,BTN,1977,0.30640462
Bhutan,BTN,1978,0.29611862
Bhutan,BTN,1979,0.29818702
Bhutan,BTN,1980,0.29995108
Bhutan,BTN,1981,0.29028484
Bhutan,BTN,1982,0.29190135
Bhutan,BTN,1983,0.30369037
Bhutan,BTN,1984,0.29424655
Bhutan,BTN,1985,0.285213
Bhutan,BTN,1986,0.27654657
Bhutan,BTN,1987,0.27009177
Bhutan,BTN,1988,0.2531482
Bhutan,BTN,1989,0.23187456
Bhutan,BTN,1990,0.22909041
Bhutan,BTN,1991,0.22508103
Bhutan,BTN,1992,0.23365538
Bhutan,BTN,1993,0.2451895
Bhutan,BTN,1994,0.25248107
Bhutan,BTN,1995,0.2664287
Bhutan,BTN,1996,0.2751538
Bhutan,BTN,1997,0.27385148
Bhutan,BTN,1998,0.2686874
Bhutan,BTN,1999,0.26262534
Bhutan,BTN,2000,0.25801566
Bhutan,BTN,2001,0.25376806
Bhutan,BTN,2002,0.24983625
Bhutan,BTN,2003,0.24621156
Bhutan,BTN,2004,0.24287365
Bhutan,BTN,2005,0.2523173
Bhutan,BTN,2006,0.22555192
Bhutan,BTN,2007,0.20084256
Bhutan,BTN,2008,0.14569804
Bhutan,BTN,2009,0.1440947
Bhutan,BTN,2010,0.14338
Bhutan,BTN,2011,0.1412507
Bhutan,BTN,2012,0.1396946
Bhutan,BTN,2013,0.13815488
Bhutan,BTN,2014,0.13667259
Bhutan,BTN,2015,0.13529241
Bhutan,BTN,2016,0.1337138
Bhutan,BTN,2017,0.12527591
Bhutan,BTN,2018,0.12372345
Bhutan,BTN,2019,0.12290409
Bhutan,BTN,2020,0.12402501
Bhutan,BTN,2021,0.12508994
Bhutan,BTN,2022,0.12613425
Bhutan,BTN,2023,0.12716417
Bolivia,BOL,1961,0.34244302
Bolivia,BOL,1962,0.3359695
Bolivia,BOL,1963,0.3310558
Bolivia,BOL,1964,0.33333367
Bolivia,BOL,1965,0.33456647
Bolivia,BOL,1966,0.33670273
Bolivia,BOL,1967,0.33732688
Bolivia,BOL,1968,0.33903372
Bolivia,BOL,1969,0.34022304
Bolivia,BOL,1970,0.34074
Bolivia,BOL,1971,0.33891863
Bolivia,BOL,1972,0.34034732
Bolivia,BOL,1973,0.3417376
Bolivia,BOL,1974,0.3406687
Bolivia,BOL,1975,0.3410193
Bolivia,BOL,1976,0.3437651
Bolivia,BOL,1977,0.34298998
Bolivia,BOL,1978,0.3410171
Bolivia,BOL,1979,0.33920285
Bolivia,BOL,1980,0.3373908
Bolivia,BOL,1981,0.33627096
Bolivia,BOL,1982,0.33532244
Bolivia,BOL,1983,0.3335469
Bolivia,BOL,1984,0.33318114
Bolivia,BOL,1985,0.3195045
Bolivia,BOL,1986,0.31438482
Bolivia,BOL,1987,0.30931708
Bolivia,BOL,1988,0.3042934
Bolivia,BOL,1989,0.2993512
Bolivia,BOL,1990,0.29452428
Bolivia,BOL,1991,0.28982365
Bolivia,BOL,1992,0.28935435
Bolivia,BOL,1993,0.2902683
Bolivia,BOL,1994,0.3041157
Bolivia,BOL,1995,0.3301723
Bolivia,BOL,1996,0.3353389
Bolivia,BOL,1997,0.35162038
Bolivia,BOL,1998,0.35773596
Bolivia,BOL,1999,0.36289248
Bolivia,BOL,2000,0.36531267
Bolivia,BOL,2001,0.35988748
Bolivia,BOL,2002,0.37077174
Bolivia,BOL,2003,0.38825727
Bolivia,BOL,2004,0.38884056
Bolivia,BOL,2005,0.40659118
Bolivia,BOL,2006,0.41324368
Bolivia,BOL,2007,0.41953048
Bolivia,BOL,2008,0.42558053
Bolivia,BOL,2009,0.431409
Bolivia,BOL,2010,0.43702003
Bolivia,BOL,2011,0.4430088
Bolivia,BOL,2012,0.44889036
Bolivia,BOL,2013,0.45459145
Bolivia,BOL,2014,0.4598628
Bolivia,BOL,2015,0.45175973
Bolivia,BOL,2016,0.43255737
Bolivia,BOL,2017,0.41367745
Bolivia,BOL,2018,0.4302564
Bolivia,BOL,2019,0.44995818
Bolivia,BOL,2020,0.4464352
Bolivia,BOL,2021,0.452647
Bolivia,BOL,2022,0.46058595
Bolivia,BOL,2023,0.45430377
Bosnia and Herzegovina,BIH,1992,0.20072658
Bosnia and Herzegovina,BIH,1993,0.21769853
Bosnia and Herzegovina,BIH,1994,0.22816269
Bosnia and Herzegovina,BIH,1995,0.22876742
Bosnia and Herzegovina,BIH,1996,0.23224331
Bosnia and Herzegovina,BIH,1997,0.22397938
Bosnia and Herzegovina,BIH,1998,0.23231041
Bosnia and Herzegovina,BIH,1999,0.23000723
Bosnia and Herzegovina,BIH,2000,0.24039786
Bosnia and Herzegovina,BIH,2001,0.24165928
Bosnia and Herzegovina,BIH,2002,0.23806101
Bosnia and Herzegovina,BIH,2003,0.24338743
Bosnia and Herzegovina,BIH,2004,0.24825
Bosnia and Herzegovina,BIH,2005,0.250214
Bosnia and Herzegovina,BIH,2006,0.25275198
Bosnia and Herzegovina,BIH,2007,0.2546454
Bosnia and Herzegovina,BIH,2008,0.25534865
Bosnia and Herzegovina,BIH,2009,0.2569724
Bosnia and Herzegovina,BIH,2010,0.26341528
Bosnia and Herzegovina,BIH,2011,0.26858744
Bosnia and Herzegovina,BIH,2012,0.27328858
Bosnia and Herzegovina,BIH,2013,0.2794349
Bosnia and Herzegovina,BIH,2014,0.28220147
Bosnia and Herzegovina,BIH,2015,0.2904613
Bosnia and Herzegovina,BIH,2016,0.29542157
Bosnia and Herzegovina,BIH,2017,0.3091567
Bosnia and Herzegovina,BIH,2018,0.3038087
Bosnia and Herzegovina,BIH,2019,0.30338964
Bosnia and Herzegovina,BIH,2020,0.30763644
Bosnia and Herzegovina,BIH,2021,0.31064063
Bosnia and Herzegovina,BIH,2022,0.11763597
Bosnia and Herzegovina,BIH,2023,0.11616688
Botswana,BWA,1961,0.75576484
Botswana,BWA,1962,0.73863447
Botswana,BWA,1963,0.72156334
Botswana,BWA,1964,0.70461583
Botswana,BWA,1965,0.6960589
Botswana,BWA,1966,0.692202
Botswana,BWA,1967,0.68854755
Botswana,BWA,1968,0.6849714
Botswana,BWA,1969,0.6813544
Botswana,BWA,1970,0.6775825
Botswana,BWA,1971,0.6661326
Botswana,BWA,1972,0.644273
Botswana,BWA,1973,0.6146461
Botswana,BWA,1974,0.5850189
Botswana,BWA,1975,0.55665064
Botswana,BWA,1976,0.5286694
Botswana,BWA,1977,0.50151706
Botswana,BWA,1978,0.47218746
Botswana,BWA,1979,0.44691277
Botswana,BWA,1980,0.42987356
Botswana,BWA,1981,0.41546562
Botswana,BWA,1982,0.40128052
Botswana,BWA,1983,0.38713858
Botswana,BWA,1984,0.37373346
Botswana,BWA,1985,0.36276287
Botswana,BWA,1986,0.35066557
Botswana,BWA,1987,0.3410701
Botswana,BWA,1988,0.3310465
Botswana,BWA,1989,0.32591394
Botswana,BWA,1990,0.32166752
Botswana,BWA,1991,0.2235876
Botswana,BWA,1992,0.18115509
Botswana,BWA,1993,0.24645892
Botswana,BWA,1994,0.2705437
Botswana,BWA,1995,0.23017862
Botswana,BWA,1996,0.22462195
Botswana,BWA,1997,0.19087721
Botswana,BWA,1998,0.14313284
Botswana,BWA,1999,0.14616348
Botswana,BWA,2000,0.20865849
Botswana,BWA,2001,0.1168051
Botswana,BWA,2002,0.14042021
Botswana,BWA,2003,0.10981362
Botswana,BWA,2004,0.12505907
Botswana,BWA,2005,0.116040364
Botswana,BWA,2006,0.107227676
Botswana,BWA,2007,0.095228076
Botswana,BWA,2008,0.14307912
Botswana,BWA,2009,0.15874028
Botswana,BWA,2010,0.12739098
Botswana,BWA,2011,0.1562549
Botswana,BWA,2012,0.13515969
Botswana,BWA,2013,0.13079944
Botswana,BWA,2014,0.18507913
Botswana,BWA,2015,0.11782471
Botswana,BWA,2016,0.11616377
Botswana,BWA,2017,0.114525355
Botswana,BWA,2018,0.11291174
Botswana,BWA,2019,0.11148831
Botswana,BWA,2020,0.109895036
Botswana,BWA,2021,0.10826833
Botswana,BWA,2022,0.10656209
Botswana,BWA,2023,0.104828395
Brazil,BRA,1961,0.3167061
Brazil,BRA,1962,0.31427696
Brazil,BRA,1963,0.31184536
Brazil,BRA,1964,0.30944207
Brazil,BRA,1965,0.30715513
Brazil,BRA,1966,0.30501735
Brazil,BRA,1967,0.30304325
Brazil,BRA,1968,0.30120814
Brazil,BRA,1969,0.29943326
Brazil,BRA,1970,0.29573587
Brazil,BRA,1971,0.30007386
Brazil,BRA,1972,0.30407363
Brazil,BRA,1973,0.30773586
Brazil,BRA,1974,0.31113428
Brazil,BRA,1975,0.31427372
Brazil,BRA,1976,0.33178377
Brazil,BRA,1977,0.3482693
Brazil,BRA,1978,0.36380327
Brazil,BRA,1979,0.3784397
Brazil,BRA,1980,0.3922713
Brazil,BRA,1981,0.39127666
Brazil,BRA,1982,0.3903149
Brazil,BRA,1983,0.3893749
Brazil,BRA,1984,0.38847008
Brazil,BRA,1985,0.39041784
Brazil,BRA,1986,0.37440625
Brazil,BRA,1987,0.3591724
Brazil,BRA,1988,0.34463084
Brazil,BRA,1989,0.33073732
Brazil,BRA,1990,0.317413
Brazil,BRA,1991,0.30467114
Brazil,BRA,1992,0.29241922
Brazil,BRA,1993,0.28061557
Brazil,BRA,1994,0.26927447
Brazil,BRA,1995,0.26316494
Brazil,BRA,1996,0.2627243
Brazil,BRA,1997,0.26230988
Brazil,BRA,1998,0.26184732
Brazil,BRA,1999,0.26142272
Brazil,BRA,2000,0.26116797
Brazil,BRA,2001,0.2610589
Brazil,BRA,2002,0.26107055
Brazil,BRA,2003,0.26120195
Brazil,BRA,2004,0.26142582
Brazil,BRA,2005,0.26170066
Brazil,BRA,2006,0.26205832
Brazil,BRA,2007,0.26272282
Brazil,BRA,2008,0.26348537
Brazil,BRA,2009,0.2643795
Brazil,BRA,2010,0.26538196
Brazil,BRA,2011,0.2664161
Brazil,BRA,2012,0.26742706
Brazil,BRA,2013,0.26840213
Brazil,BRA,2014,0.26936036
Brazil,BRA,2015,0.2703253
Brazil,BRA,2016,0.27133408
Brazil,BRA,2017,0.2724038
Brazil,BRA,2018,0.270432
Brazil,BRA,2019,0.26855886
Brazil,BRA,2020,0.26689243
Brazil,BRA,2021,0.26564506
Brazil,BRA,2022,0.26457587
Brazil,BRA,2023,0.2635304
British Virgin Islands,VGB,1961,0.124471
British Virgin Islands,VGB,1962,0.12391574
British Virgin Islands,VGB,1963,0.12324378
British Virgin Islands,VGB,1964,0.12242899
British Virgin Islands,VGB,1965,0.12110936
British Virgin Islands,VGB,1966,0.23772733
British Virgin Islands,VGB,1967,0.23132084
British Virgin Islands,VGB,1968,0.22222222
British Virgin Islands,VGB,1969,0.20979755
British Virgin Islands,VGB,1970,0.20134903
British Virgin Islands,VGB,1971,0.19811788
British Virgin Islands,VGB,1972,0.19540791
British Virgin Islands,VGB,1973,0.19291984
British Virgin Islands,VGB,1974,0.19058509
British Virgin Islands,VGB,1975,0.18857251
British Virgin Islands,VGB,1976,0.1867588
British Virgin Islands,VGB,1977,0.18518518
British Virgin Islands,VGB,1978,0.18372221
British Virgin Islands,VGB,1979,0.18239854
British Virgin Islands,VGB,1980,0.17969452
British Virgin Islands,VGB,1981,0.1742312
British Virgin Islands,VGB,1982,0.25165674
British Virgin Islands,VGB,1983,0.24252222
British Virgin Islands,VGB,1984,0.23400936
British Virgin Islands,VGB,1985,0.2260909
British Virgin Islands,VGB,1986,0.2185633
British Virgin Islands,VGB,1987,0.21135691
British Virgin Islands,VGB,1988,0.20435968
British Virgin Islands,VGB,1989,0.19762845
British Virgin Islands,VGB,1990,0.12735608
British Virgin Islands,VGB,1991,0.12355594
British Virgin Islands,VGB,1992,0.12053275
British Virgin Islands,VGB,1993,0.117723234
British Virgin Islands,VGB,1994,0.114902906
British Virgin Islands,VGB,1995,0.11210762
British Virgin Islands,VGB,1996,0.10936731
British Virgin Islands,VGB,1997,0.106632546
British Virgin Islands,VGB,1998,0.10396091
British Virgin Islands,VGB,1999,0.050684236
British Virgin Islands,VGB,2000,0.049404673
British Virgin Islands,VGB,2001,0.04808617
British Virgin Islands,VGB,2002,0.046663556
British Virgin Islands,VGB,2003,0.045179363
British Virgin Islands,VGB,2004,0.043704383
British Virgin Islands,VGB,2005,0.042256497
British Virgin Islands,VGB,2006,0.040827993
British Virgin Islands,VGB,2007,0.03942285
British Virgin Islands,VGB,2008,0.03804017
British Virgin Islands,VGB,2009,0.036740392
British Virgin Islands,VGB,2010,0.036133695
British Virgin Islands,VGB,2011,0.03483107
British Virgin Islands,VGB,2012,0.032954358
British Virgin Islands,VGB,2013,0.031542756
British Virgin Islands,VGB,2014,0.030337965
British Virgin Islands,VGB,2015,0.028987188
British Virgin Islands,VGB,2016,0.02951768
British Virgin Islands,VGB,2017,0.030581975
British Virgin Islands,VGB,2018,0.0288542
British Virgin Islands,VGB,2019,0.027476301
British Virgin Islands,VGB,2020,0.026928773
British Virgin Islands,VGB,2021,0.026448729
British Virgin Islands,VGB,2022,0.026096715
British Virgin Islands,VGB,2023,0.02565089
Brunei,BRN,1961,0.0432353
Brunei,BRN,1962,0.04135692
Brunei,BRN,1963,0.03954171
Brunei,BRN,1964,0.037763637
Brunei,BRN,1965,0.036088705
Brunei,BRN,1966,0.05178038
Brunei,BRN,1967,0.04957981
Brunei,BRN,1968,0.047535297
Brunei,BRN,1969,0.04564612
Brunei,BRN,1970,0.04439906
Brunei,BRN,1971,0.02900211
Brunei,BRN,1972,0.02813157
Brunei,BRN,1973,0.02714275
Brunei,BRN,1974,0.026202705
Brunei,BRN,1975,0.025305245
Brunei,BRN,1976,0.024448832
Brunei,BRN,1977,0.023629908
Brunei,BRN,1978,0.022872305
Brunei,BRN,1979,0.022170246
Brunei,BRN,1980,0.02149255
Brunei,BRN,1981,0.02083583
Brunei,BRN,1982,0.020185199
Brunei,BRN,1983,0.019536879
Brunei,BRN,1984,0.018898144
Brunei,BRN,1985,0.018271599
Brunei,BRN,1986,0.017660433
Brunei,BRN,1987,0.017104251
Brunei,BRN,1988,0.016603503
Brunei,BRN,1989,0.01612487
Brunei,BRN,1990,0.015668333
Brunei,BRN,1991,0.015232525
Brunei,BRN,1992,0.014823654
Brunei,BRN,1993,0.014441946
Brunei,BRN,1994,0.014079995
Brunei,BRN,1995,0.0137364995
Brunei,BRN,1996,0.013410399
Brunei,BRN,1997,0.013100108
Brunei,BRN,1998,0.012804712
Brunei,BRN,1999,0.01252305
Brunei,BRN,2000,0.012254001
Brunei,BRN,2001,0.01199958
Brunei,BRN,2002,0.011761282
Brunei,BRN,2003,0.011539449
Brunei,BRN,2004,0.011334303
Brunei,BRN,2005,0.011144669
Brunei,BRN,2006,0.010969032
Brunei,BRN,2007,0.010785364
Brunei,BRN,2008,0.010587809
Brunei,BRN,2009,0.010390906
Brunei,BRN,2010,0.010195447
Brunei,BRN,2011,0.010015299
Brunei,BRN,2012,0.009862979
Brunei,BRN,2013,0.00972758
Brunei,BRN,2014,0.00959808
Brunei,BRN,2015,0.009473913
Brunei,BRN,2016,0.009355324
Brunei,BRN,2017,0.009242742
Brunei,BRN,2018,0.009136383
Brunei,BRN,2019,0.009035872
Brunei,BRN,2020,0.008940466
Brunei,BRN,2021,0.008855023
Brunei,BRN,2022,0.008784066
Brunei,BRN,2023,0.008715565
Bulgaria,BGR,1961,0.53530616
Bulgaria,BGR,1962,0.5184111
Bulgaria,BGR,1963,0.5122463
Bulgaria,BGR,1964,0.51323986
Bulgaria,BGR,1965,0.5079126
Bulgaria,BGR,1966,0.504477
Bulgaria,BGR,1967,0.4989034
Bulgaria,BGR,1968,0.49631983
Bulgaria,BGR,1969,0.49299446
Bulgaria,BGR,1970,0.48789257
Bulgaria,BGR,1971,0.4840451
Bulgaria,BGR,1972,0.48133206
Bulgaria,BGR,1973,0.47790462
Bulgaria,BGR,1974,0.4721881
Bulgaria,BGR,1975,0.45374578
Bulgaria,BGR,1976,0.44984365
Bulgaria,BGR,1977,0.4471738
Bulgaria,BGR,1978,0.4454261
Bulgaria,BGR,1979,0.44153938
Bulgaria,BGR,1980,0.4318665
Bulgaria,BGR,1981,0.4300922
Bulgaria,BGR,1982,0.42814896
Bulgaria,BGR,1983,0.4264107
Bulgaria,BGR,1984,0.4248562
Bulgaria,BGR,1985,0.42519724
Bulgaria,BGR,1986,0.4263147
Bulgaria,BGR,1987,0.42635682
Bulgaria,BGR,1988,0.42754808
Bulgaria,BGR,1989,0.43348116
Bulgaria,BGR,1990,0.4422886
Bulgaria,BGR,1991,0.44761768
Bulgaria,BGR,1992,0.47387847
Bulgaria,BGR,1993,0.47956207
Bulgaria,BGR,1994,0.47385052
Bulgaria,BGR,1995,0.47560886
Bulgaria,BGR,1996,0.5025813
Bulgaria,BGR,1997,0.51707953
Bulgaria,BGR,1998,0.4282538
Bulgaria,BGR,1999,0.43577686
Bulgaria,BGR,2000,0.43156987
Bulgaria,BGR,2001,0.4328803
Bulgaria,BGR,2002,0.4280887
Bulgaria,BGR,2003,0.42737752
Bulgaria,BGR,2004,0.4293197
Bulgaria,BGR,2005,0.41428536
Bulgaria,BGR,2006,0.41204986
Bulgaria,BGR,2007,0.40886173
Bulgaria,BGR,2008,0.41214213
Bulgaria,BGR,2009,0.4225971
Bulgaria,BGR,2010,0.43079674
Bulgaria,BGR,2011,0.4422775
Bulgaria,BGR,2012,0.45401737
Bulgaria,BGR,2013,0.48589352
Bulgaria,BGR,2014,0.49282032
Bulgaria,BGR,2015,0.5025182
Bulgaria,BGR,2016,0.5070974
Bulgaria,BGR,2017,0.5128384
Bulgaria,BGR,2018,0.51826924
Bulgaria,BGR,2019,0.5253353
Bulgaria,BGR,2020,0.5330731
Bulgaria,BGR,2021,0.5378574
Bulgaria,BGR,2022,0.53641886
Bulgaria,BGR,2023,0.5408358
Burkina Faso,BFA,1961,0.6187833
Burkina Faso,BFA,1962,0.60979676
Burkina Faso,BFA,1963,0.60076624
Burkina Faso,BFA,1964,0.59159535
Burkina Faso,BFA,1965,0.582204
Burkina Faso,BFA,1966,0.572745
Burkina Faso,BFA,1967,0.5632377
Burkina Faso,BFA,1968,0.55364406
Burkina Faso,BFA,1969,0.5441508
Burkina Faso,BFA,1970,0.5347304
Burkina Faso,BFA,1971,0.5255782
Burkina Faso,BFA,1972,0.51659703
Burkina Faso,BFA,1973,0.50744873
Burkina Faso,BFA,1974,0.49793324
Burkina Faso,BFA,1975,0.48799777
Burkina Faso,BFA,1976,0.47765872
Burkina Faso,BFA,1977,0.46665487
Burkina Faso,BFA,1978,0.45516723
Burkina Faso,BFA,1979,0.4435309
Burkina Faso,BFA,1980,0.43178514
Burkina Faso,BFA,1981,0.42015213
Burkina Faso,BFA,1982,0.40870836
Burkina Faso,BFA,1983,0.39729157
Burkina Faso,BFA,1984,0.40217802
Burkina Faso,BFA,1985,0.40646094
Burkina Faso,BFA,1986,0.41044527
Burkina Faso,BFA,1987,0.4142458
Burkina Faso,BFA,1988,0.4177473
Burkina Faso,BFA,1989,0.42090675
Burkina Faso,BFA,1990,0.42369935
Burkina Faso,BFA,1991,0.42648226
Burkina Faso,BFA,1992,0.42915738
Burkina Faso,BFA,1993,0.43136433
Burkina Faso,BFA,1994,0.43305242
Burkina Faso,BFA,1995,0.4342049
Burkina Faso,BFA,1996,0.4350433
Burkina Faso,BFA,1997,0.4354792
Burkina Faso,BFA,1998,0.43480146
Burkina Faso,BFA,1999,0.4331161
Burkina Faso,BFA,2000,0.43093356
Burkina Faso,BFA,2001,0.42821863
Burkina Faso,BFA,2002,0.42511022
Burkina Faso,BFA,2003,0.42167753
Burkina Faso,BFA,2004,0.41794202
Burkina Faso,BFA,2005,0.41402668
Burkina Faso,BFA,2006,0.4100613
Burkina Faso,BFA,2007,0.40630445
Burkina Faso,BFA,2008,0.40278703
Burkina Faso,BFA,2009,0.39920855
Burkina Faso,BFA,2010,0.39547637
Burkina Faso,BFA,2011,0.391507
Burkina Faso,BFA,2012,0.3871985
Burkina Faso,BFA,2013,0.38286284
Burkina Faso,BFA,2014,0.37854904
Burkina Faso,BFA,2015,0.3742021
Burkina Faso,BFA,2016,0.36992288
Burkina Faso,BFA,2017,0.36584333
Burkina Faso,BFA,2018,0.3622645
Burkina Faso,BFA,2019,0.35921738
Burkina Faso,BFA,2020,0.35643363
Burkina Faso,BFA,2021,0.3537837
Burkina Faso,BFA,2022,0.3512984
Burkina Faso,BFA,2023,0.34341463
Burundi,BDI,1961,0.23808524
Burundi,BDI,1962,0.24071999
Burundi,BDI,1963,0.2437841
Burundi,BDI,1964,0.24348338
Burundi,BDI,1965,0.24065956
Burundi,BDI,1966,0.23399918
Burundi,BDI,1967,0.23873796
Burundi,BDI,1968,0.23665929
Burundi,BDI,1969,0.2871542
Burundi,BDI,1970,0.26625636
Burundi,BDI,1971,0.25682217
Burundi,BDI,1972,0.24771033
Burundi,BDI,1973,0.25747573
Burundi,BDI,1974,0.25110772
Burundi,BDI,1975,0.24495524
Burundi,BDI,1976,0.2408164
Burundi,BDI,1977,0.2364706
Burundi,BDI,1978,0.22802998
Burundi,BDI,1979,0.22124262
Burundi,BDI,1980,0.21214926
Burundi,BDI,1981,0.20367874
Burundi,BDI,1982,0.19865894
Burundi,BDI,1983,0.19340639
Burundi,BDI,1984,0.18877633
Burundi,BDI,1985,0.1847422
Burundi,BDI,1986,0.18130726
Burundi,BDI,1987,0.17721756
Burundi,BDI,1988,0.1733352
Burundi,BDI,1989,0.16996527
Burundi,BDI,1990,0.1664563
Burundi,BDI,1991,0.16304757
Burundi,BDI,1992,0.15874623
Burundi,BDI,1993,0.16382346
Burundi,BDI,1994,0.1627623
Burundi,BDI,1995,0.15495402
Burundi,BDI,1996,0.15484706
Burundi,BDI,1997,0.15650633
Burundi,BDI,1998,0.15354508
Burundi,BDI,1999,0.15148753
Burundi,BDI,2000,0.14837268
Burundi,BDI,2001,0.14696206
Burundi,BDI,2002,0.14448725
Burundi,BDI,2003,0.14056203
Burundi,BDI,2004,0.13473482
Burundi,BDI,2005,0.12600005
Burundi,BDI,2006,0.1193814
Burundi,BDI,2007,0.11541467
Burundi,BDI,2008,0.11110279
Burundi,BDI,2009,0.105949655
Burundi,BDI,2010,0.101317726
Burundi,BDI,2011,0.10290206
Burundi,BDI,2012,0.10197569
Burundi,BDI,2013,0.100964226
Burundi,BDI,2014,0.10009459
Burundi,BDI,2015,0.10029346
Burundi,BDI,2016,0.10098358
Burundi,BDI,2017,0.1009841
Burundi,BDI,2018,0.100257635
Burundi,BDI,2019,0.09922209
Burundi,BDI,2020,0.09851759
Burundi,BDI,2021,0.0979524
Burundi,BDI,2022,0.09710225
Burundi,BDI,2023,0.09651277
Cambodia,KHM,1961,0.5094084
Cambodia,KHM,1962,0.5002143
Cambodia,KHM,1963,0.48943758
Cambodia,KHM,1964,0.48770824
Cambodia,KHM,1965,0.47757939
Cambodia,KHM,1966,0.467649
Cambodia,KHM,1967,0.4582387
Cambodia,KHM,1968,0.44067687
Cambodia,KHM,1969,0.41636857
Cambodia,KHM,1970,0.40562227
Cambodia,KHM,1971,0.2718672
Cambodia,KHM,1972,0.26970795
Cambodia,KHM,1973,0.26707318
Cambodia,KHM,1974,0.27273104
Cambodia,KHM,1975,0.28109646
Cambodia,KHM,1976,0.3096989
Cambodia,KHM,1977,0.33518267
Cambodia,KHM,1978,0.3741615
Cambodia,KHM,1979,0.38319385
Cambodia,KHM,1980,0.38462484
Cambodia,KHM,1981,0.37846568
Cambodia,KHM,1982,0.37340668
Cambodia,KHM,1983,0.3619458
Cambodia,KHM,1984,0.34900928
Cambodia,KHM,1985,0.38055634
Cambodia,KHM,1986,0.41363776
Cambodia,KHM,1987,0.45745865
Cambodia,KHM,1988,0.50645816
Cambodia,KHM,1989,0.5209605
Cambodia,KHM,1990,0.5010338
Cambodia,KHM,1991,0.4813415
Cambodia,KHM,1992,0.45605353
Cambodia,KHM,1993,0.43127155
Cambodia,KHM,1994,0.4004692
Cambodia,KHM,1995,0.36931688
Cambodia,KHM,1996,0.3425523
Cambodia,KHM,1997,0.31976542
Cambodia,KHM,1998,0.3068458
Cambodia,KHM,1999,0.30165344
Cambodia,KHM,2000,0.29689458
Cambodia,KHM,2001,0.29229409
Cambodia,KHM,2002,0.28782034
Cambodia,KHM,2003,0.28350386
Cambodia,KHM,2004,0.27935636
Cambodia,KHM,2005,0.27531397
Cambodia,KHM,2006,0.27128032
Cambodia,KHM,2007,0.26730686
Cambodia,KHM,2008,0.26328
Cambodia,KHM,2009,0.25916153
Cambodia,KHM,2010,0.25846982
Cambodia,KHM,2011,0.25781438
Cambodia,KHM,2012,0.2577685
Cambodia,KHM,2013,0.25590447
Cambodia,KHM,2014,0.25407118
Cambodia,KHM,2015,0.25229242
Cambodia,KHM,2016,0.25051594
Cambodia,KHM,2017,0.24892922
Cambodia,KHM,2018,0.24768062
Cambodia,KHM,2019,0.2463783
Cambodia,KHM,2020,0.24456035
Cambodia,KHM,2021,0.24272804
Cambodia,KHM,2022,0.239519
Cambodia,KHM,2023,0.23646511
Cameroon,CMR,1961,0.95433086
Cameroon,CMR,1962,0.94593734
Cameroon,CMR,1963,0.934644
Cameroon,CMR,1964,0.9232274
Cameroon,CMR,1965,0.9115313
Cameroon,CMR,1966,0.8993892
Cameroon,CMR,1967,0.8866853
Cameroon,CMR,1968,0.8733463
Cameroon,CMR,1969,0.85939884
Cameroon,CMR,1970,0.83723617
Cameroon,CMR,1971,0.82271504
Cameroon,CMR,1972,0.80066144
Cameroon,CMR,1973,0.7789431
Cameroon,CMR,1974,0.7645703
Cameroon,CMR,1975,0.750292
Cameroon,CMR,1976,0.73703974
Cameroon,CMR,1977,0.72673625
Cameroon,CMR,1978,0.7038262
Cameroon,CMR,1979,0.7158079
Cameroon,CMR,1980,0.69429606
Cameroon,CMR,1981,0.6703434
Cameroon,CMR,1982,0.6545809
Cameroon,CMR,1983,0.641318
Cameroon,CMR,1984,0.62374157
Cameroon,CMR,1985,0.6054255
Cameroon,CMR,1986,0.5894432
Cameroon,CMR,1987,0.57180053
Cameroon,CMR,1988,0.5559212
Cameroon,CMR,1989,0.53986526
Cameroon,CMR,1990,0.5241876
Cameroon,CMR,1991,0.5099776
Cameroon,CMR,1992,0.49640387
Cameroon,CMR,1993,0.48246878
Cameroon,CMR,1994,0.46911022
Cameroon,CMR,1995,0.45640713
Cameroon,CMR,1996,0.44428685
Cameroon,CMR,1997,0.43266115
Cameroon,CMR,1998,0.42135447
Cameroon,CMR,1999,0.41032305
Cameroon,CMR,2000,0.3996612
Cameroon,CMR,2001,0.389301
Cameroon,CMR,2002,0.3790016
Cameroon,CMR,2003,0.36880413
Cameroon,CMR,2004,0.35880947
Cameroon,CMR,2005,0.34923232
Cameroon,CMR,2006,0.3397642
Cameroon,CMR,2007,0.33036202
Cameroon,CMR,2008,0.3210392
Cameroon,CMR,2009,0.3119707
Cameroon,CMR,2010,0.3152318
Cameroon,CMR,2011,0.30644062
Cameroon,CMR,2012,0.29794043
Cameroon,CMR,2013,0.28968745
Cameroon,CMR,2014,0.28105304
Cameroon,CMR,2015,0.27236688
Cameroon,CMR,2016,0.2643454
Cameroon,CMR,2017,0.25695646
Cameroon,CMR,2018,0.24993567
Cameroon,CMR,2019,0.24307916
Cameroon,CMR,2020,0.2365459
Cameroon,CMR,2021,0.23034833
Cameroon,CMR,2022,0.22437127
Cameroon,CMR,2023,0.21852002
Canada,CAN,1961,2.0037217
Canada,CAN,1962,1.9842591
Canada,CAN,1963,1.9647753
Canada,CAN,1964,1.94489
Canada,CAN,1965,1.9265169
Canada,CAN,1966,1.9069234
Canada,CAN,1967,1.8762493
Canada,CAN,1968,1.8494986
Canada,CAN,1969,1.8277534
Canada,CAN,1970,1.8055712
Canada,CAN,1971,1.7561216
Canada,CAN,1972,1.7413446
Canada,CAN,1973,1.7256085
Canada,CAN,1974,1.707035
Canada,CAN,1975,1.6875745
Canada,CAN,1976,1.670632
Canada,CAN,1977,1.6629968
Canada,CAN,1978,1.6582091
Canada,CAN,1979,1.6534482
Canada,CAN,1980,1.6436836
Canada,CAN,1981,1.6348969
Canada,CAN,1982,1.6235256
Canada,CAN,1983,1.6154408
Canada,CAN,1984,1.6080726
Canada,CAN,1985,1.6011847
Canada,CAN,1986,1.5930482
Canada,CAN,1987,1.5701829
Canada,CAN,1988,1.5479767
Canada,CAN,1989,1.5185076
Canada,CAN,1990,1.4938715
Canada,CAN,1991,1.4736524
Canada,CAN,1992,1.4544998
Canada,CAN,1993,1.4367906
Canada,CAN,1994,1.4193468
Canada,CAN,1995,1.402961
Canada,CAN,1996,1.3866497
Canada,CAN,1997,1.3722019
Canada,CAN,1998,1.3601315
Canada,CAN,1999,1.3483969
Canada,CAN,2000,1.3351809
Canada,CAN,2001,1.3200152
Canada,CAN,2002,1.2951542
Canada,CAN,2003,1.2730362
Canada,CAN,2004,1.2507981
Canada,CAN,2005,1.22868
Canada,CAN,2006,1.2060658
Canada,CAN,2007,1.1822839
Canada,CAN,2008,1.1575377
Canada,CAN,2009,1.1324984
Canada,CAN,2010,1.1082488
Canada,CAN,2011,1.0857847
Canada,CAN,2012,1.0812541
Canada,CAN,2013,1.077022
Canada,CAN,2014,1.0733174
Canada,CAN,2015,1.0721898
Canada,CAN,2016,1.0669937
Canada,CAN,2017,1.0537398
Canada,CAN,2018,1.0436274
Canada,CAN,2019,1.027367
Canada,CAN,2020,1.0054265
Canada,CAN,2021,1.0005004
Canada,CAN,2022,0.9844896
Canada,CAN,2023,0.95260596
Cape Verde,CPV,1961,0.1766727
Cape Verde,CPV,1962,0.17123365
Cape Verde,CPV,1963,0.16566902
Cape Verde,CPV,1964,0.1603335
Cape Verde,CPV,1965,0.15519325
Cape Verde,CPV,1966,0.15021187
Cape Verde,CPV,1967,0.14536886
Cape Verde,CPV,1968,0.14065531
Cape Verde,CPV,1969,0.13607976
Cape Verde,CPV,1970,0.13199715
Cape Verde,CPV,1971,0.12923148
Cape Verde,CPV,1972,0.12778005
Cape Verde,CPV,1973,0.12671693
Cape Verde,CPV,1974,0.12559077
Cape Verde,CPV,1975,0.12424513
Cape Verde,CPV,1976,0.12279653
Cape Verde,CPV,1977,0.121470176
Cape Verde,CPV,1978,0.12019725
Cape Verde,CPV,1979,0.11894328
Cape Verde,CPV,1980,0.11753753
Cape Verde,CPV,1981,0.11590808
Cape Verde,CPV,1982,0.11420877
Cape Verde,CPV,1983,0.11254124
Cape Verde,CPV,1984,0.11094729
Cape Verde,CPV,1985,0.10939502
Cape Verde,CPV,1986,0.10785894
Cape Verde,CPV,1987,0.10635261
Cape Verde,CPV,1988,0.11039691
Cape Verde,CPV,1989,0.10875387
Cape Verde,CPV,1990,0.10920869
Cape Verde,CPV,1991,0.106608145
Cape Verde,CPV,1992,0.10421565
Cape Verde,CPV,1993,0.10199893
Cape Verde,CPV,1994,0.09994442
Cape Verde,CPV,1995,0.10045347
Cape Verde,CPV,1996,0.09868862
Cape Verde,CPV,1997,0.10166406
Cape Verde,CPV,1998,0.100049116
Cape Verde,CPV,1999,0.09854004
Cape Verde,CPV,2000,0.09706232
Cape Verde,CPV,2001,0.099936344
Cape Verde,CPV,2002,0.10063249
Cape Verde,CPV,2003,0.09928536
Cape Verde,CPV,2004,0.10013142
Cape Verde,CPV,2005,0.09894561
Cape Verde,CPV,2006,0.09781386
Cape Verde,CPV,2007,0.09673714
Cape Verde,CPV,2008,0.09972973
Cape Verde,CPV,2009,0.098786704
Cape Verde,CPV,2010,0.098080754
Cape Verde,CPV,2011,0.09776184
Cape Verde,CPV,2012,0.09766483
Cape Verde,CPV,2013,0.09761336
Cape Verde,CPV,2014,0.09759411
Cape Verde,CPV,2015,0.097581156
Cape Verde,CPV,2016,0.0975507
Cape Verde,CPV,2017,0.09748622
Cape Verde,CPV,2018,0.097387105
Cape Verde,CPV,2019,0.097256586
Cape Verde,CPV,2020,0.097147934
Cape Verde,CPV,2021,0.096777506
Cape Verde,CPV,2022,0.09620176
Cape Verde,CPV,2023,0.09572474
Cayman Islands,CYM,1961,0.02325311
Cayman Islands,CYM,1962,0.02277645
Cayman Islands,CYM,1963,0.022296544
Cayman Islands,CYM,1964,0.021819768
Cayman Islands,CYM,1965,0.021365238
Cayman Islands,CYM,1966,0.020920502
Cayman Islands,CYM,1967,0.020472925
Cayman Islands,CYM,1968,0.020058168
Cayman Islands,CYM,1969,0.019675357
Cayman Islands,CYM,1970,0.01901683
Cayman Islands,CYM,1971,0.018021265
Cayman Islands,CYM,1972,0.01700102
Cayman Islands,CYM,1973,0.016079755
Cayman Islands,CYM,1974,0.015250877
Cayman Islands,CYM,1975,0.014505367
Cayman Islands,CYM,1976,0.013837
Cayman Islands,CYM,1977,0.013240648
Cayman Islands,CYM,1978,0.012716983
Cayman Islands,CYM,1979,0.0122316675
Cayman Islands,CYM,1980,0.011710287
Cayman Islands,CYM,1981,0.011170064
Cayman Islands,CYM,1982,0.010666667
Cayman Islands,CYM,1983,0.010205123
Cayman Islands,CYM,1984,0.009778039
Cayman Islands,CYM,1985,0.009379104
Cayman Islands,CYM,1986,0.0090102265
Cayman Islands,CYM,1987,0.0086681405
Cayman Islands,CYM,1988,0.008350382
Cayman Islands,CYM,1989,0.008040524
Cayman Islands,CYM,1990,0.0076926034
Cayman Islands,CYM,1991,0.0073276176
Cayman Islands,CYM,1992,0.0069878763
Cayman Islands,CYM,1993,0.0066720042
Cayman Islands,CYM,1994,0.0063791783
Cayman Islands,CYM,1995,0.006108176
Cayman Islands,CYM,1996,0.005857716
Cayman Islands,CYM,1997,0.005626987
Cayman Islands,CYM,1998,0.0054168245
Cayman Islands,CYM,1999,0.0052241143
Cayman Islands,CYM,2000,0.0050410847
Cayman Islands,CYM,2001,0.004867483
Cayman Islands,CYM,2002,0.004704333
Cayman Islands,CYM,2003,0.004552283
Cayman Islands,CYM,2004,0.004409949
Cayman Islands,CYM,2005,0.0042746
Cayman Islands,CYM,2006,0.004146625
Cayman Islands,CYM,2007,0.0040251976
Cayman Islands,CYM,2008,0.003909992
Cayman Islands,CYM,2009,0.0038009807
Cayman Islands,CYM,2010,0.003696926
Cayman Islands,CYM,2011,0.0035967343
Cayman Islands,CYM,2012,0.0035004201
Cayman Islands,CYM,2013,0.003409769
Cayman Islands,CYM,2014,0.0033244682
Cayman Islands,CYM,2015,0.0032445411
Cayman Islands,CYM,2016,0.0031695722
Cayman Islands,CYM,2017,0.0030990934
Cayman Islands,CYM,2018,0.0030330142
Cayman Islands,CYM,2019,0.0029705765
Cayman Islands,CYM,2020,0.0029118864
Cayman Islands,CYM,2021,0.0028527414
Cayman Islands,CYM,2022,0.0027936473
Cayman Islands,CYM,2023,0.0027383007
Central African Republic,CAF,1961,0.9685342
Central African Republic,CAF,1962,0.9558202
Central African Republic,CAF,1963,0.94284004
Central African Republic,CAF,1964,0.9295585
Central African Republic,CAF,1965,0.91593915
Central African Republic,CAF,1966,0.9019427
Central African Republic,CAF,1967,0.88755405
Central African Republic,CAF,1968,0.8727744
Central African Republic,CAF,1969,0.8579026
Central African Republic,CAF,1970,0.84385973
Central African Republic,CAF,1971,0.8312125
Central African Republic,CAF,1972,0.8196838
Central African Republic,CAF,1973,0.8086224
Central African Republic,CAF,1974,0.7975894
Central African Republic,CAF,1975,0.7865454
Central African Republic,CAF,1976,0.7791989
Central African Republic,CAF,1977,0.7754127
Central African Republic,CAF,1978,0.7714888
Central African Republic,CAF,1979,0.7673919
Central African Republic,CAF,1980,0.76309866
Central African Republic,CAF,1981,0.75451845
Central African Republic,CAF,1982,0.7457999
Central African Republic,CAF,1983,0.73697513
Central African Republic,CAF,1984,0.7280202
Central African Republic,CAF,1985,0.71897304
Central African Republic,CAF,1986,0.7098773
Central African Republic,CAF,1987,0.7005963
Central African Republic,CAF,1988,0.6890288
Central African Republic,CAF,1989,0.6717026
Central African Republic,CAF,1990,0.6511346
Central African Republic,CAF,1991,0.63107646
Central African Republic,CAF,1992,0.61134464
Central African Republic,CAF,1993,0.5921771
Central African Republic,CAF,1994,0.57397985
Central African Republic,CAF,1995,0.5585337
Central African Republic,CAF,1996,0.54424304
Central African Republic,CAF,1997,0.52949005
Central African Republic,CAF,1998,0.51531804
Central African Republic,CAF,1999,0.5014144
Central African Republic,CAF,2000,0.48781556
Central African Republic,CAF,2001,0.47710326
Central African Republic,CAF,2002,0.46679083
Central African Republic,CAF,2003,0.45575452
Central African Republic,CAF,2004,0.44599992
Central African Republic,CAF,2005,0.43601838
Central African Republic,CAF,2006,0.42717674
Central African Republic,CAF,2007,0.41902226
Central African Republic,CAF,2008,0.4101791
Central African Republic,CAF,2009,0.4120072
Central African Republic,CAF,2010,0.40819097
Central African Republic,CAF,2011,0.39430267
Central African Republic,CAF,2012,0.39038372
Central African Republic,CAF,2013,0.3877289
Central African Republic,CAF,2014,0.38934222
Central African Republic,CAF,2015,0.388826
Central African Republic,CAF,2016,0.38186863
Central African Republic,CAF,2017,0.37550765
Central African Republic,CAF,2018,0.368954
Central African Republic,CAF,2019,0.36402592
Central African Republic,CAF,2020,0.35809293
Central African Republic,CAF,2021,0.3521058
Central African Republic,CAF,2022,0.35307693
Central African Republic,CAF,2023,0.34935033
Chad,TCD,1961,0.93092847
Chad,TCD,1962,0.9122691
Chad,TCD,1963,0.89388615
Chad,TCD,1964,0.8758937
Chad,TCD,1965,0.8585688
Chad,TCD,1966,0.84193015
Chad,TCD,1967,0.8257062
Chad,TCD,1968,0.80961794
Chad,TCD,1969,0.7934567
Chad,TCD,1970,0.7771281
Chad,TCD,1971,0.7609035
Chad,TCD,1972,0.744108
Chad,TCD,1973,0.7293192
Chad,TCD,1974,0.71523917
Chad,TCD,1975,0.7191821
Chad,TCD,1976,0.7280131
Chad,TCD,1977,0.71450555
Chad,TCD,1978,0.71247774
Chad,TCD,1979,0.69694394
Chad,TCD,1980,0.6947254
Chad,TCD,1981,0.6934369
Chad,TCD,1982,0.66097105
Chad,TCD,1983,0.6286239
Chad,TCD,1984,0.6198038
Chad,TCD,1985,0.6141748
Chad,TCD,1986,0.605591
Chad,TCD,1987,0.5847406
Chad,TCD,1988,0.56936127
Chad,TCD,1989,0.5538195
Chad,TCD,1990,0.54706526
Chad,TCD,1991,0.5353164
Chad,TCD,1992,0.5161664
Chad,TCD,1993,0.5083611
Chad,TCD,1994,0.4997457
Chad,TCD,1995,0.48243323
Chad,TCD,1996,0.4588327
Chad,TCD,1997,0.46933874
Chad,TCD,1998,0.45346674
Chad,TCD,1999,0.43781212
Chad,TCD,2000,0.4229277
Chad,TCD,2001,0.4202576
Chad,TCD,2002,0.4058712
Chad,TCD,2003,0.40051296
Chad,TCD,2004,0.38306314
Chad,TCD,2005,0.3776109
Chad,TCD,2006,0.3642673
Chad,TCD,2007,0.35193282
Chad,TCD,2008,0.3398309
Chad,TCD,2009,0.33631098
Chad,TCD,2010,0.34111467
Chad,TCD,2011,0.33712277
Chad,TCD,2012,0.35197946
Chad,TCD,2013,0.36520132
Chad,TCD,2014,0.36648938
Chad,TCD,2015,0.35500646
Chad,TCD,2016,0.35065305
Chad,TCD,2017,0.33924866
Chad,TCD,2018,0.32804072
Chad,TCD,2019,0.31764632
Chad,TCD,2020,0.30769804
Chad,TCD,2021,0.2972806
Chad,TCD,2022,0.28718013
Chad,TCD,2023,0.27434042
Chile,CHL,1961,0.43724763
Chile,CHL,1962,0.43073726
Chile,CHL,1963,0.4244451
Chile,CHL,1964,0.4184325
Chile,CHL,1965,0.41274
Chile,CHL,1966,0.407331
Chile,CHL,1967,0.40218467
Chile,CHL,1968,0.39727932
Chile,CHL,1969,0.39255056
Chile,CHL,1970,0.39632946
Chile,CHL,1971,0.394817
Chile,CHL,1972,0.3933294
Chile,CHL,1973,0.3966979
Chile,CHL,1974,0.3952096
Chile,CHL,1975,0.38907155
Chile,CHL,1976,0.38733187
Chile,CHL,1977,0.37208605
Chile,CHL,1978,0.35729966
Chile,CHL,1979,0.342952
Chile,CHL,1980,0.3333174
Chile,CHL,1981,0.31964126
Chile,CHL,1982,0.30210423
Chile,CHL,1983,0.293361
Chile,CHL,1984,0.28465563
Chile,CHL,1985,0.27784783
Chile,CHL,1986,0.2664249
Chile,CHL,1987,0.24049757
Chile,CHL,1988,0.23531812
Chile,CHL,1989,0.23231168
Chile,CHL,1990,0.20852596
Chile,CHL,1991,0.19652346
Chile,CHL,1992,0.17573456
Chile,CHL,1993,0.16337788
Chile,CHL,1994,0.15898012
Chile,CHL,1995,0.14593133
Chile,CHL,1996,0.134722
Chile,CHL,1997,0.13273121
Chile,CHL,1998,0.13081877
Chile,CHL,1999,0.11749874
Chile,CHL,2000,0.11287676
Chile,CHL,2001,0.11157975
Chile,CHL,2002,0.10404892
Chile,CHL,2003,0.09360519
Chile,CHL,2004,0.09266511
Chile,CHL,2005,0.088691644
Chile,CHL,2006,0.08177261
Chile,CHL,2007,0.07569768
Chile,CHL,2008,0.07808791
Chile,CHL,2009,0.080415316
Chile,CHL,2010,0.07853023
Chile,CHL,2011,0.08158718
Chile,CHL,2012,0.08003297
Chile,CHL,2013,0.0818979
Chile,CHL,2014,0.081120364
Chile,CHL,2015,0.08274615
Chile,CHL,2016,0.08050447
Chile,CHL,2017,0.08099709
Chile,CHL,2018,0.07700847
Chile,CHL,2019,0.07288491
Chile,CHL,2020,0.07097887
Chile,CHL,2021,0.07704972
Chile,CHL,2022,0.066327296
Chile,CHL,2023,0.071565785
China,CHN,1961,0.15537685
China,CHN,1962,0.15365666
China,CHN,1963,0.14963324
China,CHN,1964,0.14591433
China,CHN,1965,0.14213106
China,CHN,1966,0.13761218
China,CHN,1967,0.13348353
China,CHN,1968,0.12942377
China,CHN,1969,0.1253227
China,CHN,1970,0.121322475
China,CHN,1971,0.11752397
China,CHN,1972,0.11413756
China,CHN,1973,0.11102796
China,CHN,1974,0.10935747
China,CHN,1975,0.10583864
China,CHN,1976,0.104012996
China,CHN,1977,0.102407284
China,CHN,1978,0.1008508
China,CHN,1979,0.09937978
China,CHN,1980,0.098014235
China,CHN,1981,0.09738551
China,CHN,1982,0.10082984
China,CHN,1983,0.10485581
China,CHN,1984,0.10995105
China,CHN,1985,0.114267774
China,CHN,1986,0.11295569
China,CHN,1987,0.11088203
China,CHN,1988,0.10974646
China,CHN,1989,0.10923882
China,CHN,1990,0.10905711
China,CHN,1991,0.108513355
China,CHN,1992,0.10549628
China,CHN,1993,0.10293269
China,CHN,1994,0.101272404
China,CHN,1995,0.099248454
China,CHN,1996,0.09801569
China,CHN,1997,0.096773975
China,CHN,1998,0.09585002
China,CHN,1999,0.095023885
China,CHN,2000,0.09427828
China,CHN,2001,0.09406286
China,CHN,2002,0.09374234
China,CHN,2003,0.09331072
China,CHN,2004,0.09290773
China,CHN,2005,0.09254995
China,CHN,2006,0.09229689
China,CHN,2007,0.091773495
China,CHN,2008,0.09148854
China,CHN,2009,0.091180235
China,CHN,2010,0.089804776
China,CHN,2011,0.088235624
China,CHN,2012,0.0866405
China,CHN,2013,0.08536677
China,CHN,2014,0.084267415
China,CHN,2015,0.08324815
China,CHN,2016,0.08175012
China,CHN,2017,0.079954736
China,CHN,2018,0.0787633
China,CHN,2019,0.07738816
China,CHN,2020,0.07710623
China,CHN,2021,0.07715101
China,CHN,2022,0.076875106
China,CHN,2023,0.07685995
Colombia,COL,1961,0.21944426
Colombia,COL,1962,0.21278353
Colombia,COL,1963,0.20743465
Colombia,COL,1964,0.2012767
Colombia,COL,1965,0.1959376
Colombia,COL,1966,0.19088165
Colombia,COL,1967,0.1855932
Colombia,COL,1968,0.1806059
Colombia,COL,1969,0.17603047
Colombia,COL,1970,0.17163354
Colombia,COL,1971,0.16759622
Colombia,COL,1972,0.16443959
Colombia,COL,1973,0.16143067
Colombia,COL,1974,0.15849541
Colombia,COL,1975,0.15571024
Colombia,COL,1976,0.15298332
Colombia,COL,1977,0.15028597
Colombia,COL,1978,0.14753307
Colombia,COL,1979,0.1448916
Colombia,COL,1980,0.14219771
Colombia,COL,1981,0.13955612
Colombia,COL,1982,0.13691399
Colombia,COL,1983,0.13430673
Colombia,COL,1984,0.13176137
Colombia,COL,1985,0.12949088
Colombia,COL,1986,0.12734649
Colombia,COL,1987,0.12537923
Colombia,COL,1988,0.116894916
Colombia,COL,1989,0.1092639
Colombia,COL,1990,0.10188018
Colombia,COL,1991,0.091786996
Colombia,COL,1992,0.09093448
Colombia,COL,1993,0.08486861
Colombia,COL,1994,0.0806208
Colombia,COL,1995,0.067002445
Colombia,COL,1996,0.06672564
Colombia,COL,1997,0.06839767
Colombia,COL,1998,0.06890317
Colombia,COL,1999,0.06594744
Colombia,COL,2000,0.07209017
Colombia,COL,2001,0.06324975
Colombia,COL,2002,0.051856954
Colombia,COL,2003,0.051205732
Colombia,COL,2004,0.047982328
Colombia,COL,2005,0.043501105
Colombia,COL,2006,0.036993276
Colombia,COL,2007,0.040298715
Colombia,COL,2008,0.038663484
Colombia,COL,2009,0.036525723
Colombia,COL,2010,0.034371085
Colombia,COL,2011,0.035513405
Colombia,COL,2012,0.034830794
Colombia,COL,2013,0.03185886
Colombia,COL,2014,0.03318039
Colombia,COL,2015,0.033216543
Colombia,COL,2016,0.03544971
Colombia,COL,2017,0.037000377
Colombia,COL,2018,0.045607492
Colombia,COL,2019,0.046403717
Colombia,COL,2020,0.04630523
Colombia,COL,2021,0.04682201
Colombia,COL,2022,0.04740621
Colombia,COL,2023,0.04872408
Comoros,COM,1961,0.32306004
Comoros,COM,1962,0.31753474
Comoros,COM,1963,0.3122223
Comoros,COM,1964,0.3071195
Comoros,COM,1965,0.30237198
Comoros,COM,1966,0.2972611
Comoros,COM,1967,0.29036134
Comoros,COM,1968,0.2823092
Comoros,COM,1969,0.27426043
Comoros,COM,1970,0.26619163
Comoros,COM,1971,0.25807476
Comoros,COM,1972,0.24992599
Comoros,COM,1973,0.24179749
Comoros,COM,1974,0.23374988
Comoros,COM,1975,0.22593607
Comoros,COM,1976,0.21845949
Comoros,COM,1977,0.21132782
Comoros,COM,1978,0.20460325
Comoros,COM,1979,0.19829708
Comoros,COM,1980,0.19246656
Comoros,COM,1981,0.1871139
Comoros,COM,1982,0.18200196
Comoros,COM,1983,0.17699935
Comoros,COM,1984,0.17212297
Comoros,COM,1985,0.16737393
Comoros,COM,1986,0.16277754
Comoros,COM,1987,0.15836702
Comoros,COM,1988,0.15414277
Comoros,COM,1989,0.15007977
Comoros,COM,1990,0.14620015
Comoros,COM,1991,0.14268279
Comoros,COM,1992,0.13975099
Comoros,COM,1993,0.13722286
Comoros,COM,1994,0.13481505
Comoros,COM,1995,0.13249461
Comoros,COM,1996,0.1302326
Comoros,COM,1997,0.12800895
Comoros,COM,1998,0.12582342
Comoros,COM,1999,0.12360093
Comoros,COM,2000,0.12125056
Comoros,COM,2001,0.11878221
Comoros,COM,2002,0.11629509
Comoros,COM,2003,0.11407551
Comoros,COM,2004,0.111933105
Comoros,COM,2005,0.109671876
Comoros,COM,2006,0.1074819
Comoros,COM,2007,0.105360925
Comoros,COM,2008,0.10328822
Comoros,COM,2009,0.10125446
Comoros,COM,2010,0.09926149
Comoros,COM,2011,0.09729723
Comoros,COM,2012,0.09535965
Comoros,COM,2013,0.09336505
Comoros,COM,2014,0.091355905
Comoros,COM,2015,0.089447655
Comoros,COM,2016,0.087631665
Comoros,COM,2017,0.08590282
Comoros,COM,2018,0.08424163
Comoros,COM,2019,0.08263643
Comoros,COM,2020,0.08103091
Comoros,COM,2021,0.079445206
Comoros,COM,2022,0.07792009
Comoros,COM,2023,0.07643579
Congo,COG,1961,0.47953272
Congo,COG,1962,0.4671323
Congo,COG,1963,0.45483848
Congo,COG,1964,0.4409201
Congo,COG,1965,0.42885056
Congo,COG,1966,0.41689
Congo,COG,1967,0.40510178
Congo,COG,1968,0.39346185
Congo,COG,1969,0.382692
Congo,COG,1970,0.37205628
Congo,COG,1971,0.36085075
Congo,COG,1972,0.34982252
Congo,COG,1973,0.34166187
Congo,COG,1974,0.33242726
Congo,COG,1975,0.32390267
Congo,COG,1976,0.3184933
Congo,COG,1977,0.3092117
Congo,COG,1978,0.2763017
Congo,COG,1979,0.27117333
Congo,COG,1980,0.26681465
Congo,COG,1981,0.2626007
Congo,COG,1982,0.27009627
Congo,COG,1983,0.26662278
Congo,COG,1984,0.2610616
Congo,COG,1985,0.25639644
Congo,COG,1986,0.24757122
Congo,COG,1987,0.22807701
Congo,COG,1988,0.22245426
Congo,COG,1989,0.21698181
Congo,COG,1990,0.20121317
Congo,COG,1991,0.19638833
Congo,COG,1992,0.19051664
Congo,COG,1993,0.18688895
Congo,COG,1994,0.1769452
Congo,COG,1995,0.17276113
Congo,COG,1996,0.16874294
Congo,COG,1997,0.1696757
Congo,COG,1998,0.16632448
Congo,COG,1999,0.16321152
Congo,COG,2000,0.15548916
Congo,COG,2001,0.14973092
Congo,COG,2002,0.146235
Congo,COG,2003,0.14220405
Congo,COG,2004,0.13742605
Congo,COG,2005,0.13256167
Congo,COG,2006,0.12769033
Congo,COG,2007,0.12310228
Congo,COG,2008,0.11911948
Congo,COG,2009,0.11678917
Congo,COG,2010,0.114291094
Congo,COG,2011,0.11497434
Congo,COG,2012,0.11180373
Congo,COG,2013,0.113236316
Congo,COG,2014,0.110533215
Congo,COG,2015,0.10789432
Congo,COG,2016,0.105312824
Congo,COG,2017,0.10278431
Congo,COG,2018,0.10030789
Congo,COG,2019,0.09792295
Congo,COG,2020,0.09560577
Congo,COG,2021,0.09334401
Congo,COG,2022,0.091133475
Congo,COG,2023,0.08895524
Costa Rica,CRI,1961,0.20683348
Costa Rica,CRI,1962,0.19937807
Costa Rica,CRI,1963,0.19235909
Costa Rica,CRI,1964,0.18579364
Costa Rica,CRI,1965,0.17967379
Costa Rica,CRI,1966,0.17398036
Costa Rica,CRI,1967,0.16868666
Costa Rica,CRI,1968,0.16381843
Costa Rica,CRI,1969,0.1592823
Costa Rica,CRI,1970,0.15497983
Costa Rica,CRI,1971,0.1509103
Costa Rica,CRI,1972,0.14704001
Costa Rica,CRI,1973,0.14232957
Costa Rica,CRI,1974,0.13874978
Costa Rica,CRI,1975,0.13523076
Costa Rica,CRI,1976,0.13176432
Costa Rica,CRI,1977,0.12834321
Costa Rica,CRI,1978,0.12497185
Costa Rica,CRI,1979,0.12164248
Costa Rica,CRI,1980,0.11837869
Costa Rica,CRI,1981,0.115198135
Costa Rica,CRI,1982,0.11208782
Costa Rica,CRI,1983,0.10904945
Costa Rica,CRI,1984,0.106088065
Costa Rica,CRI,1985,0.10394275
Costa Rica,CRI,1986,0.1011637
Costa Rica,CRI,1987,0.09852391
Costa Rica,CRI,1988,0.094336346
Costa Rica,CRI,1989,0.08541878
Costa Rica,CRI,1990,0.08328779
Costa Rica,CRI,1991,0.08119479
Costa Rica,CRI,1992,0.0761207
Costa Rica,CRI,1993,0.06830127
Costa Rica,CRI,1994,0.06664499
Costa Rica,CRI,1995,0.062231697
Costa Rica,CRI,1996,0.058026873
Costa Rica,CRI,1997,0.056730524
Costa Rica,CRI,1998,0.055513877
Costa Rica,CRI,1999,0.056963813
Costa Rica,CRI,2000,0.053330097
Costa Rica,CRI,2001,0.052382834
Costa Rica,CRI,2002,0.049071264
Costa Rica,CRI,2003,0.05073954
Costa Rica,CRI,2004,0.049999073
Costa Rica,CRI,2005,0.04928143
Costa Rica,CRI,2006,0.048596036
Costa Rica,CRI,2007,0.045659516
Costa Rica,CRI,2008,0.045044478
Costa Rica,CRI,2009,0.04889116
Costa Rica,CRI,2010,0.04938584
Costa Rica,CRI,2011,0.050327204
Costa Rica,CRI,2012,0.049743414
Costa Rica,CRI,2013,0.0491927
Costa Rica,CRI,2014,0.048666712
Costa Rica,CRI,2015,0.0459085
Costa Rica,CRI,2016,0.04322537
Costa Rica,CRI,2017,0.040618666
Costa Rica,CRI,2018,0.038072314
Costa Rica,CRI,2019,0.035592083
Costa Rica,CRI,2020,0.033198804
Costa Rica,CRI,2021,0.033030394
Costa Rica,CRI,2022,0.03288885
Costa Rica,CRI,2023,0.03273579
Cote d'Ivoire,CIV,1961,0.44092742
Cote d'Ivoire,CIV,1962,0.42457062
Cote d'Ivoire,CIV,1963,0.40855426
Cote d'Ivoire,CIV,1964,0.3930788
Cote d'Ivoire,CIV,1965,0.3781759
Cote d'Ivoire,CIV,1966,0.36383176
Cote d'Ivoire,CIV,1967,0.35418555
Cote d'Ivoire,CIV,1968,0.34067994
Cote d'Ivoire,CIV,1969,0.32741287
Cote d'Ivoire,CIV,1970,0.3141419
Cote d'Ivoire,CIV,1971,0.30083874
Cote d'Ivoire,CIV,1972,0.289354
Cote d'Ivoire,CIV,1973,0.28132832
Cote d'Ivoire,CIV,1974,0.2741712
Cote d'Ivoire,CIV,1975,0.2678454
Cote d'Ivoire,CIV,1976,0.26069865
Cote d'Ivoire,CIV,1977,0.2567622
Cote d'Ivoire,CIV,1978,0.25121233
Cote d'Ivoire,CIV,1979,0.24360098
Cote d'Ivoire,CIV,1980,0.23781389
Cote d'Ivoire,CIV,1981,0.23023175
Cote d'Ivoire,CIV,1982,0.2233963
Cote d'Ivoire,CIV,1983,0.21935254
Cote d'Ivoire,CIV,1984,0.23843284
Cote d'Ivoire,CIV,1985,0.23704039
Cote d'Ivoire,CIV,1986,0.22794932
Cote d'Ivoire,CIV,1987,0.22116809
Cote d'Ivoire,CIV,1988,0.21463054
Cote d'Ivoire,CIV,1989,0.20648867
Cote d'Ivoire,CIV,1990,0.19934736
Cote d'Ivoire,CIV,1991,0.19315872
Cote d'Ivoire,CIV,1992,0.19696507
Cote d'Ivoire,CIV,1993,0.2112704
Cote d'Ivoire,CIV,1994,0.20997815
Cote d'Ivoire,CIV,1995,0.20194453
Cote d'Ivoire,CIV,1996,0.19427143
Cote d'Ivoire,CIV,1997,0.18071723
Cote d'Ivoire,CIV,1998,0.17402838
Cote d'Ivoire,CIV,1999,0.16264002
Cote d'Ivoire,CIV,2000,0.158201
Cote d'Ivoire,CIV,2001,0.15402462
Cote d'Ivoire,CIV,2002,0.15009566
Cote d'Ivoire,CIV,2003,0.14640108
Cote d'Ivoire,CIV,2004,0.1428936
Cote d'Ivoire,CIV,2005,0.13952243
Cote d'Ivoire,CIV,2006,0.13627425
Cote d'Ivoire,CIV,2007,0.13789459
Cote d'Ivoire,CIV,2008,0.13479319
Cote d'Ivoire,CIV,2009,0.13183053
Cote d'Ivoire,CIV,2010,0.12895729
Cote d'Ivoire,CIV,2011,0.12618572
Cote d'Ivoire,CIV,2012,0.12783867
Cote d'Ivoire,CIV,2013,0.14620021
Cote d'Ivoire,CIV,2014,0.14269759
Cote d'Ivoire,CIV,2015,0.15264581
Cote d'Ivoire,CIV,2016,0.14546672
Cote d'Ivoire,CIV,2017,0.14900514
Cote d'Ivoire,CIV,2018,0.14843194
Cote d'Ivoire,CIV,2019,0.1539267
Cote d'Ivoire,CIV,2020,0.14992473
Cote d'Ivoire,CIV,2021,0.14810519
Cote d'Ivoire,CIV,2022,0.14834516
Cote d'Ivoire,CIV,2023,0.15411226
Croatia,HRV,1992,0.26487067
Croatia,HRV,1993,0.23084633
Croatia,HRV,1994,0.23731606
Croatia,HRV,1995,0.24177332
Croatia,HRV,1996,0.21636581
Croatia,HRV,1997,0.21676236
Croatia,HRV,1998,0.2402841
Croatia,HRV,1999,0.2366708
Croatia,HRV,2000,0.18843848
Croatia,HRV,2001,0.1983886
Croatia,HRV,2002,0.19943406
Croatia,HRV,2003,0.20077153
Croatia,HRV,2004,0.19676626
Croatia,HRV,2005,0.20254539
Croatia,HRV,2006,0.2043534
Croatia,HRV,2007,0.19766986
Croatia,HRV,2008,0.19971204
Croatia,HRV,2009,0.20168722
Croatia,HRV,2010,0.2105495
Croatia,HRV,2011,0.2094789
Croatia,HRV,2012,0.21275157
Croatia,HRV,2013,0.20699483
Croatia,HRV,2014,0.19347401
Croatia,HRV,2015,0.20321673
Croatia,HRV,2016,0.21281429
Croatia,HRV,2017,0.20215732
Croatia,HRV,2018,0.20156564
Croatia,HRV,2019,0.20838661
Croatia,HRV,2020,0.22712141
Croatia,HRV,2021,0.22093432
Croatia,HRV,2022,0.22123429
Croatia,HRV,2023,0.22488876
Cuba,CUB,1961,0.19628768
Cuba,CUB,1962,0.19957305
Cuba,CUB,1963,0.20670868
Cuba,CUB,1964,0.22400147
Cuba,CUB,1965,0.20172344
Cuba,CUB,1966,0.18929754
Cuba,CUB,1967,0.20269077
Cuba,CUB,1968,0.22880252
Cuba,CUB,1969,0.22419299
Cuba,CUB,1970,0.26177472
Cuba,CUB,1971,0.2535893
Cuba,CUB,1972,0.28606215
Cuba,CUB,1973,0.3007997
Cuba,CUB,1974,0.28119785
Cuba,CUB,1975,0.30275136
Cuba,CUB,1976,0.3162599
Cuba,CUB,1977,0.31414405
Cuba,CUB,1978,0.31260362
Cuba,CUB,1979,0.30512053
Cuba,CUB,1980,0.3039329
Cuba,CUB,1981,0.30458957
Cuba,CUB,1982,0.3076867
Cuba,CUB,1983,0.31027845
Cuba,CUB,1984,0.30843917
Cuba,CUB,1985,0.31189612
Cuba,CUB,1986,0.31725124
Cuba,CUB,1987,0.32219544
Cuba,CUB,1988,0.3239849
Cuba,CUB,1989,0.3228825
Cuba,CUB,1990,0.31894884
Cuba,CUB,1991,0.32049966
Cuba,CUB,1992,0.33145428
Cuba,CUB,1993,0.33483902
Cuba,CUB,1994,0.33859938
Cuba,CUB,1995,0.33719707
Cuba,CUB,1996,0.31791615
Cuba,CUB,1997,0.32988015
Cuba,CUB,1998,0.32388702
Cuba,CUB,1999,0.32604092
Cuba,CUB,2000,0.31541684
Cuba,CUB,2001,0.3355129
Cuba,CUB,2002,0.33979225
Cuba,CUB,2003,0.33471957
Cuba,CUB,2004,0.3297518
Cuba,CUB,2005,0.32603619
Cuba,CUB,2006,0.32220453
Cuba,CUB,2007,0.31655124
Cuba,CUB,2008,0.3107221
Cuba,CUB,2009,0.30509833
Cuba,CUB,2010,0.29953772
Cuba,CUB,2011,0.29387066
Cuba,CUB,2012,0.27734685
Cuba,CUB,2013,0.27937275
Cuba,CUB,2014,0.27361614
Cuba,CUB,2015,0.26728892
Cuba,CUB,2016,0.26533845
Cuba,CUB,2017,0.25859213
Cuba,CUB,2018,0.25906914
Cuba,CUB,2019,0.25963044
Cuba,CUB,2020,0.26024586
Cuba,CUB,2021,0.26151377
Cuba,CUB,2022,0.262988
Cuba,CUB,2023,0.26393995
Cyprus,CYP,1961,0.55246395
Cyprus,CYP,1962,0.5436716
Cyprus,CYP,1963,0.5351979
Cyprus,CYP,1964,0.52732885
Cyprus,CYP,1965,0.5212583
Cyprus,CYP,1966,0.5133223
Cyprus,CYP,1967,0.50536275
Cyprus,CYP,1968,0.49751478
Cyprus,CYP,1969,0.4897152
Cyprus,CYP,1970,0.48343801
Cyprus,CYP,1971,0.47549883
Cyprus,CYP,1972,0.46742898
Cyprus,CYP,1973,0.46100456
Cyprus,CYP,1974,0.31963623
Cyprus,CYP,1975,0.17652278
Cyprus,CYP,1976,0.17219712
Cyprus,CYP,1977,0.16789062
Cyprus,CYP,1978,0.16362984
Cyprus,CYP,1979,0.15939806
Cyprus,CYP,1980,0.15693715
Cyprus,CYP,1981,0.1602571
Cyprus,CYP,1982,0.16511199
Cyprus,CYP,1983,0.16402136
Cyprus,CYP,1984,0.1598701
Cyprus,CYP,1985,0.140576
Cyprus,CYP,1986,0.13887674
Cyprus,CYP,1987,0.13699265
Cyprus,CYP,1988,0.13494554
Cyprus,CYP,1989,0.13429034
Cyprus,CYP,1990,0.13395049
Cyprus,CYP,1991,0.13292547
Cyprus,CYP,1992,0.1327836
Cyprus,CYP,1993,0.13159265
Cyprus,CYP,1994,0.117679514
Cyprus,CYP,1995,0.11487258
Cyprus,CYP,1996,0.11246294
Cyprus,CYP,1997,0.10929534
Cyprus,CYP,1998,0.10945298
Cyprus,CYP,1999,0.10856562
Cyprus,CYP,2000,0.10383394
Cyprus,CYP,2001,0.10164636
Cyprus,CYP,2002,0.1018911
Cyprus,CYP,2003,0.11204594
Cyprus,CYP,2004,0.111015595
Cyprus,CYP,2005,0.118708566
Cyprus,CYP,2006,0.10906491
Cyprus,CYP,2007,0.1023572
Cyprus,CYP,2008,0.07552524
Cyprus,CYP,2009,0.07833268
Cyprus,CYP,2010,0.073238894
Cyprus,CYP,2011,0.07326691
Cyprus,CYP,2012,0.07362298
Cyprus,CYP,2013,0.0673455
Cyprus,CYP,2014,0.06671654
Cyprus,CYP,2015,0.08067227
Cyprus,CYP,2016,0.06596007
Cyprus,CYP,2017,0.075206794
Cyprus,CYP,2018,0.082286894
Cyprus,CYP,2019,0.07491845
Cyprus,CYP,2020,0.076365694
Cyprus,CYP,2021,0.070990175
Cyprus,CYP,2022,0.07122265
Cyprus,CYP,2023,0.07276955
Czechia,CZE,1993,0.3225602
Czechia,CZE,1994,0.3209921
Czechia,CZE,1995,0.31963968
Czechia,CZE,1996,0.31574637
Czechia,CZE,1997,0.31540748
Czechia,CZE,1998,0.316775
Czechia,CZE,1999,0.31661263
Czechia,CZE,2000,0.31623405
Czechia,CZE,2001,0.31673926
Czechia,CZE,2002,0.27260104
Czechia,CZE,2003,0.2706769
Czechia,CZE,2004,0.2677712
Czechia,CZE,2005,0.26563144
Czechia,CZE,2006,0.25759006
Czechia,CZE,2007,0.25500765
Czechia,CZE,2008,0.25039378
Czechia,CZE,2009,0.2472133
Czechia,CZE,2010,0.24325284
Czechia,CZE,2011,0.24024284
Czechia,CZE,2012,0.23963957
Czechia,CZE,2013,0.23786716
Czechia,CZE,2014,0.23647676
Czechia,CZE,2015,0.23610716
Czechia,CZE,2016,0.2357488
Czechia,CZE,2017,0.23559532
Czechia,CZE,2018,0.23367985
Czechia,CZE,2019,0.23280568
Czechia,CZE,2020,0.23221041
Czechia,CZE,2021,0.23561667
Czechia,CZE,2022,0.23231715
Czechia,CZE,2023,0.23235145
Democratic Republic of Congo,COD,1961,0.4086226
Democratic Republic of Congo,COD,1962,0.3981158
Democratic Republic of Congo,COD,1963,0.38770023
Democratic Republic of Congo,COD,1964,0.37628293
Democratic Republic of Congo,COD,1965,0.36493415
Democratic Republic of Congo,COD,1966,0.3546746
Democratic Republic of Congo,COD,1967,0.34501842
Democratic Republic of Congo,COD,1968,0.33662614
Democratic Republic of Congo,COD,1969,0.3280457
Democratic Republic of Congo,COD,1970,0.31980237
Democratic Republic of Congo,COD,1971,0.31262732
Democratic Republic of Congo,COD,1972,0.30586565
Democratic Republic of Congo,COD,1973,0.2987035
Democratic Republic of Congo,COD,1974,0.29216447
Democratic Republic of Congo,COD,1975,0.28430438
Democratic Republic of Congo,COD,1976,0.27895325
Democratic Republic of Congo,COD,1977,0.27281287
Democratic Republic of Congo,COD,1978,0.26487747
Democratic Republic of Congo,COD,1979,0.25495636
Democratic Republic of Congo,COD,1980,0.24783705
Democratic Republic of Congo,COD,1981,0.24181366
Democratic Republic of Congo,COD,1982,0.23431277
Democratic Republic of Congo,COD,1983,0.22734295
Democratic Republic of Congo,COD,1984,0.22053173
Democratic Republic of Congo,COD,1985,0.2142984
Democratic Republic of Congo,COD,1986,0.20827396
Democratic Republic of Congo,COD,1987,0.20120782
Democratic Republic of Congo,COD,1988,0.19486515
Democratic Republic of Congo,COD,1989,0.18880224
Democratic Republic of Congo,COD,1990,0.18182282
Democratic Republic of Congo,COD,1991,0.17613332
Democratic Republic of Congo,COD,1992,0.1707924
Democratic Republic of Congo,COD,1993,0.16479596
Democratic Republic of Congo,COD,1994,0.15717784
Democratic Republic of Congo,COD,1995,0.15078644
Democratic Republic of Congo,COD,1996,0.14791553
Democratic Republic of Congo,COD,1997,0.14555755
Democratic Republic of Congo,COD,1998,0.14165623
Democratic Republic of Congo,COD,1999,0.13697799
Democratic Republic of Congo,COD,2000,0.13265371
Democratic Republic of Congo,COD,2001,0.12851831
Democratic Republic of Congo,COD,2002,0.12464995
Democratic Republic of Congo,COD,2003,0.12106129
Democratic Republic of Congo,COD,2004,0.11754852
Democratic Republic of Congo,COD,2005,0.11399264
Democratic Republic of Congo,COD,2006,0.11053204
Democratic Republic of Congo,COD,2007,0.10723817
Democratic Republic of Congo,COD,2008,0.104828864
Democratic Republic of Congo,COD,2009,0.11943617
Democratic Republic of Congo,COD,2010,0.13292876
Democratic Republic of Congo,COD,2011,0.14532252
Democratic Republic of Congo,COD,2012,0.15665907
Democratic Republic of Congo,COD,2013,0.15549669
Democratic Republic of Congo,COD,2014,0.15705983
Democratic Republic of Congo,COD,2015,0.15375972
Democratic Republic of Congo,COD,2016,0.15081635
Democratic Republic of Congo,COD,2017,0.15204965
Democratic Republic of Congo,COD,2018,0.149854
Democratic Republic of Congo,COD,2019,0.14717995
Democratic Republic of Congo,COD,2020,0.14251485
Democratic Republic of Congo,COD,2021,0.13822018
Democratic Republic of Congo,COD,2022,0.14162417
Democratic Republic of Congo,COD,2023,0.14082524
Denmark,DNK,1961,0.60867095
Denmark,DNK,1962,0.59663576
Denmark,DNK,1963,0.5857637
Denmark,DNK,1964,0.5772889
Denmark,DNK,1965,0.56587374
Denmark,DNK,1966,0.55988884
Denmark,DNK,1967,0.5552851
Denmark,DNK,1968,0.5537646
Denmark,DNK,1969,0.54744005
Denmark,DNK,1970,0.53989273
Denmark,DNK,1971,0.53333324
Denmark,DNK,1972,0.53109264
Denmark,DNK,1973,0.5282902
Denmark,DNK,1974,0.52345777
Denmark,DNK,1975,0.5237297
Denmark,DNK,1976,0.5237949
Denmark,DNK,1977,0.5182356
Denmark,DNK,1978,0.51780397
Denmark,DNK,1979,0.5163382
Denmark,DNK,1980,0.51512516
Denmark,DNK,1981,0.51488096
Denmark,DNK,1982,0.5138917
Denmark,DNK,1983,0.50701004
Denmark,DNK,1984,0.5109927
Denmark,DNK,1985,0.50863457
Denmark,DNK,1986,0.5065878
Denmark,DNK,1987,0.5028258
Denmark,DNK,1988,0.49907243
Denmark,DNK,1989,0.49585062
Denmark,DNK,1990,0.498158
Denmark,DNK,1991,0.4943447
Denmark,DNK,1992,0.4909724
Denmark,DNK,1993,0.488183
Denmark,DNK,1994,0.4542678
Denmark,DNK,1995,0.44311765
Denmark,DNK,1996,0.44118702
Denmark,DNK,1997,0.44749367
Denmark,DNK,1998,0.44606
Denmark,DNK,1999,0.43105724
Denmark,DNK,2000,0.42718428
Denmark,DNK,2001,0.42770904
Denmark,DNK,2002,0.42336854
Denmark,DNK,2003,0.4203634
Denmark,DNK,2004,0.41983354
Denmark,DNK,2005,0.4303034
Denmark,DNK,2006,0.43165028
Denmark,DNK,2007,0.4222331
Denmark,DNK,2008,0.43723437
Denmark,DNK,2009,0.44015175
Denmark,DNK,2010,0.43639842
Denmark,DNK,2011,0.44860744
Denmark,DNK,2012,0.43243653
Denmark,DNK,2013,0.42878523
Denmark,DNK,2014,0.43094015
Denmark,DNK,2015,0.41376933
Denmark,DNK,2016,0.41384354
Denmark,DNK,2017,0.4106519
Denmark,DNK,2018,0.41224542
Denmark,DNK,2019,0.4120671
Denmark,DNK,2020,0.4065796
Denmark,DNK,2021,0.40244278
Denmark,DNK,2022,0.39979422
Denmark,DNK,2023,0.39768273
Djibouti,DJI,1961,0.011186934
Djibouti,DJI,1962,0.010720067
Djibouti,DJI,1963,0.010217427
Djibouti,DJI,1964,0.009690111
Djibouti,DJI,1965,0.009166575
Djibouti,DJI,1966,0.008675359
Djibouti,DJI,1967,0.008220372
Djibouti,DJI,1968,0.007797271
Djibouti,DJI,1969,0.0073487265
Djibouti,DJI,1970,0.0068882382
Djibouti,DJI,1971,0.006445957
Djibouti,DJI,1972,0.0060148207
Djibouti,DJI,1973,0.005603842
Djibouti,DJI,1974,0.0051917573
Djibouti,DJI,1975,0.004763992
Djibouti,DJI,1976,0.0043339385
Djibouti,DJI,1977,0.0039275293
Djibouti,DJI,1978,0.0035710332
Djibouti,DJI,1979,0.003283932
Djibouti,DJI,1980,0.0030692264
Djibouti,DJI,1981,0.0029150525
Djibouti,DJI,1982,0.0028020623
Djibouti,DJI,1983,0.0027059717
Djibouti,DJI,1984,0.0026038073
Djibouti,DJI,1985,0.0024833183
Djibouti,DJI,1986,0.0023455403
Djibouti,DJI,1987,0.002200709
Djibouti,DJI,1988,0.0020638856
Djibouti,DJI,1989,0.0019107489
Djibouti,DJI,1990,0.0017255124
Djibouti,DJI,1991,0.001584555
Djibouti,DJI,1992,0.0015974186
Djibouti,DJI,1993,0.0016280148
Djibouti,DJI,1994,0.0015956344
Djibouti,DJI,1995,0.0015795942
Djibouti,DJI,1996,0.0015423816
Djibouti,DJI,1997,0.0014885006
Djibouti,DJI,1998,0.001429895
Djibouti,DJI,1999,0.0013807997
Djibouti,DJI,2000,0.0013381185
Djibouti,DJI,2001,0.0012964905
Djibouti,DJI,2002,0.001256954
Djibouti,DJI,2003,0.0012292276
Djibouti,DJI,2004,0.0012104721
Djibouti,DJI,2005,0.001191658
Djibouti,DJI,2006,0.0015191104
Djibouti,DJI,2007,0.001715211
Djibouti,DJI,2008,0.0013441854
Djibouti,DJI,2009,0.0014261783
Djibouti,DJI,2010,0.001719966
Djibouti,DJI,2011,0.0021084636
Djibouti,DJI,2012,0.0020687936
Djibouti,DJI,2013,0.0020308197
Djibouti,DJI,2014,0.0019945807
Djibouti,DJI,2015,0.0019601828
Djibouti,DJI,2016,0.0019274266
Djibouti,DJI,2017,0.0018960204
Djibouti,DJI,2018,0.0018658771
Djibouti,DJI,2019,0.0018370382
Djibouti,DJI,2020,0.0027144703
Djibouti,DJI,2021,0.00267559
Djibouti,DJI,2022,0.0026382997
Djibouti,DJI,2023,0.0026020345
Dominica,DMA,1961,0.11626169
Dominica,DMA,1962,0.13125944
Dominica,DMA,1963,0.12957774
Dominica,DMA,1964,0.12782207
Dominica,DMA,1965,0.12597433
Dominica,DMA,1966,0.10851535
Dominica,DMA,1967,0.10673172
Dominica,DMA,1968,0.1048972
Dominica,DMA,1969,0.10304119
Dominica,DMA,1970,0.101584725
Dominica,DMA,1971,0.10067307
Dominica,DMA,1972,0.09991436
Dominica,DMA,1973,0.099171214
Dominica,DMA,1974,0.098465346
Dominica,DMA,1975,0.09780634
Dominica,DMA,1976,0.097199276
Dominica,DMA,1977,0.09667707
Dominica,DMA,1978,0.096254334
Dominica,DMA,1979,0.0959443
Dominica,DMA,1980,0.095781505
Dominica,DMA,1981,0.095908806
Dominica,DMA,1982,0.08254457
Dominica,DMA,1983,0.08291301
Dominica,DMA,1984,0.08326857
Dominica,DMA,1985,0.08363069
Dominica,DMA,1986,0.08402655
Dominica,DMA,1987,0.084479675
Dominica,DMA,1988,0.07081351
Dominica,DMA,1989,0.07127279
Dominica,DMA,1990,0.07181122
Dominica,DMA,1991,0.057723388
Dominica,DMA,1992,0.057699244
Dominica,DMA,1993,0.057609495
Dominica,DMA,1994,0.05757301
Dominica,DMA,1995,0.04318473
Dominica,DMA,1996,0.043221436
Dominica,DMA,1997,0.043290667
Dominica,DMA,1998,0.043400265
Dominica,DMA,1999,0.058080442
Dominica,DMA,2000,0.07298098
Dominica,DMA,2001,0.07321931
Dominica,DMA,2002,0.0731347
Dominica,DMA,2003,0.072959684
Dominica,DMA,2004,0.072834276
Dominica,DMA,2005,0.072744206
Dominica,DMA,2006,0.07266808
Dominica,DMA,2007,0.0726248
Dominica,DMA,2008,0.07261742
Dominica,DMA,2009,0.08712825
Dominica,DMA,2010,0.08713458
Dominica,DMA,2011,0.08688978
Dominica,DMA,2012,0.08680807
Dominica,DMA,2013,0.08606469
Dominica,DMA,2014,0.085259974
Dominica,DMA,2015,0.085215166
Dominica,DMA,2016,0.08619946
Dominica,DMA,2017,0.08759636
Dominica,DMA,2018,0.088010095
Dominica,DMA,2019,0.08839128
Dominica,DMA,2020,0.08879286
Dominica,DMA,2021,0.08928306
Dominica,DMA,2022,0.08978541
Dominica,DMA,2023,0.090211995
Dominican Republic,DOM,1961,0.21344508
Dominican Republic,DOM,1962,0.20977397
Dominican Republic,DOM,1963,0.20622654
Dominican Republic,DOM,1964,0.20278168
Dominican Republic,DOM,1965,0.19952938
Dominican Republic,DOM,1966,0.19633606
Dominican Republic,DOM,1967,0.19312055
Dominican Republic,DOM,1968,0.18762678
Dominican Republic,DOM,1969,0.19055256
Dominican Republic,DOM,1970,0.18639371
Dominican Republic,DOM,1971,0.18257235
Dominican Republic,DOM,1972,0.1827217
Dominican Republic,DOM,1973,0.18087807
Dominican Republic,DOM,1974,0.18009046
Dominican Republic,DOM,1975,0.18130386
Dominican Republic,DOM,1976,0.18531373
Dominican Republic,DOM,1977,0.18624976
Dominican Republic,DOM,1978,0.18617424
Dominican Republic,DOM,1979,0.18605682
Dominican Republic,DOM,1980,0.18676786
Dominican Republic,DOM,1981,0.18318287
Dominican Republic,DOM,1982,0.17895448
Dominican Republic,DOM,1983,0.174875
Dominican Republic,DOM,1984,0.1709323
Dominican Republic,DOM,1985,0.16717456
Dominican Republic,DOM,1986,0.16359244
Dominican Republic,DOM,1987,0.14763469
Dominican Republic,DOM,1988,0.14455053
Dominican Republic,DOM,1989,0.14060865
Dominican Republic,DOM,1990,0.1365395
Dominican Republic,DOM,1991,0.13263966
Dominican Republic,DOM,1992,0.12891395
Dominican Republic,DOM,1993,0.12534171
Dominican Republic,DOM,1994,0.12190484
Dominican Republic,DOM,1995,0.1186067
Dominican Republic,DOM,1996,0.11545238
Dominican Republic,DOM,1997,0.11245917
Dominican Republic,DOM,1998,0.1096322
Dominican Republic,DOM,1999,0.10690202
Dominican Republic,DOM,2000,0.10423232
Dominican Republic,DOM,2001,0.1028063
Dominican Republic,DOM,2002,0.10147155
Dominican Republic,DOM,2003,0.08537081
Dominican Republic,DOM,2004,0.08137252
Dominican Republic,DOM,2005,0.08357032
Dominican Republic,DOM,2006,0.08121924
Dominican Republic,DOM,2007,0.083744854
Dominican Republic,DOM,2008,0.07901277
Dominican Republic,DOM,2009,0.08458646
Dominican Republic,DOM,2010,0.081636496
Dominican Republic,DOM,2011,0.08367629
Dominican Republic,DOM,2012,0.08185562
Dominican Republic,DOM,2013,0.081548445
Dominican Republic,DOM,2014,0.079073764
Dominican Republic,DOM,2015,0.07726618
Dominican Republic,DOM,2016,0.08057485
Dominican Republic,DOM,2017,0.08205108
Dominican Republic,DOM,2018,0.086489454
Dominican Republic,DOM,2019,0.085036926
Dominican Republic,DOM,2020,0.08168546
Dominican Republic,DOM,2021,0.08122116
Dominican Republic,DOM,2022,0.08398377
Dominican Republic,DOM,2023,0.08611216
East Asia and Pacific (WB),WB_EAP,1961,0.17088434
East Asia and Pacific (WB),WB_EAP,1962,0.16972473
East Asia and Pacific (WB),WB_EAP,1963,0.1656734
East Asia and Pacific (WB),WB_EAP,1964,0.16301654
East Asia and Pacific (WB),WB_EAP,1965,0.16024086
East Asia and Pacific (WB),WB_EAP,1966,0.15738827
East Asia and Pacific (WB),WB_EAP,1967,0.1538239
East Asia and Pacific (WB),WB_EAP,1968,0.15162732
East Asia and Pacific (WB),WB_EAP,1969,0.14604482
East Asia and Pacific (WB),WB_EAP,1970,0.14150843
East Asia and Pacific (WB),WB_EAP,1971,0.13578102
East Asia and Pacific (WB),WB_EAP,1972,0.13311833
East Asia and Pacific (WB),WB_EAP,1973,0.12871353
East Asia and Pacific (WB),WB_EAP,1974,0.12706001
East Asia and Pacific (WB),WB_EAP,1975,0.123278365
East Asia and Pacific (WB),WB_EAP,1976,0.12238366
East Asia and Pacific (WB),WB_EAP,1977,0.12143332
East Asia and Pacific (WB),WB_EAP,1978,0.1211341
East Asia and Pacific (WB),WB_EAP,1979,0.11989026
East Asia and Pacific (WB),WB_EAP,1980,0.11867051
East Asia and Pacific (WB),WB_EAP,1981,0.117873065
East Asia and Pacific (WB),WB_EAP,1982,0.12013262
East Asia and Pacific (WB),WB_EAP,1983,0.121710576
East Asia and Pacific (WB),WB_EAP,1984,0.12556429
East Asia and Pacific (WB),WB_EAP,1985,0.12775487
East Asia and Pacific (WB),WB_EAP,1986,0.12665108
East Asia and Pacific (WB),WB_EAP,1987,0.12466297
East Asia and Pacific (WB),WB_EAP,1988,0.122310616
East Asia and Pacific (WB),WB_EAP,1989,0.12065179
East Asia and Pacific (WB),WB_EAP,1990,0.1190322
East Asia and Pacific (WB),WB_EAP,1991,0.11686553
East Asia and Pacific (WB),WB_EAP,1992,0.11358755
East Asia and Pacific (WB),WB_EAP,1993,0.11166216
East Asia and Pacific (WB),WB_EAP,1994,0.10973821
East Asia and Pacific (WB),WB_EAP,1995,0.10728469
East Asia and Pacific (WB),WB_EAP,1996,0.10741902
East Asia and Pacific (WB),WB_EAP,1997,0.10694128
East Asia and Pacific (WB),WB_EAP,1998,0.10610522
East Asia and Pacific (WB),WB_EAP,1999,0.10592608
East Asia and Pacific (WB),WB_EAP,2000,0.10537393
East Asia and Pacific (WB),WB_EAP,2001,0.105329305
East Asia and Pacific (WB),WB_EAP,2002,0.10437285
East Asia and Pacific (WB),WB_EAP,2003,0.103422366
East Asia and Pacific (WB),WB_EAP,2004,0.1040076
East Asia and Pacific (WB),WB_EAP,2005,0.10367373
East Asia and Pacific (WB),WB_EAP,2006,0.10220693
East Asia and Pacific (WB),WB_EAP,2007,0.10103264
East Asia and Pacific (WB),WB_EAP,2008,0.10091977
East Asia and Pacific (WB),WB_EAP,2009,0.101674795
East Asia and Pacific (WB),WB_EAP,2010,0.0999325
East Asia and Pacific (WB),WB_EAP,2011,0.10130772
East Asia and Pacific (WB),WB_EAP,2012,0.09973735
East Asia and Pacific (WB),WB_EAP,2013,0.0983352
East Asia and Pacific (WB),WB_EAP,2014,0.097486675
East Asia and Pacific (WB),WB_EAP,2015,0.09631006
East Asia and Pacific (WB),WB_EAP,2016,0.09456481
East Asia and Pacific (WB),WB_EAP,2017,0.09334685
East Asia and Pacific (WB),WB_EAP,2018,0.092345595
East Asia and Pacific (WB),WB_EAP,2019,0.09077649
East Asia and Pacific (WB),WB_EAP,2020,0.090425536
East Asia and Pacific (WB),WB_EAP,2021,0.09030685
East Asia and Pacific (WB),WB_EAP,2022,0.090386905
East Asia and Pacific (WB),WB_EAP,2023,0.09005434
East Timor,TLS,1961,0.14727819
East Timor,TLS,1962,0.14499538
East Timor,TLS,1963,0.1426929
East Timor,TLS,1964,0.1403765
East Timor,TLS,1965,0.1380578
East Timor,TLS,1966,0.13573888
East Timor,TLS,1967,0.13723487
East Timor,TLS,1968,0.13486303
East Timor,TLS,1969,0.13435023
East Timor,TLS,1970,0.14103122
East Timor,TLS,1971,0.13855189
East Timor,TLS,1972,0.13962531
East Timor,TLS,1973,0.14583386
East Timor,TLS,1974,0.14386614
East Timor,TLS,1975,0.14210293
East Timor,TLS,1976,0.14482737
East Timor,TLS,1977,0.14555688
East Timor,TLS,1978,0.15267782
East Timor,TLS,1979,0.15656337
East Timor,TLS,1980,0.15387669
East Timor,TLS,1981,0.15140206
East Timor,TLS,1982,0.14944355
East Timor,TLS,1983,0.1475564
East Timor,TLS,1984,0.14560767
East Timor,TLS,1985,0.14354101
East Timor,TLS,1986,0.14140572
East Timor,TLS,1987,0.13918349
East Timor,TLS,1988,0.13684665
East Timor,TLS,1989,0.13425414
East Timor,TLS,1990,0.14467117
East Timor,TLS,1991,0.15418655
East Timor,TLS,1992,0.15012798
East Timor,TLS,1993,0.15217236
East Timor,TLS,1994,0.15393852
East Timor,TLS,1995,0.14974439
East Timor,TLS,1996,0.14569385
East Timor,TLS,1997,0.13846731
East Timor,TLS,1998,0.13262178
East Timor,TLS,1999,0.14376475
East Timor,TLS,2000,0.1610548
East Timor,TLS,2001,0.14724548
East Timor,TLS,2002,0.13558412
East Timor,TLS,2003,0.12957013
East Timor,TLS,2004,0.12743872
East Timor,TLS,2005,0.12443175
East Timor,TLS,2006,0.120418146
East Timor,TLS,2007,0.116629794
East Timor,TLS,2008,0.11313127
East Timor,TLS,2009,0.109937645
East Timor,TLS,2010,0.106944084
East Timor,TLS,2011,0.104124725
East Timor,TLS,2012,0.10150808
East Timor,TLS,2013,0.09907698
East Timor,TLS,2014,0.096793056
East Timor,TLS,2015,0.09459552
East Timor,TLS,2016,0.092484646
East Timor,TLS,2017,0.09043679
East Timor,TLS,2018,0.0884041
East Timor,TLS,2019,0.08570693
East Timor,TLS,2020,0.08408412
East Timor,TLS,2021,0.08258409
East Timor,TLS,2022,0.081428766
East Timor,TLS,2023,0.08054694
Ecuador,ECU,1961,0.36105052
Ecuador,ECU,1962,0.35087582
Ecuador,ECU,1963,0.34188268
Ecuador,ECU,1964,0.33204412
Ecuador,ECU,1965,0.32334313
Ecuador,ECU,1966,0.3138871
Ecuador,ECU,1967,0.3055574
Ecuador,ECU,1968,0.29570597
Ecuador,ECU,1969,0.28785473
Ecuador,ECU,1970,0.28024232
Ecuador,ECU,1971,0.27286842
Ecuador,ECU,1972,0.2657361
Ecuador,ECU,1973,0.25885025
Ecuador,ECU,1974,0.25337595
Ecuador,ECU,1975,0.24163239
Ecuador,ECU,1976,0.22947961
Ecuador,ECU,1977,0.21921611
Ecuador,ECU,1978,0.2081134
Ecuador,ECU,1979,0.19877042
Ecuador,ECU,1980,0.1888346
Ecuador,ECU,1981,0.19077347
Ecuador,ECU,1982,0.18022835
Ecuador,ECU,1983,0.17646226
Ecuador,ECU,1984,0.17355789
Ecuador,ECU,1985,0.17076294
Ecuador,ECU,1986,0.16813329
Ecuador,ECU,1987,0.16524717
Ecuador,ECU,1988,0.16232456
Ecuador,ECU,1989,0.15456189
Ecuador,ECU,1990,0.1531459
Ecuador,ECU,1991,0.15361069
Ecuador,ECU,1992,0.14940356
Ecuador,ECU,1993,0.14066356
Ecuador,ECU,1994,0.14254062
Ecuador,ECU,1995,0.1358007
Ecuador,ECU,1996,0.13606018
Ecuador,ECU,1997,0.13373643
Ecuador,ECU,1998,0.13076288
Ecuador,ECU,1999,0.12910163
Ecuador,ECU,2000,0.12735233
Ecuador,ECU,2001,0.11618234
Ecuador,ECU,2002,0.1035128
Ecuador,ECU,2003,0.097141065
Ecuador,ECU,2004,0.09383702
Ecuador,ECU,2005,0.09359994
Ecuador,ECU,2006,0.08753291
Ecuador,ECU,2007,0.083398625
Ecuador,ECU,2008,0.08480157
Ecuador,ECU,2009,0.08089867
Ecuador,ECU,2010,0.07869098
Ecuador,ECU,2011,0.075406685
Ecuador,ECU,2012,0.073714726
Ecuador,ECU,2013,0.07553554
Ecuador,ECU,2014,0.060492203
Ecuador,ECU,2015,0.06565752
Ecuador,ECU,2016,0.059133098
Ecuador,ECU,2017,0.061636616
Ecuador,ECU,2018,0.0567757
Ecuador,ECU,2019,0.057035685
Ecuador,ECU,2020,0.059158564
Ecuador,ECU,2021,0.057910513
Ecuador,ECU,2022,0.05464574
Ecuador,ECU,2023,0.057174373
Egypt,EGY,1961,0.090540536
Egypt,EGY,1962,0.08585944
Egypt,EGY,1963,0.08294414
Egypt,EGY,1964,0.081114784
Egypt,EGY,1965,0.084298715
Egypt,EGY,1966,0.08542807
Egypt,EGY,1967,0.08367406
Egypt,EGY,1968,0.08142839
Egypt,EGY,1969,0.08059361
Egypt,EGY,1970,0.07870266
Egypt,EGY,1971,0.07718713
Egypt,EGY,1972,0.07515515
Egypt,EGY,1973,0.07339218
Egypt,EGY,1974,0.07129375
Egypt,EGY,1975,0.06922128
Egypt,EGY,1976,0.06523341
Egypt,EGY,1977,0.061326854
Egypt,EGY,1978,0.057349566
Egypt,EGY,1979,0.053808358
Egypt,EGY,1980,0.052013163
Egypt,EGY,1981,0.051099487
Egypt,EGY,1982,0.04915659
Egypt,EGY,1983,0.04739298
Egypt,EGY,1984,0.046200674
Egypt,EGY,1985,0.045432176
Egypt,EGY,1986,0.044400778
Egypt,EGY,1987,0.04262737
Egypt,EGY,1988,0.041857168
Egypt,EGY,1989,0.040486228
Egypt,EGY,1990,0.039111853
Egypt,EGY,1991,0.037765082
Egypt,EGY,1992,0.042538255
Egypt,EGY,1993,0.04158232
Egypt,EGY,1994,0.040641457
Egypt,EGY,1995,0.042907655
Egypt,EGY,1996,0.0404377
Egypt,EGY,1997,0.04060864
Egypt,EGY,1998,0.039941214
Egypt,EGY,1999,0.04186186
Egypt,EGY,2000,0.038326137
Egypt,EGY,2001,0.03832448
Egypt,EGY,2002,0.038510405
Egypt,EGY,2003,0.037326492
Egypt,EGY,2004,0.037306182
Egypt,EGY,2005,0.03160257
Egypt,EGY,2006,0.03149924
Egypt,EGY,2007,0.030423764
Egypt,EGY,2008,0.030769307
Egypt,EGY,2009,0.032959383
Egypt,EGY,2010,0.03220994
Egypt,EGY,2011,0.03082562
Egypt,EGY,2012,0.030366784
Egypt,EGY,2013,0.028405214
Egypt,EGY,2014,0.027070915
Egypt,EGY,2015,0.028774634
Egypt,EGY,2016,0.02741676
Egypt,EGY,2017,0.02808177
Egypt,EGY,2018,0.028850676
Egypt,EGY,2019,0.029929386
Egypt,EGY,2020,0.030782565
Egypt,EGY,2021,0.027731461
Egypt,EGY,2022,0.02755326
Egypt,EGY,2023,0.027091973
El Salvador,SLV,1961,0.1700339
El Salvador,SLV,1962,0.16546838
El Salvador,SLV,1963,0.16112635
El Salvador,SLV,1964,0.15489013
El Salvador,SLV,1965,0.14877483
El Salvador,SLV,1966,0.14281543
El Salvador,SLV,1967,0.13706788
El Salvador,SLV,1968,0.13157997
El Salvador,SLV,1969,0.12721989
El Salvador,SLV,1970,0.12265604
El Salvador,SLV,1971,0.12987278
El Salvador,SLV,1972,0.1268577
El Salvador,SLV,1973,0.12391863
El Salvador,SLV,1974,0.1211017
El Salvador,SLV,1975,0.11843369
El Salvador,SLV,1976,0.11281829
El Salvador,SLV,1977,0.11043286
El Salvador,SLV,1978,0.11720224
El Salvador,SLV,1979,0.124989174
El Salvador,SLV,1980,0.12289715
El Salvador,SLV,1981,0.11289549
El Salvador,SLV,1982,0.1036241
El Salvador,SLV,1983,0.0998435
El Salvador,SLV,1984,0.10004162
El Salvador,SLV,1985,0.10215118
El Salvador,SLV,1986,0.10415062
El Salvador,SLV,1987,0.10211213
El Salvador,SLV,1988,0.10392944
El Salvador,SLV,1989,0.101906426
El Salvador,SLV,1990,0.10185702
El Salvador,SLV,1991,0.10281931
El Salvador,SLV,1992,0.10527053
El Salvador,SLV,1993,0.103534356
El Salvador,SLV,1994,0.1022028
El Salvador,SLV,1995,0.101004295
El Salvador,SLV,1996,0.097325094
El Salvador,SLV,1997,0.09667079
El Salvador,SLV,1998,0.10202727
El Salvador,SLV,1999,0.10669778
El Salvador,SLV,2000,0.1055126
El Salvador,SLV,2001,0.10442254
El Salvador,SLV,2002,0.10344716
El Salvador,SLV,2003,0.10259062
El Salvador,SLV,2004,0.10183739
El Salvador,SLV,2005,0.10117261
El Salvador,SLV,2006,0.10062777
El Salvador,SLV,2007,0.10491156
El Salvador,SLV,2008,0.105949335
El Salvador,SLV,2009,0.106989115
El Salvador,SLV,2010,0.10800479
El Salvador,SLV,2011,0.108979665
El Salvador,SLV,2012,0.10991213
El Salvador,SLV,2013,0.110819
El Salvador,SLV,2014,0.11173212
El Salvador,SLV,2015,0.112699956
El Salvador,SLV,2016,0.113727264
El Salvador,SLV,2017,0.11483
El Salvador,SLV,2018,0.11591999
El Salvador,SLV,2019,0.11587322
El Salvador,SLV,2020,0.1156436
El Salvador,SLV,2021,0.115253374
El Salvador,SLV,2022,0.11480308
El Salvador,SLV,2023,0.11426988
Equatorial Guinea,GNQ,1961,0.16006052
Equatorial Guinea,GNQ,1962,0.14984694
Equatorial Guinea,GNQ,1963,0.14337419
Equatorial Guinea,GNQ,1964,0.13358818
Equatorial Guinea,GNQ,1965,0.12741502
Equatorial Guinea,GNQ,1966,0.11808738
Equatorial Guinea,GNQ,1967,0.11224964
Equatorial Guinea,GNQ,1968,0.10349727
Equatorial Guinea,GNQ,1969,0.099219576
Equatorial Guinea,GNQ,1970,0.09351534
Equatorial Guinea,GNQ,1971,0.09178958
Equatorial Guinea,GNQ,1972,0.10017191
Equatorial Guinea,GNQ,1973,0.09924541
Equatorial Guinea,GNQ,1974,0.09493038
Equatorial Guinea,GNQ,1975,0.09378224
Equatorial Guinea,GNQ,1976,0.08895816
Equatorial Guinea,GNQ,1977,0.08671178
Equatorial Guinea,GNQ,1978,0.07955708
Equatorial Guinea,GNQ,1979,0.07504127
Equatorial Guinea,GNQ,1980,0.06582503
Equatorial Guinea,GNQ,1981,0.059356574
Equatorial Guinea,GNQ,1982,0.04965613
Equatorial Guinea,GNQ,1983,0.04367817
Equatorial Guinea,GNQ,1984,0.041107267
Equatorial Guinea,GNQ,1985,0.038905762
Equatorial Guinea,GNQ,1986,0.03706193
Equatorial Guinea,GNQ,1987,0.03550111
Equatorial Guinea,GNQ,1988,0.03411797
Equatorial Guinea,GNQ,1989,0.032836553
Equatorial Guinea,GNQ,1990,0.033735774
Equatorial Guinea,GNQ,1991,0.03250599
Equatorial Guinea,GNQ,1992,0.03328308
Equatorial Guinea,GNQ,1993,0.03207408
Equatorial Guinea,GNQ,1994,0.030901337
Equatorial Guinea,GNQ,1995,0.02975857
Equatorial Guinea,GNQ,1996,0.030328969
Equatorial Guinea,GNQ,1997,0.030799506
Equatorial Guinea,GNQ,1998,0.031178193
Equatorial Guinea,GNQ,1999,0.02997539
Equatorial Guinea,GNQ,2000,0.031282037
Equatorial Guinea,GNQ,2001,0.04000875
Equatorial Guinea,GNQ,2002,0.046368413
Equatorial Guinea,GNQ,2003,0.043639176
Equatorial Guinea,GNQ,2004,0.041114904
Equatorial Guinea,GNQ,2005,0.039055616
Equatorial Guinea,GNQ,2006,0.0413998
Equatorial Guinea,GNQ,2007,0.03957361
Equatorial Guinea,GNQ,2008,0.042414688
Equatorial Guinea,GNQ,2009,0.047548898
Equatorial Guinea,GNQ,2010,0.04541307
Equatorial Guinea,GNQ,2011,0.043484036
Equatorial Guinea,GNQ,2012,0.041747745
Equatorial Guinea,GNQ,2013,0.040112372
Equatorial Guinea,GNQ,2014,0.038576167
Equatorial Guinea,GNQ,2015,0.037140895
Equatorial Guinea,GNQ,2016,0.035804603
Equatorial Guinea,GNQ,2017,0.0345623
Equatorial Guinea,GNQ,2018,0.03340712
Equatorial Guinea,GNQ,2019,0.031733163
Equatorial Guinea,GNQ,2020,0.03087736
Equatorial Guinea,GNQ,2021,0.030134423
Equatorial Guinea,GNQ,2022,0.029386569
Equatorial Guinea,GNQ,2023,0.028686654
Eritrea,ERI,1993,0.2683181
Eritrea,ERI,1994,0.2283278
Eritrea,ERI,1995,0.21626778
Eritrea,ERI,1996,0.17336446
Eritrea,ERI,1997,0.18168005
Eritrea,ERI,1998,0.22839648
Eritrea,ERI,1999,0.22505626
Eritrea,ERI,2000,0.24921775
Eritrea,ERI,2001,0.24307127
Eritrea,ERI,2002,0.2348538
Eritrea,ERI,2003,0.2393838
Eritrea,ERI,2004,0.2301519
Eritrea,ERI,2005,0.23297629
Eritrea,ERI,2006,0.24782671
Eritrea,ERI,2007,0.24423835
Eritrea,ERI,2008,0.23789851
Eritrea,ERI,2009,0.23892918
Eritrea,ERI,2010,0.23428062
Eritrea,ERI,2011,0.2301162
Eritrea,ERI,2012,0.2271988
Eritrea,ERI,2013,0.22443695
Eritrea,ERI,2014,0.22292776
Eritrea,ERI,2015,0.22218315
Eritrea,ERI,2016,0.22082134
Eritrea,ERI,2017,0.2190235
Eritrea,ERI,2018,0.21611395
Eritrea,ERI,2019,0.21295021
Eritrea,ERI,2020,0.20964545
Eritrea,ERI,2021,0.2059589
Eritrea,ERI,2022,0.20237885
Eritrea,ERI,2023,0.19882491
Estonia,EST,1992,0.72728884
Estonia,EST,1993,0.7134596
Estonia,EST,1994,0.6488827
Estonia,EST,1995,0.6083665
Estonia,EST,1996,0.62447286
Estonia,EST,1997,0.63449645
Estonia,EST,1998,0.63989913
Estonia,EST,1999,0.6178771
Estonia,EST,2000,0.60344243
Estonia,EST,2001,0.48771176
Estonia,EST,2002,0.4448472
Estonia,EST,2003,0.39760125
Estonia,EST,2004,0.38112363
Estonia,EST,2005,0.4368253
Estonia,EST,2006,0.4151291
Estonia,EST,2007,0.44701198
Estonia,EST,2008,0.44709033
Estonia,EST,2009,0.44690394
Estonia,EST,2010,0.48442516
Estonia,EST,2011,0.47640607
Estonia,EST,2012,0.4691176
Estonia,EST,2013,0.48406786
Estonia,EST,2014,0.49751055
Estonia,EST,2015,0.51314914
Estonia,EST,2016,0.5289598
Estonia,EST,2017,0.5154154
Estonia,EST,2018,0.51665044
Estonia,EST,2019,0.5200098
Estonia,EST,2020,0.5219921
Estonia,EST,2021,0.5259472
Estonia,EST,2022,0.52415407
Estonia,EST,2023,0.51886976
Eswatini,SWZ,1961,0.35101226
Eswatini,SWZ,1962,0.3708162
Eswatini,SWZ,1963,0.34887588
Eswatini,SWZ,1964,0.34860137
Eswatini,SWZ,1965,0.36051255
Eswatini,SWZ,1966,0.37365273
Eswatini,SWZ,1967,0.3740548
Eswatini,SWZ,1968,0.36502707
Eswatini,SWZ,1969,0.3466124
Eswatini,SWZ,1970,0.33770308
Eswatini,SWZ,1971,0.3287855
Eswatini,SWZ,1972,0.36067912
Eswatini,SWZ,1973,0.35070288
Eswatini,SWZ,1974,0.3144093
Eswatini,SWZ,1975,0.3289519
Eswatini,SWZ,1976,0.30764526
Eswatini,SWZ,1977,0.27574822
Eswatini,SWZ,1978,0.3366485
Eswatini,SWZ,1979,0.31878087
Eswatini,SWZ,1980,0.30671555
Eswatini,SWZ,1981,0.2172475
Eswatini,SWZ,1982,0.20857772
Eswatini,SWZ,1983,0.20183411
Eswatini,SWZ,1984,0.24824357
Eswatini,SWZ,1985,0.21806978
Eswatini,SWZ,1986,0.20960024
Eswatini,SWZ,1987,0.2147128
Eswatini,SWZ,1988,0.22130588
Eswatini,SWZ,1989,0.22917163
Eswatini,SWZ,1990,0.20632075
Eswatini,SWZ,1991,0.20149991
Eswatini,SWZ,1992,0.18973602
Eswatini,SWZ,1993,0.18325615
Eswatini,SWZ,1994,0.18327615
Eswatini,SWZ,1995,0.18342328
Eswatini,SWZ,1996,0.17982686
Eswatini,SWZ,1997,0.17682676
Eswatini,SWZ,1998,0.17456919
Eswatini,SWZ,1999,0.17268443
Eswatini,SWZ,2000,0.17092146
Eswatini,SWZ,2001,0.1693522
Eswatini,SWZ,2002,0.16801313
Eswatini,SWZ,2003,0.16686979
Eswatini,SWZ,2004,0.16586545
Eswatini,SWZ,2005,0.1649642
Eswatini,SWZ,2006,0.16321848
Eswatini,SWZ,2007,0.16228037
Eswatini,SWZ,2008,0.16118883
Eswatini,SWZ,2009,0.16015881
Eswatini,SWZ,2010,0.15922278
Eswatini,SWZ,2011,0.15834208
Eswatini,SWZ,2012,0.1574925
Eswatini,SWZ,2013,0.15663855
Eswatini,SWZ,2014,0.15576886
Eswatini,SWZ,2015,0.15488099
Eswatini,SWZ,2016,0.15397905
Eswatini,SWZ,2017,0.152824
Eswatini,SWZ,2018,0.15142065
Eswatini,SWZ,2019,0.15001602
Eswatini,SWZ,2020,0.14839917
Eswatini,SWZ,2021,0.14669403
Eswatini,SWZ,2022,0.14521088
Eswatini,SWZ,2023,0.14384326
Ethiopia,ETH,1993,0.1861889
Ethiopia,ETH,1994,0.17859612
Ethiopia,ETH,1995,0.17275739
Ethiopia,ETH,1996,0.16693114
Ethiopia,ETH,1997,0.16122587
Ethiopia,ETH,1998,0.15609927
Ethiopia,ETH,1999,0.15114442
Ethiopia,ETH,2000,0.14644387
Ethiopia,ETH,2001,0.14192428
Ethiopia,ETH,2002,0.1375435
Ethiopia,ETH,2003,0.14801037
Ethiopia,ETH,2004,0.16251911
Ethiopia,ETH,2005,0.16362657
Ethiopia,ETH,2006,0.16599034
Ethiopia,ETH,2007,0.16892247
Ethiopia,ETH,2008,0.15905327
Ethiopia,ETH,2009,0.15848625
Ethiopia,ETH,2010,0.16087076
Ethiopia,ETH,2011,0.16310473
Ethiopia,ETH,2012,0.16018996
Ethiopia,ETH,2013,0.15716372
Ethiopia,ETH,2014,0.1542393
Ethiopia,ETH,2015,0.15135683
Ethiopia,ETH,2016,0.14848457
Ethiopia,ETH,2017,0.14561605
Ethiopia,ETH,2018,0.1436748
Ethiopia,ETH,2019,0.13990293
Ethiopia,ETH,2020,0.1361875
Ethiopia,ETH,2021,0.13452892
Ethiopia,ETH,2022,0.13079767
Ethiopia,ETH,2023,0.12743613
Europe and Central Asia (WB),WB_ECA,1992,0.4434405
Europe and Central Asia (WB),WB_ECA,1993,0.43565622
Europe and Central Asia (WB),WB_ECA,1994,0.43212563
Europe and Central Asia (WB),WB_ECA,1995,0.42850903
Europe and Central Asia (WB),WB_ECA,1996,0.4243684
Europe and Central Asia (WB),WB_ECA,1997,0.42463273
Europe and Central Asia (WB),WB_ECA,1998,0.4205613
Europe and Central Asia (WB),WB_ECA,1999,0.41757855
Europe and Central Asia (WB),WB_ECA,2000,0.40824088
Europe and Central Asia (WB),WB_ECA,2001,0.40249357
Europe and Central Asia (WB),WB_ECA,2002,0.39861193
Europe and Central Asia (WB),WB_ECA,2003,0.39454338
Europe and Central Asia (WB),WB_ECA,2004,0.39290842
Europe and Central Asia (WB),WB_ECA,2005,0.3907469
Europe and Central Asia (WB),WB_ECA,2006,0.38753822
Europe and Central Asia (WB),WB_ECA,2007,0.38334614
Europe and Central Asia (WB),WB_ECA,2008,0.38197413
Europe and Central Asia (WB),WB_ECA,2009,0.37999225
Europe and Central Asia (WB),WB_ECA,2010,0.377467
Europe and Central Asia (WB),WB_ECA,2011,0.3759738
Europe and Central Asia (WB),WB_ECA,2012,0.3749979
Europe and Central Asia (WB),WB_ECA,2013,0.37320456
Europe and Central Asia (WB),WB_ECA,2014,0.37153262
Europe and Central Asia (WB),WB_ECA,2015,0.3695569
Europe and Central Asia (WB),WB_ECA,2016,0.36746398
Europe and Central Asia (WB),WB_ECA,2017,0.36582527
Europe and Central Asia (WB),WB_ECA,2018,0.3634899
Europe and Central Asia (WB),WB_ECA,2019,0.3619673
Europe and Central Asia (WB),WB_ECA,2020,0.35953504
Europe and Central Asia (WB),WB_ECA,2021,0.3597434
Europe and Central Asia (WB),WB_ECA,2022,0.35920924
Europe and Central Asia (WB),WB_ECA,2023,0.35900468
European Union (27),OWID_EU27,1961,0.35084003
European Union (27),OWID_EU27,1962,0.34684962
European Union (27),OWID_EU27,1963,0.3421302
European Union (27),OWID_EU27,1964,0.33651185
European Union (27),OWID_EU27,1965,0.3315284
European Union (27),OWID_EU27,1966,0.32580912
European Union (27),OWID_EU27,1967,0.32185617
European Union (27),OWID_EU27,1968,0.31760213
European Union (27),OWID_EU27,1969,0.31480682
European Union (27),OWID_EU27,1970,0.31012517
European Union (27),OWID_EU27,1971,0.30155715
European Union (27),OWID_EU27,1972,0.29816476
European Union (27),OWID_EU27,1973,0.29461014
European Union (27),OWID_EU27,1974,0.2926531
European Union (27),OWID_EU27,1975,0.2903151
European Union (27),OWID_EU27,1976,0.2879841
European Union (27),OWID_EU27,1977,0.28661868
European Union (27),OWID_EU27,1978,0.28593838
European Union (27),OWID_EU27,1979,0.2843023
European Union (27),OWID_EU27,1980,0.28275096
European Union (27),OWID_EU27,1981,0.28122842
European Union (27),OWID_EU27,1982,0.28035256
European Union (27),OWID_EU27,1983,0.27829635
European Union (27),OWID_EU27,1984,0.2784601
European Union (27),OWID_EU27,1985,0.27770615
European Union (27),OWID_EU27,1986,0.27709714
European Union (27),OWID_EU27,1987,0.2768402
European Union (27),OWID_EU27,1988,0.2746258
European Union (27),OWID_EU27,1989,0.27151042
European Union (27),OWID_EU27,1990,0.27018735
European Union (27),OWID_EU27,1991,0.26738456
European Union (27),OWID_EU27,1992,0.27317196
European Union (27),OWID_EU27,1993,0.27290758
European Union (27),OWID_EU27,1994,0.27035847
European Union (27),OWID_EU27,1995,0.26617444
European Union (27),OWID_EU27,1996,0.26634416
European Union (27),OWID_EU27,1997,0.265688
European Union (27),OWID_EU27,1998,0.26260743
European Union (27),OWID_EU27,1999,0.26184314
European Union (27),OWID_EU27,2000,0.25508103
European Union (27),OWID_EU27,2001,0.24887007
European Union (27),OWID_EU27,2002,0.24495482
European Union (27),OWID_EU27,2003,0.24204262
European Union (27),OWID_EU27,2004,0.24020818
European Union (27),OWID_EU27,2005,0.23826195
European Union (27),OWID_EU27,2006,0.23572123
European Union (27),OWID_EU27,2007,0.23148976
European Union (27),OWID_EU27,2008,0.23224123
European Union (27),OWID_EU27,2009,0.23119146
European Union (27),OWID_EU27,2010,0.22861011
European Union (27),OWID_EU27,2011,0.22845595
European Union (27),OWID_EU27,2012,0.22854915
European Union (27),OWID_EU27,2013,0.22667189
European Union (27),OWID_EU27,2014,0.22617303
European Union (27),OWID_EU27,2015,0.22510058
European Union (27),OWID_EU27,2016,0.22380956
European Union (27),OWID_EU27,2017,0.22344555
European Union (27),OWID_EU27,2018,0.22188225
European Union (27),OWID_EU27,2019,0.22233835
European Union (27),OWID_EU27,2020,0.21829939
European Union (27),OWID_EU27,2021,0.21872863
European Union (27),OWID_EU27,2022,0.21765545
European Union (27),OWID_EU27,2023,0.21692297
Faroe Islands,FRO,1961,0.0018520126
Faroe Islands,FRO,1962,0.0018305065
Faroe Islands,FRO,1963,0.0018083694
Faroe Islands,FRO,1964,0.0017853656
Faroe Islands,FRO,1965,0.0017608056
Faroe Islands,FRO,1966,0.0017383746
Faroe Islands,FRO,1967,0.0017203377
Faroe Islands,FRO,1968,0.0017039403
Faroe Islands,FRO,1969,0.0016883425
Faroe Islands,FRO,1970,0.0016723719
Faroe Islands,FRO,1971,0.0016536185
Faroe Islands,FRO,1972,0.0016338201
Faroe Islands,FRO,1973,0.0016146937
Faroe Islands,FRO,1974,0.0015957712
Faroe Islands,FRO,1975,0.0015775982
Faroe Islands,FRO,1976,0.0015602146
Faroe Islands,FRO,1977,0.0015433588
Faroe Islands,FRO,1978,0.0015249714
Faroe Islands,FRO,1979,0.0015051386
Faroe Islands,FRO,1980,0.0014858841
Faroe Islands,FRO,1981,0.0014670151
Faroe Islands,FRO,1982,0.0014489144
Faroe Islands,FRO,1983,0.001432729
Faroe Islands,FRO,1984,0.0014177798
Faroe Islands,FRO,1985,0.0014001619
Faroe Islands,FRO,1986,0.0013873234
Faroe Islands,FRO,1987,0.001370391
Faroe Islands,FRO,1988,0.0013514655
Faroe Islands,FRO,1989,0.0013344731
Faroe Islands,FRO,1990,0.0013405668
Faroe Islands,FRO,1991,0.0013488735
Faroe Islands,FRO,1992,0.0013534375
Faroe Islands,FRO,1993,0.0013771141
Faroe Islands,FRO,1994,0.0014319276
Faroe Islands,FRO,1995,0.0014675197
Faroe Islands,FRO,1996,0.0014685298
Faroe Islands,FRO,1997,0.0014501949
Faroe Islands,FRO,1998,0.0014326007
Faroe Islands,FRO,1999,0.0014176228
Faroe Islands,FRO,2000,0.0013987848
Faroe Islands,FRO,2001,0.0013723598
Faroe Islands,FRO,2002,0.001352065
Faroe Islands,FRO,2003,0.0013324451
Faroe Islands,FRO,2004,0.0013227513
Faroe Islands,FRO,2005,0.0013234351
Faroe Islands,FRO,2006,0.0013240923
Faroe Islands,FRO,2007,0.0013229154
Faroe Islands,FRO,2008,0.00131831
Faroe Islands,FRO,2009,0.0013117442
Faroe Islands,FRO,2010,0.0013153568
Faroe Islands,FRO,2011,0.0013184459
Faroe Islands,FRO,2012,0.0013253262
Faroe Islands,FRO,2013,0.0013265624
Faroe Islands,FRO,2014,0.0013215768
Faroe Islands,FRO,2015,0.001308847
Faroe Islands,FRO,2016,0.0013343308
Faroe Islands,FRO,2017,0.0013152913
Faroe Islands,FRO,2018,0.0012941938
Faroe Islands,FRO,2019,0.0012743773
Faroe Islands,FRO,2020,0.0013317859
Faroe Islands,FRO,2021,0.0013135426
Faroe Islands,FRO,2022,0.001298629
Faroe Islands,FRO,2023,0.001286812
Fiji,FJI,1961,0.21322165
Fiji,FJI,1962,0.20671907
Fiji,FJI,1963,0.19357337
Fiji,FJI,1964,0.18764019
Fiji,FJI,1965,0.17140137
Fiji,FJI,1966,0.16649982
Fiji,FJI,1967,0.15835693
Fiji,FJI,1968,0.13137203
Fiji,FJI,1969,0.12864898
Fiji,FJI,1970,0.12613237
Fiji,FJI,1971,0.12381704
Fiji,FJI,1972,0.12715736
Fiji,FJI,1973,0.1251739
Fiji,FJI,1974,0.12335041
Fiji,FJI,1975,0.13022959
Fiji,FJI,1976,0.13662742
Fiji,FJI,1977,0.14218684
Fiji,FJI,1978,0.14703695
Fiji,FJI,1979,0.14357227
Fiji,FJI,1980,0.14019237
Fiji,FJI,1981,0.14449306
Fiji,FJI,1982,0.14849706
Fiji,FJI,1983,0.15221031
Fiji,FJI,1984,0.15564951
Fiji,FJI,1985,0.16580059
Fiji,FJI,1986,0.16231439
Fiji,FJI,1987,0.17320862
Fiji,FJI,1988,0.18452689
Fiji,FJI,1989,0.19574043
Fiji,FJI,1990,0.2069012
Fiji,FJI,1991,0.2193275
Fiji,FJI,1992,0.21035315
Fiji,FJI,1993,0.20167795
Fiji,FJI,1994,0.19326322
Fiji,FJI,1995,0.17878024
Fiji,FJI,1996,0.17044275
Fiji,FJI,1997,0.1615487
Fiji,FJI,1998,0.15250687
Fiji,FJI,1999,0.14618407
Fiji,FJI,2000,0.13770813
Fiji,FJI,2001,0.1294733
Fiji,FJI,2002,0.12143829
Fiji,FJI,2003,0.113588355
Fiji,FJI,2004,0.10590531
Fiji,FJI,2005,0.098370425
Fiji,FJI,2006,0.09097393
Fiji,FJI,2007,0.08375732
Fiji,FJI,2008,0.076820984
Fiji,FJI,2009,0.068118766
Fiji,FJI,2010,0.06941859
Fiji,FJI,2011,0.0707566
Fiji,FJI,2012,0.07213761
Fiji,FJI,2013,0.07355252
Fiji,FJI,2014,0.07497943
Fiji,FJI,2015,0.07642247
Fiji,FJI,2016,0.0778967
Fiji,FJI,2017,0.079455
Fiji,FJI,2018,0.08111821
Fiji,FJI,2019,0.08285067
Fiji,FJI,2020,0.083937824
Fiji,FJI,2021,0.08377776
Fiji,FJI,2022,0.08353074
Fiji,FJI,2023,0.08310384
Finland,FIN,1961,0.59733176
Finland,FIN,1962,0.5964898
Finland,FIN,1963,0.5959133
Finland,FIN,1964,0.59570724
Finland,FIN,1965,0.596113
Finland,FIN,1966,0.596699
Finland,FIN,1967,0.5954304
Finland,FIN,1968,0.59334666
Finland,FIN,1969,0.56479704
Finland,FIN,1970,0.5586254
Finland,FIN,1971,0.55347604
Finland,FIN,1972,0.53079355
Finland,FIN,1973,0.521444
Finland,FIN,1974,0.52134347
Finland,FIN,1975,0.5203929
Finland,FIN,1976,0.52096385
Finland,FIN,1977,0.5103714
Finland,FIN,1978,0.5071196
Finland,FIN,1979,0.5036004
Finland,FIN,1980,0.4956549
Finland,FIN,1981,0.4901495
Finland,FIN,1982,0.48161018
Finland,FIN,1983,0.47600934
Finland,FIN,1984,0.46902752
Finland,FIN,1985,0.464036
Finland,FIN,1986,0.45944068
Finland,FIN,1987,0.46211338
Finland,FIN,1988,0.45414102
Finland,FIN,1989,0.45538497
Finland,FIN,1990,0.45501482
Finland,FIN,1991,0.45867956
Finland,FIN,1992,0.4530749
Finland,FIN,1993,0.44915104
Finland,FIN,1994,0.4519555
Finland,FIN,1995,0.41965312
Finland,FIN,1996,0.41435647
Finland,FIN,1997,0.41355413
Finland,FIN,1998,0.4205299
Finland,FIN,1999,0.42147148
Finland,FIN,2000,0.4227225
Finland,FIN,2001,0.4227634
Finland,FIN,2002,0.42400894
Finland,FIN,2003,0.42466795
Finland,FIN,2004,0.4247565
Finland,FIN,2005,0.426317
Finland,FIN,2006,0.42924136
Finland,FIN,2007,0.4267006
Finland,FIN,2008,0.4251704
Finland,FIN,2009,0.42299205
Finland,FIN,2010,0.42040873
Finland,FIN,2011,0.41766638
Finland,FIN,2012,0.4154252
Finland,FIN,2013,0.4089192
Finland,FIN,2014,0.40845832
Finland,FIN,2015,0.40921384
Finland,FIN,2016,0.4087127
Finland,FIN,2017,0.4070285
Finland,FIN,2018,0.40667027
Finland,FIN,2019,0.40658462
Finland,FIN,2020,0.40563932
Finland,FIN,2021,0.40479934
Finland,FIN,2022,0.40334004
Finland,FIN,2023,0.40186888
France,FRA,1961,0.40925995
France,FRA,1962,0.40359983
France,FRA,1963,0.39803535
France,FRA,1964,0.38618267
France,FRA,1965,0.37684157
France,FRA,1966,0.36697274
France,FRA,1967,0.3563684
France,FRA,1968,0.34392437
France,FRA,1969,0.3408296
France,FRA,1970,0.33489615
France,FRA,1971,0.32487896
France,FRA,1972,0.3214925
France,FRA,1973,0.3201968
France,FRA,1974,0.32147166
France,FRA,1975,0.32096452
France,FRA,1976,0.31588137
France,FRA,1977,0.31686768
France,FRA,1978,0.31704226
France,FRA,1979,0.31649777
France,FRA,1980,0.31609693
France,FRA,1981,0.3151968
France,FRA,1982,0.3162877
France,FRA,1983,0.31490868
France,FRA,1984,0.31585714
France,FRA,1985,0.31629407
France,FRA,1986,0.31599832
France,FRA,1987,0.3172379
France,FRA,1988,0.3092632
France,FRA,1989,0.30564314
France,FRA,1990,0.30526075
France,FRA,1991,0.30452618
France,FRA,1992,0.30327845
France,FRA,1993,0.30512446
France,FRA,1994,0.30503568
France,FRA,1995,0.30521843
France,FRA,1996,0.30466324
France,FRA,1997,0.3046638
France,FRA,1998,0.30433282
France,FRA,1999,0.30334708
France,FRA,2000,0.30129355
France,FRA,2001,0.29896662
France,FRA,2002,0.29721507
France,FRA,2003,0.2948569
France,FRA,2004,0.2929151
France,FRA,2005,0.29087293
France,FRA,2006,0.2882478
France,FRA,2007,0.2856465
France,FRA,2008,0.28378513
France,FRA,2009,0.28213885
France,FRA,2010,0.28143573
France,FRA,2011,0.2796781
France,FRA,2012,0.27843973
France,FRA,2013,0.27736777
France,FRA,2014,0.27646703
France,FRA,2015,0.27767363
France,FRA,2016,0.27510172
France,FRA,2017,0.2759252
France,FRA,2018,0.2699054
France,FRA,2019,0.26628432
France,FRA,2020,0.25124833
France,FRA,2021,0.25073305
France,FRA,2022,0.24918222
France,FRA,2023,0.24716514
French Polynesia,PYF,1961,0.023409884
French Polynesia,PYF,1962,0.022919746
French Polynesia,PYF,1963,0.02228735
French Polynesia,PYF,1964,0.021546384
French Polynesia,PYF,1965,0.020829644
French Polynesia,PYF,1966,0.020136932
French Polynesia,PYF,1967,0.019463962
French Polynesia,PYF,1968,0.018805299
French Polynesia,PYF,1969,0.01816349
French Polynesia,PYF,1970,0.017542321
French Polynesia,PYF,1971,0.016957056
French Polynesia,PYF,1972,0.016408775
French Polynesia,PYF,1973,0.015886001
French Polynesia,PYF,1974,0.01538935
French Polynesia,PYF,1975,0.014920362
French Polynesia,PYF,1976,0.014480791
French Polynesia,PYF,1977,0.01405353
French Polynesia,PYF,1978,0.01362203
French Polynesia,PYF,1979,0.013195311
French Polynesia,PYF,1980,0.012781921
French Polynesia,PYF,1981,0.0123834405
French Polynesia,PYF,1982,0.012001488
French Polynesia,PYF,1983,0.011644833
French Polynesia,PYF,1984,0.011333436
French Polynesia,PYF,1985,0.011050456
French Polynesia,PYF,1986,0.010771858
French Polynesia,PYF,1987,0.010501499
French Polynesia,PYF,1988,0.010246269
French Polynesia,PYF,1989,0.010017882
French Polynesia,PYF,1990,0.009814698
French Polynesia,PYF,1991,0.009627233
French Polynesia,PYF,1992,0.009453627
French Polynesia,PYF,1993,0.00929286
French Polynesia,PYF,1994,0.011429198
French Polynesia,PYF,1995,0.011255279
French Polynesia,PYF,1996,0.011087015
French Polynesia,PYF,1997,0.010911265
French Polynesia,PYF,1998,0.010734635
French Polynesia,PYF,1999,0.01056658
French Polynesia,PYF,2000,0.01040206
French Polynesia,PYF,2001,0.01024183
French Polynesia,PYF,2002,0.010089799
French Polynesia,PYF,2003,0.009934946
French Polynesia,PYF,2004,0.009778841
French Polynesia,PYF,2005,0.009633652
French Polynesia,PYF,2006,0.00949765
French Polynesia,PYF,2007,0.009383046
French Polynesia,PYF,2008,0.009315185
French Polynesia,PYF,2009,0.009277092
French Polynesia,PYF,2010,0.009239412
French Polynesia,PYF,2011,0.009200411
French Polynesia,PYF,2012,0.009154692
French Polynesia,PYF,2013,0.00909991
French Polynesia,PYF,2014,0.009045288
French Polynesia,PYF,2015,0.008997142
French Polynesia,PYF,2016,0.00895486
French Polynesia,PYF,2017,0.008925798
French Polynesia,PYF,2018,0.008934475
French Polynesia,PYF,2019,0.0089594815
French Polynesia,PYF,2020,0.008953867
French Polynesia,PYF,2021,0.008935209
French Polynesia,PYF,2022,0.0089165345
French Polynesia,PYF,2023,0.008893062
Gabon,GAB,1961,0.173656
Gabon,GAB,1962,0.19060363
Gabon,GAB,1963,0.20698012
Gabon,GAB,1964,0.22277628
Gabon,GAB,1965,0.23796101
Gabon,GAB,1966,0.25249657
Gabon,GAB,1967,0.26637873
Gabon,GAB,1968,0.27959466
Gabon,GAB,1969,0.2914572
Gabon,GAB,1970,0.30209148
Gabon,GAB,1971,0.31232125
Gabon,GAB,1972,0.32208192
Gabon,GAB,1973,0.3312329
Gabon,GAB,1974,0.33966815
Gabon,GAB,1975,0.35034892
Gabon,GAB,1976,0.38073987
Gabon,GAB,1977,0.39338082
Gabon,GAB,1978,0.40351778
Gabon,GAB,1979,0.39622965
Gabon,GAB,1980,0.38883522
Gabon,GAB,1981,0.38131925
Gabon,GAB,1982,0.3737555
Gabon,GAB,1983,0.36621228
Gabon,GAB,1984,0.3587278
Gabon,GAB,1985,0.35133752
Gabon,GAB,1986,0.34404257
Gabon,GAB,1987,0.3368383
Gabon,GAB,1988,0.32974586
Gabon,GAB,1989,0.32283747
Gabon,GAB,1990,0.31614238
Gabon,GAB,1991,0.3096502
Gabon,GAB,1992,0.30335715
Gabon,GAB,1993,0.29726043
Gabon,GAB,1994,0.2913987
Gabon,GAB,1995,0.2893485
Gabon,GAB,1996,0.2821144
Gabon,GAB,1997,0.27508825
Gabon,GAB,1998,0.26821023
Gabon,GAB,1999,0.26146084
Gabon,GAB,2000,0.25478765
Gabon,GAB,2001,0.24816947
Gabon,GAB,2002,0.24161144
Gabon,GAB,2003,0.23510689
Gabon,GAB,2004,0.2286142
Gabon,GAB,2005,0.22207114
Gabon,GAB,2006,0.21546909
Gabon,GAB,2007,0.20883709
Gabon,GAB,2008,0.20221817
Gabon,GAB,2009,0.1955998
Gabon,GAB,2010,0.18896678
Gabon,GAB,2011,0.18238088
Gabon,GAB,2012,0.1759716
Gabon,GAB,2013,0.16988498
Gabon,GAB,2014,0.16427425
Gabon,GAB,2015,0.15923652
Gabon,GAB,2016,0.15473935
Gabon,GAB,2017,0.15067922
Gabon,GAB,2018,0.14690474
Gabon,GAB,2019,0.14331664
Gabon,GAB,2020,0.13993306
Gabon,GAB,2021,0.13674296
Gabon,GAB,2022,0.13370375
Gabon,GAB,2023,0.1307958
Gambia,GMB,1961,0.29589418
Gambia,GMB,1962,0.2903635
Gambia,GMB,1963,0.28488246
Gambia,GMB,1964,0.27947628
Gambia,GMB,1965,0.27415165
Gambia,GMB,1966,0.26893425
Gambia,GMB,1967,0.26578736
Gambia,GMB,1968,0.2584454
Gambia,GMB,1969,0.25518215
Gambia,GMB,1970,0.2480419
Gambia,GMB,1971,0.24657574
Gambia,GMB,1972,0.24848299
Gambia,GMB,1973,0.25000393
Gambia,GMB,1974,0.28858313
Gambia,GMB,1975,0.27026093
Gambia,GMB,1976,0.26052198
Gambia,GMB,1977,0.26325163
Gambia,GMB,1978,0.26532635
Gambia,GMB,1979,0.2406561
Gambia,GMB,1980,0.22271621
Gambia,GMB,1981,0.24488415
Gambia,GMB,1982,0.26379263
Gambia,GMB,1983,0.2303263
Gambia,GMB,1984,0.20469193
Gambia,GMB,1985,0.19676925
Gambia,GMB,1986,0.19798237
Gambia,GMB,1987,0.19761764
Gambia,GMB,1988,0.2051208
Gambia,GMB,1989,0.17896746
Gambia,GMB,1990,0.17730227
Gambia,GMB,1991,0.17818846
Gambia,GMB,1992,0.14141284
Gambia,GMB,1993,0.13548025
Gambia,GMB,1994,0.14667225
Gambia,GMB,1995,0.14632453
Gambia,GMB,1996,0.1459955
Gambia,GMB,1997,0.15311202
Gambia,GMB,1998,0.156138
Gambia,GMB,1999,0.1589231
Gambia,GMB,2000,0.16081546
Gambia,GMB,2001,0.1632095
Gambia,GMB,2002,0.16539785
Gambia,GMB,2003,0.16734163
Gambia,GMB,2004,0.16838215
Gambia,GMB,2005,0.16976228
Gambia,GMB,2006,0.17081809
Gambia,GMB,2007,0.17159614
Gambia,GMB,2008,0.20463713
Gambia,GMB,2009,0.2287031
Gambia,GMB,2010,0.23356846
Gambia,GMB,2011,0.22683921
Gambia,GMB,2012,0.22025418
Gambia,GMB,2013,0.21389663
Gambia,GMB,2014,0.20789751
Gambia,GMB,2015,0.20229001
Gambia,GMB,2016,0.19704269
Gambia,GMB,2017,0.18785845
Gambia,GMB,2018,0.18336146
Gambia,GMB,2019,0.17909154
Gambia,GMB,2020,0.17489932
Gambia,GMB,2021,0.1708068
Gambia,GMB,2022,0.16688982
Gambia,GMB,2023,0.16309313
Georgia,GEO,1992,0.16312711
Georgia,GEO,1993,0.1618782
Georgia,GEO,1994,0.16438948
Georgia,GEO,1995,0.16553156
Georgia,GEO,1996,0.1738763
Georgia,GEO,1997,0.18046337
Georgia,GEO,1998,0.18663368
Georgia,GEO,1999,0.19003212
Georgia,GEO,2000,0.19449951
Georgia,GEO,2001,0.1980384
Georgia,GEO,2002,0.2008287
Georgia,GEO,2003,0.20294878
Georgia,GEO,2004,0.11509062
Georgia,GEO,2005,0.12043657
Georgia,GEO,2006,0.119061515
Georgia,GEO,2007,0.119943276
Georgia,GEO,2008,0.11926883
Georgia,GEO,2009,0.113516636
Georgia,GEO,2010,0.1043126
Georgia,GEO,2011,0.100467436
Georgia,GEO,2012,0.09922566
Georgia,GEO,2013,0.111817405
Georgia,GEO,2014,0.098133735
Georgia,GEO,2015,0.0987041
Georgia,GEO,2016,0.09228693
Georgia,GEO,2017,0.08690978
Georgia,GEO,2018,0.08345523
Georgia,GEO,2019,0.08252331
Georgia,GEO,2020,0.08327254
Georgia,GEO,2021,0.08412855
Georgia,GEO,2022,0.0851178
Georgia,GEO,2023,0.08181978
Germany,DEU,1961,0.16653576
Germany,DEU,1962,0.16460481
Germany,DEU,1963,0.16282012
Germany,DEU,1964,0.16146134
Germany,DEU,1965,0.15998432
Germany,DEU,1966,0.15868081
Germany,DEU,1967,0.15657948
Germany,DEU,1968,0.15566474
Germany,DEU,1969,0.15403734
Germany,DEU,1970,0.15289892
Germany,DEU,1971,0.15278465
Germany,DEU,1972,0.15255098
Germany,DEU,1973,0.15189393
Germany,DEU,1974,0.15221465
Germany,DEU,1975,0.15305015
Germany,DEU,1976,0.154295
Germany,DEU,1977,0.15443999
Germany,DEU,1978,0.15476653
Germany,DEU,1979,0.15432693
Germany,DEU,1980,0.15366226
Germany,DEU,1981,0.15309681
Germany,DEU,1982,0.15287228
Germany,DEU,1983,0.15317117
Germany,DEU,1984,0.15350889
Germany,DEU,1985,0.1539167
Germany,DEU,1986,0.15388489
Germany,DEU,1987,0.15345596
Germany,DEU,1988,0.152896
Germany,DEU,1989,0.15173087
Germany,DEU,1990,0.15070558
Germany,DEU,1991,0.1444624
Germany,DEU,1992,0.14222707
Germany,DEU,1993,0.14387041
Germany,DEU,1994,0.14495628
Germany,DEU,1995,0.14489816
Germany,DEU,1996,0.14447933
Germany,DEU,1997,0.14423153
Germany,DEU,1998,0.14478253
Germany,DEU,1999,0.1439947
Germany,DEU,2000,0.14358087
Germany,DEU,2001,0.14344883
Germany,DEU,2002,0.14294115
Germany,DEU,2003,0.14329821
Germany,DEU,2004,0.14418976
Germany,DEU,2005,0.1443444
Germany,DEU,2006,0.14404602
Germany,DEU,2007,0.14437248
Germany,DEU,2008,0.14531709
Germany,DEU,2009,0.14584449
Germany,DEU,2010,0.14485748
Germany,DEU,2011,0.14792903
Germany,DEU,2012,0.1471418
Germany,DEU,2013,0.14726159
Germany,DEU,2014,0.14656253
Germany,DEU,2015,0.14501764
Germany,DEU,2016,0.14284384
Germany,DEU,2017,0.14241987
Germany,DEU,2018,0.14149797
Germany,DEU,2019,0.14097464
Germany,DEU,2020,0.14025827
Germany,DEU,2021,0.1401268
Germany,DEU,2022,0.14014554
Germany,DEU,2023,0.14024952
Ghana,GHA,1961,0.23734176
Ghana,GHA,1962,0.2316905
Ghana,GHA,1963,0.22622284
Ghana,GHA,1964,0.22090146
Ghana,GHA,1965,0.21566471
Ghana,GHA,1966,0.2105388
Ghana,GHA,1967,0.20551473
Ghana,GHA,1968,0.20057271
Ghana,GHA,1969,0.19561854
Ghana,GHA,1970,0.19045883
Ghana,GHA,1971,0.18526058
Ghana,GHA,1972,0.18011934
Ghana,GHA,1973,0.17499404
Ghana,GHA,1974,0.1699911
Ghana,GHA,1975,0.1748539
Ghana,GHA,1976,0.16989285
Ghana,GHA,1977,0.16495796
Ghana,GHA,1978,0.16891216
Ghana,GHA,1979,0.16383187
Ghana,GHA,1980,0.15910968
Ghana,GHA,1981,0.15470156
Ghana,GHA,1982,0.16608906
Ghana,GHA,1983,0.16116856
Ghana,GHA,1984,0.17201933
Ghana,GHA,1985,0.17567965
Ghana,GHA,1986,0.17185554
Ghana,GHA,1987,0.17495844
Ghana,GHA,1988,0.17763726
Ghana,GHA,1989,0.17325464
Ghana,GHA,1990,0.17538562
Ghana,GHA,1991,0.17735554
Ghana,GHA,1992,0.17300124
Ghana,GHA,1993,0.16878127
Ghana,GHA,1994,0.16477188
Ghana,GHA,1995,0.17242353
Ghana,GHA,1996,0.17967251
Ghana,GHA,1997,0.1973797
Ghana,GHA,1998,0.19521883
Ghana,GHA,1999,0.19303077
Ghana,GHA,2000,0.19069883
Ghana,GHA,2001,0.18808019
Ghana,GHA,2002,0.18530613
Ghana,GHA,2003,0.18263572
Ghana,GHA,2004,0.18006869
Ghana,GHA,2005,0.17755689
Ghana,GHA,2006,0.17509487
Ghana,GHA,2007,0.17268069
Ghana,GHA,2008,0.17034355
Ghana,GHA,2009,0.1680865
Ghana,GHA,2010,0.16594055
Ghana,GHA,2011,0.1638466
Ghana,GHA,2012,0.16173428
Ghana,GHA,2013,0.1596463
Ghana,GHA,2014,0.15763588
Ghana,GHA,2015,0.15572229
Ghana,GHA,2016,0.15386155
Ghana,GHA,2017,0.15212865
Ghana,GHA,2018,0.15057933
Ghana,GHA,2019,0.14912991
Ghana,GHA,2020,0.14770222
Ghana,GHA,2021,0.14483681
Ghana,GHA,2022,0.14208207
Ghana,GHA,2023,0.139396
Greece,GRC,1961,0.3326963
Greece,GRC,1962,0.33888742
Greece,GRC,1963,0.3605112
Greece,GRC,1964,0.35262617
Greece,GRC,1965,0.34981093
Greece,GRC,1966,0.3477039
Greece,GRC,1967,0.3477625
Greece,GRC,1968,0.34928292
Greece,GRC,1969,0.3439053
Greece,GRC,1970,0.3423253
Greece,GRC,1971,0.33869186
Greece,GRC,1972,0.33582234
Greece,GRC,1973,0.33116493
Greece,GRC,1974,0.3289436
Greece,GRC,1975,0.32144883
Greece,GRC,1976,0.3143179
Greece,GRC,1977,0.30810618
Greece,GRC,1978,0.30996954
Greece,GRC,1979,0.30675754
Greece,GRC,1980,0.30106285
Greece,GRC,1981,0.30063674
Greece,GRC,1982,0.29909557
Greece,GRC,1983,0.2945171
Greece,GRC,1984,0.29527676
Greece,GRC,1985,0.2909113
Greece,GRC,1986,0.28884703
Greece,GRC,1987,0.28698292
Greece,GRC,1988,0.2852451
Greece,GRC,1989,0.28673378
Greece,GRC,1990,0.2843051
Greece,GRC,1991,0.27781203
Greece,GRC,1992,0.2754095
Greece,GRC,1993,0.27140415
Greece,GRC,1994,0.26976326
Greece,GRC,1995,0.2670857
Greece,GRC,1996,0.26487446
Greece,GRC,1997,0.2616014
Greece,GRC,1998,0.25968915
Greece,GRC,1999,0.25665095
Greece,GRC,2000,0.25365987
Greece,GRC,2001,0.25041124
Greece,GRC,2002,0.24921982
Greece,GRC,2003,0.24816824
Greece,GRC,2004,0.23997866
Greece,GRC,2005,0.2401861
Greece,GRC,2006,0.23447506
Greece,GRC,2007,0.2323398
Greece,GRC,2008,0.23073088
Greece,GRC,2009,0.22931449
Greece,GRC,2010,0.23081748
Greece,GRC,2011,0.22980848
Greece,GRC,2012,0.22996809
Greece,GRC,2013,0.22890577
Greece,GRC,2014,0.20417881
Greece,GRC,2015,0.20063058
Greece,GRC,2016,0.19859
Greece,GRC,2017,0.19925164
Greece,GRC,2018,0.19950789
Greece,GRC,2019,0.19850695
Greece,GRC,2020,0.16858844
Greece,GRC,2021,0.17146714
Greece,GRC,2022,0.17830886
Greece,GRC,2023,0.17883062
Grenada,GRD,1961,0.052446637
Grenada,GRD,1962,0.051880676
Grenada,GRD,1963,0.051442977
Grenada,GRD,1964,0.05114566
Grenada,GRD,1965,0.050985552
Grenada,GRD,1966,0.05095749
Grenada,GRD,1967,0.05098607
Grenada,GRD,1968,0.050979834
Grenada,GRD,1969,0.05091442
Grenada,GRD,1970,0.05080578
Grenada,GRD,1971,0.050685264
Grenada,GRD,1972,0.040495258
Grenada,GRD,1973,0.040523153
Grenada,GRD,1974,0.04061491
Grenada,GRD,1975,0.040763915
Grenada,GRD,1976,0.040970173
Grenada,GRD,1977,0.04122989
Grenada,GRD,1978,0.03115103
Grenada,GRD,1979,0.0314169
Grenada,GRD,1980,0.03173327
Grenada,GRD,1981,0.031897247
Grenada,GRD,1982,0.031785384
Grenada,GRD,1983,0.031596243
Grenada,GRD,1984,0.03141427
Grenada,GRD,1985,0.03121391
Grenada,GRD,1986,0.030994937
Grenada,GRD,1987,0.020507352
Grenada,GRD,1988,0.020344224
Grenada,GRD,1989,0.020177359
Grenada,GRD,1990,0.020008603
Grenada,GRD,1991,0.019842647
Grenada,GRD,1992,0.019684652
Grenada,GRD,1993,0.019534685
Grenada,GRD,1994,0.019391496
Grenada,GRD,1995,0.009627512
Grenada,GRD,1996,0.009561692
Grenada,GRD,1997,0.009497307
Grenada,GRD,1998,0.0094331615
Grenada,GRD,1999,0.0093697
Grenada,GRD,2000,0.009306568
Grenada,GRD,2001,0.018520748
Grenada,GRD,2002,0.018449504
Grenada,GRD,2003,0.018368172
Grenada,GRD,2004,0.018294413
Grenada,GRD,2005,0.018225892
Grenada,GRD,2006,0.018159531
Grenada,GRD,2007,0.018095944
Grenada,GRD,2008,0.018034916
Grenada,GRD,2009,0.026965322
Grenada,GRD,2010,0.026885092
Grenada,GRD,2011,0.026766835
Grenada,GRD,2012,0.02660164
Grenada,GRD,2013,0.026434746
Grenada,GRD,2014,0.026285354
Grenada,GRD,2015,0.026160661
Grenada,GRD,2016,0.0260575
Grenada,GRD,2017,0.025987975
Grenada,GRD,2018,0.025931144
Grenada,GRD,2019,0.025866305
Grenada,GRD,2020,0.025786266
Grenada,GRD,2021,0.025709584
Grenada,GRD,2022,0.025660107
Grenada,GRD,2023,0.025623286
Guam,GUM,1961,0.028046165
Guam,GUM,1962,0.02732539
Guam,GUM,1963,0.026632931
Guam,GUM,1964,0.025971327
Guam,GUM,1965,0.025338266
Guam,GUM,1966,0.024739003
Guam,GUM,1967,0.024178242
Guam,GUM,1968,0.023651006
Guam,GUM,1969,0.023147076
Guam,GUM,1970,0.022633396
Guam,GUM,1971,0.022107754
Guam,GUM,1972,0.02159384
Guam,GUM,1973,0.021101275
Guam,GUM,1974,0.020631531
Guam,GUM,1975,0.020190395
Guam,GUM,1976,0.019769488
Guam,GUM,1977,0.019361459
Guam,GUM,1978,0.018971013
Guam,GUM,1979,0.018581145
Guam,GUM,1980,0.018158542
Guam,GUM,1981,0.017714478
Guam,GUM,1982,0.017284442
Guam,GUM,1983,0.016876498
Guam,GUM,1984,0.016487774
Guam,GUM,1985,0.016113829
Guam,GUM,1986,0.015752373
Guam,GUM,1987,0.015401439
Guam,GUM,1988,0.015060354
Guam,GUM,1989,0.014727649
Guam,GUM,1990,0.014428973
Guam,GUM,1991,0.014177057
Guam,GUM,1992,0.013947682
Guam,GUM,1993,0.013731171
Guam,GUM,1994,0.013525577
Guam,GUM,1995,0.0133285355
Guam,GUM,1996,0.013143281
Guam,GUM,1997,0.012968907
Guam,GUM,1998,0.012801065
Guam,GUM,1999,0.012635116
Guam,GUM,2000,0.012494924
Guam,GUM,2001,0.012397028
Guam,GUM,2002,0.01232172
Guam,GUM,2003,0.012259634
Guam,GUM,2004,0.012209266
Guam,GUM,2005,0.0121680405
Guam,GUM,2006,0.012133051
Guam,GUM,2007,0.006050815
Guam,GUM,2008,0.006035258
Guam,GUM,2009,0.0060178246
Guam,GUM,2010,0.0060052127
Guam,GUM,2011,0.0060044555
Guam,GUM,2012,0.006012108
Guam,GUM,2013,0.0060253306
Guam,GUM,2014,0.0060428074
Guam,GUM,2015,0.0060640974
Guam,GUM,2016,0.00608891
Guam,GUM,2017,0.006116582
Guam,GUM,2018,0.006147075
Guam,GUM,2019,0.006180164
Guam,GUM,2020,0.006166825
Guam,GUM,2021,0.0061076162
Guam,GUM,2022,0.006054002
Guam,GUM,2023,0.0060057896
Guatemala,GTM,1961,0.2627681
Guatemala,GTM,1962,0.25509945
Guatemala,GTM,1963,0.24773301
Guatemala,GTM,1964,0.24064182
Guatemala,GTM,1965,0.23379557
Guatemala,GTM,1966,0.22722775
Guatemala,GTM,1967,0.22294252
Guatemala,GTM,1968,0.2168769
Guatemala,GTM,1969,0.2092416
Guatemala,GTM,1970,0.20381822
Guatemala,GTM,1971,0.19861493
Guatemala,GTM,1972,0.1970848
Guatemala,GTM,1973,0.1972004
Guatemala,GTM,1974,0.19561301
Guatemala,GTM,1975,0.19090413
Guatemala,GTM,1976,0.19161971
Guatemala,GTM,1977,0.19526628
Guatemala,GTM,1978,0.19050424
Guatemala,GTM,1979,0.1856477
Guatemala,GTM,1980,0.18405232
Guatemala,GTM,1981,0.18019551
Guatemala,GTM,1982,0.17955203
Guatemala,GTM,1983,0.17521061
Guatemala,GTM,1984,0.17036486
Guatemala,GTM,1985,0.16561157
Guatemala,GTM,1986,0.16107413
Guatemala,GTM,1987,0.15669286
Guatemala,GTM,1988,0.15236579
Guatemala,GTM,1989,0.14813893
Guatemala,GTM,1990,0.14404795
Guatemala,GTM,1991,0.14019825
Guatemala,GTM,1992,0.13652213
Guatemala,GTM,1993,0.13538162
Guatemala,GTM,1994,0.13481064
Guatemala,GTM,1995,0.13138762
Guatemala,GTM,1996,0.12859608
Guatemala,GTM,1997,0.13294002
Guatemala,GTM,1998,0.13698179
Guatemala,GTM,1999,0.14079444
Guatemala,GTM,2000,0.14453574
Guatemala,GTM,2001,0.14813998
Guatemala,GTM,2002,0.15151407
Guatemala,GTM,2003,0.15472014
Guatemala,GTM,2004,0.13031526
Guatemala,GTM,2005,0.10697125
Guatemala,GTM,2006,0.11266165
Guatemala,GTM,2007,0.11544062
Guatemala,GTM,2008,0.11345391
Guatemala,GTM,2009,0.10837381
Guatemala,GTM,2010,0.10346127
Guatemala,GTM,2011,0.09868764
Guatemala,GTM,2012,0.0940645
Guatemala,GTM,2013,0.089619145
Guatemala,GTM,2014,0.09009851
Guatemala,GTM,2015,0.09203754
Guatemala,GTM,2016,0.09140217
Guatemala,GTM,2017,0.09078093
Guatemala,GTM,2018,0.09029018
Guatemala,GTM,2019,0.08992152
Guatemala,GTM,2020,0.089529924
Guatemala,GTM,2021,0.088302225
Guatemala,GTM,2022,0.087069176
Guatemala,GTM,2023,0.085738696
Guinea,GIN,1961,0.75699997
Guinea,GIN,1962,0.7437017
Guinea,GIN,1963,0.73048085
Guinea,GIN,1964,0.7173297
Guinea,GIN,1965,0.70424056
Guinea,GIN,1966,0.69119394
Guinea,GIN,1967,0.67819214
Guinea,GIN,1968,0.66528267
Guinea,GIN,1969,0.6526451
Guinea,GIN,1970,0.64055586
Guinea,GIN,1971,0.629133
Guinea,GIN,1972,0.6183298
Guinea,GIN,1973,0.6080344
Guinea,GIN,1974,0.5981867
Guinea,GIN,1975,0.58875656
Guinea,GIN,1976,0.5796461
Guinea,GIN,1977,0.5706992
Guinea,GIN,1978,0.56172246
Guinea,GIN,1979,0.55249923
Guinea,GIN,1980,0.5428517
Guinea,GIN,1981,0.53273314
Guinea,GIN,1982,0.5221363
Guinea,GIN,1983,0.51121175
Guinea,GIN,1984,0.49999124
Guinea,GIN,1985,0.4883811
Guinea,GIN,1986,0.4764664
Guinea,GIN,1987,0.4643912
Guinea,GIN,1988,0.45240098
Guinea,GIN,1989,0.44081134
Guinea,GIN,1990,0.42583784
Guinea,GIN,1991,0.40912828
Guinea,GIN,1992,0.39627638
Guinea,GIN,1993,0.38439
Guinea,GIN,1994,0.37303746
Guinea,GIN,1995,0.3627578
Guinea,GIN,1996,0.35263675
Guinea,GIN,1997,0.34546363
Guinea,GIN,1998,0.3390254
Guinea,GIN,1999,0.33151352
Guinea,GIN,2000,0.3250747
Guinea,GIN,2001,0.3208446
Guinea,GIN,2002,0.31599945
Guinea,GIN,2003,0.30910468
Guinea,GIN,2004,0.3026683
Guinea,GIN,2005,0.29645753
Guinea,GIN,2006,0.29721656
Guinea,GIN,2007,0.30365926
Guinea,GIN,2008,0.30935064
Guinea,GIN,2009,0.29162976
Guinea,GIN,2010,0.35043827
Guinea,GIN,2011,0.3442483
Guinea,GIN,2012,0.38072577
Guinea,GIN,2013,0.3791482
Guinea,GIN,2014,0.40044618
Guinea,GIN,2015,0.4074116
Guinea,GIN,2016,0.4039693
Guinea,GIN,2017,0.40673733
Guinea,GIN,2018,0.4077909
Guinea,GIN,2019,0.37737986
Guinea,GIN,2020,0.3704482
Guinea,GIN,2021,0.38270354
Guinea,GIN,2022,0.39486548
Guinea,GIN,2023,0.4165148
Guinea-Bissau,GNB,1961,0.40341133
Guinea-Bissau,GNB,1962,0.3986605
Guinea-Bissau,GNB,1963,0.3953447
Guinea-Bissau,GNB,1964,0.39929113
Guinea-Bissau,GNB,1965,0.4086921
Guinea-Bissau,GNB,1966,0.41452935
Guinea-Bissau,GNB,1967,0.43057165
Guinea-Bissau,GNB,1968,0.4237508
Guinea-Bissau,GNB,1969,0.42124447
Guinea-Bissau,GNB,1970,0.41923124
Guinea-Bissau,GNB,1971,0.4179311
Guinea-Bissau,GNB,1972,0.41764686
Guinea-Bissau,GNB,1973,0.4217217
Guinea-Bissau,GNB,1974,0.41575772
Guinea-Bissau,GNB,1975,0.39172554
Guinea-Bissau,GNB,1976,0.36733407
Guinea-Bissau,GNB,1977,0.34376353
Guinea-Bissau,GNB,1978,0.32209414
Guinea-Bissau,GNB,1979,0.31102607
Guinea-Bissau,GNB,1980,0.30748713
Guinea-Bissau,GNB,1981,0.30506912
Guinea-Bissau,GNB,1982,0.31546074
Guinea-Bissau,GNB,1983,0.32199007
Guinea-Bissau,GNB,1984,0.32257372
Guinea-Bissau,GNB,1985,0.32304886
Guinea-Bissau,GNB,1986,0.27408493
Guinea-Bissau,GNB,1987,0.25893822
Guinea-Bissau,GNB,1988,0.24414554
Guinea-Bissau,GNB,1989,0.25057712
Guinea-Bissau,GNB,1990,0.25676078
Guinea-Bissau,GNB,1991,0.25134748
Guinea-Bissau,GNB,1992,0.24405578
Guinea-Bissau,GNB,1993,0.25501892
Guinea-Bissau,GNB,1994,0.25640297
Guinea-Bissau,GNB,1995,0.25001138
Guinea-Bissau,GNB,1996,0.23610996
Guinea-Bissau,GNB,1997,0.23165129
Guinea-Bissau,GNB,1998,0.21895234
Guinea-Bissau,GNB,1999,0.23136558
Guinea-Bissau,GNB,2000,0.24296594
Guinea-Bissau,GNB,2001,0.23785493
Guinea-Bissau,GNB,2002,0.21717092
Guinea-Bissau,GNB,2003,0.20473064
Guinea-Bissau,GNB,2004,0.20747457
Guinea-Bissau,GNB,2005,0.20266578
Guinea-Bissau,GNB,2006,0.1978375
Guinea-Bissau,GNB,2007,0.19297223
Guinea-Bissau,GNB,2008,0.18816522
Guinea-Bissau,GNB,2009,0.18344092
Guinea-Bissau,GNB,2010,0.19152844
Guinea-Bissau,GNB,2011,0.18655835
Guinea-Bissau,GNB,2012,0.18166217
Guinea-Bissau,GNB,2013,0.17688961
Guinea-Bissau,GNB,2014,0.1723027
Guinea-Bissau,GNB,2015,0.16793016
Guinea-Bissau,GNB,2016,0.17186888
Guinea-Bissau,GNB,2017,0.1677528
Guinea-Bissau,GNB,2018,0.17147502
Guinea-Bissau,GNB,2019,0.18648876
Guinea-Bissau,GNB,2020,0.18622151
Guinea-Bissau,GNB,2021,0.19154213
Guinea-Bissau,GNB,2022,0.18428832
Guinea-Bissau,GNB,2023,0.18368241
Guyana,GUY,1961,0.16354416
Guyana,GUY,1962,0.1600031
Guyana,GUY,1963,0.15656501
Guyana,GUY,1964,0.15323435
Guyana,GUY,1965,0.15001008
Guyana,GUY,1966,0.14688382
Guyana,GUY,1967,0.14385326
Guyana,GUY,1968,0.14090689
Guyana,GUY,1969,0.13803597
Guyana,GUY,1970,0.13558407
Guyana,GUY,1971,0.13368975
Guyana,GUY,1972,0.13203071
Guyana,GUY,1973,0.13048986
Guyana,GUY,1974,0.12908976
Guyana,GUY,1975,0.12781928
Guyana,GUY,1976,0.12665367
Guyana,GUY,1977,0.12558505
Guyana,GUY,1978,0.12461071
Guyana,GUY,1979,0.12372458
Guyana,GUY,1980,0.12303675
Guyana,GUY,1981,0.122706205
Guyana,GUY,1982,0.122665286
Guyana,GUY,1983,0.12279508
Guyana,GUY,1984,0.12307744
Guyana,GUY,1985,0.12349766
Guyana,GUY,1986,0.12404095
Guyana,GUY,1987,0.124686696
Guyana,GUY,1988,0.12541825
Guyana,GUY,1989,0.12621541
Guyana,GUY,1990,0.12705208
Guyana,GUY,1991,0.12739748
Guyana,GUY,1992,0.12704921
Guyana,GUY,1993,0.1265339
Guyana,GUY,1994,0.1260556
Guyana,GUY,1995,0.1256291
Guyana,GUY,1996,0.12527592
Guyana,GUY,1997,0.124993406
Guyana,GUY,1998,0.1247739
Guyana,GUY,1999,0.12462749
Guyana,GUY,2000,0.12457062
Guyana,GUY,2001,0.12462847
Guyana,GUY,2002,0.12532763
Guyana,GUY,2003,0.12598306
Guyana,GUY,2004,0.12666136
Guyana,GUY,2005,0.12747827
Guyana,GUY,2006,0.12780546
Guyana,GUY,2007,0.12816092
Guyana,GUY,2008,0.1285439
Guyana,GUY,2009,0.12897325
Guyana,GUY,2010,0.12946177
Guyana,GUY,2011,0.13000014
Guyana,GUY,2012,0.12997663
Guyana,GUY,2013,0.12932971
Guyana,GUY,2014,0.12860815
Guyana,GUY,2015,0.12783661
Guyana,GUY,2016,0.12703851
Guyana,GUY,2017,0.12622336
Guyana,GUY,2018,0.12254345
Guyana,GUY,2019,0.1200993
Guyana,GUY,2020,0.120126665
Guyana,GUY,2021,0.11894806
Guyana,GUY,2022,0.118057
Guyana,GUY,2023,0.11738325
Haiti,HTI,1961,0.22906417
Haiti,HTI,1962,0.22491144
Haiti,HTI,1963,0.22096366
Haiti,HTI,1964,0.21706392
Haiti,HTI,1965,0.21307726
Haiti,HTI,1966,0.20917395
Haiti,HTI,1967,0.20533885
Haiti,HTI,1968,0.20155294
Haiti,HTI,1969,0.19783115
Haiti,HTI,1970,0.19416957
Haiti,HTI,1971,0.190547
Haiti,HTI,1972,0.15953906
Haiti,HTI,1973,0.15651931
Haiti,HTI,1974,0.15354484
Haiti,HTI,1975,0.15061523
Haiti,HTI,1976,0.14812373
Haiti,HTI,1977,0.14529738
Haiti,HTI,1978,0.14437546
Haiti,HTI,1979,0.14162274
Haiti,HTI,1980,0.13892616
Haiti,HTI,1981,0.13627489
Haiti,HTI,1982,0.13365462
Haiti,HTI,1983,0.13106829
Haiti,HTI,1984,0.12851712
Haiti,HTI,1985,0.12599215
Haiti,HTI,1986,0.1234935
Haiti,HTI,1987,0.12102174
Haiti,HTI,1988,0.11857446
Haiti,HTI,1989,0.11616252
Haiti,HTI,1990,0.11379484
Haiti,HTI,1991,0.111501046
Haiti,HTI,1992,0.10929619
Haiti,HTI,1993,0.107169636
Haiti,HTI,1994,0.10782004
Haiti,HTI,1995,0.10578448
Haiti,HTI,1996,0.10379424
Haiti,HTI,1997,0.11458694
Haiti,HTI,1998,0.112469874
Haiti,HTI,1999,0.11041189
Haiti,HTI,2000,0.10839258
Haiti,HTI,2001,0.10643433
Haiti,HTI,2002,0.10455827
Haiti,HTI,2003,0.10274076
Haiti,HTI,2004,0.10100712
Haiti,HTI,2005,0.11035977
Haiti,HTI,2006,0.10850033
Haiti,HTI,2007,0.106686056
Haiti,HTI,2008,0.10492327
Haiti,HTI,2009,0.105920985
Haiti,HTI,2010,0.120367706
Haiti,HTI,2011,0.11901275
Haiti,HTI,2012,0.117182404
Haiti,HTI,2013,0.1154332
Haiti,HTI,2014,0.113754295
Haiti,HTI,2015,0.11213274
Haiti,HTI,2016,0.11057534
Haiti,HTI,2017,0.10907994
Haiti,HTI,2018,0.107641034
Haiti,HTI,2019,0.09004821
Haiti,HTI,2020,0.08893752
Haiti,HTI,2021,0.08835486
Haiti,HTI,2022,0.08736391
Haiti,HTI,2023,0.08635951
High-income countries,OWID_HIC,1961,0.48789236
High-income countries,OWID_HIC,1962,0.478538
High-income countries,OWID_HIC,1963,0.47529903
High-income countries,OWID_HIC,1964,0.46805838
High-income countries,OWID_HIC,1965,0.46221325
High-income countries,OWID_HIC,1966,0.45641896
High-income countries,OWID_HIC,1967,0.4501098
High-income countries,OWID_HIC,1968,0.45511565
High-income countries,OWID_HIC,1969,0.4576829
High-income countries,OWID_HIC,1970,0.449894
High-income countries,OWID_HIC,1971,0.4391355
High-income countries,OWID_HIC,1972,0.4337035
High-income countries,OWID_HIC,1973,0.4259404
High-income countries,OWID_HIC,1974,0.42120668
High-income countries,OWID_HIC,1975,0.41565794
High-income countries,OWID_HIC,1976,0.41307318
High-income countries,OWID_HIC,1977,0.41043827
High-income countries,OWID_HIC,1978,0.41193914
High-income countries,OWID_HIC,1979,0.4090883
High-income countries,OWID_HIC,1980,0.4064734
High-income countries,OWID_HIC,1981,0.40372983
High-income countries,OWID_HIC,1982,0.40107667
High-income countries,OWID_HIC,1983,0.3978844
High-income countries,OWID_HIC,1984,0.39854604
High-income countries,OWID_HIC,1985,0.39553097
High-income countries,OWID_HIC,1986,0.39284793
High-income countries,OWID_HIC,1987,0.38697457
High-income countries,OWID_HIC,1988,0.38222873
High-income countries,OWID_HIC,1989,0.37779856
High-income countries,OWID_HIC,1990,0.37404922
High-income countries,OWID_HIC,1991,0.37044856
High-income countries,OWID_HIC,1992,0.43190053
High-income countries,OWID_HIC,1993,0.42416885
High-income countries,OWID_HIC,1994,0.4196087
High-income countries,OWID_HIC,1995,0.4140818
High-income countries,OWID_HIC,1996,0.41015676
High-income countries,OWID_HIC,1997,0.40936735
High-income countries,OWID_HIC,1998,0.40463856
High-income countries,OWID_HIC,1999,0.40133554
High-income countries,OWID_HIC,2000,0.3957141
High-income countries,OWID_HIC,2001,0.39162797
High-income countries,OWID_HIC,2002,0.38558713
High-income countries,OWID_HIC,2003,0.37949944
High-income countries,OWID_HIC,2004,0.37684894
High-income countries,OWID_HIC,2005,0.37255335
High-income countries,OWID_HIC,2006,0.3661014
High-income countries,OWID_HIC,2007,0.3595369
High-income countries,OWID_HIC,2008,0.35716352
High-income countries,OWID_HIC,2009,0.35619256
High-income countries,OWID_HIC,2010,0.35116917
High-income countries,OWID_HIC,2011,0.3529959
High-income countries,OWID_HIC,2012,0.35016036
High-income countries,OWID_HIC,2013,0.34804025
High-income countries,OWID_HIC,2014,0.34729433
High-income countries,OWID_HIC,2015,0.3445868
High-income countries,OWID_HIC,2016,0.3418329
High-income countries,OWID_HIC,2017,0.34120643
High-income countries,OWID_HIC,2018,0.33908132
High-income countries,OWID_HIC,2019,0.3369039
High-income countries,OWID_HIC,2020,0.3333553
High-income countries,OWID_HIC,2021,0.33354717
High-income countries,OWID_HIC,2022,0.3361082
High-income countries,OWID_HIC,2023,0.33361316
Honduras,HND,1961,0.6104914
Honduras,HND,1962,0.5980576
Honduras,HND,1963,0.58355063
Honduras,HND,1964,0.56843394
Honduras,HND,1965,0.55444384
Honduras,HND,1966,0.5411258
Honduras,HND,1967,0.5280611
Honduras,HND,1968,0.5136794
Honduras,HND,1969,0.49732444
Honduras,HND,1970,0.48351064
Honduras,HND,1971,0.4702577
Honduras,HND,1972,0.46816224
Honduras,HND,1973,0.4575855
Honduras,HND,1974,0.44647524
Honduras,HND,1975,0.44249812
Honduras,HND,1976,0.43649074
Honduras,HND,1977,0.44223377
Honduras,HND,1978,0.4290446
Honduras,HND,1979,0.4132802
Honduras,HND,1980,0.398157
Honduras,HND,1981,0.38549858
Honduras,HND,1982,0.37284705
Honduras,HND,1983,0.3597198
Honduras,HND,1984,0.34858388
Honduras,HND,1985,0.3365452
Honduras,HND,1986,0.32614812
Honduras,HND,1987,0.31484124
Honduras,HND,1988,0.3039716
Honduras,HND,1989,0.29864693
Honduras,HND,1990,0.29354554
Honduras,HND,1991,0.2911906
Honduras,HND,1992,0.28739825
Honduras,HND,1993,0.31033057
Honduras,HND,1994,0.29573908
Honduras,HND,1995,0.27876326
Honduras,HND,1996,0.27100483
Honduras,HND,1997,0.2503519
Honduras,HND,1998,0.24380733
Honduras,HND,1999,0.2293584
Honduras,HND,2000,0.16236499
Honduras,HND,2001,0.15803508
Honduras,HND,2002,0.1539158
Honduras,HND,2003,0.15001658
Honduras,HND,2004,0.14385544
Honduras,HND,2005,0.14040521
Honduras,HND,2006,0.13713244
Honduras,HND,2007,0.1340175
Honduras,HND,2008,0.1270501
Honduras,HND,2009,0.12429946
Honduras,HND,2010,0.121684775
Honduras,HND,2011,0.11919561
Honduras,HND,2012,0.11680908
Honduras,HND,2013,0.11451998
Honduras,HND,2014,0.11232333
Honduras,HND,2015,0.1102053
Honduras,HND,2016,0.10815543
Honduras,HND,2017,0.10617287
Honduras,HND,2018,0.10424763
Honduras,HND,2019,0.10237707
Honduras,HND,2020,0.100596465
Honduras,HND,2021,0.098932184
Honduras,HND,2022,0.097287126
Honduras,HND,2023,0.09563309
Hong Kong,HKG,1961,0.004103406
Hong Kong,HKG,1962,0.003933196
Hong Kong,HKG,1963,0.0038001696
Hong Kong,HKG,1964,0.0034240712
Hong Kong,HKG,1965,0.003335279
Hong Kong,HKG,1966,0.0033058762
Hong Kong,HKG,1967,0.0032233803
Hong Kong,HKG,1968,0.0031556527
Hong Kong,HKG,1969,0.0031056704
Hong Kong,HKG,1970,0.0030310685
Hong Kong,HKG,1971,0.002719205
Hong Kong,HKG,1972,0.0026675721
Hong Kong,HKG,1973,0.002593361
Hong Kong,HKG,1974,0.0025126776
Hong Kong,HKG,1975,0.0020172135
Hong Kong,HKG,1976,0.001992032
Hong Kong,HKG,1977,0.0017453149
Hong Kong,HKG,1978,0.0017139796
Hong Kong,HKG,1979,0.0016228168
Hong Kong,HKG,1980,0.0015800596
Hong Kong,HKG,1981,0.001350465
Hong Kong,HKG,1982,0.0013296609
Hong Kong,HKG,1983,0.0013096107
Hong Kong,HKG,1984,0.0012968006
Hong Kong,HKG,1985,0.0012829442
Hong Kong,HKG,1986,0.00126706
Hong Kong,HKG,1987,0.0012543679
Hong Kong,HKG,1988,0.0012438695
Hong Kong,HKG,1989,0.0010551863
Hong Kong,HKG,1990,0.0010518013
Hong Kong,HKG,1991,0.0010431154
Hong Kong,HKG,1992,0.0010343936
Hong Kong,HKG,1993,0.0010167768
Hong Kong,HKG,1994,0.0009941346
Hong Kong,HKG,1995,0.00097464304
Hong Kong,HKG,1996,0.0009323285
Hong Kong,HKG,1997,0.0007704991
Hong Kong,HKG,1998,0.0007640937
Hong Kong,HKG,1999,0.0007568304
Hong Kong,HKG,2000,0.00075018755
Hong Kong,HKG,2001,0.00074467924
Hong Kong,HKG,2002,0.00074138877
Hong Kong,HKG,2003,0.00074285374
Hong Kong,HKG,2004,0.0007370826
Hong Kong,HKG,2005,0.00073386956
Hong Kong,HKG,2006,0.000583337
Hong Kong,HKG,2007,0.0005783439
Hong Kong,HKG,2008,0.00057489437
Hong Kong,HKG,2009,0.0005736576
Hong Kong,HKG,2010,0.00049827737
Hong Kong,HKG,2011,0.00049493747
Hong Kong,HKG,2012,0.00043356037
Hong Kong,HKG,2013,0.00043182104
Hong Kong,HKG,2014,0.00042879867
Hong Kong,HKG,2015,0.00042516424
Hong Kong,HKG,2016,0.00040890876
Hong Kong,HKG,2017,0.0004193042
Hong Kong,HKG,2018,0.00040254407
Hong Kong,HKG,2019,0.00039957912
Hong Kong,HKG,2020,0.00026734394
Hong Kong,HKG,2021,0.00026979265
Hong Kong,HKG,2022,0.0002722533
Hong Kong,HKG,2023,0.00026538927
Hungary,HUN,1961,0.5179519
Hungary,HUN,1962,0.51606107
Hungary,HUN,1963,0.51497096
Hungary,HUN,1964,0.515127
Hungary,HUN,1965,0.51527727
Hungary,HUN,1966,0.5133292
Hungary,HUN,1967,0.51044357
Hungary,HUN,1968,0.50771195
Hungary,HUN,1969,0.50491697
Hungary,HUN,1970,0.5023259
Hungary,HUN,1971,0.50002235
Hungary,HUN,1972,0.4978608
Hungary,HUN,1973,0.49616304
Hungary,HUN,1974,0.4894682
Hungary,HUN,1975,0.48650327
Hungary,HUN,1976,0.48194695
Hungary,HUN,1977,0.47623828
Hungary,HUN,1978,0.4722587
Hungary,HUN,1979,0.47056508
Hungary,HUN,1980,0.46932524
Hungary,HUN,1981,0.46966687
Hungary,HUN,1982,0.4688229
Hungary,HUN,1983,0.46962136
Hungary,HUN,1984,0.47121814
Hungary,HUN,1985,0.472921
Hungary,HUN,1986,0.47438687
Hungary,HUN,1987,0.4756547
Hungary,HUN,1988,0.47657305
Hungary,HUN,1989,0.48198202
Hungary,HUN,1990,0.48718005
Hungary,HUN,1991,0.48740047
Hungary,HUN,1992,0.4573097
Hungary,HUN,1993,0.45841077
Hungary,HUN,1994,0.45913535
Hungary,HUN,1995,0.46529347
Hungary,HUN,1996,0.4665783
Hungary,HUN,1997,0.4683938
Hungary,HUN,1998,0.46938753
Hungary,HUN,1999,0.4703283
Hungary,HUN,2000,0.4506917
Hungary,HUN,2001,0.45211932
Hungary,HUN,2002,0.45340857
Hungary,HUN,2003,0.45382068
Hungary,HUN,2004,0.45492566
Hungary,HUN,2005,0.45612872
Hungary,HUN,2006,0.45644236
Hungary,HUN,2007,0.4566528
Hungary,HUN,2008,0.45675573
Hungary,HUN,2009,0.45746383
Hungary,HUN,2010,0.439199
Hungary,HUN,2011,0.44074613
Hungary,HUN,2012,0.4432298
Hungary,HUN,2013,0.43716362
Hungary,HUN,2014,0.43953863
Hungary,HUN,2015,0.44132558
Hungary,HUN,2016,0.44294146
Hungary,HUN,2017,0.44444418
Hungary,HUN,2018,0.44545338
Hungary,HUN,2019,0.44528916
Hungary,HUN,2020,0.416318
Hungary,HUN,2021,0.42983425
Hungary,HUN,2022,0.43286195
Hungary,HUN,2023,0.43203363
Iceland,ISL,1961,0.6702825
Iceland,ISL,1962,0.6579741
Iceland,ISL,1963,0.64636713
Iceland,ISL,1964,0.63497776
Iceland,ISL,1965,0.6240704
Iceland,ISL,1966,0.613591
Iceland,ISL,1967,0.60377055
Iceland,ISL,1968,0.59556895
Iceland,ISL,1969,0.5900604
Iceland,ISL,1970,0.5918665
Iceland,ISL,1971,0.59195143
Iceland,ISL,1972,0.58813125
Iceland,ISL,1973,0.58403236
Iceland,ISL,1974,0.58083075
Iceland,ISL,1975,0.5780373
Iceland,ISL,1976,0.5768689
Iceland,ISL,1977,0.5816077
Iceland,ISL,1978,0.5815592
Iceland,ISL,1979,0.5803265
Iceland,ISL,1980,0.58298045
Iceland,ISL,1981,0.57636887
Iceland,ISL,1982,0.5729924
Iceland,ISL,1983,0.56545573
Iceland,ISL,1984,0.5594733
Iceland,ISL,1985,0.55508375
Iceland,ISL,1986,0.5551443
Iceland,ISL,1987,0.5490952
Iceland,ISL,1988,0.5405622
Iceland,ISL,1989,0.53390914
Iceland,ISL,1990,0.5336975
Iceland,ISL,1991,0.5275469
Iceland,ISL,1992,0.520959
Iceland,ISL,1993,0.51189685
Iceland,ISL,1994,0.5074787
Iceland,ISL,1995,0.50473326
Iceland,ISL,1996,0.49829686
Iceland,ISL,1997,0.49054322
Iceland,ISL,1998,0.4743712
Iceland,ISL,1999,0.4650643
Iceland,ISL,2000,0.45874006
Iceland,ISL,2001,0.4526824
Iceland,ISL,2002,0.44865975
Iceland,ISL,2003,0.44556352
Iceland,ISL,2004,0.4416689
Iceland,ISL,2005,0.4347328
Iceland,ISL,2006,0.42464662
Iceland,ISL,2007,0.4011991
Iceland,ISL,2008,0.39380747
Iceland,ISL,2009,0.38932618
Iceland,ISL,2010,0.3867426
Iceland,ISL,2011,0.3830553
Iceland,ISL,2012,0.37790444
Iceland,ISL,2013,0.37434673
Iceland,ISL,2014,0.3702052
Iceland,ISL,2015,0.36576334
Iceland,ISL,2016,0.36072132
Iceland,ISL,2017,0.35235876
Iceland,ISL,2018,0.34304735
Iceland,ISL,2019,0.33558628
Iceland,ISL,2020,0.33018342
Iceland,ISL,2021,0.32481477
Iceland,ISL,2022,0.31675145
Iceland,ISL,2023,0.3137454
India,IND,1961,0.34889904
India,IND,1962,0.34267613
India,IND,1963,0.33637476
India,IND,1964,0.3291366
India,IND,1965,0.32279748
India,IND,1966,0.3167111
India,IND,1967,0.31231043
India,IND,1968,0.30622503
India,IND,1969,0.29964757
India,IND,1970,0.29413906
India,IND,1971,0.28625163
India,IND,1972,0.28079057
India,IND,1973,0.27601284
India,IND,1974,0.27050218
India,IND,1975,0.26473987
India,IND,1976,0.25893414
India,IND,1977,0.25290063
India,IND,1978,0.24894308
India,IND,1979,0.24352619
India,IND,1980,0.23692885
India,IND,1981,0.23150899
India,IND,1982,0.22663188
India,IND,1983,0.22069167
India,IND,1984,0.21674834
India,IND,1985,0.21166177
India,IND,1986,0.20666634
India,IND,1987,0.20175385
India,IND,1988,0.19685669
India,IND,1989,0.19322501
India,IND,1990,0.188976
India,IND,1991,0.18461014
India,IND,1992,0.1801924
India,IND,1993,0.17631793
India,IND,1994,0.17268515
India,IND,1995,0.16860442
India,IND,1996,0.16436516
India,IND,1997,0.16174111
India,IND,1998,0.1584515
India,IND,1999,0.15504816
India,IND,2000,0.15211886
India,IND,2001,0.14873849
India,IND,2002,0.14616613
India,IND,2003,0.1430861
India,IND,2004,0.1405653
India,IND,2005,0.13808545
India,IND,2006,0.13527569
India,IND,2007,0.13271621
India,IND,2008,0.13079804
India,IND,2009,0.12886235
India,IND,2010,0.12626565
India,IND,2011,0.1244655
India,IND,2012,0.12242834
India,IND,2013,0.1207273
India,IND,2014,0.119230144
India,IND,2015,0.1177787
India,IND,2016,0.11631211
India,IND,2017,0.11465756
India,IND,2018,0.11310295
India,IND,2019,0.11185429
India,IND,2020,0.110096
India,IND,2021,0.10901113
India,IND,2022,0.1080574
India,IND,2023,0.1069967
Indonesia,IDN,1961,0.16061719
Indonesia,IDN,1962,0.15777236
Indonesia,IDN,1963,0.15493391
Indonesia,IDN,1964,0.15208486
Indonesia,IDN,1965,0.14976168
Indonesia,IDN,1966,0.14769919
Indonesia,IDN,1967,0.14531234
Indonesia,IDN,1968,0.14279665
Indonesia,IDN,1969,0.14023213
Indonesia,IDN,1970,0.13771768
Indonesia,IDN,1971,0.13529475
Indonesia,IDN,1972,0.13296536
Indonesia,IDN,1973,0.13071083
Indonesia,IDN,1974,0.12855239
Indonesia,IDN,1975,0.12647957
Indonesia,IDN,1976,0.12446987
Indonesia,IDN,1977,0.12253019
Indonesia,IDN,1978,0.12063158
Indonesia,IDN,1979,0.118771605
Indonesia,IDN,1980,0.11697187
Indonesia,IDN,1981,0.11524093
Indonesia,IDN,1982,0.11356467
Indonesia,IDN,1983,0.111940816
Indonesia,IDN,1984,0.11038821
Indonesia,IDN,1985,0.11452175
Indonesia,IDN,1986,0.11857201
Indonesia,IDN,1987,0.12200945
Indonesia,IDN,1988,0.11962338
Indonesia,IDN,1989,0.115759216
Indonesia,IDN,1990,0.11036991
Indonesia,IDN,1991,0.09680464
Indonesia,IDN,1992,0.09526754
Indonesia,IDN,1993,0.093784355
Indonesia,IDN,1994,0.087114505
Indonesia,IDN,1995,0.08675856
Indonesia,IDN,1996,0.08829043
Indonesia,IDN,1997,0.08686617
Indonesia,IDN,1998,0.08550386
Indonesia,IDN,1999,0.0842282
Indonesia,IDN,2000,0.08303028
Indonesia,IDN,2001,0.08188577
Indonesia,IDN,2002,0.080783114
Indonesia,IDN,2003,0.079720765
Indonesia,IDN,2004,0.0786772
Indonesia,IDN,2005,0.077637345
Indonesia,IDN,2006,0.07657946
Indonesia,IDN,2007,0.0755393
Indonesia,IDN,2008,0.074530765
Indonesia,IDN,2009,0.07355802
Indonesia,IDN,2010,0.07260263
Indonesia,IDN,2011,0.07164806
Indonesia,IDN,2012,0.070699565
Indonesia,IDN,2013,0.069795325
Indonesia,IDN,2014,0.06894745
Indonesia,IDN,2015,0.06814598
Indonesia,IDN,2016,0.06738605
Indonesia,IDN,2017,0.06666935
Indonesia,IDN,2018,0.06599495
Indonesia,IDN,2019,0.06534966
Indonesia,IDN,2020,0.06476622
Indonesia,IDN,2021,0.06428124
Indonesia,IDN,2022,0.06377344
Indonesia,IDN,2023,0.06324158
Iran,IRN,1961,0.6770399
Iran,IRN,1962,0.65722823
Iran,IRN,1963,0.6377821
Iran,IRN,1964,0.618641
Iran,IRN,1965,0.59991264
Iran,IRN,1966,0.581898
Iran,IRN,1967,0.56518537
Iran,IRN,1968,0.5503439
Iran,IRN,1969,0.53477675
Iran,IRN,1970,0.51981294
Iran,IRN,1971,0.51886386
Iran,IRN,1972,0.52478594
Iran,IRN,1973,0.530813
Iran,IRN,1974,0.4991392
Iran,IRN,1975,0.46889368
Iran,IRN,1976,0.44004595
Iran,IRN,1977,0.41657877
Iran,IRN,1978,0.3822603
Iran,IRN,1979,0.39542013
Iran,IRN,1980,0.3258093
Iran,IRN,1981,0.32270116
Iran,IRN,1982,0.3194108
Iran,IRN,1983,0.3128426
Iran,IRN,1984,0.30652383
Iran,IRN,1985,0.30051053
Iran,IRN,1986,0.29448327
Iran,IRN,1987,0.28880328
Iran,IRN,1988,0.2828988
Iran,IRN,1989,0.2715814
Iran,IRN,1990,0.26019144
Iran,IRN,1991,0.27807724
Iran,IRN,1992,0.27733928
Iran,IRN,1993,0.28226385
Iran,IRN,1994,0.28180805
Iran,IRN,1995,0.27952483
Iran,IRN,1996,0.27189323
Iran,IRN,1997,0.2593038
Iran,IRN,1998,0.2609584
Iran,IRN,1999,0.24962796
Iran,IRN,2000,0.22469589
Iran,IRN,2001,0.23514497
Iran,IRN,2002,0.23568137
Iran,IRN,2003,0.23552647
Iran,IRN,2004,0.23293279
Iran,IRN,2005,0.23017341
Iran,IRN,2006,0.22755654
Iran,IRN,2007,0.22611798
Iran,IRN,2008,0.20585531
Iran,IRN,2009,0.20358936
Iran,IRN,2010,0.19878368
Iran,IRN,2011,0.19409673
Iran,IRN,2012,0.18946567
Iran,IRN,2013,0.18264076
Iran,IRN,2014,0.18020406
Iran,IRN,2015,0.17776705
Iran,IRN,2016,0.17523696
Iran,IRN,2017,0.17799103
Iran,IRN,2018,0.18092617
Iran,IRN,2019,0.1794337
Iran,IRN,2020,0.17851557
Iran,IRN,2021,0.17747909
Iran,IRN,2022,0.17536032
Iran,IRN,2023,0.1732615
Iraq,IRQ,1961,0.6393726
Iraq,IRQ,1962,0.6272024
Iraq,IRQ,1963,0.61294264
Iraq,IRQ,1964,0.59902394
Iraq,IRQ,1965,0.5852131
Iraq,IRQ,1966,0.56569725
Iraq,IRQ,1967,0.552463
Iraq,IRQ,1968,0.5338461
Iraq,IRQ,1969,0.5157733
Iraq,IRQ,1970,0.49796566
Iraq,IRQ,1971,0.48105696
Iraq,IRQ,1972,0.47937885
Iraq,IRQ,1973,0.4631401
Iraq,IRQ,1974,0.45667166
Iraq,IRQ,1975,0.44180176
Iraq,IRQ,1976,0.4275779
Iraq,IRQ,1977,0.41359022
Iraq,IRQ,1978,0.40773585
Iraq,IRQ,1979,0.3986222
Iraq,IRQ,1980,0.38625684
Iraq,IRQ,1981,0.37482917
Iraq,IRQ,1982,0.36442938
Iraq,IRQ,1983,0.35376036
Iraq,IRQ,1984,0.3428967
Iraq,IRQ,1985,0.3347482
Iraq,IRQ,1986,0.32661146
Iraq,IRQ,1987,0.31777644
Iraq,IRQ,1988,0.3134459
Iraq,IRQ,1989,0.2879431
Iraq,IRQ,1990,0.2843946
Iraq,IRQ,1991,0.30392992
Iraq,IRQ,1992,0.28960413
Iraq,IRQ,1993,0.2916485
Iraq,IRQ,1994,0.2507472
Iraq,IRQ,1995,0.23048268
Iraq,IRQ,1996,0.2232421
Iraq,IRQ,1997,0.1984074
Iraq,IRQ,1998,0.19227073
Iraq,IRQ,1999,0.18192182
Iraq,IRQ,2000,0.17605594
Iraq,IRQ,2001,0.17064954
Iraq,IRQ,2002,0.17303327
Iraq,IRQ,2003,0.1678938
Iraq,IRQ,2004,0.16317427
Iraq,IRQ,2005,0.16368946
Iraq,IRQ,2006,0.16773531
Iraq,IRQ,2007,0.1743473
Iraq,IRQ,2008,0.13806893
Iraq,IRQ,2009,0.12143107
Iraq,IRQ,2010,0.12884371
Iraq,IRQ,2011,0.13370055
Iraq,IRQ,2012,0.12831734
Iraq,IRQ,2013,0.1293507
Iraq,IRQ,2014,0.13595054
Iraq,IRQ,2015,0.1322931
Iraq,IRQ,2016,0.12916684
Iraq,IRQ,2017,0.1263176
Iraq,IRQ,2018,0.123405516
Iraq,IRQ,2019,0.12062972
Iraq,IRQ,2020,0.11798197
Iraq,IRQ,2021,0.115367085
Iraq,IRQ,2022,0.11275103
Iraq,IRQ,2023,0.11024082
Ireland,IRL,1961,0.23070386
Ireland,IRL,1962,0.22806367
Ireland,IRL,1963,0.21562406
Ireland,IRL,1964,0.20428738
Ireland,IRL,1965,0.19716401
Ireland,IRL,1966,0.177617
Ireland,IRL,1967,0.18194973
Ireland,IRL,1968,0.18161239
Ireland,IRL,1969,0.1757114
Ireland,IRL,1970,0.1799645
Ireland,IRL,1971,0.17897429
Ireland,IRL,1972,0.16783838
Ireland,IRL,1973,0.15625659
Ireland,IRL,1974,0.14996016
Ireland,IRL,1975,0.14343716
Ireland,IRL,1976,0.1463844
Ireland,IRL,1977,0.15318993
Ireland,IRL,1978,0.15238352
Ireland,IRL,1979,0.15359762
Ireland,IRL,1980,0.16218354
Ireland,IRL,1981,0.15380828
Ireland,IRL,1982,0.1483734
Ireland,IRL,1983,0.14171366
Ireland,IRL,1984,0.14562242
Ireland,IRL,1985,0.14261964
Ireland,IRL,1986,0.13162169
Ireland,IRL,1987,0.12372682
Ireland,IRL,1988,0.11946272
Ireland,IRL,1989,0.11802875
Ireland,IRL,1990,0.11229451
Ireland,IRL,1991,0.11083021
Ireland,IRL,1992,0.110413864
Ireland,IRL,1993,0.11293919
Ireland,IRL,1994,0.111492194
Ireland,IRL,1995,0.10989678
Ireland,IRL,1996,0.110982515
Ireland,IRL,1997,0.115617916
Ireland,IRL,1998,0.1201014
Ireland,IRL,1999,0.1243746
Ireland,IRL,2000,0.12827271
Ireland,IRL,2001,0.13170409
Ireland,IRL,2002,0.13179222
Ireland,IRL,2003,0.13292311
Ireland,IRL,2004,0.12816128
Ireland,IRL,2005,0.11747599
Ireland,IRL,2006,0.109294504
Ireland,IRL,2007,0.10580953
Ireland,IRL,2008,0.10817357
Ireland,IRL,2009,0.101995975
Ireland,IRL,2010,0.09623357
Ireland,IRL,2011,0.10024707
Ireland,IRL,2012,0.10492587
Ireland,IRL,2013,0.10252138
Ireland,IRL,2014,0.09987247
Ireland,IRL,2015,0.09634286
Ireland,IRL,2016,0.09679339
Ireland,IRL,2017,0.09549565
Ireland,IRL,2018,0.092077985
Ireland,IRL,2019,0.08901917
Ireland,IRL,2020,0.08809966
Ireland,IRL,2021,0.08531313
Ireland,IRL,2022,0.085558034
Ireland,IRL,2023,0.08265026
Isle of Man,IMN,1961,0.51598525
Isle of Man,IMN,1962,0.5134736
Isle of Man,IMN,1963,0.502533
Isle of Man,IMN,1964,0.48765743
Isle of Man,IMN,1965,0.4871232
Isle of Man,IMN,1966,0.45715186
Isle of Man,IMN,1967,0.44645447
Isle of Man,IMN,1968,0.43107522
Isle of Man,IMN,1969,0.41794577
Isle of Man,IMN,1970,0.39421338
Isle of Man,IMN,1971,0.37570667
Isle of Man,IMN,1972,0.3660641
Isle of Man,IMN,1973,0.35704476
Isle of Man,IMN,1974,0.35678655
Isle of Man,IMN,1975,0.3485715
Isle of Man,IMN,1976,0.3489712
Isle of Man,IMN,1977,0.34759444
Isle of Man,IMN,1978,0.34616494
Isle of Man,IMN,1979,0.34630528
Isle of Man,IMN,1980,0.34646356
Isle of Man,IMN,1981,0.34057838
Isle of Man,IMN,1982,0.33701265
Isle of Man,IMN,1983,0.33266285
Isle of Man,IMN,1984,0.33008927
Isle of Man,IMN,1985,0.32763466
Isle of Man,IMN,1986,0.32305434
Isle of Man,IMN,1987,0.3155632
Isle of Man,IMN,1988,0.30743852
Isle of Man,IMN,1989,0.29945418
Isle of Man,IMN,1990,0.2916594
Isle of Man,IMN,1991,0.28506762
Isle of Man,IMN,1992,0.28001648
Isle of Man,IMN,1993,0.2755327
Isle of Man,IMN,1994,0.2711893
Isle of Man,IMN,1995,0.2670843
Isle of Man,IMN,1996,0.26232874
Isle of Man,IMN,1997,0.25648412
Isle of Man,IMN,1998,0.2504705
Isle of Man,IMN,1999,0.24468511
Isle of Man,IMN,2000,0.23923129
Isle of Man,IMN,2001,0.23406036
Isle of Man,IMN,2002,0.23940472
Isle of Man,IMN,2003,0.22511499
Isle of Man,IMN,2004,0.22971876
Isle of Man,IMN,2005,0.22398008
Isle of Man,IMN,2006,0.3482203
Isle of Man,IMN,2007,0.3391376
Isle of Man,IMN,2008,0.3325653
Isle of Man,IMN,2009,0.30890173
Isle of Man,IMN,2010,0.30260035
Isle of Man,IMN,2011,0.2959162
Isle of Man,IMN,2012,0.25493568
Isle of Man,IMN,2013,0.2602774
Isle of Man,IMN,2014,0.26343393
Isle of Man,IMN,2015,0.28590912
Isle of Man,IMN,2016,0.2755613
Isle of Man,IMN,2017,0.2774821
Isle of Man,IMN,2018,0.2863791
Isle of Man,IMN,2019,0.28586063
Isle of Man,IMN,2020,0.28430718
Isle of Man,IMN,2021,0.2758424
Isle of Man,IMN,2022,0.28645462
Isle of Man,IMN,2023,0.27849936
Israel,ISR,1961,0.14553776
Israel,ISR,1962,0.13475797
Israel,ISR,1963,0.1345103
Israel,ISR,1964,0.13010101
Israel,ISR,1965,0.12173235
Israel,ISR,1966,0.12248003
Israel,ISR,1967,0.11766849
Israel,ISR,1968,0.11487692
Israel,ISR,1969,0.11157456
Israel,ISR,1970,0.10928043
Israel,ISR,1971,0.10622352
Israel,ISR,1972,0.103240155
Israel,ISR,1973,0.1018914
Israel,ISR,1974,0.10038496
Israel,ISR,1975,0.097250365
Israel,ISR,1976,0.09198981
Israel,ISR,1977,0.089952946
Israel,ISR,1978,0.08807588
Israel,ISR,1979,0.08584258
Israel,ISR,1980,0.08380608
Israel,ISR,1981,0.08215369
Israel,ISR,1982,0.080625154
Israel,ISR,1983,0.07673569
Israel,ISR,1984,0.07886511
Israel,ISR,1985,0.077250175
Israel,ISR,1986,0.07862294
Israel,ISR,1987,0.07759213
Israel,ISR,1988,0.076316975
Israel,ISR,1989,0.07481186
Israel,ISR,1990,0.07360515
Israel,ISR,1991,0.07011517
Israel,ISR,1992,0.06773375
Israel,ISR,1993,0.06595704
Israel,ISR,1994,0.0646416
Israel,ISR,1995,0.062218215
Israel,ISR,1996,0.059030216
Israel,ISR,1997,0.05757368
Israel,ISR,1998,0.056104504
Israel,ISR,1999,0.05436735
Israel,ISR,2000,0.053744633
Israel,ISR,2001,0.053113837
Israel,ISR,2002,0.053120244
Israel,ISR,2003,0.0499275
Israel,ISR,2004,0.04567484
Israel,ISR,2005,0.0448767
Israel,ISR,2006,0.04295618
Israel,ISR,2007,0.042589936
Israel,ISR,2008,0.04100536
Israel,ISR,2009,0.040651385
Israel,ISR,2010,0.038511988
Israel,ISR,2011,0.03807721
Israel,ISR,2012,0.037266925
Israel,ISR,2013,0.03546126
Israel,ISR,2014,0.036576312
Israel,ISR,2015,0.035464972
Israel,ISR,2016,0.034519073
Israel,ISR,2017,0.04441486
Israel,ISR,2018,0.043173324
Israel,ISR,2019,0.041749503
Israel,ISR,2020,0.029885732
Israel,ISR,2021,0.029077832
Israel,ISR,2022,0.02809312
Israel,ISR,2023,0.027556097
Italy,ITA,1961,0.25450987
Italy,ITA,1962,0.25147676
Italy,ITA,1963,0.24728791
Italy,ITA,1964,0.24379128
Italy,ITA,1965,0.24032691
Italy,ITA,1966,0.23694283
Italy,ITA,1967,0.23419438
Italy,ITA,1968,0.23191182
Italy,ITA,1969,0.22826798
Italy,ITA,1970,0.2226605
Italy,ITA,1971,0.17589025
Italy,ITA,1972,0.17272468
Italy,ITA,1973,0.16963948
Italy,ITA,1974,0.1690955
Italy,ITA,1975,0.16828701
Italy,ITA,1976,0.16805981
Italy,ITA,1977,0.16725817
Italy,ITA,1978,0.1683016
Italy,ITA,1979,0.16825956
Italy,ITA,1980,0.16803734
Italy,ITA,1981,0.16753486
Italy,ITA,1982,0.1672693
Italy,ITA,1983,0.16137451
Italy,ITA,1984,0.16079052
Italy,ITA,1985,0.15991357
Italy,ITA,1986,0.16054094
Italy,ITA,1987,0.16015355
Italy,ITA,1988,0.1581867
Italy,ITA,1989,0.15868568
Italy,ITA,1990,0.15888788
Italy,ITA,1991,0.15680465
Italy,ITA,1992,0.15405719
Italy,ITA,1993,0.15044388
Italy,ITA,1994,0.14652537
Italy,ITA,1995,0.1457138
Italy,ITA,1996,0.14653462
Italy,ITA,1997,0.14506848
Italy,ITA,1998,0.14636226
Italy,ITA,1999,0.1501327
Italy,ITA,2000,0.14890562
Italy,ITA,2001,0.14635736
Italy,ITA,2002,0.14515722
Italy,ITA,2003,0.1386605
Italy,ITA,2004,0.13797772
Italy,ITA,2005,0.13375355
Italy,ITA,2006,0.12630168
Italy,ITA,2007,0.1220466
Italy,ITA,2008,0.12663148
Italy,ITA,2009,0.11721849
Italy,ITA,2010,0.11772099
Italy,ITA,2011,0.11194992
Italy,ITA,2012,0.1182564
Italy,ITA,2013,0.11319545
Italy,ITA,2014,0.11153715
Italy,ITA,2015,0.109597266
Italy,ITA,2016,0.11140273
Italy,ITA,2017,0.11226695
Italy,ITA,2018,0.11227976
Italy,ITA,2019,0.115759075
Italy,ITA,2020,0.12112303
Italy,ITA,2021,0.12163751
Italy,ITA,2022,0.120048076
Italy,ITA,2023,0.120108016
Jamaica,JAM,1961,0.099207476
Jamaica,JAM,1962,0.097823605
Jamaica,JAM,1963,0.09645
Jamaica,JAM,1964,0.09509799
Jamaica,JAM,1965,0.08478446
Jamaica,JAM,1966,0.083729886
Jamaica,JAM,1967,0.085500024
Jamaica,JAM,1968,0.084525555
Jamaica,JAM,1969,0.083552234
Jamaica,JAM,1970,0.07720174
Jamaica,JAM,1971,0.07616635
Jamaica,JAM,1972,0.075069554
Jamaica,JAM,1973,0.07393361
Jamaica,JAM,1974,0.07283116
Jamaica,JAM,1975,0.071818404
Jamaica,JAM,1976,0.07088461
Jamaica,JAM,1977,0.070026085
Jamaica,JAM,1978,0.06921783
Jamaica,JAM,1979,0.063694686
Jamaica,JAM,1980,0.06291776
Jamaica,JAM,1981,0.062102716
Jamaica,JAM,1982,0.05671792
Jamaica,JAM,1983,0.051458005
Jamaica,JAM,1984,0.050782446
Jamaica,JAM,1985,0.05020396
Jamaica,JAM,1986,0.049737796
Jamaica,JAM,1987,0.049360186
Jamaica,JAM,1988,0.04902427
Jamaica,JAM,1989,0.05080621
Jamaica,JAM,1990,0.050002582
Jamaica,JAM,1991,0.052480996
Jamaica,JAM,1992,0.05608939
Jamaica,JAM,1993,0.071022846
Jamaica,JAM,1994,0.06504472
Jamaica,JAM,1995,0.06319618
Jamaica,JAM,1996,0.061399195
Jamaica,JAM,1997,0.058873214
Jamaica,JAM,1998,0.05642603
Jamaica,JAM,1999,0.055216726
Jamaica,JAM,2000,0.053684562
Jamaica,JAM,2001,0.053345464
Jamaica,JAM,2002,0.051125288
Jamaica,JAM,2003,0.050816394
Jamaica,JAM,2004,0.049771257
Jamaica,JAM,2005,0.0476356
Jamaica,JAM,2006,0.047390416
Jamaica,JAM,2007,0.046060875
Jamaica,JAM,2008,0.04402644
Jamaica,JAM,2009,0.043843705
Jamaica,JAM,2010,0.0436591
Jamaica,JAM,2011,0.04347048
Jamaica,JAM,2012,0.04328333
Jamaica,JAM,2013,0.043108296
Jamaica,JAM,2014,0.042953037
Jamaica,JAM,2015,0.042818394
Jamaica,JAM,2016,0.04270592
Jamaica,JAM,2017,0.04261721
Jamaica,JAM,2018,0.042551726
Jamaica,JAM,2019,0.04250389
Jamaica,JAM,2020,0.04239176
Jamaica,JAM,2021,0.042288035
Jamaica,JAM,2022,0.04226626
Jamaica,JAM,2023,0.042256705
Japan,JPN,1961,0.060177557
Japan,JPN,1962,0.059199646
Japan,JPN,1963,0.058081336
Japan,JPN,1964,0.057067376
Japan,JPN,1965,0.05592535
Japan,JPN,1966,0.055163834
Japan,JPN,1967,0.05383514
Japan,JPN,1968,0.052667532
Japan,JPN,1969,0.050499417
Japan,JPN,1970,0.050249994
Japan,JPN,1971,0.04848766
Japan,JPN,1972,0.04717879
Japan,JPN,1973,0.046133183
Japan,JPN,1974,0.045187995
Japan,JPN,1975,0.04432076
Japan,JPN,1976,0.04363556
Japan,JPN,1977,0.043127373
Japan,JPN,1978,0.04262355
Japan,JPN,1979,0.042126153
Japan,JPN,1980,0.04172695
Japan,JPN,1981,0.041313604
Japan,JPN,1982,0.04095206
Japan,JPN,1983,0.040592756
Japan,JPN,1984,0.040272146
Japan,JPN,1985,0.039971203
Japan,JPN,1986,0.03967666
Japan,JPN,1987,0.039436713
Japan,JPN,1988,0.03920769
Japan,JPN,1989,0.038937505
Japan,JPN,1990,0.038614165
Japan,JPN,1991,0.03823691
Japan,JPN,1992,0.037886277
Japan,JPN,1993,0.037531342
Japan,JPN,1994,0.03722699
Japan,JPN,1995,0.036900662
Japan,JPN,1996,0.036594383
Japan,JPN,1997,0.036245506
Japan,JPN,1998,0.035878163
Japan,JPN,1999,0.035560012
Japan,JPN,2000,0.03527195
Japan,JPN,2001,0.03495112
Japan,JPN,2002,0.03467378
Japan,JPN,2003,0.03442741
Japan,JPN,2004,0.034274936
Japan,JPN,2005,0.034123015
Japan,JPN,2006,0.033968434
Japan,JPN,2007,0.033796612
Japan,JPN,2008,0.03363969
Japan,JPN,2009,0.03353456
Japan,JPN,2010,0.03343484
Japan,JPN,2011,0.03327779
Japan,JPN,2012,0.033268303
Japan,JPN,2013,0.03325356
Japan,JPN,2014,0.033172004
Japan,JPN,2015,0.03307352
Japan,JPN,2016,0.032925177
Japan,JPN,2017,0.032771006
Japan,JPN,2018,0.032662783
Japan,JPN,2019,0.03256655
Japan,JPN,2020,0.0325041
Japan,JPN,2021,0.032510728
Japan,JPN,2022,0.032495506
Japan,JPN,2023,0.032477584
Jordan,JOR,1961,0.30080515
Jordan,JOR,1962,0.28919128
Jordan,JOR,1963,0.27723786
Jordan,JOR,1964,0.26553628
Jordan,JOR,1965,0.25103688
Jordan,JOR,1966,0.23592111
Jordan,JOR,1967,0.21948059
Jordan,JOR,1968,0.20474185
Jordan,JOR,1969,0.19143303
Jordan,JOR,1970,0.18145075
Jordan,JOR,1971,0.17323701
Jordan,JOR,1972,0.16739038
Jordan,JOR,1973,0.1619712
Jordan,JOR,1974,0.1576788
Jordan,JOR,1975,0.15323411
Jordan,JOR,1976,0.14962897
Jordan,JOR,1977,0.1456165
Jordan,JOR,1978,0.14206216
Jordan,JOR,1979,0.13789056
Jordan,JOR,1980,0.1338295
Jordan,JOR,1981,0.12496146
Jordan,JOR,1982,0.12200614
Jordan,JOR,1983,0.11981207
Jordan,JOR,1984,0.0798964
Jordan,JOR,1985,0.099610984
Jordan,JOR,1986,0.09512397
Jordan,JOR,1987,0.09942139
Jordan,JOR,1988,0.09645983
Jordan,JOR,1989,0.087412715
Jordan,JOR,1990,0.049476683
Jordan,JOR,1991,0.038159467
Jordan,JOR,1992,0.0629165
Jordan,JOR,1993,0.05266765
Jordan,JOR,1994,0.046257667
Jordan,JOR,1995,0.05302923
Jordan,JOR,1996,0.036641102
Jordan,JOR,1997,0.037056964
Jordan,JOR,1998,0.03679116
Jordan,JOR,1999,0.0360091
Jordan,JOR,2000,0.035270456
Jordan,JOR,2001,0.034916114
Jordan,JOR,2002,0.034721814
Jordan,JOR,2003,0.03082642
Jordan,JOR,2004,0.035531763
Jordan,JOR,2005,0.030682035
Jordan,JOR,2006,0.029561076
Jordan,JOR,2007,0.02055007
Jordan,JOR,2008,0.021388106
Jordan,JOR,2009,0.028116345
Jordan,JOR,2010,0.024338625
Jordan,JOR,2011,0.023474606
Jordan,JOR,2012,0.028601076
Jordan,JOR,2013,0.028904594
Jordan,JOR,2014,0.027014084
Jordan,JOR,2015,0.023877053
Jordan,JOR,2016,0.023710903
Jordan,JOR,2017,0.018272022
Jordan,JOR,2018,0.019211825
Jordan,JOR,2019,0.020127641
Jordan,JOR,2020,0.018959565
Jordan,JOR,2021,0.018000506
Jordan,JOR,2022,0.018000396
Jordan,JOR,2023,0.017833395
Kazakhstan,KAZ,1992,2.0224864
Kazakhstan,KAZ,1993,2.028425
Kazakhstan,KAZ,1994,2.034937
Kazakhstan,KAZ,1995,2.0750382
Kazakhstan,KAZ,1996,2.0106936
Kazakhstan,KAZ,1997,2.0290027
Kazakhstan,KAZ,1998,2.0549107
Kazakhstan,KAZ,1999,2.0740528
Kazakhstan,KAZ,2000,1.9456228
Kazakhstan,KAZ,2001,1.8849864
Kazakhstan,KAZ,2002,1.8104672
Kazakhstan,KAZ,2003,1.799893
Kazakhstan,KAZ,2004,1.7967517
Kazakhstan,KAZ,2005,1.7887081
Kazakhstan,KAZ,2006,1.7769811
Kazakhstan,KAZ,2007,1.7617533
Kazakhstan,KAZ,2008,1.7362041
Kazakhstan,KAZ,2009,1.7219293
Kazakhstan,KAZ,2010,1.7036363
Kazakhstan,KAZ,2011,1.7098674
Kazakhstan,KAZ,2012,1.694922
Kazakhstan,KAZ,2013,1.6742914
Kazakhstan,KAZ,2014,1.6541159
Kazakhstan,KAZ,2015,1.6368515
Kazakhstan,KAZ,2016,1.6141824
Kazakhstan,KAZ,2017,1.590023
Kazakhstan,KAZ,2018,1.5712475
Kazakhstan,KAZ,2019,1.5293587
Kazakhstan,KAZ,2020,1.5169399
Kazakhstan,KAZ,2021,1.50275
Kazakhstan,KAZ,2022,1.4809223
Kazakhstan,KAZ,2023,1.4593973
Kenya,KEN,1961,0.43816987
Kenya,KEN,1962,0.4217219
Kenya,KEN,1963,0.40565738
Kenya,KEN,1964,0.3900358
Kenya,KEN,1965,0.37480947
Kenya,KEN,1966,0.36016324
Kenya,KEN,1967,0.3461557
Kenya,KEN,1968,0.33273685
Kenya,KEN,1969,0.3199358
Kenya,KEN,1970,0.30786034
Kenya,KEN,1971,0.29688933
Kenya,KEN,1972,0.2867428
Kenya,KEN,1973,0.27701193
Kenya,KEN,1974,0.26778722
Kenya,KEN,1975,0.28123835
Kenya,KEN,1976,0.27225265
Kenya,KEN,1977,0.2633618
Kenya,KEN,1978,0.25445077
Kenya,KEN,1979,0.24578501
Kenya,KEN,1980,0.23722632
Kenya,KEN,1981,0.22889489
Kenya,KEN,1982,0.22085094
Kenya,KEN,1983,0.21292841
Kenya,KEN,1984,0.20118925
Kenya,KEN,1985,0.23820724
Kenya,KEN,1986,0.23078494
Kenya,KEN,1987,0.22579445
Kenya,KEN,1988,0.22859852
Kenya,KEN,1989,0.23839843
Kenya,KEN,1990,0.21797389
Kenya,KEN,1991,0.21554974
Kenya,KEN,1992,0.21704127
Kenya,KEN,1993,0.20145567
Kenya,KEN,1994,0.21085094
Kenya,KEN,1995,0.20442264
Kenya,KEN,1996,0.17082226
Kenya,KEN,1997,0.17130595
Kenya,KEN,1998,0.16193543
Kenya,KEN,1999,0.1713897
Kenya,KEN,2000,0.15961288
Kenya,KEN,2001,0.1621801
Kenya,KEN,2002,0.15602298
Kenya,KEN,2003,0.15291709
Kenya,KEN,2004,0.15146865
Kenya,KEN,2005,0.14705355
Kenya,KEN,2006,0.1438868
Kenya,KEN,2007,0.1393404
Kenya,KEN,2008,0.13518219
Kenya,KEN,2009,0.13610867
Kenya,KEN,2010,0.13349953
Kenya,KEN,2011,0.14206055
Kenya,KEN,2012,0.1456264
Kenya,KEN,2013,0.14312384
Kenya,KEN,2014,0.1387648
Kenya,KEN,2015,0.13505451
Kenya,KEN,2016,0.1348398
Kenya,KEN,2017,0.12489773
Kenya,KEN,2018,0.13101049
Kenya,KEN,2019,0.1295272
Kenya,KEN,2020,0.12701067
Kenya,KEN,2021,0.124619745
Kenya,KEN,2022,0.12224623
Kenya,KEN,2023,0.119846016
Kiribati,KIR,1961,0.041388158
Kiribati,KIR,1962,0.040373046
Kiribati,KIR,1963,0.039377056
Kiribati,KIR,1964,0.03839656
Kiribati,KIR,1965,0.03742585
Kiribati,KIR,1966,0.036747817
Kiribati,KIR,1967,0.03636628
Kiribati,KIR,1968,0.036017217
Kiribati,KIR,1969,0.03548616
Kiribati,KIR,1970,0.03477656
Kiribati,KIR,1971,0.034099434
Kiribati,KIR,1972,0.033457126
Kiribati,KIR,1973,0.032881755
Kiribati,KIR,1974,0.032669596
Kiribati,KIR,1975,0.032793876
Kiribati,KIR,1976,0.03297011
Kiribati,KIR,1977,0.033185657
Kiribati,KIR,1978,0.03340906
Kiribati,KIR,1979,0.03323805
Kiribati,KIR,1980,0.03270753
Kiribati,KIR,1981,0.032195233
Kiribati,KIR,1982,0.03167865
Kiribati,KIR,1983,0.031167697
Kiribati,KIR,1984,0.03066168
Kiribati,KIR,1985,0.030076997
Kiribati,KIR,1986,0.029386267
Kiribati,KIR,1987,0.028680826
Kiribati,KIR,1988,0.028000616
Kiribati,KIR,1989,0.027342202
Kiribati,KIR,1990,0.026718322
Kiribati,KIR,1991,0.026189324
Kiribati,KIR,1992,0.025759585
Kiribati,KIR,1993,0.025367511
Kiribati,KIR,1994,0.02499344
Kiribati,KIR,1995,0.024620233
Kiribati,KIR,1996,0.024206335
Kiribati,KIR,1997,0.02376793
Kiribati,KIR,1998,0.023348939
Kiribati,KIR,1999,0.02295526
Kiribati,KIR,2000,0.022570051
Kiribati,KIR,2001,0.022139814
Kiribati,KIR,2002,0.021676928
Kiribati,KIR,2003,0.021237059
Kiribati,KIR,2004,0.020814903
Kiribati,KIR,2005,0.020400878
Kiribati,KIR,2006,0.0199966
Kiribati,KIR,2007,0.01959478
Kiribati,KIR,2008,0.019189807
Kiribati,KIR,2009,0.018785164
Kiribati,KIR,2010,0.018398587
Kiribati,KIR,2011,0.018075502
Kiribati,KIR,2012,0.017811976
Kiribati,KIR,2013,0.017568827
Kiribati,KIR,2014,0.017342143
Kiribati,KIR,2015,0.01712109
Kiribati,KIR,2016,0.016880771
Kiribati,KIR,2017,0.01662856
Kiribati,KIR,2018,0.016382163
Kiribati,KIR,2019,0.016139315
Kiribati,KIR,2020,0.015860554
Kiribati,KIR,2021,0.015579115
Kiribati,KIR,2022,0.015329312
Kiribati,KIR,2023,0.015090923
Kuwait,KWT,1961,0.002890633
Kuwait,KWT,1962,0.0025974363
Kuwait,KWT,1963,0.0023381202
Kuwait,KWT,1964,0.002113651
Kuwait,KWT,1965,0.001918745
Kuwait,KWT,1966,0.0017464503
Kuwait,KWT,1967,0.0015921311
Kuwait,KWT,1968,0.0014540886
Kuwait,KWT,1969,0.0013343083
Kuwait,KWT,1970,0.0012359198
Kuwait,KWT,1971,0.0011559678
Kuwait,KWT,1972,0.0010865408
Kuwait,KWT,1973,0.0010228568
Kuwait,KWT,1974,0.00096307014
Kuwait,KWT,1975,0.0009050896
Kuwait,KWT,1976,0.0008483844
Kuwait,KWT,1977,0.000794898
Kuwait,KWT,1978,0.0007460911
Kuwait,KWT,1979,0.00070248696
Kuwait,KWT,1980,0.0006645481
Kuwait,KWT,1981,0.001263084
Kuwait,KWT,1982,0.001203022
Kuwait,KWT,1983,0.001146595
Kuwait,KWT,1984,0.0016477287
Kuwait,KWT,1985,0.001583747
Kuwait,KWT,1986,0.002027863
Kuwait,KWT,1987,0.001948374
Kuwait,KWT,1988,0.0018737934
Kuwait,KWT,1989,0.0018038591
Kuwait,KWT,1990,0.0023741422
Kuwait,KWT,1991,0.0029598956
Kuwait,KWT,1992,0.0024465416
Kuwait,KWT,1993,0.0029901606
Kuwait,KWT,1994,0.003004156
Kuwait,KWT,1995,0.0029735125
Kuwait,KWT,1996,0.0034677149
Kuwait,KWT,1997,0.0033562998
Kuwait,KWT,1998,0.0032532632
Kuwait,KWT,1999,0.0036841524
Kuwait,KWT,2000,0.005115851
Kuwait,KWT,2001,0.0064737136
Kuwait,KWT,2002,0.005825316
Kuwait,KWT,2003,0.0056875246
Kuwait,KWT,2004,0.005098919
Kuwait,KWT,2005,0.004917766
Kuwait,KWT,2006,0.004651688
Kuwait,KWT,2007,0.004505785
Kuwait,KWT,2008,0.0042618657
Kuwait,KWT,2009,0.003756058
Kuwait,KWT,2010,0.0033974638
Kuwait,KWT,2011,0.0033516192
Kuwait,KWT,2012,0.0029966058
Kuwait,KWT,2013,0.0033068745
Kuwait,KWT,2014,0.002591468
Kuwait,KWT,2015,0.0020080458
Kuwait,KWT,2016,0.001997954
Kuwait,KWT,2017,0.002069889
Kuwait,KWT,2018,0.0018503463
Kuwait,KWT,2019,0.0018008625
Kuwait,KWT,2020,0.0018180715
Kuwait,KWT,2021,0.0018344985
Kuwait,KWT,2022,0.001743055
Kuwait,KWT,2023,0.0016483222
Kyrgyzstan,KGZ,1992,0.29233292
Kyrgyzstan,KGZ,1993,0.29932848
Kyrgyzstan,KGZ,1994,0.29988468
Kyrgyzstan,KGZ,1995,0.2973388
Kyrgyzstan,KGZ,1996,0.29318747
Kyrgyzstan,KGZ,1997,0.28915635
Kyrgyzstan,KGZ,1998,0.2851742
Kyrgyzstan,KGZ,1999,0.28261998
Kyrgyzstan,KGZ,2000,0.27682725
Kyrgyzstan,KGZ,2001,0.27178568
Kyrgyzstan,KGZ,2002,0.26950106
Kyrgyzstan,KGZ,2003,0.26649174
Kyrgyzstan,KGZ,2004,0.26132712
Kyrgyzstan,KGZ,2005,0.24870996
Kyrgyzstan,KGZ,2006,0.2459962
Kyrgyzstan,KGZ,2007,0.24295871
Kyrgyzstan,KGZ,2008,0.24056499
Kyrgyzstan,KGZ,2009,0.23675038
Kyrgyzstan,KGZ,2010,0.23343447
Kyrgyzstan,KGZ,2011,0.23003335
Kyrgyzstan,KGZ,2012,0.22586392
Kyrgyzstan,KGZ,2013,0.22133751
Kyrgyzstan,KGZ,2014,0.21683592
Kyrgyzstan,KGZ,2015,0.21201861
Kyrgyzstan,KGZ,2016,0.20853919
Kyrgyzstan,KGZ,2017,0.20419566
Kyrgyzstan,KGZ,2018,0.1998734
Kyrgyzstan,KGZ,2019,0.19535035
Kyrgyzstan,KGZ,2020,0.19138952
Kyrgyzstan,KGZ,2021,0.18790802
Kyrgyzstan,KGZ,2022,0.18442214
Kyrgyzstan,KGZ,2023,0.18118736
Laos,LAO,1961,0.2949586
Laos,LAO,1962,0.28829998
Laos,LAO,1963,0.28180662
Laos,LAO,1964,0.27552646
Laos,LAO,1965,0.2693376
Laos,LAO,1966,0.26737043
Laos,LAO,1967,0.26128396
Laos,LAO,1968,0.25840634
Laos,LAO,1969,0.25316855
Laos,LAO,1970,0.24909148
Laos,LAO,1971,0.2450059
Laos,LAO,1972,0.24985187
Laos,LAO,1973,0.250821
Laos,LAO,1974,0.25172114
Laos,LAO,1975,0.24954076
Laos,LAO,1976,0.24797088
Laos,LAO,1977,0.2468801
Laos,LAO,1978,0.24434538
Laos,LAO,1979,0.24162057
Laos,LAO,1980,0.2368968
Laos,LAO,1981,0.23168562
Laos,LAO,1982,0.22753452
Laos,LAO,1983,0.22168873
Laos,LAO,1984,0.21716166
Laos,LAO,1985,0.21176556
Laos,LAO,1986,0.20614992
Laos,LAO,1987,0.20037335
Laos,LAO,1988,0.19520694
Laos,LAO,1989,0.18969338
Laos,LAO,1990,0.18529879
Laos,LAO,1991,0.18015304
Laos,LAO,1992,0.1752329
Laos,LAO,1993,0.1705421
Laos,LAO,1994,0.17092168
Laos,LAO,1995,0.16797146
Laos,LAO,1996,0.16330808
Laos,LAO,1997,0.16576052
Laos,LAO,1998,0.16424473
Laos,LAO,1999,0.1642081
Laos,LAO,2000,0.16939129
Laos,LAO,2001,0.17567748
Laos,LAO,2002,0.18089825
Laos,LAO,2003,0.18603198
Laos,LAO,2004,0.19112271
Laos,LAO,2005,0.19592734
Laos,LAO,2006,0.20123424
Laos,LAO,2007,0.20474763
Laos,LAO,2008,0.20979127
Laos,LAO,2009,0.21789138
Laos,LAO,2010,0.22102259
Laos,LAO,2011,0.22220182
Laos,LAO,2012,0.22442935
Laos,LAO,2013,0.22659397
Laos,LAO,2014,0.22413269
Laos,LAO,2015,0.22151995
Laos,LAO,2016,0.21870652
Laos,LAO,2017,0.20506838
Laos,LAO,2018,0.19183381
Laos,LAO,2019,0.17900872
Laos,LAO,2020,0.1666092
Laos,LAO,2021,0.1642249
Laos,LAO,2022,0.16192603
Laos,LAO,2023,0.15968703
Latin America and Caribbean (WB),WB_LAC,1961,0.3951868
Latin America and Caribbean (WB),WB_LAC,1962,0.38867334
Latin America and Caribbean (WB),WB_LAC,1963,0.3822601
Latin America and Caribbean (WB),WB_LAC,1964,0.3762318
Latin America and Caribbean (WB),WB_LAC,1965,0.36986876
Latin America and Caribbean (WB),WB_LAC,1966,0.36587712
Latin America and Caribbean (WB),WB_LAC,1967,0.36147016
Latin America and Caribbean (WB),WB_LAC,1968,0.3604417
Latin America and Caribbean (WB),WB_LAC,1969,0.35364836
Latin America and Caribbean (WB),WB_LAC,1970,0.34445274
Latin America and Caribbean (WB),WB_LAC,1971,0.34059846
Latin America and Caribbean (WB),WB_LAC,1972,0.3395774
Latin America and Caribbean (WB),WB_LAC,1973,0.33702603
Latin America and Caribbean (WB),WB_LAC,1974,0.33351612
Latin America and Caribbean (WB),WB_LAC,1975,0.33118525
Latin America and Caribbean (WB),WB_LAC,1976,0.33386934
Latin America and Caribbean (WB),WB_LAC,1977,0.335752
Latin America and Caribbean (WB),WB_LAC,1978,0.3368898
Latin America and Caribbean (WB),WB_LAC,1979,0.3370707
Latin America and Caribbean (WB),WB_LAC,1980,0.33819467
Latin America and Caribbean (WB),WB_LAC,1981,0.33400783
Latin America and Caribbean (WB),WB_LAC,1982,0.33034793
Latin America and Caribbean (WB),WB_LAC,1983,0.327702
Latin America and Caribbean (WB),WB_LAC,1984,0.3239367
Latin America and Caribbean (WB),WB_LAC,1985,0.3220262
Latin America and Caribbean (WB),WB_LAC,1986,0.31406385
Latin America and Caribbean (WB),WB_LAC,1987,0.3073773
Latin America and Caribbean (WB),WB_LAC,1988,0.30019766
Latin America and Caribbean (WB),WB_LAC,1989,0.29363492
Latin America and Caribbean (WB),WB_LAC,1990,0.28750318
Latin America and Caribbean (WB),WB_LAC,1991,0.28131762
Latin America and Caribbean (WB),WB_LAC,1992,0.2741016
Latin America and Caribbean (WB),WB_LAC,1993,0.2674675
Latin America and Caribbean (WB),WB_LAC,1994,0.26157755
Latin America and Caribbean (WB),WB_LAC,1995,0.25676697
Latin America and Caribbean (WB),WB_LAC,1996,0.2538745
Latin America and Caribbean (WB),WB_LAC,1997,0.25261885
Latin America and Caribbean (WB),WB_LAC,1998,0.25116134
Latin America and Caribbean (WB),WB_LAC,1999,0.24905829
Latin America and Caribbean (WB),WB_LAC,2000,0.24676576
Latin America and Caribbean (WB),WB_LAC,2001,0.24504094
Latin America and Caribbean (WB),WB_LAC,2002,0.2425806
Latin America and Caribbean (WB),WB_LAC,2003,0.24499853
Latin America and Caribbean (WB),WB_LAC,2004,0.24519153
Latin America and Caribbean (WB),WB_LAC,2005,0.24685495
Latin America and Caribbean (WB),WB_LAC,2006,0.2477893
Latin America and Caribbean (WB),WB_LAC,2007,0.24921733
Latin America and Caribbean (WB),WB_LAC,2008,0.24545334
Latin America and Caribbean (WB),WB_LAC,2009,0.24212709
Latin America and Caribbean (WB),WB_LAC,2010,0.24601553
Latin America and Caribbean (WB),WB_LAC,2011,0.24595925
Latin America and Caribbean (WB),WB_LAC,2012,0.24533075
Latin America and Caribbean (WB),WB_LAC,2013,0.2438389
Latin America and Caribbean (WB),WB_LAC,2014,0.24138258
Latin America and Caribbean (WB),WB_LAC,2015,0.24232367
Latin America and Caribbean (WB),WB_LAC,2016,0.23961876
Latin America and Caribbean (WB),WB_LAC,2017,0.23661138
Latin America and Caribbean (WB),WB_LAC,2018,0.23489383
Latin America and Caribbean (WB),WB_LAC,2019,0.2331041
Latin America and Caribbean (WB),WB_LAC,2020,0.23727041
Latin America and Caribbean (WB),WB_LAC,2021,0.23741652
Latin America and Caribbean (WB),WB_LAC,2022,0.2353552
Latin America and Caribbean (WB),WB_LAC,2023,0.22936735
Latvia,LVA,1992,0.6456702
Latvia,LVA,1993,0.6581386
Latvia,LVA,1994,0.67837167
Latvia,LVA,1995,0.40321022
Latvia,LVA,1996,0.43138146
Latvia,LVA,1997,0.44351256
Latvia,LVA,1998,0.43941563
Latvia,LVA,1999,0.41288745
Latvia,LVA,2000,0.40970623
Latvia,LVA,2001,0.40989745
Latvia,LVA,2002,0.42118058
Latvia,LVA,2003,0.41827747
Latvia,LVA,2004,0.4458443
Latvia,LVA,2005,0.48776153
Latvia,LVA,2006,0.54319483
Latvia,LVA,2007,0.5399202
Latvia,LVA,2008,0.53735733
Latvia,LVA,2009,0.545369
Latvia,LVA,2010,0.5592225
Latvia,LVA,2011,0.5622153
Latvia,LVA,2012,0.57906353
Latvia,LVA,2013,0.6002046
Latvia,LVA,2014,0.60638523
Latvia,LVA,2015,0.62188786
Latvia,LVA,2016,0.65729815
Latvia,LVA,2017,0.66417885
Latvia,LVA,2018,0.6719684
Latvia,LVA,2019,0.6891968
Latvia,LVA,2020,0.7019394
Latvia,LVA,2021,0.72274196
Latvia,LVA,2022,0.7220455
Latvia,LVA,2023,0.7219795
Lebanon,LBN,1961,0.092968754
Lebanon,LBN,1962,0.09426166
Lebanon,LBN,1963,0.091355905
Lebanon,LBN,1964,0.09357103
Lebanon,LBN,1965,0.09861975
Lebanon,LBN,1966,0.09589156
Lebanon,LBN,1967,0.097882345
Lebanon,LBN,1968,0.099719025
Lebanon,LBN,1969,0.098790504
Lebanon,LBN,1970,0.09848649
Lebanon,LBN,1971,0.09810679
Lebanon,LBN,1972,0.09562785
Lebanon,LBN,1973,0.09327869
Lebanon,LBN,1974,0.08993676
Lebanon,LBN,1975,0.08688578
Lebanon,LBN,1976,0.08472497
Lebanon,LBN,1977,0.082544245
Lebanon,LBN,1978,0.07935715
Lebanon,LBN,1979,0.07631906
Lebanon,LBN,1980,0.07131304
Lebanon,LBN,1981,0.06979107
Lebanon,LBN,1982,0.06808665
Lebanon,LBN,1983,0.06720526
Lebanon,LBN,1984,0.06597427
Lebanon,LBN,1985,0.06340571
Lebanon,LBN,1986,0.060599357
Lebanon,LBN,1987,0.055530038
Lebanon,LBN,1988,0.053840492
Lebanon,LBN,1989,0.05219436
Lebanon,LBN,1990,0.050901555
Lebanon,LBN,1991,0.049333427
Lebanon,LBN,1992,0.048033673
Lebanon,LBN,1993,0.04711244
Lebanon,LBN,1994,0.046274886
Lebanon,LBN,1995,0.04544611
Lebanon,LBN,1996,0.04535562
Lebanon,LBN,1997,0.04502964
Lebanon,LBN,1998,0.044723134
Lebanon,LBN,1999,0.0303153
Lebanon,LBN,2000,0.02979669
Lebanon,LBN,2001,0.027260844
Lebanon,LBN,2002,0.0291251
Lebanon,LBN,2003,0.030051874
Lebanon,LBN,2004,0.02963508
Lebanon,LBN,2005,0.030335454
Lebanon,LBN,2006,0.028624734
Lebanon,LBN,2007,0.027703702
Lebanon,LBN,2008,0.024972824
Lebanon,LBN,2009,0.024638006
Lebanon,LBN,2010,0.022613268
Lebanon,LBN,2011,0.024528947
Lebanon,LBN,2012,0.025211327
Lebanon,LBN,2013,0.022982758
Lebanon,LBN,2014,0.02079726
Lebanon,LBN,2015,0.020548573
Lebanon,LBN,2016,0.021666724
Lebanon,LBN,2017,0.022267394
Lebanon,LBN,2018,0.02292401
Lebanon,LBN,2019,0.02334935
Lebanon,LBN,2020,0.023519052
Lebanon,LBN,2021,0.02476682
Lebanon,LBN,2022,0.023759294
Lebanon,LBN,2023,0.023246551
Lesotho,LSO,1961,0.47178265
Lesotho,LSO,1962,0.45151404
Lesotho,LSO,1963,0.4383062
Lesotho,LSO,1964,0.42800117
Lesotho,LSO,1965,0.41564706
Lesotho,LSO,1966,0.40822342
Lesotho,LSO,1967,0.39388084
Lesotho,LSO,1968,0.38497844
Lesotho,LSO,1969,0.37123603
Lesotho,LSO,1970,0.36104164
Lesotho,LSO,1971,0.3408297
Lesotho,LSO,1972,0.32447857
Lesotho,LSO,1973,0.31341127
Lesotho,LSO,1974,0.30279252
Lesotho,LSO,1975,0.3065152
Lesotho,LSO,1976,0.28327164
Lesotho,LSO,1977,0.22326152
Lesotho,LSO,1978,0.2177451
Lesotho,LSO,1979,0.22325203
Lesotho,LSO,1980,0.20760444
Lesotho,LSO,1981,0.2057913
Lesotho,LSO,1982,0.19319367
Lesotho,LSO,1983,0.18443535
Lesotho,LSO,1984,0.18809539
Lesotho,LSO,1985,0.18714844
Lesotho,LSO,1986,0.17225464
Lesotho,LSO,1987,0.19138306
Lesotho,LSO,1988,0.1948454
Lesotho,LSO,1989,0.16953582
Lesotho,LSO,1990,0.17516755
Lesotho,LSO,1991,0.1731457
Lesotho,LSO,1992,0.1772298
Lesotho,LSO,1993,0.17352046
Lesotho,LSO,1994,0.16859409
Lesotho,LSO,1995,0.16398172
Lesotho,LSO,1996,0.1632514
Lesotho,LSO,1997,0.1634702
Lesotho,LSO,1998,0.16265868
Lesotho,LSO,1999,0.16223766
Lesotho,LSO,2000,0.16467781
Lesotho,LSO,2001,0.16492966
Lesotho,LSO,2002,0.15040015
Lesotho,LSO,2003,0.151129
Lesotho,LSO,2004,0.15727027
Lesotho,LSO,2005,0.16538015
Lesotho,LSO,2006,0.15577902
Lesotho,LSO,2007,0.16638781
Lesotho,LSO,2008,0.18204553
Lesotho,LSO,2009,0.1691165
Lesotho,LSO,2010,0.16130236
Lesotho,LSO,2011,0.15292881
Lesotho,LSO,2012,0.13827485
Lesotho,LSO,2013,0.120641634
Lesotho,LSO,2014,0.13090786
Lesotho,LSO,2015,0.10405724
Lesotho,LSO,2016,0.16522548
Lesotho,LSO,2017,0.1944268
Lesotho,LSO,2018,0.19907466
Lesotho,LSO,2019,0.068072625
Lesotho,LSO,2020,0.15449114
Lesotho,LSO,2021,0.09966651
Lesotho,LSO,2022,0.11871695
Lesotho,LSO,2023,0.15433802
Liberia,LBR,1961,0.32370856
Liberia,LBR,1962,0.3141084
Liberia,LBR,1963,0.30633512
Liberia,LBR,1964,0.2963269
Liberia,LBR,1965,0.2888884
Liberia,LBR,1966,0.27937537
Liberia,LBR,1967,0.27237225
Liberia,LBR,1968,0.26407754
Liberia,LBR,1969,0.25741377
Liberia,LBR,1970,0.24954386
Liberia,LBR,1971,0.2433386
Liberia,LBR,1972,0.237251
Liberia,LBR,1973,0.23112072
Liberia,LBR,1974,0.22504215
Liberia,LBR,1975,0.21904193
Liberia,LBR,1976,0.21315505
Liberia,LBR,1977,0.21007702
Liberia,LBR,1978,0.20404269
Liberia,LBR,1979,0.1981083
Liberia,LBR,1980,0.1923024
Liberia,LBR,1981,0.18672614
Liberia,LBR,1982,0.18336754
Liberia,LBR,1983,0.18034154
Liberia,LBR,1984,0.17484835
Liberia,LBR,1985,0.16960205
Liberia,LBR,1986,0.16894007
Liberia,LBR,1987,0.16405655
Liberia,LBR,1988,0.1634694
Liberia,LBR,1989,0.1588652
Liberia,LBR,1990,0.15739767
Liberia,LBR,1991,0.17888923
Liberia,LBR,1992,0.16888134
Liberia,LBR,1993,0.1624035
Liberia,LBR,1994,0.16279615
Liberia,LBR,1995,0.16135263
Liberia,LBR,1996,0.15678973
Liberia,LBR,1997,0.1533368
Liberia,LBR,1998,0.14231549
Liberia,LBR,1999,0.14175932
Liberia,LBR,2000,0.13660656
Liberia,LBR,2001,0.13265511
Liberia,LBR,2002,0.12924981
Liberia,LBR,2003,0.12822436
Liberia,LBR,2004,0.1267069
Liberia,LBR,2005,0.12117485
Liberia,LBR,2006,0.114587344
Liberia,LBR,2007,0.10902005
Liberia,LBR,2008,0.112535894
Liberia,LBR,2009,0.11919773
Liberia,LBR,2010,0.11825893
Liberia,LBR,2011,0.11845034
Liberia,LBR,2012,0.114336856
Liberia,LBR,2013,0.11185084
Liberia,LBR,2014,0.10954599
Liberia,LBR,2015,0.10730924
Liberia,LBR,2016,0.105139025
Liberia,LBR,2017,0.10311564
Liberia,LBR,2018,0.101117834
Liberia,LBR,2019,0.099133156
Liberia,LBR,2020,0.0970975
Liberia,LBR,2021,0.09506927
Liberia,LBR,2022,0.09305279
Liberia,LBR,2023,0.09102443
Libya,LBY,1961,1.0927564
Libya,LBY,1962,1.05428
Libya,LBY,1963,1.0115608
Libya,LBY,1964,0.9779374
Libya,LBY,1965,0.9506573
Libya,LBY,1966,0.9302009
Libya,LBY,1967,0.9061221
Libya,LBY,1968,0.88335556
Libya,LBY,1969,0.85637987
Libya,LBY,1970,0.82829595
Libya,LBY,1971,0.8033307
Libya,LBY,1972,0.77714705
Libya,LBY,1973,0.7497214
Libya,LBY,1974,0.7133427
Libya,LBY,1975,0.6766331
Libya,LBY,1976,0.6394151
Libya,LBY,1977,0.60558045
Libya,LBY,1978,0.5732957
Libya,LBY,1979,0.5411513
Libya,LBY,1980,0.51191777
Libya,LBY,1981,0.48543608
Libya,LBY,1982,0.4738554
Libya,LBY,1983,0.47728384
Libya,LBY,1984,0.471694
Libya,LBY,1985,0.45835263
Libya,LBY,1986,0.44680607
Libya,LBY,1987,0.4358629
Libya,LBY,1988,0.4247532
Libya,LBY,1989,0.415619
Libya,LBY,1990,0.4060524
Libya,LBY,1991,0.3982924
Libya,LBY,1992,0.3911341
Libya,LBY,1993,0.38347405
Libya,LBY,1994,0.37847075
Libya,LBY,1995,0.38110045
Libya,LBY,1996,0.40662527
Libya,LBY,1997,0.4004234
Libya,LBY,1998,0.35306448
Libya,LBY,1999,0.34783188
Libya,LBY,2000,0.34212872
Libya,LBY,2001,0.33588475
Libya,LBY,2002,0.32949618
Libya,LBY,2003,0.32298833
Libya,LBY,2004,0.3050538
Libya,LBY,2005,0.29869607
Libya,LBY,2006,0.2926318
Libya,LBY,2007,0.2866794
Libya,LBY,2008,0.28065425
Libya,LBY,2009,0.27486828
Libya,LBY,2010,0.2640878
Libya,LBY,2011,0.27052578
Libya,LBY,2012,0.27834743
Libya,LBY,2013,0.27281547
Libya,LBY,2014,0.2676105
Libya,LBY,2015,0.26332635
Libya,LBY,2016,0.25934368
Libya,LBY,2017,0.25523946
Libya,LBY,2018,0.25112954
Libya,LBY,2019,0.24744524
Libya,LBY,2020,0.24413095
Libya,LBY,2021,0.24105926
Libya,LBY,2022,0.23810166
Libya,LBY,2023,0.23543394
Liechtenstein,LIE,1961,0.23700894
Liechtenstein,LIE,1962,0.22931835
Liechtenstein,LIE,1963,0.22107998
Liechtenstein,LIE,1964,0.21327646
Liechtenstein,LIE,1965,0.2083876
Liechtenstein,LIE,1966,0.20397756
Liechtenstein,LIE,1967,0.19826518
Liechtenstein,LIE,1968,0.19198464
Liechtenstein,LIE,1969,0.18971732
Liechtenstein,LIE,1970,0.18921477
Liechtenstein,LIE,1971,0.18518518
Liechtenstein,LIE,1972,0.18073379
Liechtenstein,LIE,1973,0.1755541
Liechtenstein,LIE,1974,0.17056842
Liechtenstein,LIE,1975,0.16774301
Liechtenstein,LIE,1976,0.16626486
Liechtenstein,LIE,1977,0.16365273
Liechtenstein,LIE,1978,0.159821
Liechtenstein,LIE,1979,0.15640274
Liechtenstein,LIE,1980,0.15678896
Liechtenstein,LIE,1981,0.1558057
Liechtenstein,LIE,1982,0.15235193
Liechtenstein,LIE,1983,0.15125161
Liechtenstein,LIE,1984,0.15039855
Liechtenstein,LIE,1985,0.1488206
Liechtenstein,LIE,1986,0.14685366
Liechtenstein,LIE,1987,0.14515369
Liechtenstein,LIE,1988,0.14312294
Liechtenstein,LIE,1989,0.1412579
Liechtenstein,LIE,1990,0.13916916
Liechtenstein,LIE,1991,0.13694409
Liechtenstein,LIE,1992,0.13501199
Liechtenstein,LIE,1993,0.13293895
Liechtenstein,LIE,1994,0.13127667
Liechtenstein,LIE,1995,0.1299714
Liechtenstein,LIE,1996,0.12889504
Liechtenstein,LIE,1997,0.12807377
Liechtenstein,LIE,1998,0.12631047
Liechtenstein,LIE,1999,0.12414264
Liechtenstein,LIE,2000,0.12253025
Liechtenstein,LIE,2001,0.11749111
Liechtenstein,LIE,2002,0.10001781
Liechtenstein,LIE,2003,0.095073216
Liechtenstein,LIE,2004,0.090283625
Liechtenstein,LIE,2005,0.085747994
Liechtenstein,LIE,2006,0.08134258
Liechtenstein,LIE,2007,0.07713686
Liechtenstein,LIE,2008,0.073013276
Liechtenstein,LIE,2009,0.06882659
Liechtenstein,LIE,2010,0.06468269
Liechtenstein,LIE,2011,0.06058603
Liechtenstein,LIE,2012,0.056469433
Liechtenstein,LIE,2013,0.052455116
Liechtenstein,LIE,2014,0.049130153
Liechtenstein,LIE,2015,0.04827439
Liechtenstein,LIE,2016,0.047194824
Liechtenstein,LIE,2017,0.04609873
Liechtenstein,LIE,2018,0.045494955
Liechtenstein,LIE,2019,0.044861656
Liechtenstein,LIE,2020,0.044471864
Liechtenstein,LIE,2021,0.044152927
Liechtenstein,LIE,2022,0.04380523
Liechtenstein,LIE,2023,0.043417156
Lithuania,LTU,1992,0.7797057
Lithuania,LTU,1993,0.767933
Lithuania,LTU,1994,0.7082029
Lithuania,LTU,1995,0.78972703
Lithuania,LTU,1996,0.79575455
Lithuania,LTU,1997,0.8050041
Lithuania,LTU,1998,0.81423795
Lithuania,LTU,1999,0.8379116
Lithuania,LTU,2000,0.8223947
Lithuania,LTU,2001,0.46991804
Lithuania,LTU,2002,0.47602907
Lithuania,LTU,2003,0.44653144
Lithuania,LTU,2004,0.47863907
Lithuania,LTU,2005,0.57381004
Lithuania,LTU,2006,0.57457256
Lithuania,LTU,2007,0.56806964
Lithuania,LTU,2008,0.5820405
Lithuania,LTU,2009,0.6493059
Lithuania,LTU,2010,0.68686026
Lithuania,LTU,2011,0.7218022
Lithuania,LTU,2012,0.7562378
Lithuania,LTU,2013,0.7734909
Lithuania,LTU,2014,0.8001354
Lithuania,LTU,2015,0.74607307
Lithuania,LTU,2016,0.7447195
Lithuania,LTU,2017,0.74005175
Lithuania,LTU,2018,0.75021285
Lithuania,LTU,2019,0.78684807
Lithuania,LTU,2020,0.8003931
Lithuania,LTU,2021,0.8114999
Lithuania,LTU,2022,0.8095665
Lithuania,LTU,2023,0.8019961
Low-income countries,OWID_LIC,1961,0.5456796
Low-income countries,OWID_LIC,1962,0.5364305
Low-income countries,OWID_LIC,1963,0.5273064
Low-income countries,OWID_LIC,1964,0.52193147
Low-income countries,OWID_LIC,1965,0.51092595
Low-income countries,OWID_LIC,1966,0.49561292
Low-income countries,OWID_LIC,1967,0.48391914
Low-income countries,OWID_LIC,1968,0.47703987
Low-income countries,OWID_LIC,1969,0.46872088
Low-income countries,OWID_LIC,1970,0.45014238
Low-income countries,OWID_LIC,1971,0.44127303
Low-income countries,OWID_LIC,1972,0.4323314
Low-income countries,OWID_LIC,1973,0.42013478
Low-income countries,OWID_LIC,1974,0.40519902
Low-income countries,OWID_LIC,1975,0.39379153
Low-income countries,OWID_LIC,1976,0.38769177
Low-income countries,OWID_LIC,1977,0.37799188
Low-income countries,OWID_LIC,1978,0.36962014
Low-income countries,OWID_LIC,1979,0.36073488
Low-income countries,OWID_LIC,1980,0.35398844
Low-income countries,OWID_LIC,1981,0.34785417
Low-income countries,OWID_LIC,1982,0.34358627
Low-income countries,OWID_LIC,1983,0.3366125
Low-income countries,OWID_LIC,1984,0.32923642
Low-income countries,OWID_LIC,1985,0.3220624
Low-income countries,OWID_LIC,1986,0.31603366
Low-income countries,OWID_LIC,1987,0.30762774
Low-income countries,OWID_LIC,1988,0.30026495
Low-income countries,OWID_LIC,1989,0.29409853
Low-income countries,OWID_LIC,1990,0.2959983
Low-income countries,OWID_LIC,1991,0.29554984
Low-income countries,OWID_LIC,1992,0.29144973
Low-income countries,OWID_LIC,1993,0.26861846
Low-income countries,OWID_LIC,1994,0.26027662
Low-income countries,OWID_LIC,1995,0.25801107
Low-income countries,OWID_LIC,1996,0.25470403
Low-income countries,OWID_LIC,1997,0.24949113
Low-income countries,OWID_LIC,1998,0.24393927
Low-income countries,OWID_LIC,1999,0.23752417
Low-income countries,OWID_LIC,2000,0.23239899
Low-income countries,OWID_LIC,2001,0.22871865
Low-income countries,OWID_LIC,2002,0.22556444
Low-income countries,OWID_LIC,2003,0.22735673
Low-income countries,OWID_LIC,2004,0.22418614
Low-income countries,OWID_LIC,2005,0.22268444
Low-income countries,OWID_LIC,2006,0.219049
Low-income countries,OWID_LIC,2007,0.21678852
Low-income countries,OWID_LIC,2008,0.21229745
Low-income countries,OWID_LIC,2009,0.21163802
Low-income countries,OWID_LIC,2010,0.21205689
Low-income countries,OWID_LIC,2011,0.21170685
Low-income countries,OWID_LIC,2012,0.23362772
Low-income countries,OWID_LIC,2013,0.23181841
Low-income countries,OWID_LIC,2014,0.22818184
Low-income countries,OWID_LIC,2015,0.22402458
Low-income countries,OWID_LIC,2016,0.22110863
Low-income countries,OWID_LIC,2017,0.21776642
Low-income countries,OWID_LIC,2018,0.2136044
Low-income countries,OWID_LIC,2019,0.2084624
Low-income countries,OWID_LIC,2020,0.20337977
Low-income countries,OWID_LIC,2021,0.19882387
Low-income countries,OWID_LIC,2022,0.19467446
Low-income countries,OWID_LIC,2023,0.19014917
Lower-middle-income countries,OWID_LMC,1961,0.37633044
Lower-middle-income countries,OWID_LMC,1962,0.36869878
Lower-middle-income countries,OWID_LMC,1963,0.36279482
Lower-middle-income countries,OWID_LMC,1964,0.35555828
Lower-middle-income countries,OWID_LMC,1965,0.3497882
Lower-middle-income countries,OWID_LMC,1966,0.34307253
Lower-middle-income countries,OWID_LMC,1967,0.3372196
Lower-middle-income countries,OWID_LMC,1968,0.32998908
Lower-middle-income countries,OWID_LMC,1969,0.32089624
Lower-middle-income countries,OWID_LMC,1970,0.31573263
Lower-middle-income countries,OWID_LMC,1971,0.30700487
Lower-middle-income countries,OWID_LMC,1972,0.30112916
Lower-middle-income countries,OWID_LMC,1973,0.2957145
Lower-middle-income countries,OWID_LMC,1974,0.2888508
Lower-middle-income countries,OWID_LMC,1975,0.28329837
Lower-middle-income countries,OWID_LMC,1976,0.2767406
Lower-middle-income countries,OWID_LMC,1977,0.27051517
Lower-middle-income countries,OWID_LMC,1978,0.266646
Lower-middle-income countries,OWID_LMC,1979,0.26010296
Lower-middle-income countries,OWID_LMC,1980,0.2539279
Lower-middle-income countries,OWID_LMC,1981,0.24702893
Lower-middle-income countries,OWID_LMC,1982,0.24308032
Lower-middle-income countries,OWID_LMC,1983,0.23525134
Lower-middle-income countries,OWID_LMC,1984,0.23152551
Lower-middle-income countries,OWID_LMC,1985,0.22738864
Lower-middle-income countries,OWID_LMC,1986,0.22117932
Lower-middle-income countries,OWID_LMC,1987,0.21704493
Lower-middle-income countries,OWID_LMC,1988,0.21174343
Lower-middle-income countries,OWID_LMC,1989,0.20820653
Lower-middle-income countries,OWID_LMC,1990,0.20284513
Lower-middle-income countries,OWID_LMC,1991,0.19861226
Lower-middle-income countries,OWID_LMC,1992,0.19467954
Lower-middle-income countries,OWID_LMC,1993,0.19092765
Lower-middle-income countries,OWID_LMC,1994,0.18777812
Lower-middle-income countries,OWID_LMC,1995,0.18495998
Lower-middle-income countries,OWID_LMC,1996,0.1807317
Lower-middle-income countries,OWID_LMC,1997,0.17782433
Lower-middle-income countries,OWID_LMC,1998,0.17444722
Lower-middle-income countries,OWID_LMC,1999,0.17197058
Lower-middle-income countries,OWID_LMC,2000,0.16825368
Lower-middle-income countries,OWID_LMC,2001,0.16483894
Lower-middle-income countries,OWID_LMC,2002,0.16174549
Lower-middle-income countries,OWID_LMC,2003,0.15904427
Lower-middle-income countries,OWID_LMC,2004,0.15571956
Lower-middle-income countries,OWID_LMC,2005,0.15300007
Lower-middle-income countries,OWID_LMC,2006,0.15047789
Lower-middle-income countries,OWID_LMC,2007,0.14790256
Lower-middle-income countries,OWID_LMC,2008,0.14599943
Lower-middle-income countries,OWID_LMC,2009,0.14449483
Lower-middle-income countries,OWID_LMC,2010,0.1417072
Lower-middle-income countries,OWID_LMC,2011,0.14016536
Lower-middle-income countries,OWID_LMC,2012,0.13849504
Lower-middle-income countries,OWID_LMC,2013,0.13672057
Lower-middle-income countries,OWID_LMC,2014,0.1345968
Lower-middle-income countries,OWID_LMC,2015,0.13311675
Lower-middle-income countries,OWID_LMC,2016,0.13187341
Lower-middle-income countries,OWID_LMC,2017,0.1302329
Lower-middle-income countries,OWID_LMC,2018,0.1287564
Lower-middle-income countries,OWID_LMC,2019,0.12670319
Lower-middle-income countries,OWID_LMC,2020,0.12514445
Lower-middle-income countries,OWID_LMC,2021,0.12332214
Lower-middle-income countries,OWID_LMC,2022,0.12175333
Lower-middle-income countries,OWID_LMC,2023,0.120549545
Luxembourg,LUX,2000,0.14210406
Luxembourg,LUX,2001,0.1404224
Luxembourg,LUX,2002,0.13895893
Luxembourg,LUX,2003,0.13728052
Luxembourg,LUX,2004,0.1353431
Luxembourg,LUX,2005,0.12898843
Luxembourg,LUX,2006,0.12694731
Luxembourg,LUX,2007,0.1270852
Luxembourg,LUX,2008,0.12688018
Luxembourg,LUX,2009,0.12409022
Luxembourg,LUX,2010,0.122200675
Luxembourg,LUX,2011,0.1198425
Luxembourg,LUX,2012,0.11782742
Luxembourg,LUX,2013,0.11493301
Luxembourg,LUX,2014,0.112543344
Luxembourg,LUX,2015,0.11025204
Luxembourg,LUX,2016,0.1062861
Luxembourg,LUX,2017,0.10403196
Luxembourg,LUX,2018,0.10216959
Luxembourg,LUX,2019,0.099933706
Luxembourg,LUX,2020,0.0985535
Luxembourg,LUX,2021,0.09760274
Luxembourg,LUX,2022,0.094919175
Luxembourg,LUX,2023,0.09202167
Madagascar,MDG,1961,0.3669352
Madagascar,MDG,1962,0.36031684
Madagascar,MDG,1963,0.3538343
Madagascar,MDG,1964,0.3474511
Madagascar,MDG,1965,0.3411171
Madagascar,MDG,1966,0.33476844
Madagascar,MDG,1967,0.32836384
Madagascar,MDG,1968,0.32189047
Madagascar,MDG,1969,0.31612796
Madagascar,MDG,1970,0.30875286
Madagascar,MDG,1971,0.3013597
Madagascar,MDG,1972,0.2954315
Madagascar,MDG,1973,0.288143
Madagascar,MDG,1974,0.28283322
Madagascar,MDG,1975,0.29666626
Madagascar,MDG,1976,0.28695607
Madagascar,MDG,1977,0.297121
Madagascar,MDG,1978,0.2949552
Madagascar,MDG,1979,0.28840935
Madagascar,MDG,1980,0.2820332
Madagascar,MDG,1981,0.27589148
Madagascar,MDG,1982,0.26889396
Madagascar,MDG,1983,0.26414594
Madagascar,MDG,1984,0.2585216
Madagascar,MDG,1985,0.25399828
Madagascar,MDG,1986,0.24867612
Madagascar,MDG,1987,0.24259341
Madagascar,MDG,1988,0.23747826
Madagascar,MDG,1989,0.23152503
Madagascar,MDG,1990,0.22562055
Madagascar,MDG,1991,0.2213919
Madagascar,MDG,1992,0.21717274
Madagascar,MDG,1993,0.21974117
Madagascar,MDG,1994,0.21301836
Madagascar,MDG,1995,0.20638697
Madagascar,MDG,1996,0.19985238
Madagascar,MDG,1997,0.1934518
Madagascar,MDG,1998,0.18722525
Madagascar,MDG,1999,0.18124427
Madagascar,MDG,2000,0.17558372
Madagascar,MDG,2001,0.17319383
Madagascar,MDG,2002,0.168092
Madagascar,MDG,2003,0.16323726
Madagascar,MDG,2004,0.15854582
Madagascar,MDG,2005,0.1565786
Madagascar,MDG,2006,0.15204571
Madagascar,MDG,2007,0.1476481
Madagascar,MDG,2008,0.14337713
Madagascar,MDG,2009,0.13922872
Madagascar,MDG,2010,0.13523662
Madagascar,MDG,2011,0.13145038
Madagascar,MDG,2012,0.12786394
Madagascar,MDG,2013,0.12443336
Madagascar,MDG,2014,0.121141896
Madagascar,MDG,2015,0.1179862
Madagascar,MDG,2016,0.11494274
Madagascar,MDG,2017,0.11198887
Madagascar,MDG,2018,0.10911104
Madagascar,MDG,2019,0.106309265
Madagascar,MDG,2020,0.10361422
Madagascar,MDG,2021,0.10104044
Madagascar,MDG,2022,0.0985634
Madagascar,MDG,2023,0.09616639
Malawi,MWI,1961,0.34988242
Malawi,MWI,1962,0.36781058
Malawi,MWI,1963,0.37174663
Malawi,MWI,1964,0.3752528
Malawi,MWI,1965,0.41502315
Malawi,MWI,1966,0.41687253
Malawi,MWI,1967,0.3950721
Malawi,MWI,1968,0.40806574
Malawi,MWI,1969,0.40918484
Malawi,MWI,1970,0.38843802
Malawi,MWI,1971,0.41040242
Malawi,MWI,1972,0.41030058
Malawi,MWI,1973,0.40967733
Malawi,MWI,1974,0.39872897
Malawi,MWI,1975,0.3782601
Malawi,MWI,1976,0.3674185
Malawi,MWI,1977,0.35618985
Malawi,MWI,1978,0.3528319
Malawi,MWI,1979,0.34003738
Malawi,MWI,1980,0.30324653
Malawi,MWI,1981,0.30691537
Malawi,MWI,1982,0.30978572
Malawi,MWI,1983,0.2836192
Malawi,MWI,1984,0.2795654
Malawi,MWI,1985,0.26901093
Malawi,MWI,1986,0.27192885
Malawi,MWI,1987,0.25924936
Malawi,MWI,1988,0.24562272
Malawi,MWI,1989,0.23975013
Malawi,MWI,1990,0.23570447
Malawi,MWI,1991,0.23871858
Malawi,MWI,1992,0.2269346
Malawi,MWI,1993,0.22364786
Malawi,MWI,1994,0.2065934
Malawi,MWI,1995,0.22659837
Malawi,MWI,1996,0.23183416
Malawi,MWI,1997,0.23196287
Malawi,MWI,1998,0.24089965
Malawi,MWI,1999,0.24439245
Malawi,MWI,2000,0.24301998
Malawi,MWI,2001,0.24583678
Malawi,MWI,2002,0.2398901
Malawi,MWI,2003,0.24627359
Malawi,MWI,2004,0.23998585
Malawi,MWI,2005,0.24922058
Malawi,MWI,2006,0.25002462
Malawi,MWI,2007,0.24306987
Malawi,MWI,2008,0.24684438
Malawi,MWI,2009,0.24312668
Malawi,MWI,2010,0.23606439
Malawi,MWI,2011,0.22928235
Malawi,MWI,2012,0.22279403
Malawi,MWI,2013,0.21934417
Malawi,MWI,2014,0.21664661
Malawi,MWI,2015,0.21398152
Malawi,MWI,2016,0.21141674
Malawi,MWI,2017,0.20881705
Malawi,MWI,2018,0.20633546
Malawi,MWI,2019,0.203829
Malawi,MWI,2020,0.2013936
Malawi,MWI,2021,0.19952853
Malawi,MWI,2022,0.19446997
Malawi,MWI,2023,0.1895332
Malaysia,MYS,1961,0.09244231
Malaysia,MYS,1962,0.09283222
Malaysia,MYS,1963,0.09310103
Malaysia,MYS,1964,0.09186483
Malaysia,MYS,1965,0.08539147
Malaysia,MYS,1966,0.08370017
Malaysia,MYS,1967,0.082956955
Malaysia,MYS,1968,0.08897429
Malaysia,MYS,1969,0.08735175
Malaysia,MYS,1970,0.093430445
Malaysia,MYS,1971,0.09284639
Malaysia,MYS,1972,0.09431915
Malaysia,MYS,1973,0.09289733
Malaysia,MYS,1974,0.089677565
Malaysia,MYS,1975,0.091975935
Malaysia,MYS,1976,0.08839246
Malaysia,MYS,1977,0.08871431
Malaysia,MYS,1978,0.08719876
Malaysia,MYS,1979,0.08569226
Malaysia,MYS,1980,0.0814889
Malaysia,MYS,1981,0.077153094
Malaysia,MYS,1982,0.07191531
Malaysia,MYS,1983,0.069329865
Malaysia,MYS,1984,0.06444335
Malaysia,MYS,1985,0.06213834
Malaysia,MYS,1986,0.056781486
Malaysia,MYS,1987,0.05537965
Malaysia,MYS,1988,0.05428478
Malaysia,MYS,1989,0.052422766
Malaysia,MYS,1990,0.052183654
Malaysia,MYS,1991,0.05105639
Malaysia,MYS,1992,0.049191456
Malaysia,MYS,1993,0.04737442
Malaysia,MYS,1994,0.046815295
Malaysia,MYS,1995,0.044317435
Malaysia,MYS,1996,0.042786393
Malaysia,MYS,1997,0.041576184
Malaysia,MYS,1998,0.0399284
Malaysia,MYS,1999,0.03909424
Malaysia,MYS,2000,0.03782249
Malaysia,MYS,2001,0.037277054
Malaysia,MYS,2002,0.040141102
Malaysia,MYS,2003,0.038340975
Malaysia,MYS,2004,0.037483018
Malaysia,MYS,2005,0.03674746
Malaysia,MYS,2006,0.033696838
Malaysia,MYS,2007,0.030638864
Malaysia,MYS,2008,0.03157048
Malaysia,MYS,2009,0.030044682
Malaysia,MYS,2010,0.029812489
Malaysia,MYS,2011,0.029682424
Malaysia,MYS,2012,0.029275695
Malaysia,MYS,2013,0.02660214
Malaysia,MYS,2014,0.026518157
Malaysia,MYS,2015,0.026424466
Malaysia,MYS,2016,0.025961567
Malaysia,MYS,2017,0.02550745
Malaysia,MYS,2018,0.02507705
Malaysia,MYS,2019,0.024679882
Malaysia,MYS,2020,0.024352929
Malaysia,MYS,2021,0.024073869
Malaysia,MYS,2022,0.02378724
Malaysia,MYS,2023,0.022328
Maldives,MDV,1961,0.021401819
Maldives,MDV,1962,0.02087639
Maldives,MDV,1963,0.020362036
Maldives,MDV,1964,0.01986847
Maldives,MDV,1965,0.019211927
Maldives,MDV,1966,0.018431991
Maldives,MDV,1967,0.017773354
Maldives,MDV,1968,0.017230239
Maldives,MDV,1969,0.016727444
Maldives,MDV,1970,0.016231263
Maldives,MDV,1971,0.02361554
Maldives,MDV,1972,0.02290636
Maldives,MDV,1973,0.022230126
Maldives,MDV,1974,0.02158615
Maldives,MDV,1975,0.020955866
Maldives,MDV,1976,0.020335536
Maldives,MDV,1977,0.019745935
Maldives,MDV,1978,0.019211188
Maldives,MDV,1979,0.018707907
Maldives,MDV,1980,0.018200018
Maldives,MDV,1981,0.017695773
Maldives,MDV,1982,0.017208446
Maldives,MDV,1983,0.0167478
Maldives,MDV,1984,0.016286822
Maldives,MDV,1985,0.015775442
Maldives,MDV,1986,0.015233452
Maldives,MDV,1987,0.014709921
Maldives,MDV,1988,0.014225763
Maldives,MDV,1989,0.013778027
Maldives,MDV,1990,0.013347452
Maldives,MDV,1991,0.012942079
Maldives,MDV,1992,0.012576349
Maldives,MDV,1993,0.012250698
Maldives,MDV,1994,0.011960673
Maldives,MDV,1995,0.011689116
Maldives,MDV,1996,0.011435237
Maldives,MDV,1997,0.011206281
Maldives,MDV,1998,0.011000172
Maldives,MDV,1999,0.01081424
Maldives,MDV,2000,0.010637581
Maldives,MDV,2001,0.010461455
Maldives,MDV,2002,0.010287501
Maldives,MDV,2003,0.010118351
Maldives,MDV,2004,0.009953121
Maldives,MDV,2005,0.009790196
Maldives,MDV,2006,0.009558676
Maldives,MDV,2007,0.00924559
Maldives,MDV,2008,0.008924056
Maldives,MDV,2009,0.008613883
Maldives,MDV,2010,0.010809552
Maldives,MDV,2011,0.010436905
Maldives,MDV,2012,0.010082261
Maldives,MDV,2013,0.009748294
Maldives,MDV,2014,0.009429012
Maldives,MDV,2015,0.009108872
Maldives,MDV,2016,0.008797496
Maldives,MDV,2017,0.008509952
Maldives,MDV,2018,0.008243518
Maldives,MDV,2019,0.007996211
Maldives,MDV,2020,0.0077670985
Maldives,MDV,2021,0.0075558843
Maldives,MDV,2022,0.0074412427
Maldives,MDV,2023,0.0076046493
Mali,MLI,1961,0.29878065
Mali,MLI,1962,0.29529557
Mali,MLI,1963,0.2918568
Mali,MLI,1964,0.2884754
Mali,MLI,1965,0.2851008
Mali,MLI,1966,0.28158972
Mali,MLI,1967,0.278422
Mali,MLI,1968,0.27420774
Mali,MLI,1969,0.27000323
Mali,MLI,1970,0.27372065
Mali,MLI,1971,0.2693658
Mali,MLI,1972,0.2649711
Mali,MLI,1973,0.26041722
Mali,MLI,1974,0.26327404
Mali,MLI,1975,0.26589596
Mali,MLI,1976,0.2897581
Mali,MLI,1977,0.28416386
Mali,MLI,1978,0.27871332
Mali,MLI,1979,0.27253255
Mali,MLI,1980,0.266914
Mali,MLI,1981,0.2616744
Mali,MLI,1982,0.25610054
Mali,MLI,1983,0.25054765
Mali,MLI,1984,0.24523064
Mali,MLI,1985,0.24275604
Mali,MLI,1986,0.23865126
Mali,MLI,1987,0.23453076
Mali,MLI,1988,0.23239766
Mali,MLI,1989,0.22811268
Mali,MLI,1990,0.22366685
Mali,MLI,1991,0.220338
Mali,MLI,1992,0.22640823
Mali,MLI,1993,0.31369218
Mali,MLI,1994,0.31704527
Mali,MLI,1995,0.32448518
Mali,MLI,1996,0.4352723
Mali,MLI,1997,0.42549214
Mali,MLI,1998,0.4148514
Mali,MLI,1999,0.40347666
Mali,MLI,2000,0.39189258
Mali,MLI,2001,0.38028374
Mali,MLI,2002,0.3987614
Mali,MLI,2003,0.46842894
Mali,MLI,2004,0.37412968
Mali,MLI,2005,0.41385227
Mali,MLI,2006,0.40578583
Mali,MLI,2007,0.40172157
Mali,MLI,2008,0.40366027
Mali,MLI,2009,0.40525958
Mali,MLI,2010,0.3926574
Mali,MLI,2011,0.39164373
Mali,MLI,2012,0.39151895
Mali,MLI,2013,0.3910739
Mali,MLI,2014,0.3893949
Mali,MLI,2015,0.38756475
Mali,MLI,2016,0.3853832
Mali,MLI,2017,0.38282925
Mali,MLI,2018,0.38029492
Mali,MLI,2019,0.3779593
Mali,MLI,2020,0.37542883
Mali,MLI,2021,0.37255517
Mali,MLI,2022,0.36151043
Mali,MLI,2023,0.3509174
Malta,MLT,1961,0.052267488
Malta,MLT,1962,0.049397964
Malta,MLT,1963,0.04650442
Malta,MLT,1964,0.04357977
Malta,MLT,1965,0.040777918
Malta,MLT,1966,0.041243654
Malta,MLT,1967,0.04172685
Malta,MLT,1968,0.0422215
Malta,MLT,1969,0.042721
Malta,MLT,1970,0.04295391
Malta,MLT,1971,0.04294681
Malta,MLT,1972,0.04298231
Malta,MLT,1973,0.043017868
Malta,MLT,1974,0.04304693
Malta,MLT,1975,0.03944488
Malta,MLT,1976,0.03924467
Malta,MLT,1977,0.042349417
Malta,MLT,1978,0.04191088
Malta,MLT,1979,0.041488215
Malta,MLT,1980,0.03789733
Malta,MLT,1981,0.037619676
Malta,MLT,1982,0.036821336
Malta,MLT,1983,0.036305986
Malta,MLT,1984,0.03629841
Malta,MLT,1985,0.035666306
Malta,MLT,1986,0.03507531
Malta,MLT,1987,0.03483461
Malta,MLT,1988,0.034549773
Malta,MLT,1989,0.034215134
Malta,MLT,1990,0.033882033
Malta,MLT,1991,0.032981075
Malta,MLT,1992,0.03264258
Malta,MLT,1993,0.032318182
Malta,MLT,1994,0.03201733
Malta,MLT,1995,0.026495751
Malta,MLT,1996,0.02632237
Malta,MLT,1997,0.023511525
Malta,MLT,1998,0.020763742
Malta,MLT,1999,0.020641007
Malta,MLT,2000,0.020508246
Malta,MLT,2001,0.022899132
Malta,MLT,2002,0.022729052
Malta,MLT,2003,0.023332715
Malta,MLT,2004,0.0224289
Malta,MLT,2005,0.020305373
Malta,MLT,2006,0.020231528
Malta,MLT,2007,0.019669358
Malta,MLT,2008,0.019541794
Malta,MLT,2009,0.019395022
Malta,MLT,2010,0.021905487
Malta,MLT,2011,0.021812871
Malta,MLT,2012,0.021427143
Malta,MLT,2013,0.021115322
Malta,MLT,2014,0.020692948
Malta,MLT,2015,0.020192698
Malta,MLT,2016,0.019955777
Malta,MLT,2017,0.019417435
Malta,MLT,2018,0.018743426
Malta,MLT,2019,0.017999174
Malta,MLT,2020,0.015131234
Malta,MLT,2021,0.015053556
Malta,MLT,2022,0.01468614
Malta,MLT,2023,0.013206765
Marshall Islands,MHL,1991,0.010972613
Marshall Islands,MHL,1992,0.01077865
Marshall Islands,MHL,1993,0.010617289
Marshall Islands,MHL,1994,0.010479544
Marshall Islands,MHL,1995,0.010359259
Marshall Islands,MHL,1996,0.010251153
Marshall Islands,MHL,1997,0.01015043
Marshall Islands,MHL,1998,0.010056922
Marshall Islands,MHL,1999,0.009959763
Marshall Islands,MHL,2000,0.009860766
Marshall Islands,MHL,2001,0.009780333
Marshall Islands,MHL,2002,0.009722898
Marshall Islands,MHL,2003,0.009682604
Marshall Islands,MHL,2004,0.009654187
Marshall Islands,MHL,2005,0.009632798
Marshall Islands,MHL,2006,0.009616864
Marshall Islands,MHL,2007,0.009608917
Marshall Islands,MHL,2008,0.009609841
Marshall Islands,MHL,2009,0.009611873
Marshall Islands,MHL,2010,0.009607255
Marshall Islands,MHL,2011,0.009632613
Marshall Islands,MHL,2012,0.009724032
Marshall Islands,MHL,2013,0.00986563
Marshall Islands,MHL,2014,0.010040967
Marshall Islands,MHL,2015,0.0102459015
Marshall Islands,MHL,2016,0.010480203
Marshall Islands,MHL,2017,0.010745986
Marshall Islands,MHL,2018,0.011041184
Marshall Islands,MHL,2019,0.011361829
Marshall Islands,MHL,2020,0.011707957
Marshall Islands,MHL,2021,0.012086929
Marshall Islands,MHL,2022,0.012475984
Marshall Islands,MHL,2023,0.012877637
Mauritania,MRT,1961,0.31554055
Mauritania,MRT,1962,0.30718467
Mauritania,MRT,1963,0.2988506
Mauritania,MRT,1964,0.28945923
Mauritania,MRT,1965,0.28017482
Mauritania,MRT,1966,0.2730566
Mauritania,MRT,1967,0.26597786
Mauritania,MRT,1968,0.2590025
Mauritania,MRT,1969,0.26060367
Mauritania,MRT,1970,0.25277185
Mauritania,MRT,1971,0.21081378
Mauritania,MRT,1972,0.20456111
Mauritania,MRT,1973,0.1877329
Mauritania,MRT,1974,0.15804055
Mauritania,MRT,1975,0.15031354
Mauritania,MRT,1976,0.14825109
Mauritania,MRT,1977,0.14478108
Mauritania,MRT,1978,0.13786042
Mauritania,MRT,1979,0.13610114
Mauritania,MRT,1980,0.14246531
Mauritania,MRT,1981,0.15162732
Mauritania,MRT,1982,0.16013569
Mauritania,MRT,1983,0.1680415
Mauritania,MRT,1984,0.169318
Mauritania,MRT,1985,0.17625214
Mauritania,MRT,1986,0.1826656
Mauritania,MRT,1987,0.18857314
Mauritania,MRT,1988,0.19398025
Mauritania,MRT,1989,0.19967967
Mauritania,MRT,1990,0.20493084
Mauritania,MRT,1991,0.20400669
Mauritania,MRT,1992,0.20113643
Mauritania,MRT,1993,0.19822216
Mauritania,MRT,1994,0.20004855
Mauritania,MRT,1995,0.19463524
Mauritania,MRT,1996,0.19082448
Mauritania,MRT,1997,0.18662086
Mauritania,MRT,1998,0.18184382
Mauritania,MRT,1999,0.177047
Mauritania,MRT,2000,0.17218678
Mauritania,MRT,2001,0.16798817
Mauritania,MRT,2002,0.16431424
Mauritania,MRT,2003,0.16059694
Mauritania,MRT,2004,0.15686744
Mauritania,MRT,2005,0.15311024
Mauritania,MRT,2006,0.1493201
Mauritania,MRT,2007,0.14548704
Mauritania,MRT,2008,0.14136411
Mauritania,MRT,2009,0.13700932
Mauritania,MRT,2010,0.13270558
Mauritania,MRT,2011,0.12846825
Mauritania,MRT,2012,0.124342576
Mauritania,MRT,2013,0.12050393
Mauritania,MRT,2014,0.11692825
Mauritania,MRT,2015,0.11346562
Mauritania,MRT,2016,0.110114455
Mauritania,MRT,2017,0.10687313
Mauritania,MRT,2018,0.10374197
Mauritania,MRT,2019,0.10072279
Mauritania,MRT,2020,0.0978233
Mauritania,MRT,2021,0.09503949
Mauritania,MRT,2022,0.09229563
Mauritania,MRT,2023,0.089597866
Mauritius,MUS,1961,0.13220577
Mauritius,MUS,1962,0.12993522
Mauritius,MUS,1963,0.12658915
Mauritius,MUS,1964,0.123577334
Mauritius,MUS,1965,0.12217796
Mauritius,MUS,1966,0.115762874
Mauritius,MUS,1967,0.11991066
Mauritius,MUS,1968,0.12524846
Mauritius,MUS,1969,0.12309132
Mauritius,MUS,1970,0.12106538
Mauritius,MUS,1971,0.119156845
Mauritius,MUS,1972,0.117363594
Mauritius,MUS,1973,0.11563113
Mauritius,MUS,1974,0.11388977
Mauritius,MUS,1975,0.110986546
Mauritius,MUS,1976,0.11031354
Mauritius,MUS,1977,0.10853297
Mauritius,MUS,1978,0.107123844
Mauritius,MUS,1979,0.10527557
Mauritius,MUS,1980,0.10351549
Mauritius,MUS,1981,0.101992734
Mauritius,MUS,1982,0.10075354
Mauritius,MUS,1983,0.099831186
Mauritius,MUS,1984,0.09879266
Mauritius,MUS,1985,0.097988494
Mauritius,MUS,1986,0.097242214
Mauritius,MUS,1987,0.09651746
Mauritius,MUS,1988,0.09585531
Mauritius,MUS,1989,0.09417271
Mauritius,MUS,1990,0.0925598
Mauritius,MUS,1991,0.09063167
Mauritius,MUS,1992,0.08852487
Mauritius,MUS,1993,0.085659035
Mauritius,MUS,1994,0.08356951
Mauritius,MUS,1995,0.08196305
Mauritius,MUS,1996,0.08024719
Mauritius,MUS,1997,0.07837782
Mauritius,MUS,1998,0.07841981
Mauritius,MUS,1999,0.07572747
Mauritius,MUS,2000,0.07582951
Mauritius,MUS,2001,0.0760687
Mauritius,MUS,2002,0.073882155
Mauritius,MUS,2003,0.07252528
Mauritius,MUS,2004,0.0712529
Mauritius,MUS,2005,0.06920393
Mauritius,MUS,2006,0.06726116
Mauritius,MUS,2007,0.065342076
Mauritius,MUS,2008,0.06430243
Mauritius,MUS,2009,0.06413191
Mauritius,MUS,2010,0.06397953
Mauritius,MUS,2011,0.062280223
Mauritius,MUS,2012,0.06051524
Mauritius,MUS,2013,0.05957454
Mauritius,MUS,2014,0.059466798
Mauritius,MUS,2015,0.059388112
Mauritius,MUS,2016,0.05934732
Mauritius,MUS,2017,0.059293833
Mauritius,MUS,2018,0.05926151
Mauritius,MUS,2019,0.05924241
Mauritius,MUS,2020,0.059241053
Mauritius,MUS,2021,0.05922608
Mauritius,MUS,2022,0.059404857
Mauritius,MUS,2023,0.060065016
Mexico,MEX,1961,0.5148308
Mexico,MEX,1962,0.49426004
Mexico,MEX,1963,0.47644886
Mexico,MEX,1964,0.45915872
Mexico,MEX,1965,0.442391
Mexico,MEX,1966,0.42617926
Mexico,MEX,1967,0.41036552
Mexico,MEX,1968,0.39544097
Mexico,MEX,1969,0.38124683
Mexico,MEX,1970,0.3480865
Mexico,MEX,1971,0.33749545
Mexico,MEX,1972,0.32729864
Mexico,MEX,1973,0.31830186
Mexico,MEX,1974,0.3085826
Mexico,MEX,1975,0.30029297
Mexico,MEX,1976,0.29245362
Mexico,MEX,1977,0.28538644
Mexico,MEX,1978,0.27798164
Mexico,MEX,1979,0.2678645
Mexico,MEX,1980,0.26240584
Mexico,MEX,1981,0.25545743
Mexico,MEX,1982,0.25265053
Mexico,MEX,1983,0.25465727
Mexico,MEX,1984,0.24815376
Mexico,MEX,1985,0.2437589
Mexico,MEX,1986,0.23952273
Mexico,MEX,1987,0.2461585
Mexico,MEX,1988,0.24716568
Mexico,MEX,1989,0.25423652
Mexico,MEX,1990,0.26212212
Mexico,MEX,1991,0.26557916
Mexico,MEX,1992,0.26066652
Mexico,MEX,1993,0.2570453
Mexico,MEX,1994,0.2526238
Mexico,MEX,1995,0.24828736
Mexico,MEX,1996,0.24571483
Mexico,MEX,1997,0.24233894
Mexico,MEX,1998,0.23887984
Mexico,MEX,1999,0.23598655
Mexico,MEX,2000,0.23224205
Mexico,MEX,2001,0.2312808
Mexico,MEX,2002,0.22830442
Mexico,MEX,2003,0.22967897
Mexico,MEX,2004,0.22236882
Mexico,MEX,2005,0.2201651
Mexico,MEX,2006,0.21782939
Mexico,MEX,2007,0.21621823
Mexico,MEX,2008,0.21115425
Mexico,MEX,2009,0.20664337
Mexico,MEX,2010,0.20183255
Mexico,MEX,2011,0.19711307
Mexico,MEX,2012,0.1930521
Mexico,MEX,2013,0.19004834
Mexico,MEX,2014,0.18500762
Mexico,MEX,2015,0.18210605
Mexico,MEX,2016,0.17790397
Mexico,MEX,2017,0.16415714
Mexico,MEX,2018,0.15974478
Mexico,MEX,2019,0.15425843
Mexico,MEX,2020,0.17100915
Mexico,MEX,2021,0.16978481
Mexico,MEX,2022,0.15991652
Mexico,MEX,2023,0.15433662
Micronesia (country),FSM,1991,0.024329953
Micronesia (country),FSM,1992,0.023853596
Micronesia (country),FSM,1993,0.023350082
Micronesia (country),FSM,1994,0.022920009
Micronesia (country),FSM,1995,0.02267985
Micronesia (country),FSM,1996,0.02258152
Micronesia (country),FSM,1997,0.022508126
Micronesia (country),FSM,1998,0.022446286
Micronesia (country),FSM,1999,0.022385387
Micronesia (country),FSM,2000,0.022312663
Micronesia (country),FSM,2001,0.02224892
Micronesia (country),FSM,2002,0.022232499
Micronesia (country),FSM,2003,0.022264773
Micronesia (country),FSM,2004,0.022336386
Micronesia (country),FSM,2005,0.022439234
Micronesia (country),FSM,2006,0.022577645
Micronesia (country),FSM,2007,0.022752093
Micronesia (country),FSM,2008,0.022949254
Micronesia (country),FSM,2009,0.018525895
Micronesia (country),FSM,2010,0.018597731
Micronesia (country),FSM,2011,0.018570447
Micronesia (country),FSM,2012,0.018537398
Micronesia (country),FSM,2013,0.018497795
Micronesia (country),FSM,2014,0.018450866
Micronesia (country),FSM,2015,0.018396556
Micronesia (country),FSM,2016,0.018336007
Micronesia (country),FSM,2017,0.01826801
Micronesia (country),FSM,2018,0.018196872
Micronesia (country),FSM,2019,0.018135326
Micronesia (country),FSM,2020,0.018031664
Micronesia (country),FSM,2021,0.017917294
Micronesia (country),FSM,2022,0.017838985
Micronesia (country),FSM,2023,0.017757257
"Middle East, North Africa, Afghanistan and Pakistan (WB)",WB_MENAP,1961,0.5400551
"Middle East, North Africa, Afghanistan and Pakistan (WB)",WB_MENAP,1962,0.526489
"Middle East, North Africa, Afghanistan and Pakistan (WB)",WB_MENAP,1963,0.5140177
"Middle East, North Africa, Afghanistan and Pakistan (WB)",WB_MENAP,1964,0.50495964
"Middle East, North Africa, Afghanistan and Pakistan (WB)",WB_MENAP,1965,0.4983558
"Middle East, North Africa, Afghanistan and Pakistan (WB)",WB_MENAP,1966,0.48499703
"Middle East, North Africa, Afghanistan and Pakistan (WB)",WB_MENAP,1967,0.47289327
"Middle East, North Africa, Afghanistan and Pakistan (WB)",WB_MENAP,1968,0.45743892
"Middle East, North Africa, Afghanistan and Pakistan (WB)",WB_MENAP,1969,0.43813246
"Middle East, North Africa, Afghanistan and Pakistan (WB)",WB_MENAP,1970,0.42765886
"Middle East, North Africa, Afghanistan and Pakistan (WB)",WB_MENAP,1971,0.4173711
"Middle East, North Africa, Afghanistan and Pakistan (WB)",WB_MENAP,1972,0.41107166
"Middle East, North Africa, Afghanistan and Pakistan (WB)",WB_MENAP,1973,0.40648243
"Middle East, North Africa, Afghanistan and Pakistan (WB)",WB_MENAP,1974,0.39136443
"Middle East, North Africa, Afghanistan and Pakistan (WB)",WB_MENAP,1975,0.37868756
"Middle East, North Africa, Afghanistan and Pakistan (WB)",WB_MENAP,1976,0.3655551
"Middle East, North Africa, Afghanistan and Pakistan (WB)",WB_MENAP,1977,0.35302177
"Middle East, North Africa, Afghanistan and Pakistan (WB)",WB_MENAP,1978,0.34208873
"Middle East, North Africa, Afghanistan and Pakistan (WB)",WB_MENAP,1979,0.33453038
"Middle East, North Africa, Afghanistan and Pakistan (WB)",WB_MENAP,1980,0.3195479
"Middle East, North Africa, Afghanistan and Pakistan (WB)",WB_MENAP,1981,0.30913717
"Middle East, North Africa, Afghanistan and Pakistan (WB)",WB_MENAP,1982,0.3085093
"Middle East, North Africa, Afghanistan and Pakistan (WB)",WB_MENAP,1983,0.29204425
"Middle East, North Africa, Afghanistan and Pakistan (WB)",WB_MENAP,1984,0.28828302
"Middle East, North Africa, Afghanistan and Pakistan (WB)",WB_MENAP,1985,0.27944452
"Middle East, North Africa, Afghanistan and Pakistan (WB)",WB_MENAP,1986,0.26759973
"Middle East, North Africa, Afghanistan and Pakistan (WB)",WB_MENAP,1987,0.26448882
"Middle East, North Africa, Afghanistan and Pakistan (WB)",WB_MENAP,1988,0.25350234
"Middle East, North Africa, Afghanistan and Pakistan (WB)",WB_MENAP,1989,0.24708326
"Middle East, North Africa, Afghanistan and Pakistan (WB)",WB_MENAP,1990,0.23833081
"Middle East, North Africa, Afghanistan and Pakistan (WB)",WB_MENAP,1991,0.2372987
"Middle East, North Africa, Afghanistan and Pakistan (WB)",WB_MENAP,1992,0.23339316
"Middle East, North Africa, Afghanistan and Pakistan (WB)",WB_MENAP,1993,0.23004459
"Middle East, North Africa, Afghanistan and Pakistan (WB)",WB_MENAP,1994,0.22243476
"Middle East, North Africa, Afghanistan and Pakistan (WB)",WB_MENAP,1995,0.2171392
"Middle East, North Africa, Afghanistan and Pakistan (WB)",WB_MENAP,1996,0.2116385
"Middle East, North Africa, Afghanistan and Pakistan (WB)",WB_MENAP,1997,0.20572506
"Middle East, North Africa, Afghanistan and Pakistan (WB)",WB_MENAP,1998,0.20142327
"Middle East, North Africa, Afghanistan and Pakistan (WB)",WB_MENAP,1999,0.19503497
"Middle East, North Africa, Afghanistan and Pakistan (WB)",WB_MENAP,2000,0.18672957
"Middle East, North Africa, Afghanistan and Pakistan (WB)",WB_MENAP,2001,0.18407282
"Middle East, North Africa, Afghanistan and Pakistan (WB)",WB_MENAP,2002,0.18021251
"Middle East, North Africa, Afghanistan and Pakistan (WB)",WB_MENAP,2003,0.17731452
"Middle East, North Africa, Afghanistan and Pakistan (WB)",WB_MENAP,2004,0.17070802
"Middle East, North Africa, Afghanistan and Pakistan (WB)",WB_MENAP,2005,0.16576439
"Middle East, North Africa, Afghanistan and Pakistan (WB)",WB_MENAP,2006,0.16262333
"Middle East, North Africa, Afghanistan and Pakistan (WB)",WB_MENAP,2007,0.15893939
"Middle East, North Africa, Afghanistan and Pakistan (WB)",WB_MENAP,2008,0.15023279
"Middle East, North Africa, Afghanistan and Pakistan (WB)",WB_MENAP,2009,0.14618741
"Middle East, North Africa, Afghanistan and Pakistan (WB)",WB_MENAP,2010,0.14317559
"Middle East, North Africa, Afghanistan and Pakistan (WB)",WB_MENAP,2011,0.14108953
"Middle East, North Africa, Afghanistan and Pakistan (WB)",WB_MENAP,2012,0.13853833
"Middle East, North Africa, Afghanistan and Pakistan (WB)",WB_MENAP,2013,0.13571884
"Middle East, North Africa, Afghanistan and Pakistan (WB)",WB_MENAP,2014,0.13225646
"Middle East, North Africa, Afghanistan and Pakistan (WB)",WB_MENAP,2015,0.12972212
"Middle East, North Africa, Afghanistan and Pakistan (WB)",WB_MENAP,2016,0.12893066
"Middle East, North Africa, Afghanistan and Pakistan (WB)",WB_MENAP,2017,0.12845534
"Middle East, North Africa, Afghanistan and Pakistan (WB)",WB_MENAP,2018,0.12651475
"Middle East, North Africa, Afghanistan and Pakistan (WB)",WB_MENAP,2019,0.122576304
"Middle East, North Africa, Afghanistan and Pakistan (WB)",WB_MENAP,2020,0.12174664
"Middle East, North Africa, Afghanistan and Pakistan (WB)",WB_MENAP,2021,0.118568465
"Middle East, North Africa, Afghanistan and Pakistan (WB)",WB_MENAP,2022,0.11527012
"Middle East, North Africa, Afghanistan and Pakistan (WB)",WB_MENAP,2023,0.113627516
Moldova,MDA,1992,0.58236176
Moldova,MDA,1993,0.5860282
Moldova,MDA,1994,0.5929057
Moldova,MDA,1995,0.6003657
Moldova,MDA,1996,0.60631907
Moldova,MDA,1997,0.6085656
Moldova,MDA,1998,0.6125591
Moldova,MDA,1999,0.61829877
Moldova,MDA,2000,0.6246863
Moldova,MDA,2001,0.6336239
Moldova,MDA,2002,0.633032
Moldova,MDA,2003,0.6355061
Moldova,MDA,2004,0.63535404
Moldova,MDA,2005,0.63447887
Moldova,MDA,2006,0.63173234
Moldova,MDA,2007,0.63389367
Moldova,MDA,2008,0.63475287
Moldova,MDA,2009,0.6341588
Moldova,MDA,2010,0.6333948
Moldova,MDA,2011,0.63306206
Moldova,MDA,2012,0.6341939
Moldova,MDA,2013,0.6350632
Moldova,MDA,2014,0.60465777
Moldova,MDA,2015,0.61107665
Moldova,MDA,2016,0.6200088
Moldova,MDA,2017,0.6308097
Moldova,MDA,2018,0.62119466
Moldova,MDA,2019,0.6342935
Moldova,MDA,2020,0.7028116
Moldova,MDA,2021,0.7153839
Moldova,MDA,2022,0.737942
Moldova,MDA,2023,0.76125515
Mongolia,MNG,1961,0.6182601
Mongolia,MNG,1962,0.6951886
Mongolia,MNG,1963,0.6804423
Mongolia,MNG,1964,0.7725629
Mongolia,MNG,1965,0.7664583
Mongolia,MNG,1966,0.76047
Mongolia,MNG,1967,0.6842128
Mongolia,MNG,1968,0.63174325
Mongolia,MNG,1969,0.5909922
Mongolia,MNG,1970,0.5743967
Mongolia,MNG,1971,0.58267564
Mongolia,MNG,1972,0.56774074
Mongolia,MNG,1973,0.56136525
Mongolia,MNG,1974,0.5539228
Mongolia,MNG,1975,0.555669
Mongolia,MNG,1976,0.6201267
Mongolia,MNG,1977,0.6978611
Mongolia,MNG,1978,0.71257967
Mongolia,MNG,1979,0.69851786
Mongolia,MNG,1980,0.6947485
Mongolia,MNG,1981,0.6954099
Mongolia,MNG,1982,0.7006974
Mongolia,MNG,1983,0.71729577
Mongolia,MNG,1984,0.7117138
Mongolia,MNG,1985,0.70413226
Mongolia,MNG,1986,0.6626196
Mongolia,MNG,1987,0.6594819
Mongolia,MNG,1988,0.65741247
Mongolia,MNG,1989,0.64683634
Mongolia,MNG,1990,0.6530202
Mongolia,MNG,1991,0.63200176
Mongolia,MNG,1992,0.6285434
Mongolia,MNG,1993,0.6247893
Mongolia,MNG,1994,0.6037056
Mongolia,MNG,1995,0.5937225
Mongolia,MNG,1996,0.5846408
Mongolia,MNG,1997,0.53562564
Mongolia,MNG,1998,0.5793075
Mongolia,MNG,1999,0.50485295
Mongolia,MNG,2000,0.49194846
Mongolia,MNG,2001,0.4865472
Mongolia,MNG,2002,0.48127684
Mongolia,MNG,2003,0.47562385
Mongolia,MNG,2004,0.4681129
Mongolia,MNG,2005,0.46254918
Mongolia,MNG,2006,0.4577188
Mongolia,MNG,2007,0.45150027
Mongolia,MNG,2008,0.45267463
Mongolia,MNG,2009,0.45171878
Mongolia,MNG,2010,0.4513029
Mongolia,MNG,2011,0.46343255
Mongolia,MNG,2012,0.46452582
Mongolia,MNG,2013,0.44396487
Mongolia,MNG,2014,0.44308096
Mongolia,MNG,2015,0.43882513
Mongolia,MNG,2016,0.42838514
Mongolia,MNG,2017,0.42009428
Mongolia,MNG,2018,0.41343698
Mongolia,MNG,2019,0.34030455
Mongolia,MNG,2020,0.3372216
Mongolia,MNG,2021,0.33123946
Mongolia,MNG,2022,0.3305426
Mongolia,MNG,2023,0.32841736
Montenegro,MNE,2006,0.28291532
Montenegro,MNE,2007,0.28252485
Montenegro,MNE,2008,0.28040308
Montenegro,MNE,2009,0.27980217
Montenegro,MNE,2010,0.27767554
Montenegro,MNE,2011,0.27887708
Montenegro,MNE,2012,0.27678633
Montenegro,MNE,2013,0.012528369
Montenegro,MNE,2014,0.013996127
Montenegro,MNE,2015,0.013927777
Montenegro,MNE,2016,0.014391871
Montenegro,MNE,2017,0.014696908
Montenegro,MNE,2018,0.01468621
Montenegro,MNE,2019,0.014359724
Montenegro,MNE,2020,0.014523054
Montenegro,MNE,2021,0.0142387925
Montenegro,MNE,2022,0.014432536
Montenegro,MNE,2023,0.01451416
Morocco,MAR,1961,0.5523387
Morocco,MAR,1962,0.53782344
Morocco,MAR,1963,0.52872187
Morocco,MAR,1964,0.5194247
Morocco,MAR,1965,0.51362735
Morocco,MAR,1966,0.50746244
Morocco,MAR,1967,0.49398008
Morocco,MAR,1968,0.4878763
Morocco,MAR,1969,0.4750834
Morocco,MAR,1970,0.46769714
Morocco,MAR,1971,0.45751897
Morocco,MAR,1972,0.44779515
Morocco,MAR,1973,0.4407008
Morocco,MAR,1974,0.4302658
Morocco,MAR,1975,0.42522833
Morocco,MAR,1976,0.4162356
Morocco,MAR,1977,0.41354987
Morocco,MAR,1978,0.41445258
Morocco,MAR,1979,0.39587268
Morocco,MAR,1980,0.3869487
Morocco,MAR,1981,0.38478088
Morocco,MAR,1982,0.3785029
Morocco,MAR,1983,0.37145022
Morocco,MAR,1984,0.3627897
Morocco,MAR,1985,0.35624567
Morocco,MAR,1986,0.35206714
Morocco,MAR,1987,0.35420582
Morocco,MAR,1988,0.34782204
Morocco,MAR,1989,0.3532668
Morocco,MAR,1990,0.35720217
Morocco,MAR,1991,0.3515059
Morocco,MAR,1992,0.35434848
Morocco,MAR,1993,0.35132328
Morocco,MAR,1994,0.35091197
Morocco,MAR,1995,0.33792397
Morocco,MAR,1996,0.33930033
Morocco,MAR,1997,0.32998526
Morocco,MAR,1998,0.3270261
Morocco,MAR,1999,0.31462318
Morocco,MAR,2000,0.30844265
Morocco,MAR,2001,0.29457244
Morocco,MAR,2002,0.28775802
Morocco,MAR,2003,0.30620787
Morocco,MAR,2004,0.27409592
Morocco,MAR,2005,0.2675394
Morocco,MAR,2006,0.2620634
Morocco,MAR,2007,0.25860575
Morocco,MAR,2008,0.2547556
Morocco,MAR,2009,0.25099608
Morocco,MAR,2010,0.23806623
Morocco,MAR,2011,0.23710684
Morocco,MAR,2012,0.24125144
Morocco,MAR,2013,0.24056183
Morocco,MAR,2014,0.22222333
Morocco,MAR,2015,0.21663746
Morocco,MAR,2016,0.2347284
Morocco,MAR,2017,0.2375068
Morocco,MAR,2018,0.21909107
Morocco,MAR,2019,0.19052176
Morocco,MAR,2020,0.19612384
Morocco,MAR,2021,0.19304194
Morocco,MAR,2022,0.1734947
Morocco,MAR,2023,0.18227513
Mozambique,MOZ,1961,0.35757467
Mozambique,MOZ,1962,0.35153854
Mozambique,MOZ,1963,0.34529668
Mozambique,MOZ,1964,0.33907366
Mozambique,MOZ,1965,0.3334944
Mozambique,MOZ,1966,0.3271193
Mozambique,MOZ,1967,0.32364345
Mozambique,MOZ,1968,0.32942197
Mozambique,MOZ,1969,0.33469895
Mozambique,MOZ,1970,0.33755505
Mozambique,MOZ,1971,0.3293396
Mozambique,MOZ,1972,0.32210064
Mozambique,MOZ,1973,0.3182849
Mozambique,MOZ,1974,0.30857202
Mozambique,MOZ,1975,0.3008128
Mozambique,MOZ,1976,0.29086238
Mozambique,MOZ,1977,0.28068528
Mozambique,MOZ,1978,0.27028936
Mozambique,MOZ,1979,0.26022756
Mozambique,MOZ,1980,0.2531708
Mozambique,MOZ,1981,0.2524177
Mozambique,MOZ,1982,0.2537133
Mozambique,MOZ,1983,0.24847144
Mozambique,MOZ,1984,0.25170603
Mozambique,MOZ,1985,0.25101703
Mozambique,MOZ,1986,0.25057596
Mozambique,MOZ,1987,0.2573586
Mozambique,MOZ,1988,0.26170734
Mozambique,MOZ,1989,0.26342618
Mozambique,MOZ,1990,0.26346865
Mozambique,MOZ,1991,0.26213124
Mozambique,MOZ,1992,0.25857037
Mozambique,MOZ,1993,0.25051254
Mozambique,MOZ,1994,0.23746407
Mozambique,MOZ,1995,0.22868915
Mozambique,MOZ,1996,0.22737636
Mozambique,MOZ,1997,0.23008874
Mozambique,MOZ,1998,0.23067434
Mozambique,MOZ,1999,0.22272964
Mozambique,MOZ,2000,0.21511719
Mozambique,MOZ,2001,0.21577616
Mozambique,MOZ,2002,0.23472522
Mozambique,MOZ,2003,0.23204876
Mozambique,MOZ,2004,0.23185118
Mozambique,MOZ,2005,0.24624999
Mozambique,MOZ,2006,0.23572326
Mozambique,MOZ,2007,0.24427326
Mozambique,MOZ,2008,0.24749032
Mozambique,MOZ,2009,0.24562624
Mozambique,MOZ,2010,0.24566035
Mozambique,MOZ,2011,0.23891035
Mozambique,MOZ,2012,0.23214872
Mozambique,MOZ,2013,0.2255344
Mozambique,MOZ,2014,0.21909012
Mozambique,MOZ,2015,0.21282549
Mozambique,MOZ,2016,0.2066788
Mozambique,MOZ,2017,0.20059367
Mozambique,MOZ,2018,0.19470242
Mozambique,MOZ,2019,0.18906198
Mozambique,MOZ,2020,0.18353876
Mozambique,MOZ,2021,0.17818959
Mozambique,MOZ,2022,0.17301437
Mozambique,MOZ,2023,0.16797899
Myanmar,MMR,1961,0.4457335
Myanmar,MMR,1962,0.43647313
Myanmar,MMR,1963,0.42733923
Myanmar,MMR,1964,0.4183287
Myanmar,MMR,1965,0.40898818
Myanmar,MMR,1966,0.40021747
Myanmar,MMR,1967,0.39123955
Myanmar,MMR,1968,0.38245976
Myanmar,MMR,1969,0.37426963
Myanmar,MMR,1970,0.36663824
Myanmar,MMR,1971,0.35854
Myanmar,MMR,1972,0.35070658
Myanmar,MMR,1973,0.32677162
Myanmar,MMR,1974,0.3207631
Myanmar,MMR,1975,0.31497952
Myanmar,MMR,1976,0.30943978
Myanmar,MMR,1977,0.30456725
Myanmar,MMR,1978,0.29893994
Myanmar,MMR,1979,0.29349732
Myanmar,MMR,1980,0.2881073
Myanmar,MMR,1981,0.28367823
Myanmar,MMR,1982,0.27897832
Myanmar,MMR,1983,0.27338618
Myanmar,MMR,1984,0.26716387
Myanmar,MMR,1985,0.26194045
Myanmar,MMR,1986,0.25716284
Myanmar,MMR,1987,0.25213584
Myanmar,MMR,1988,0.2474552
Myanmar,MMR,1989,0.24322562
Myanmar,MMR,1990,0.24027275
Myanmar,MMR,1991,0.23651937
Myanmar,MMR,1992,0.23281857
Myanmar,MMR,1993,0.23080577
Myanmar,MMR,1994,0.22670236
Myanmar,MMR,1995,0.2239156
Myanmar,MMR,1996,0.22113384
Myanmar,MMR,1997,0.21869738
Myanmar,MMR,1998,0.21591678
Myanmar,MMR,1999,0.21635392
Myanmar,MMR,2000,0.21878596
Myanmar,MMR,2001,0.21825981
Myanmar,MMR,2002,0.21331243
Myanmar,MMR,2003,0.21109048
Myanmar,MMR,2004,0.21058547
Myanmar,MMR,2005,0.21204357
Myanmar,MMR,2006,0.21630158
Myanmar,MMR,2007,0.21978162
Myanmar,MMR,2008,0.22099245
Myanmar,MMR,2009,0.22182281
Myanmar,MMR,2010,0.22052293
Myanmar,MMR,2011,0.21825251
Myanmar,MMR,2012,0.21572132
Myanmar,MMR,2013,0.21431418
Myanmar,MMR,2014,0.21341065
Myanmar,MMR,2015,0.21399887
Myanmar,MMR,2016,0.21260029
Myanmar,MMR,2017,0.21315373
Myanmar,MMR,2018,0.2119729
Myanmar,MMR,2019,0.20878136
Myanmar,MMR,2020,0.20729387
Myanmar,MMR,2021,0.20585497
Myanmar,MMR,2022,0.2044393
Myanmar,MMR,2023,0.20333567
Namibia,NAM,1961,1.0629002
Namibia,NAM,1962,1.0409917
Namibia,NAM,1963,1.0181246
Namibia,NAM,1964,1.0007292
Namibia,NAM,1965,0.97644717
Namibia,NAM,1966,0.9518118
Namibia,NAM,1967,0.9309743
Namibia,NAM,1968,0.9056072
Namibia,NAM,1969,0.8802913
Namibia,NAM,1970,0.8576692
Namibia,NAM,1971,0.8352721
Namibia,NAM,1972,0.810543
Namibia,NAM,1973,0.78655803
Namibia,NAM,1974,0.7631801
Namibia,NAM,1975,0.7400412
Namibia,NAM,1976,0.7214036
Namibia,NAM,1977,0.702392
Namibia,NAM,1978,0.69146144
Namibia,NAM,1979,0.68028975
Namibia,NAM,1980,0.66739076
Namibia,NAM,1981,0.6599496
Namibia,NAM,1982,0.64831716
Namibia,NAM,1983,0.63613784
Namibia,NAM,1984,0.61914337
Namibia,NAM,1985,0.6017012
Namibia,NAM,1986,0.5835126
Namibia,NAM,1987,0.5651222
Namibia,NAM,1988,0.5455916
Namibia,NAM,1989,0.51204586
Namibia,NAM,1990,0.48199704
Namibia,NAM,1991,0.46620575
Namibia,NAM,1992,0.45164585
Namibia,NAM,1993,0.4626509
Namibia,NAM,1994,0.47998336
Namibia,NAM,1995,0.50930923
Namibia,NAM,1996,0.49571624
Namibia,NAM,1997,0.4830506
Namibia,NAM,1998,0.4709291
Namibia,NAM,1999,0.45936427
Namibia,NAM,2000,0.4486852
Namibia,NAM,2001,0.43940705
Namibia,NAM,2002,0.4317529
Namibia,NAM,2003,0.42504057
Namibia,NAM,2004,0.41965273
Namibia,NAM,2005,0.4139161
Namibia,NAM,2006,0.40815547
Namibia,NAM,2007,0.39631426
Namibia,NAM,2008,0.39080513
Namibia,NAM,2009,0.38509786
Namibia,NAM,2010,0.37918088
Namibia,NAM,2011,0.37273014
Namibia,NAM,2012,0.36452216
Namibia,NAM,2013,0.35515967
Namibia,NAM,2014,0.34599996
Namibia,NAM,2015,0.33694142
Namibia,NAM,2016,0.32797465
Namibia,NAM,2017,0.3191252
Namibia,NAM,2018,0.31039912
Namibia,NAM,2019,0.30183053
Namibia,NAM,2020,0.29317325
Namibia,NAM,2021,0.284642
Namibia,NAM,2022,0.276849
Namibia,NAM,2023,0.26998797
Nepal,NPL,1961,0.1750272
Nepal,NPL,1962,0.17165479
Nepal,NPL,1963,0.16924798
Nepal,NPL,1964,0.16498587
Nepal,NPL,1965,0.16163372
Nepal,NPL,1966,0.1583001
Nepal,NPL,1967,0.15610094
Nepal,NPL,1968,0.1527767
Nepal,NPL,1969,0.1495023
Nepal,NPL,1970,0.15704167
Nepal,NPL,1971,0.1536578
Nepal,NPL,1972,0.15820959
Nepal,NPL,1973,0.16308558
Nepal,NPL,1974,0.16066702
Nepal,NPL,1975,0.15824729
Nepal,NPL,1976,0.15587915
Nepal,NPL,1977,0.153457
Nepal,NPL,1978,0.1509465
Nepal,NPL,1979,0.14844717
Nepal,NPL,1980,0.14595157
Nepal,NPL,1981,0.14369673
Nepal,NPL,1982,0.14060633
Nepal,NPL,1983,0.13752674
Nepal,NPL,1984,0.13454887
Nepal,NPL,1985,0.13173364
Nepal,NPL,1986,0.12905663
Nepal,NPL,1987,0.12654993
Nepal,NPL,1988,0.12410763
Nepal,NPL,1989,0.12156698
Nepal,NPL,1990,0.118845105
Nepal,NPL,1991,0.11598832
Nepal,NPL,1992,0.11292252
Nepal,NPL,1993,0.11003695
Nepal,NPL,1994,0.10746643
Nepal,NPL,1995,0.105064236
Nepal,NPL,1996,0.102915935
Nepal,NPL,1997,0.10094118
Nepal,NPL,1998,0.0991159
Nepal,NPL,1999,0.0974251
Nepal,NPL,2000,0.09589958
Nepal,NPL,2001,0.094401084
Nepal,NPL,2002,0.09218689
Nepal,NPL,2003,0.09011724
Nepal,NPL,2004,0.0884049
Nepal,NPL,2005,0.08666085
Nepal,NPL,2006,0.08507299
Nepal,NPL,2007,0.08361799
Nepal,NPL,2008,0.08225258
Nepal,NPL,2009,0.08096261
Nepal,NPL,2010,0.07973096
Nepal,NPL,2011,0.078745306
Nepal,NPL,2012,0.07735897
Nepal,NPL,2013,0.076021954
Nepal,NPL,2014,0.0746166
Nepal,NPL,2015,0.07303831
Nepal,NPL,2016,0.07152676
Nepal,NPL,2017,0.070219494
Nepal,NPL,2018,0.068886414
Nepal,NPL,2019,0.066927485
Nepal,NPL,2020,0.064524524
Nepal,NPL,2021,0.062304553
Nepal,NPL,2022,0.060702458
Nepal,NPL,2023,0.060745023
Netherlands,NLD,1961,0.0852328
Netherlands,NLD,1962,0.08182496
Netherlands,NLD,1963,0.079308264
Netherlands,NLD,1964,0.07726484
Netherlands,NLD,1965,0.075479485
Netherlands,NLD,1966,0.07279879
Netherlands,NLD,1967,0.06998618
Netherlands,NLD,1968,0.068493254
Netherlands,NLD,1969,0.06623708
Netherlands,NLD,1970,0.06382623
Netherlands,NLD,1971,0.061836384
Netherlands,NLD,1972,0.06077911
Netherlands,NLD,1973,0.0597798
Netherlands,NLD,1974,0.05953464
Netherlands,NLD,1975,0.059233144
Netherlands,NLD,1976,0.05908943
Netherlands,NLD,1977,0.060218595
Netherlands,NLD,1978,0.059368655
Netherlands,NLD,1979,0.05920245
Netherlands,NLD,1980,0.05974643
Netherlands,NLD,1981,0.059366018
Netherlands,NLD,1982,0.059548553
Netherlands,NLD,1983,0.058042455
Netherlands,NLD,1984,0.05836021
Netherlands,NLD,1985,0.0594343
Netherlands,NLD,1986,0.06025139
Netherlands,NLD,1987,0.060927223
Netherlands,NLD,1988,0.06123267
Netherlands,NLD,1989,0.061048266
Netherlands,NLD,1990,0.06182653
Netherlands,NLD,1991,0.059211146
Netherlands,NLD,1992,0.059285443
Netherlands,NLD,1993,0.059011005
Netherlands,NLD,1994,0.058721285
Netherlands,NLD,1995,0.05944755
Netherlands,NLD,1996,0.059695445
Netherlands,NLD,1997,0.06221394
Netherlands,NLD,1998,0.059202116
Netherlands,NLD,1999,0.06396372
Netherlands,NLD,2000,0.06421771
Netherlands,NLD,2001,0.06286854
Netherlands,NLD,2002,0.06286485
Netherlands,NLD,2003,0.067246825
Netherlands,NLD,2004,0.06924919
Netherlands,NLD,2005,0.06807653
Netherlands,NLD,2006,0.0654468
Netherlands,NLD,2007,0.06469416
Netherlands,NLD,2008,0.06485628
Netherlands,NLD,2009,0.0638037
Netherlands,NLD,2010,0.061545335
Netherlands,NLD,2011,0.060264513
Netherlands,NLD,2012,0.060340334
Netherlands,NLD,2013,0.061793223
Netherlands,NLD,2014,0.061962616
Netherlands,NLD,2015,0.061511494
Netherlands,NLD,2016,0.06036295
Netherlands,NLD,2017,0.060532488
Netherlands,NLD,2018,0.059251525
Netherlands,NLD,2019,0.05829388
Netherlands,NLD,2020,0.057611443
Netherlands,NLD,2021,0.057206266
Netherlands,NLD,2022,0.05672002
Netherlands,NLD,2023,0.056440867
New Caledonia,NCL,1961,0.084826894
New Caledonia,NCL,1962,0.08203061
New Caledonia,NCL,1963,0.07950028
New Caledonia,NCL,1964,0.077260986
New Caledonia,NCL,1965,0.07514035
New Caledonia,NCL,1966,0.07305364
New Caledonia,NCL,1967,0.07100327
New Caledonia,NCL,1968,0.06900563
New Caledonia,NCL,1969,0.06676268
New Caledonia,NCL,1970,0.064021654
New Caledonia,NCL,1971,0.061127897
New Caledonia,NCL,1972,0.058366895
New Caledonia,NCL,1973,0.055739142
New Caledonia,NCL,1974,0.05325138
New Caledonia,NCL,1975,0.050923165
New Caledonia,NCL,1976,0.049264204
New Caledonia,NCL,1977,0.04840974
New Caledonia,NCL,1978,0.04781682
New Caledonia,NCL,1979,0.04725515
New Caledonia,NCL,1980,0.04672367
New Caledonia,NCL,1981,0.04622262
New Caledonia,NCL,1982,0.045751333
New Caledonia,NCL,1983,0.045160417
New Caledonia,NCL,1984,0.06345862
New Caledonia,NCL,1985,0.062408727
New Caledonia,NCL,1986,0.055249296
New Caledonia,NCL,1987,0.05433142
New Caledonia,NCL,1988,0.05341183
New Caledonia,NCL,1989,0.05231676
New Caledonia,NCL,1990,0.051004216
New Caledonia,NCL,1991,0.04965846
New Caledonia,NCL,1992,0.048368372
New Caledonia,NCL,1993,0.0419162
New Caledonia,NCL,1994,0.03578476
New Caledonia,NCL,1995,0.0349338
New Caledonia,NCL,1996,0.03414068
New Caledonia,NCL,1997,0.033403322
New Caledonia,NCL,1998,0.032703098
New Caledonia,NCL,1999,0.032032654
New Caledonia,NCL,2000,0.031376347
New Caledonia,NCL,2001,0.03074126
New Caledonia,NCL,2002,0.02928056
New Caledonia,NCL,2003,0.028731018
New Caledonia,NCL,2004,0.028233105
New Caledonia,NCL,2005,0.027825404
New Caledonia,NCL,2006,0.02746953
New Caledonia,NCL,2007,0.027121348
New Caledonia,NCL,2008,0.02679011
New Caledonia,NCL,2009,0.02643343
New Caledonia,NCL,2010,0.025995672
New Caledonia,NCL,2011,0.02438631
New Caledonia,NCL,2012,0.022103352
New Caledonia,NCL,2013,0.021674577
New Caledonia,NCL,2014,0.021335306
New Caledonia,NCL,2015,0.021082891
New Caledonia,NCL,2016,0.021063922
New Caledonia,NCL,2017,0.021054784
New Caledonia,NCL,2018,0.021055156
New Caledonia,NCL,2019,0.02105033
New Caledonia,NCL,2020,0.021008108
New Caledonia,NCL,2021,0.020931652
New Caledonia,NCL,2022,0.020792482
New Caledonia,NCL,2023,0.020595439
New Zealand,NZL,1961,0.15745753
New Zealand,NZL,1962,0.15350524
New Zealand,NZL,1963,0.15009084
New Zealand,NZL,1964,0.1469792
New Zealand,NZL,1965,0.14457464
New Zealand,NZL,1966,0.14200829
New Zealand,NZL,1967,0.13876143
New Zealand,NZL,1968,0.13754958
New Zealand,NZL,1969,0.13632429
New Zealand,NZL,1970,0.1337745
New Zealand,NZL,1971,0.1317911
New Zealand,NZL,1972,0.12941217
New Zealand,NZL,1973,0.12550232
New Zealand,NZL,1974,0.12153984
New Zealand,NZL,1975,0.12438779
New Zealand,NZL,1976,0.12843594
New Zealand,NZL,1977,0.1285815
New Zealand,NZL,1978,0.12908497
New Zealand,NZL,1979,0.13509166
New Zealand,NZL,1980,0.12849754
New Zealand,NZL,1981,0.13296425
New Zealand,NZL,1982,0.13877887
New Zealand,NZL,1983,0.13956177
New Zealand,NZL,1984,0.14130333
New Zealand,NZL,1985,0.14443657
New Zealand,NZL,1986,0.14323999
New Zealand,NZL,1987,0.12826778
New Zealand,NZL,1988,0.11390632
New Zealand,NZL,1989,0.114724785
New Zealand,NZL,1990,0.11412097
New Zealand,NZL,1991,0.10900976
New Zealand,NZL,1992,0.10960364
New Zealand,NZL,1993,0.10939603
New Zealand,NZL,1994,0.108137734
New Zealand,NZL,1995,0.1072979
New Zealand,NZL,1996,0.10633213
New Zealand,NZL,1997,0.10514329
New Zealand,NZL,1998,0.10493659
New Zealand,NZL,1999,0.10510675
New Zealand,NZL,2000,0.10469428
New Zealand,NZL,2001,0.103517585
New Zealand,NZL,2002,0.10165886
New Zealand,NZL,2003,0.10304926
New Zealand,NZL,2004,0.10275229
New Zealand,NZL,2005,0.10280848
New Zealand,NZL,2006,0.09534962
New Zealand,NZL,2007,0.10204082
New Zealand,NZL,2008,0.10634302
New Zealand,NZL,2009,0.10946869
New Zealand,NZL,2010,0.114694186
New Zealand,NZL,2011,0.10743613
New Zealand,NZL,2012,0.11546925
New Zealand,NZL,2013,0.123139955
New Zealand,NZL,2014,0.13063213
New Zealand,NZL,2015,0.10370113
New Zealand,NZL,2016,0.1147621
New Zealand,NZL,2017,0.10200266
New Zealand,NZL,2018,0.10580337
New Zealand,NZL,2019,0.10985252
New Zealand,NZL,2020,0.10389559
New Zealand,NZL,2021,0.121150136
New Zealand,NZL,2022,0.10488616
New Zealand,NZL,2023,0.1
Nicaragua,NIC,1961,0.5608644
Nicaragua,NIC,1962,0.5443054
Nicaragua,NIC,1963,0.52816206
Nicaragua,NIC,1964,0.51239294
Nicaragua,NIC,1965,0.4969409
Nicaragua,NIC,1966,0.48647687
Nicaragua,NIC,1967,0.47153407
Nicaragua,NIC,1968,0.45697492
Nicaragua,NIC,1969,0.4428551
Nicaragua,NIC,1970,0.42920846
Nicaragua,NIC,1971,0.41602913
Nicaragua,NIC,1972,0.40410665
Nicaragua,NIC,1973,0.3963344
Nicaragua,NIC,1974,0.3879835
Nicaragua,NIC,1975,0.37629443
Nicaragua,NIC,1976,0.3650325
Nicaragua,NIC,1977,0.35421485
Nicaragua,NIC,1978,0.34574398
Nicaragua,NIC,1979,0.33780742
Nicaragua,NIC,1980,0.3289875
Nicaragua,NIC,1981,0.34372744
Nicaragua,NIC,1982,0.33442435
Nicaragua,NIC,1983,0.325753
Nicaragua,NIC,1984,0.33157378
Nicaragua,NIC,1985,0.32915336
Nicaragua,NIC,1986,0.32154706
Nicaragua,NIC,1987,0.32198536
Nicaragua,NIC,1988,0.32222983
Nicaragua,NIC,1989,0.31968713
Nicaragua,NIC,1990,0.3123079
Nicaragua,NIC,1991,0.30519032
Nicaragua,NIC,1992,0.30295894
Nicaragua,NIC,1993,0.3031166
Nicaragua,NIC,1994,0.2967479
Nicaragua,NIC,1995,0.35537896
Nicaragua,NIC,1996,0.34883913
Nicaragua,NIC,1997,0.36385766
Nicaragua,NIC,1998,0.3685764
Nicaragua,NIC,1999,0.37343425
Nicaragua,NIC,2000,0.38167232
Nicaragua,NIC,2001,0.3757991
Nicaragua,NIC,2002,0.3730163
Nicaragua,NIC,2003,0.3705649
Nicaragua,NIC,2004,0.36753884
Nicaragua,NIC,2005,0.3639015
Nicaragua,NIC,2006,0.34472227
Nicaragua,NIC,2007,0.32561776
Nicaragua,NIC,2008,0.30699748
Nicaragua,NIC,2009,0.28886604
Nicaragua,NIC,2010,0.2710263
Nicaragua,NIC,2011,0.25828955
Nicaragua,NIC,2012,0.2546902
Nicaragua,NIC,2013,0.2511763
Nicaragua,NIC,2014,0.24775438
Nicaragua,NIC,2015,0.24441342
Nicaragua,NIC,2016,0.24114881
Nicaragua,NIC,2017,0.23795837
Nicaragua,NIC,2018,0.23484081
Nicaragua,NIC,2019,0.23181362
Nicaragua,NIC,2020,0.22893204
Nicaragua,NIC,2021,0.22619392
Nicaragua,NIC,2022,0.22330669
Nicaragua,NIC,2023,0.22026454
Niger,NER,1961,3.1869411
Niger,NER,1962,3.0956893
Niger,NER,1963,3.0071604
Niger,NER,1964,2.921632
Niger,NER,1965,2.8392262
Niger,NER,1966,2.7602637
Niger,NER,1967,2.6841972
Niger,NER,1968,2.76476
Niger,NER,1969,2.6897347
Niger,NER,1970,2.4078145
Niger,NER,1971,2.3503919
Niger,NER,1972,2.2779517
Niger,NER,1973,2.1457503
Niger,NER,1974,1.8890992
Niger,NER,1975,1.8386242
Niger,NER,1976,1.7884846
Niger,NER,1977,1.7392339
Niger,NER,1978,1.6901461
Niger,NER,1979,1.6710447
Niger,NER,1980,1.6642842
Niger,NER,1981,1.5457119
Niger,NER,1982,1.5127292
Niger,NER,1983,1.4909123
Niger,NER,1984,1.4141883
Niger,NER,1985,1.3724885
Niger,NER,1986,1.3318228
Niger,NER,1987,1.2566872
Niger,NER,1988,1.2175144
Niger,NER,1989,1.1940588
Niger,NER,1990,1.3318757
Niger,NER,1991,1.4147819
Niger,NER,1992,1.4728442
Niger,NER,1993,1.4269092
Niger,NER,1994,1.381639
Niger,NER,1995,1.4395963
Niger,NER,1996,1.3922554
Niger,NER,1997,1.3467876
Niger,NER,1998,1.3018771
Niger,NER,1999,1.2578468
Niger,NER,2000,1.2142006
Niger,NER,2001,1.1719162
Niger,NER,2002,1.1304427
Niger,NER,2003,1.0979149
Niger,NER,2004,1.0632576
Niger,NER,2005,1.026665
Niger,NER,2006,0.99077827
Niger,NER,2007,1.0082
Niger,NER,2008,0.97123307
Niger,NER,2009,0.93453985
Niger,NER,2010,0.9124509
Niger,NER,2011,0.9082291
Niger,NER,2012,0.891417
Niger,NER,2013,0.90713245
Niger,NER,2014,0.87427557
Niger,NER,2015,0.8425488
Niger,NER,2016,0.84599286
Niger,NER,2017,0.8257351
Niger,NER,2018,0.79772604
Niger,NER,2019,0.77131724
Niger,NER,2020,0.74628085
Niger,NER,2021,0.7223859
Niger,NER,2022,0.6992738
Niger,NER,2023,0.6766089
Nigeria,NGA,1961,0.5148153
Nigeria,NGA,1962,0.5072469
Nigeria,NGA,1963,0.49967092
Nigeria,NGA,1964,0.4920834
Nigeria,NGA,1965,0.48445934
Nigeria,NGA,1966,0.476926
Nigeria,NGA,1967,0.46966076
Nigeria,NGA,1968,0.46241274
Nigeria,NGA,1969,0.45495385
Nigeria,NGA,1970,0.44731227
Nigeria,NGA,1971,0.43957248
Nigeria,NGA,1972,0.43167654
Nigeria,NGA,1973,0.42348692
Nigeria,NGA,1974,0.41492146
Nigeria,NGA,1975,0.40590867
Nigeria,NGA,1976,0.39667162
Nigeria,NGA,1977,0.3872114
Nigeria,NGA,1978,0.3776476
Nigeria,NGA,1979,0.36823282
Nigeria,NGA,1980,0.35892534
Nigeria,NGA,1981,0.349989
Nigeria,NGA,1982,0.34155962
Nigeria,NGA,1983,0.33464175
Nigeria,NGA,1984,0.32795548
Nigeria,NGA,1985,0.3205377
Nigeria,NGA,1986,0.31363216
Nigeria,NGA,1987,0.3067471
Nigeria,NGA,1988,0.30115163
Nigeria,NGA,1989,0.2950143
Nigeria,NGA,1990,0.28906232
Nigeria,NGA,1991,0.2908138
Nigeria,NGA,1992,0.29402348
Nigeria,NGA,1993,0.2863338
Nigeria,NGA,1994,0.287208
Nigeria,NGA,1995,0.29687935
Nigeria,NGA,1996,0.2909768
Nigeria,NGA,1997,0.28435662
Nigeria,NGA,1998,0.2836968
Nigeria,NGA,1999,0.2844434
Nigeria,NGA,2000,0.2769371
Nigeria,NGA,2001,0.27452862
Nigeria,NGA,2002,0.26738194
Nigeria,NGA,2003,0.26033756
Nigeria,NGA,2004,0.25345066
Nigeria,NGA,2005,0.24674305
Nigeria,NGA,2006,0.24023773
Nigeria,NGA,2007,0.23387252
Nigeria,NGA,2008,0.22765315
Nigeria,NGA,2009,0.22753547
Nigeria,NGA,2010,0.21567078
Nigeria,NGA,2011,0.2098908
Nigeria,NGA,2012,0.20432958
Nigeria,NGA,2013,0.1990285
Nigeria,NGA,2014,0.19401075
Nigeria,NGA,2015,0.18931475
Nigeria,NGA,2016,0.18485631
Nigeria,NGA,2017,0.18057016
Nigeria,NGA,2018,0.17771164
Nigeria,NGA,2019,0.17601207
Nigeria,NGA,2020,0.17230214
Nigeria,NGA,2021,0.16872796
Nigeria,NGA,2022,0.16523348
Nigeria,NGA,2023,0.16180237
North America (WB),WB_NA,1961,1.0754203
North America (WB),WB_NA,1962,1.0430517
North America (WB),WB_NA,1963,1.0412145
North America (WB),WB_NA,1964,1.0203114
North America (WB),WB_NA,1965,1.0041207
North America (WB),WB_NA,1966,0.98744035
North America (WB),WB_NA,1967,0.9708536
North America (WB),WB_NA,1968,0.9903652
North America (WB),WB_NA,1969,1.0175279
North America (WB),WB_NA,1970,1.0035737
North America (WB),WB_NA,1971,0.98708034
North America (WB),WB_NA,1972,0.9744496
North America (WB),WB_NA,1973,0.96335554
North America (WB),WB_NA,1974,0.9522264
North America (WB),WB_NA,1975,0.9429647
North America (WB),WB_NA,1976,0.9342144
North America (WB),WB_NA,1977,0.92619455
North America (WB),WB_NA,1978,0.92656034
North America (WB),WB_NA,1979,0.9176176
North America (WB),WB_NA,1980,0.90967613
North America (WB),WB_NA,1981,0.90168035
North America (WB),WB_NA,1982,0.8898437
North America (WB),WB_NA,1983,0.88245225
North America (WB),WB_NA,1984,0.875543
North America (WB),WB_NA,1985,0.86855376
North America (WB),WB_NA,1986,0.86126035
North America (WB),WB_NA,1987,0.84551775
North America (WB),WB_NA,1988,0.83735925
North America (WB),WB_NA,1989,0.82842785
North America (WB),WB_NA,1990,0.8184559
North America (WB),WB_NA,1991,0.8073268
North America (WB),WB_NA,1992,0.79042536
North America (WB),WB_NA,1993,0.7756333
North America (WB),WB_NA,1994,0.76317483
North America (WB),WB_NA,1995,0.75392616
North America (WB),WB_NA,1996,0.7354953
North America (WB),WB_NA,1997,0.7226077
North America (WB),WB_NA,1998,0.7116004
North America (WB),WB_NA,1999,0.6995648
North America (WB),WB_NA,2000,0.69172865
North America (WB),WB_NA,2001,0.68473357
North America (WB),WB_NA,2002,0.66947097
North America (WB),WB_NA,2003,0.65568644
North America (WB),WB_NA,2004,0.6418061
North America (WB),WB_NA,2005,0.62806517
North America (WB),WB_NA,2006,0.61448056
North America (WB),WB_NA,2007,0.6004883
North America (WB),WB_NA,2008,0.5895405
North America (WB),WB_NA,2009,0.5789838
North America (WB),WB_NA,2010,0.5687941
North America (WB),WB_NA,2011,0.55909383
North America (WB),WB_NA,2012,0.55121493
North America (WB),WB_NA,2013,0.54906785
North America (WB),WB_NA,2014,0.5468353
North America (WB),WB_NA,2015,0.54458886
North America (WB),WB_NA,2016,0.5421092
North America (WB),WB_NA,2017,0.53944886
North America (WB),WB_NA,2018,0.5332605
North America (WB),WB_NA,2019,0.5266009
North America (WB),WB_NA,2020,0.5197563
North America (WB),WB_NA,2021,0.51557356
North America (WB),WB_NA,2022,0.50910145
North America (WB),WB_NA,2023,0.50339746
North Korea,PRK,1961,0.17930543
North Korea,PRK,1962,0.17532583
North Korea,PRK,1963,0.17108221
North Korea,PRK,1964,0.16679895
North Korea,PRK,1965,0.16264014
North Korea,PRK,1966,0.15844831
North Korea,PRK,1967,0.15402967
North Korea,PRK,1968,0.14966312
North Korea,PRK,1969,0.14558885
North Korea,PRK,1970,0.14170118
North Korea,PRK,1971,0.13806428
North Korea,PRK,1972,0.13458471
North Korea,PRK,1973,0.13455355
North Korea,PRK,1974,0.1319489
North Korea,PRK,1975,0.12963249
North Korea,PRK,1976,0.12758468
North Korea,PRK,1977,0.12576604
North Korea,PRK,1978,0.124041535
North Korea,PRK,1979,0.12233457
North Korea,PRK,1980,0.1252962
North Korea,PRK,1981,0.12350487
North Korea,PRK,1982,0.1216956
North Korea,PRK,1983,0.11992211
North Korea,PRK,1984,0.1181792
North Korea,PRK,1985,0.11646049
North Korea,PRK,1986,0.114761524
North Korea,PRK,1987,0.113088116
North Korea,PRK,1988,0.11144623
North Korea,PRK,1989,0.10983271
North Korea,PRK,1990,0.10837368
North Korea,PRK,1991,0.107333
North Korea,PRK,1992,0.1057427
North Korea,PRK,1993,0.10419804
North Korea,PRK,1994,0.107171685
North Korea,PRK,1995,0.10587004
North Korea,PRK,1996,0.10045534
North Korea,PRK,1997,0.099520445
North Korea,PRK,1998,0.09866348
North Korea,PRK,1999,0.09788234
North Korea,PRK,2000,0.09718621
North Korea,PRK,2001,0.09657633
North Korea,PRK,2002,0.09605758
North Korea,PRK,2003,0.095473796
North Korea,PRK,2004,0.094826035
North Korea,PRK,2005,0.096325554
North Korea,PRK,2006,0.09582252
North Korea,PRK,2007,0.09534868
North Korea,PRK,2008,0.09691246
North Korea,PRK,2009,0.09646949
North Korea,PRK,2010,0.09604895
North Korea,PRK,2011,0.09363343
North Korea,PRK,2012,0.093210585
North Korea,PRK,2013,0.09277738
North Korea,PRK,2014,0.091743976
North Korea,PRK,2015,0.090712346
North Korea,PRK,2016,0.089889124
North Korea,PRK,2017,0.088892475
North Korea,PRK,2018,0.08850361
North Korea,PRK,2019,0.08814166
North Korea,PRK,2020,0.08780887
North Korea,PRK,2021,0.08748678
North Korea,PRK,2022,0.08716676
North Korea,PRK,2023,0.086871915
North Macedonia,MKD,1992,0.2981516
North Macedonia,MKD,1993,0.30346003
North Macedonia,MKD,1994,0.3056207
North Macedonia,MKD,1995,0.30322227
North Macedonia,MKD,1996,0.30260074
North Macedonia,MKD,1997,0.30047038
North Macedonia,MKD,1998,0.29240015
North Macedonia,MKD,1999,0.29150155
North Macedonia,MKD,2000,0.27389148
North Macedonia,MKD,2001,0.27913165
North Macedonia,MKD,2002,0.2470105
North Macedonia,MKD,2003,0.23285419
North Macedonia,MKD,2004,0.22864954
North Macedonia,MKD,2005,0.22340463
North Macedonia,MKD,2006,0.2201288
North Macedonia,MKD,2007,0.2173548
North Macedonia,MKD,2008,0.21506543
North Macedonia,MKD,2009,0.21441896
North Macedonia,MKD,2010,0.21271151
North Macedonia,MKD,2011,0.21368867
North Macedonia,MKD,2012,0.21452767
North Macedonia,MKD,2013,0.21480031
North Macedonia,MKD,2014,0.21485671
North Macedonia,MKD,2015,0.21647851
North Macedonia,MKD,2016,0.21822229
North Macedonia,MKD,2017,0.21962893
North Macedonia,MKD,2018,0.22127512
North Macedonia,MKD,2019,0.22331636
North Macedonia,MKD,2020,0.22412296
North Macedonia,MKD,2021,0.22698645
North Macedonia,MKD,2022,0.22710994
North Macedonia,MKD,2023,0.22759402
Northern Mariana Islands,MNP,1991,0.022526074
Northern Mariana Islands,MNP,1992,0.022133198
Northern Mariana Islands,MNP,1993,0.021761838
Northern Mariana Islands,MNP,1994,0.02139953
Northern Mariana Islands,MNP,1995,0.020757224
Northern Mariana Islands,MNP,1996,0.019340115
Northern Mariana Islands,MNP,1997,0.017669093
Northern Mariana Islands,MNP,1998,0.016303374
Northern Mariana Islands,MNP,1999,0.015170824
Northern Mariana Islands,MNP,2000,0.014629293
Northern Mariana Islands,MNP,2001,0.014709343
Northern Mariana Islands,MNP,2002,0.014974992
Northern Mariana Islands,MNP,2003,0.015285612
Northern Mariana Islands,MNP,2004,0.01564015
Northern Mariana Islands,MNP,2005,0.016037464
Northern Mariana Islands,MNP,2006,0.01647935
Northern Mariana Islands,MNP,2007,0.00424153
Northern Mariana Islands,MNP,2008,0.0043744533
Northern Mariana Islands,MNP,2009,0.004518753
Northern Mariana Islands,MNP,2010,0.004621841
Northern Mariana Islands,MNP,2011,0.0046634832
Northern Mariana Islands,MNP,2012,0.0046962467
Northern Mariana Islands,MNP,2013,0.0047386177
Northern Mariana Islands,MNP,2014,0.0047912914
Northern Mariana Islands,MNP,2015,0.0048530498
Northern Mariana Islands,MNP,2016,0.004923877
Northern Mariana Islands,MNP,2017,0.0050041033
Northern Mariana Islands,MNP,2018,0.0016300915
Northern Mariana Islands,MNP,2019,0.0016621995
Northern Mariana Islands,MNP,2020,0.0016832183
Northern Mariana Islands,MNP,2021,0.0017028885
Northern Mariana Islands,MNP,2022,0.0017361864
Northern Mariana Islands,MNP,2023,0.0017721463
Norway,NOR,1961,0.23713225
Norway,NOR,1962,0.23468515
Norway,NOR,1963,0.23237185
Norway,NOR,1964,0.23008175
Norway,NOR,1965,0.22776303
Norway,NOR,1966,0.22541894
Norway,NOR,1967,0.2227484
Norway,NOR,1968,0.22035977
Norway,NOR,1969,0.21441342
Norway,NOR,1970,0.20950714
Norway,NOR,1971,0.20599332
Norway,NOR,1972,0.20162705
Norway,NOR,1973,0.19895916
Norway,NOR,1974,0.1984815
Norway,NOR,1975,0.19713958
Norway,NOR,1976,0.19696227
Norway,NOR,1977,0.19736817
Norway,NOR,1978,0.1980944
Norway,NOR,1979,0.20331407
Norway,NOR,1980,0.19948013
Norway,NOR,1981,0.20123413
Norway,NOR,1982,0.20365573
Norway,NOR,1983,0.20492041
Norway,NOR,1984,0.20579217
Norway,NOR,1985,0.20565845
Norway,NOR,1986,0.20756575
Norway,NOR,1987,0.20659652
Norway,NOR,1988,0.20667596
Norway,NOR,1989,0.2077172
Norway,NOR,1990,0.20275974
Norway,NOR,1991,0.20813134
Norway,NOR,1992,0.20483385
Norway,NOR,1993,0.20524162
Norway,NOR,1994,0.20661286
Norway,NOR,1995,0.22641852
Norway,NOR,1996,0.22709967
Norway,NOR,1997,0.20362498
Norway,NOR,1998,0.20264183
Norway,NOR,1999,0.19767307
Norway,NOR,2000,0.19572622
Norway,NOR,2001,0.19518134
Norway,NOR,2002,0.19347052
Norway,NOR,2003,0.19080563
Norway,NOR,2004,0.18924586
Norway,NOR,2005,0.18644728
Norway,NOR,2006,0.18409343
Norway,NOR,2007,0.18105167
Norway,NOR,2008,0.17723624
Norway,NOR,2009,0.1728986
Norway,NOR,2010,0.16886018
Norway,NOR,2011,0.1651495
Norway,NOR,2012,0.16177906
Norway,NOR,2013,0.15902571
Norway,NOR,2014,0.15731817
Norway,NOR,2015,0.15556026
Norway,NOR,2016,0.15381011
Norway,NOR,2017,0.15188457
Norway,NOR,2018,0.15120909
Norway,NOR,2019,0.1499659
Norway,NOR,2020,0.14954935
Norway,NOR,2021,0.14865984
Norway,NOR,2022,0.14733027
Norway,NOR,2023,0.14548153
Oman,OMN,1961,0.037047055
Oman,OMN,1962,0.03636754
Oman,OMN,1963,0.035661623
Oman,OMN,1964,0.0349298
Oman,OMN,1965,0.03417425
Oman,OMN,1966,0.03339991
Oman,OMN,1967,0.03260951
Oman,OMN,1968,0.03498739
Oman,OMN,1969,0.03409505
Oman,OMN,1970,0.033198528
Oman,OMN,1971,0.03229979
Oman,OMN,1972,0.032829333
Oman,OMN,1973,0.03189222
Oman,OMN,1974,0.03079032
Oman,OMN,1975,0.029530188
Oman,OMN,1976,0.028231217
Oman,OMN,1977,0.02689071
Oman,OMN,1978,0.025546927
Oman,OMN,1979,0.024233077
Oman,OMN,1980,0.022971332
Oman,OMN,1981,0.021753112
Oman,OMN,1982,0.020578377
Oman,OMN,1983,0.022853099
Oman,OMN,1984,0.021639539
Oman,OMN,1985,0.021878866
Oman,OMN,1986,0.022640137
Oman,OMN,1987,0.021985402
Oman,OMN,1988,0.020773426
Oman,OMN,1989,0.020880215
Oman,OMN,1990,0.019841786
Oman,OMN,1991,0.018903868
Oman,OMN,1992,0.018057639
Oman,OMN,1993,0.014344541
Oman,OMN,1994,0.0139300255
Oman,OMN,1995,0.013204259
Oman,OMN,1996,0.012981437
Oman,OMN,1997,0.013237657
Oman,OMN,1998,0.013948325
Oman,OMN,1999,0.013759987
Oman,OMN,2000,0.013583795
Oman,OMN,2001,0.013418653
Oman,OMN,2002,0.013264075
Oman,OMN,2003,0.013114499
Oman,OMN,2004,0.012059109
Oman,OMN,2005,0.01138303
Oman,OMN,2006,0.010338815
Oman,OMN,2007,0.0108942045
Oman,OMN,2008,0.011421919
Oman,OMN,2009,0.013782011
Oman,OMN,2010,0.012439047
Oman,OMN,2011,0.011993124
Oman,OMN,2012,0.009500703
Oman,OMN,2013,0.009833296
Oman,OMN,2014,0.009369287
Oman,OMN,2015,0.012463873
Oman,OMN,2016,0.012778768
Oman,OMN,2017,0.015273077
Oman,OMN,2018,0.016672913
Oman,OMN,2019,0.01669701
Oman,OMN,2020,0.017213942
Oman,OMN,2021,0.016589548
Oman,OMN,2022,0.017464282
Oman,OMN,2023,0.017255964
Pakistan,PAK,1961,0.65172994
Pakistan,PAK,1962,0.63730204
Pakistan,PAK,1963,0.6214637
Pakistan,PAK,1964,0.61417323
Pakistan,PAK,1965,0.6144533
Pakistan,PAK,1966,0.6009836
Pakistan,PAK,1967,0.58516955
Pakistan,PAK,1968,0.5634521
Pakistan,PAK,1969,0.5224001
Pakistan,PAK,1970,0.51024884
Pakistan,PAK,1971,0.4902349
Pakistan,PAK,1972,0.4771701
Pakistan,PAK,1973,0.47676578
Pakistan,PAK,1974,0.4528633
Pakistan,PAK,1975,0.44341317
Pakistan,PAK,1976,0.4252987
Pakistan,PAK,1977,0.4146041
Pakistan,PAK,1978,0.4082174
Pakistan,PAK,1979,0.3930527
Pakistan,PAK,1980,0.3902006
Pakistan,PAK,1981,0.3631615
Pakistan,PAK,1982,0.37198654
Pakistan,PAK,1983,0.33655828
Pakistan,PAK,1984,0.3374142
Pakistan,PAK,1985,0.32281616
Pakistan,PAK,1986,0.2966338
Pakistan,PAK,1987,0.297249
Pakistan,PAK,1988,0.27519035
Pakistan,PAK,1989,0.2707042
Pakistan,PAK,1990,0.25612202
Pakistan,PAK,1991,0.24829169
Pakistan,PAK,1992,0.24217534
Pakistan,PAK,1993,0.23799379
Pakistan,PAK,1994,0.23136094
Pakistan,PAK,1995,0.22633
Pakistan,PAK,1996,0.22048673
Pakistan,PAK,1997,0.21777596
Pakistan,PAK,1998,0.2123908
Pakistan,PAK,1999,0.20662121
Pakistan,PAK,2000,0.20041436
Pakistan,PAK,2001,0.1965205
Pakistan,PAK,2002,0.19127259
Pakistan,PAK,2003,0.18664326
Pakistan,PAK,2004,0.1769555
Pakistan,PAK,2005,0.17195468
Pakistan,PAK,2006,0.16874191
Pakistan,PAK,2007,0.16358323
Pakistan,PAK,2008,0.15546247
Pakistan,PAK,2009,0.15135571
Pakistan,PAK,2010,0.14751124
Pakistan,PAK,2011,0.14773291
Pakistan,PAK,2012,0.14561765
Pakistan,PAK,2013,0.14435697
Pakistan,PAK,2014,0.1420673
Pakistan,PAK,2015,0.13990463
Pakistan,PAK,2016,0.14077477
Pakistan,PAK,2017,0.13978343
Pakistan,PAK,2018,0.13731174
Pakistan,PAK,2019,0.13227852
Pakistan,PAK,2020,0.13161604
Pakistan,PAK,2021,0.12644178
Pakistan,PAK,2022,0.12404562
Pakistan,PAK,2023,0.12226041
Palau,PLW,1991,0.019213526
Palau,PLW,1992,0.0187629
Palau,PLW,1993,0.018323967
Palau,PLW,1994,0.017889088
Palau,PLW,1995,0.017446931
Palau,PLW,1996,0.016993316
Palau,PLW,1997,0.016567264
Palau,PLW,1998,0.016195206
Palau,PLW,1999,0.015872177
Palau,PLW,2000,0.015642924
Palau,PLW,2001,0.015502274
Palau,PLW,2002,0.015382249
Palau,PLW,2003,0.015260186
Palau,PLW,2004,0.015136226
Palau,PLW,2005,0.01513699
Palau,PLW,2006,0.015311591
Palau,PLW,2007,0.015542431
Palau,PLW,2008,0.015781999
Palau,PLW,2009,0.016035063
Palau,PLW,2010,0.016307892
Palau,PLW,2011,0.016594756
Palau,PLW,2012,0.016887138
Palau,PLW,2013,0.016999094
Palau,PLW,2014,0.0169348
Palau,PLW,2015,0.016882386
Palau,PLW,2016,0.016856773
Palau,PLW,2017,0.016842578
Palau,PLW,2018,0.016840687
Palau,PLW,2019,0.016855827
Palau,PLW,2020,0.016861511
Palau,PLW,2021,0.016870044
Palau,PLW,2022,0.016892843
Palau,PLW,2023,0.016923338
Palestine,PSE,1990,0.05509926
Palestine,PSE,1991,0.051236317
Palestine,PSE,1992,0.048068237
Palestine,PSE,1993,0.045963276
Palestine,PSE,1994,0.031200467
Palestine,PSE,1995,0.033512685
Palestine,PSE,1996,0.030131605
Palestine,PSE,1997,0.028277365
Palestine,PSE,1998,0.02812735
Palestine,PSE,1999,0.019519448
Palestine,PSE,2000,0.02437008
Palestine,PSE,2001,0.023653772
Palestine,PSE,2002,0.023991594
Palestine,PSE,2003,0.022978641
Palestine,PSE,2004,0.02283174
Palestine,PSE,2005,0.022712924
Palestine,PSE,2006,0.022235136
Palestine,PSE,2007,0.021127196
Palestine,PSE,2008,0.020867728
Palestine,PSE,2009,0.018107403
Palestine,PSE,2010,0.011542034
Palestine,PSE,2011,0.011392366
Palestine,PSE,2012,0.01201576
Palestine,PSE,2013,0.015112463
Palestine,PSE,2014,0.0142463045
Palestine,PSE,2015,0.013419336
Palestine,PSE,2016,0.013376923
Palestine,PSE,2017,0.013099226
Palestine,PSE,2018,0.01188222
Palestine,PSE,2019,0.010720175
Palestine,PSE,2020,0.009610871
Palestine,PSE,2021,0.008511504
Palestine,PSE,2022,0.008307538
Palestine,PSE,2023,0.008111077
Panama,PAN,1961,0.37762854
Panama,PAN,1962,0.3664349
Panama,PAN,1963,0.3554837
Panama,PAN,1964,0.34486425
Panama,PAN,1965,0.33464876
Panama,PAN,1966,0.32483232
Panama,PAN,1967,0.3125387
Panama,PAN,1968,0.3036139
Panama,PAN,1969,0.29370055
Panama,PAN,1970,0.28551224
Panama,PAN,1971,0.27762052
Panama,PAN,1972,0.27004674
Panama,PAN,1973,0.26282328
Panama,PAN,1974,0.25652784
Panama,PAN,1975,0.24994387
Panama,PAN,1976,0.24367802
Panama,PAN,1977,0.23825954
Panama,PAN,1978,0.2325443
Panama,PAN,1979,0.22704065
Panama,PAN,1980,0.22221836
Panama,PAN,1981,0.21951509
Panama,PAN,1982,0.21926929
Panama,PAN,1983,0.21655262
Panama,PAN,1984,0.2138757
Panama,PAN,1985,0.21127577
Panama,PAN,1986,0.20876595
Panama,PAN,1987,0.206345
Panama,PAN,1988,0.20400807
Panama,PAN,1989,0.20384222
Panama,PAN,1990,0.2032104
Panama,PAN,1991,0.1989423
Panama,PAN,1992,0.19521062
Panama,PAN,1993,0.19119735
Panama,PAN,1994,0.18729776
Panama,PAN,1995,0.18351607
Panama,PAN,1996,0.17984143
Panama,PAN,1997,0.17978668
Panama,PAN,1998,0.17968744
Panama,PAN,1999,0.17955013
Panama,PAN,2000,0.18203749
Panama,PAN,2001,0.17852855
Panama,PAN,2002,0.17511657
Panama,PAN,2003,0.17179723
Panama,PAN,2004,0.16855548
Panama,PAN,2005,0.1654077
Panama,PAN,2006,0.15999886
Panama,PAN,2007,0.15709136
Panama,PAN,2008,0.15425715
Panama,PAN,2009,0.15149896
Panama,PAN,2010,0.15678228
Panama,PAN,2011,0.15297122
Panama,PAN,2012,0.15029569
Panama,PAN,2013,0.14769971
Panama,PAN,2014,0.14516582
Panama,PAN,2015,0.1426755
Panama,PAN,2016,0.14023031
Panama,PAN,2017,0.13784835
Panama,PAN,2018,0.13556117
Panama,PAN,2019,0.1334215
Panama,PAN,2020,0.1316016
Panama,PAN,2021,0.1300224
Panama,PAN,2022,0.12838654
Panama,PAN,2023,0.12671687
Papua New Guinea,PNG,1961,0.036654618
Papua New Guinea,PNG,1962,0.035818003
Papua New Guinea,PNG,1963,0.035024207
Papua New Guinea,PNG,1964,0.03427279
Papua New Guinea,PNG,1965,0.03354474
Papua New Guinea,PNG,1966,0.034999087
Papua New Guinea,PNG,1967,0.03636314
Papua New Guinea,PNG,1968,0.035552908
Papua New Guinea,PNG,1969,0.037189502
Papua New Guinea,PNG,1970,0.040708356
Papua New Guinea,PNG,1971,0.04208195
Papua New Guinea,PNG,1972,0.043371867
Papua New Guinea,PNG,1973,0.044599235
Papua New Guinea,PNG,1974,0.045773722
Papua New Guinea,PNG,1975,0.04689465
Papua New Guinea,PNG,1976,0.04796118
Papua New Guinea,PNG,1977,0.048974145
Papua New Guinea,PNG,1978,0.05326739
Papua New Guinea,PNG,1979,0.053792518
Papua New Guinea,PNG,1980,0.05332887
Papua New Guinea,PNG,1981,0.053800117
Papua New Guinea,PNG,1982,0.053610418
Papua New Guinea,PNG,1983,0.053695172
Papua New Guinea,PNG,1984,0.05286036
Papua New Guinea,PNG,1985,0.05260229
Papua New Guinea,PNG,1986,0.05204241
Papua New Guinea,PNG,1987,0.0512038
Papua New Guinea,PNG,1988,0.05064819
Papua New Guinea,PNG,1989,0.05005166
Papua New Guinea,PNG,1990,0.04927523
Papua New Guinea,PNG,1991,0.04773938
Papua New Guinea,PNG,1992,0.046079643
Papua New Guinea,PNG,1993,0.04466691
Papua New Guinea,PNG,1994,0.043078355
Papua New Guinea,PNG,1995,0.041771833
Papua New Guinea,PNG,1996,0.040512234
Papua New Guinea,PNG,1997,0.039495714
Papua New Guinea,PNG,1998,0.03851819
Papua New Guinea,PNG,1999,0.037948657
Papua New Guinea,PNG,2000,0.03702323
Papua New Guinea,PNG,2001,0.036659226
Papua New Guinea,PNG,2002,0.03713705
Papua New Guinea,PNG,2003,0.03674071
Papua New Guinea,PNG,2004,0.03634616
Papua New Guinea,PNG,2005,0.03672024
Papua New Guinea,PNG,2006,0.038235135
Papua New Guinea,PNG,2007,0.037769206
Papua New Guinea,PNG,2008,0.04106918
Papua New Guinea,PNG,2009,0.0405053
Papua New Guinea,PNG,2010,0.039300334
Papua New Guinea,PNG,2011,0.038171116
Papua New Guinea,PNG,2012,0.037122328
Papua New Guinea,PNG,2013,0.03613283
Papua New Guinea,PNG,2014,0.036956906
Papua New Guinea,PNG,2015,0.03659968
Papua New Guinea,PNG,2016,0.036376953
Papua New Guinea,PNG,2017,0.03595275
Papua New Guinea,PNG,2018,0.035126887
Papua New Guinea,PNG,2019,0.03434277
Papua New Guinea,PNG,2020,0.033619452
Papua New Guinea,PNG,2021,0.032957498
Papua New Guinea,PNG,2022,0.032342892
Papua New Guinea,PNG,2023,0.031762425
Paraguay,PRY,1961,0.3631847
Paraguay,PRY,1962,0.3603412
Paraguay,PRY,1963,0.36055034
Paraguay,PRY,1964,0.36707973
Paraguay,PRY,1965,0.36891046
Paraguay,PRY,1966,0.37151265
Paraguay,PRY,1967,0.36278126
Paraguay,PRY,1968,0.3527003
Paraguay,PRY,1969,0.34475493
Paraguay,PRY,1970,0.3370982
Paraguay,PRY,1971,0.32957536
Paraguay,PRY,1972,0.32201532
Paraguay,PRY,1973,0.31392735
Paraguay,PRY,1974,0.3503933
Paraguay,PRY,1975,0.38638037
Paraguay,PRY,1976,0.42046717
Paraguay,PRY,1977,0.44910064
Paraguay,PRY,1978,0.47943118
Paraguay,PRY,1979,0.50437665
Paraguay,PRY,1980,0.53058475
Paraguay,PRY,1981,0.554882
Paraguay,PRY,1982,0.55173457
Paraguay,PRY,1983,0.548512
Paraguay,PRY,1984,0.5449853
Paraguay,PRY,1985,0.5412071
Paraguay,PRY,1986,0.5399457
Paraguay,PRY,1987,0.5356822
Paraguay,PRY,1988,0.5313377
Paraguay,PRY,1989,0.5270123
Paraguay,PRY,1990,0.5228276
Paraguay,PRY,1991,0.51877683
Paraguay,PRY,1992,0.54071844
Paraguay,PRY,1993,0.52719694
Paraguay,PRY,1994,0.54792476
Paraguay,PRY,1995,0.5677096
Paraguay,PRY,1996,0.5546616
Paraguay,PRY,1997,0.542298
Paraguay,PRY,1998,0.5816297
Paraguay,PRY,1999,0.5896303
Paraguay,PRY,2000,0.5920561
Paraguay,PRY,2001,0.59853244
Paraguay,PRY,2002,0.61011213
Paraguay,PRY,2003,0.6155961
Paraguay,PRY,2004,0.62133586
Paraguay,PRY,2005,0.6271547
Paraguay,PRY,2006,0.633177
Paraguay,PRY,2007,0.63939905
Paraguay,PRY,2008,0.6455067
Paraguay,PRY,2009,0.65109843
Paraguay,PRY,2010,0.6555394
Paraguay,PRY,2011,0.65875244
Paraguay,PRY,2012,0.66123915
Paraguay,PRY,2013,0.66331834
Paraguay,PRY,2014,0.66512764
Paraguay,PRY,2015,0.66472137
Paraguay,PRY,2016,0.664249
Paraguay,PRY,2017,0.6638413
Paraguay,PRY,2018,0.66352874
Paraguay,PRY,2019,0.6633312
Paraguay,PRY,2020,0.66303796
Paraguay,PRY,2021,0.66356933
Paraguay,PRY,2022,0.67469335
Paraguay,PRY,2023,0.66640896
Peru,PER,1961,0.23092808
Peru,PER,1962,0.22430107
Peru,PER,1963,0.21788673
Peru,PER,1964,0.2116735
Peru,PER,1965,0.21350071
Peru,PER,1966,0.19973065
Peru,PER,1967,0.194878
Peru,PER,1968,0.1908389
Peru,PER,1969,0.18690997
Peru,PER,1970,0.18946412
Peru,PER,1971,0.1848524
Peru,PER,1972,0.22117998
Peru,PER,1973,0.21917656
Peru,PER,1974,0.217259
Peru,PER,1975,0.21538265
Peru,PER,1976,0.2135224
Peru,PER,1977,0.21161729
Peru,PER,1978,0.20963454
Peru,PER,1979,0.20761414
Peru,PER,1980,0.20556375
Peru,PER,1981,0.20349707
Peru,PER,1982,0.20142092
Peru,PER,1983,0.19931886
Peru,PER,1984,0.19722183
Peru,PER,1985,0.19517791
Peru,PER,1986,0.19327408
Peru,PER,1987,0.19149157
Peru,PER,1988,0.18972312
Peru,PER,1989,0.1879842
Peru,PER,1990,0.18628444
Peru,PER,1991,0.18476576
Peru,PER,1992,0.18336059
Peru,PER,1993,0.18197304
Peru,PER,1994,0.18063779
Peru,PER,1995,0.17617536
Peru,PER,1996,0.17191686
Peru,PER,1997,0.16780934
Peru,PER,1998,0.16384342
Peru,PER,1999,0.16011289
Peru,PER,2000,0.15672322
Peru,PER,2001,0.15369615
Peru,PER,2002,0.15098585
Peru,PER,2003,0.14850767
Peru,PER,2004,0.14618935
Peru,PER,2005,0.14403214
Peru,PER,2006,0.14204146
Peru,PER,2007,0.14016591
Peru,PER,2008,0.13840333
Peru,PER,2009,0.13671371
Peru,PER,2010,0.13499165
Peru,PER,2011,0.13316058
Peru,PER,2012,0.13123114
Peru,PER,2013,0.12924133
Peru,PER,2014,0.12715863
Peru,PER,2015,0.12493651
Peru,PER,2016,0.12249677
Peru,PER,2017,0.11993196
Peru,PER,2018,0.119581185
Peru,PER,2019,0.110332906
Peru,PER,2020,0.11983652
Peru,PER,2021,0.12939773
Peru,PER,2022,0.11705391
Peru,PER,2023,0.11577366
Philippines,PHL,1961,0.17021722
Philippines,PHL,1962,0.16417965
Philippines,PHL,1963,0.1584366
Philippines,PHL,1964,0.15295626
Philippines,PHL,1965,0.14773804
Philippines,PHL,1966,0.14278418
Philippines,PHL,1967,0.13748753
Philippines,PHL,1968,0.13272223
Philippines,PHL,1969,0.12820233
Philippines,PHL,1970,0.124128826
Philippines,PHL,1971,0.120564945
Philippines,PHL,1972,0.119263425
Philippines,PHL,1973,0.117883176
Philippines,PHL,1974,0.11657746
Philippines,PHL,1975,0.11514494
Philippines,PHL,1976,0.11573675
Philippines,PHL,1977,0.11494781
Philippines,PHL,1978,0.11299985
Philippines,PHL,1979,0.11109425
Philippines,PHL,1980,0.10881751
Philippines,PHL,1981,0.10585717
Philippines,PHL,1982,0.10336181
Philippines,PHL,1983,0.10077667
Philippines,PHL,1984,0.09827611
Philippines,PHL,1985,0.09689746
Philippines,PHL,1986,0.09533044
Philippines,PHL,1987,0.09319521
Philippines,PHL,1988,0.09106271
Philippines,PHL,1989,0.089120656
Philippines,PHL,1990,0.087185256
Philippines,PHL,1991,0.08522535
Philippines,PHL,1992,0.08244076
Philippines,PHL,1993,0.079741605
Philippines,PHL,1994,0.07729723
Philippines,PHL,1995,0.074915394
Philippines,PHL,1996,0.072516724
Philippines,PHL,1997,0.07015402
Philippines,PHL,1998,0.067752086
Philippines,PHL,1999,0.06539919
Philippines,PHL,2000,0.06322104
Philippines,PHL,2001,0.06122738
Philippines,PHL,2002,0.059408523
Philippines,PHL,2003,0.05865564
Philippines,PHL,2004,0.05926303
Philippines,PHL,2005,0.056864686
Philippines,PHL,2006,0.057591982
Philippines,PHL,2007,0.05808388
Philippines,PHL,2008,0.058792375
Philippines,PHL,2009,0.058272433
Philippines,PHL,2010,0.055015136
Philippines,PHL,2011,0.05547152
Philippines,PHL,2012,0.055702236
Philippines,PHL,2013,0.054762937
Philippines,PHL,2014,0.053870622
Philippines,PHL,2015,0.05307987
Philippines,PHL,2016,0.052372348
Philippines,PHL,2017,0.05170196
Philippines,PHL,2018,0.051066417
Philippines,PHL,2019,0.050449133
Philippines,PHL,2020,0.049874526
Philippines,PHL,2021,0.04942487
Philippines,PHL,2022,0.04905043
Philippines,PHL,2023,0.048654728
Poland,POL,1961,0.5321052
Poland,POL,1962,0.52226275
Poland,POL,1963,0.51227534
Poland,POL,1964,0.5042157
Poland,POL,1965,0.49092144
Poland,POL,1966,0.4872321
Poland,POL,1967,0.47803563
Poland,POL,1968,0.47267884
Poland,POL,1969,0.4640488
Poland,POL,1970,0.46191102
Poland,POL,1971,0.45693716
Poland,POL,1972,0.4490609
Poland,POL,1973,0.4436823
Poland,POL,1974,0.43837538
Poland,POL,1975,0.43454105
Poland,POL,1976,0.42970285
Poland,POL,1977,0.42488912
Poland,POL,1978,0.4206706
Poland,POL,1979,0.4156924
Poland,POL,1980,0.4110007
Poland,POL,1981,0.4042499
Poland,POL,1982,0.3997739
Poland,POL,1983,0.39576933
Poland,POL,1984,0.3938583
Poland,POL,1985,0.39006087
Poland,POL,1986,0.3866925
Poland,POL,1987,0.3844107
Poland,POL,1988,0.38239777
Poland,POL,1989,0.37970018
Poland,POL,1990,0.37753096
Poland,POL,1991,0.3754622
Poland,POL,1992,0.37371296
Poland,POL,1993,0.37193125
Poland,POL,1994,0.37101755
Poland,POL,1995,0.36818242
Poland,POL,1996,0.36256903
Poland,POL,1997,0.3623835
Poland,POL,1998,0.36357304
Poland,POL,1999,0.36399123
Poland,POL,2000,0.36574754
Poland,POL,2001,0.3551551
Poland,POL,2002,0.34030542
Poland,POL,2003,0.3294632
Poland,POL,2004,0.3302584
Poland,POL,2005,0.318115
Poland,POL,2006,0.3242682
Poland,POL,2007,0.31014758
Poland,POL,2008,0.31587568
Poland,POL,2009,0.31626457
Poland,POL,2010,0.28465313
Poland,POL,2011,0.2915673
Poland,POL,2012,0.28702292
Poland,POL,2013,0.2836999
Poland,POL,2014,0.28749016
Poland,POL,2015,0.2866025
Poland,POL,2016,0.28459245
Poland,POL,2017,0.2872166
Poland,POL,2018,0.28990316
Poland,POL,2019,0.29118562
Poland,POL,2020,0.29720852
Poland,POL,2021,0.29958174
Poland,POL,2022,0.30321753
Poland,POL,2023,0.30533683
Portugal,PRT,1961,0.2807606
Portugal,PRT,1962,0.2782971
Portugal,PRT,1963,0.2767333
Portugal,PRT,1964,0.27613714
Portugal,PRT,1965,0.276821
Portugal,PRT,1966,0.27846858
Portugal,PRT,1967,0.27978978
Portugal,PRT,1968,0.28053617
Portugal,PRT,1969,0.2826083
Portugal,PRT,1970,0.2846633
Portugal,PRT,1971,0.28540835
Portugal,PRT,1972,0.28538555
Portugal,PRT,1973,0.28471813
Portugal,PRT,1974,0.28020307
Portugal,PRT,1975,0.26920417
Portugal,PRT,1976,0.26112115
Portugal,PRT,1977,0.25783458
Portugal,PRT,1978,0.2545445
Portugal,PRT,1979,0.25131285
Portugal,PRT,1980,0.24809775
Portugal,PRT,1981,0.24544829
Portugal,PRT,1982,0.24344791
Portugal,PRT,1983,0.2418189
Portugal,PRT,1984,0.24039058
Portugal,PRT,1985,0.23923509
Portugal,PRT,1986,0.23851924
Portugal,PRT,1987,0.238085
Portugal,PRT,1988,0.2378336
Portugal,PRT,1989,0.23768117
Portugal,PRT,1990,0.23479404
Portugal,PRT,1991,0.23182184
Portugal,PRT,1992,0.22858591
Portugal,PRT,1993,0.22479409
Portugal,PRT,1994,0.2201866
Portugal,PRT,1995,0.2147379
Portugal,PRT,1996,0.19872923
Portugal,PRT,1997,0.18617116
Portugal,PRT,1998,0.1770143
Portugal,PRT,1999,0.1678439
Portugal,PRT,2000,0.17009595
Portugal,PRT,2001,0.15715562
Portugal,PRT,2002,0.15702571
Portugal,PRT,2003,0.14862287
Portugal,PRT,2004,0.14142977
Portugal,PRT,2005,0.12429011
Portugal,PRT,2006,0.118010454
Portugal,PRT,2007,0.1089115
Portugal,PRT,2008,0.11557014
Portugal,PRT,2009,0.11364042
Portugal,PRT,2010,0.10853676
Portugal,PRT,2011,0.10672636
Portugal,PRT,2012,0.106879376
Portugal,PRT,2013,0.108872324
Portugal,PRT,2014,0.10557864
Portugal,PRT,2015,0.103297174
Portugal,PRT,2016,0.09512707
Portugal,PRT,2017,0.09398288
Portugal,PRT,2018,0.09339338
Portugal,PRT,2019,0.09699953
Portugal,PRT,2020,0.09448399
Portugal,PRT,2021,0.093397915
Portugal,PRT,2022,0.08937406
Portugal,PRT,2023,0.087658115
Puerto Rico,PRI,1961,0.093344145
Puerto Rico,PRI,1962,0.086927354
Puerto Rico,PRI,1963,0.08464662
Puerto Rico,PRI,1964,0.07478272
Puerto Rico,PRI,1965,0.082883574
Puerto Rico,PRI,1966,0.071238235
Puerto Rico,PRI,1967,0.06425584
Puerto Rico,PRI,1968,0.061606333
Puerto Rico,PRI,1969,0.06184453
Puerto Rico,PRI,1970,0.055923473
Puerto Rico,PRI,1971,0.047064103
Puerto Rico,PRI,1972,0.04081986
Puerto Rico,PRI,1973,0.033000022
Puerto Rico,PRI,1974,0.03232063
Puerto Rico,PRI,1975,0.031396125
Puerto Rico,PRI,1976,0.030881902
Puerto Rico,PRI,1977,0.031081138
Puerto Rico,PRI,1978,0.031315695
Puerto Rico,PRI,1979,0.030617837
Puerto Rico,PRI,1980,0.023081722
Puerto Rico,PRI,1981,0.020971136
Puerto Rico,PRI,1982,0.020442704
Puerto Rico,PRI,1983,0.019328702
Puerto Rico,PRI,1984,0.01973572
Puerto Rico,PRI,1985,0.018655611
Puerto Rico,PRI,1986,0.018770784
Puerto Rico,PRI,1987,0.01830411
Puerto Rico,PRI,1988,0.022165302
Puerto Rico,PRI,1989,0.019967766
Puerto Rico,PRI,1990,0.018377155
Puerto Rico,PRI,1991,0.015440287
Puerto Rico,PRI,1992,0.014504169
Puerto Rico,PRI,1993,0.008850789
Puerto Rico,PRI,1994,0.009042987
Puerto Rico,PRI,1995,0.008959836
Puerto Rico,PRI,1996,0.008859881
Puerto Rico,PRI,1997,0.009841917
Puerto Rico,PRI,1998,0.013620371
Puerto Rico,PRI,1999,0.014368115
Puerto Rico,PRI,2000,0.015666803
Puerto Rico,PRI,2001,0.016994983
Puerto Rico,PRI,2002,0.017783817
Puerto Rico,PRI,2003,0.01599542
Puerto Rico,PRI,2004,0.014476553
Puerto Rico,PRI,2005,0.0132413525
Puerto Rico,PRI,2006,0.011510522
Puerto Rico,PRI,2007,0.009754176
Puerto Rico,PRI,2008,0.0109017445
Puerto Rico,PRI,2009,0.012057502
Puerto Rico,PRI,2010,0.013209951
Puerto Rico,PRI,2011,0.014160149
Puerto Rico,PRI,2012,0.015050348
Puerto Rico,PRI,2013,0.014925262
Puerto Rico,PRI,2014,0.014867433
Puerto Rico,PRI,2015,0.014822496
Puerto Rico,PRI,2016,0.014797013
Puerto Rico,PRI,2017,0.014835068
Puerto Rico,PRI,2018,0.01525516
Puerto Rico,PRI,2019,0.015199726
Puerto Rico,PRI,2020,0.015297458
Puerto Rico,PRI,2021,0.015385884
Puerto Rico,PRI,2022,0.015589345
Puerto Rico,PRI,2023,0.015668923
Qatar,QAT,1961,0.025201613
Qatar,QAT,1962,0.022406453
Qatar,QAT,1963,0.019849146
Qatar,QAT,1964,0.017584892
Qatar,QAT,1965,0.015609147
Qatar,QAT,1966,0.01385195
Qatar,QAT,1967,0.01227913
Qatar,QAT,1968,0.010899302
Qatar,QAT,1969,0.009706382
Qatar,QAT,1970,0.008594757
Qatar,QAT,1971,0.0076134787
Qatar,QAT,1972,0.006825659
Qatar,QAT,1973,0.006178904
Qatar,QAT,1974,0.011276373
Qatar,QAT,1975,0.010358025
Qatar,QAT,1976,0.009566998
Qatar,QAT,1977,0.008877644
Qatar,QAT,1978,0.0041355123
Qatar,QAT,1979,0.007731859
Qatar,QAT,1980,0.014497324
Qatar,QAT,1981,0.0170327
Qatar,QAT,1982,0.01925935
Qatar,QAT,1983,0.021230843
Qatar,QAT,1984,0.022996567
Qatar,QAT,1985,0.021861507
Qatar,QAT,1986,0.020919299
Qatar,QAT,1987,0.02266974
Qatar,QAT,1988,0.021883754
Qatar,QAT,1989,0.02114433
Qatar,QAT,1990,0.022718238
Qatar,QAT,1991,0.019786613
Qatar,QAT,1992,0.025550561
Qatar,QAT,1993,0.026829293
Qatar,QAT,1994,0.026028162
Qatar,QAT,1995,0.025275847
Qatar,QAT,1996,0.024573786
Qatar,QAT,1997,0.023614896
Qatar,QAT,1998,0.022392945
Qatar,QAT,1999,0.02122449
Qatar,QAT,2000,0.020155383
Qatar,QAT,2001,0.01961869
Qatar,QAT,2002,0.017857017
Qatar,QAT,2003,0.017725687
Qatar,QAT,2004,0.01577589
Qatar,QAT,2005,0.014538265
Qatar,QAT,2006,0.013054683
Qatar,QAT,2007,0.011087255
Qatar,QAT,2008,0.009881298
Qatar,QAT,2009,0.009260968
Qatar,QAT,2010,0.009481505
Qatar,QAT,2011,0.00989684
Qatar,QAT,2012,0.009556222
Qatar,QAT,2013,0.008922859
Qatar,QAT,2014,0.008597673
Qatar,QAT,2015,0.007890617
Qatar,QAT,2016,0.0073876325
Qatar,QAT,2017,0.007463214
Qatar,QAT,2018,0.00813722
Qatar,QAT,2019,0.007958594
Qatar,QAT,2020,0.007515708
Qatar,QAT,2021,0.008383535
Qatar,QAT,2022,0.00790266
Qatar,QAT,2023,0.007906531
Romania,ROU,1961,0.5310087
Romania,ROU,1962,0.5312544
Romania,ROU,1963,0.5241557
Romania,ROU,1964,0.51942146
Romania,ROU,1965,0.51566935
Romania,ROU,1966,0.50985014
Romania,ROU,1967,0.501632
Romania,ROU,1968,0.4948022
Romania,ROU,1969,0.48832682
Romania,ROU,1970,0.48063254
Romania,ROU,1971,0.4754279
Romania,ROU,1972,0.47018203
Romania,ROU,1973,0.46353176
Romania,ROU,1974,0.46140102
Romania,ROU,1975,0.45746177
Romania,ROU,1976,0.4528659
Romania,ROU,1977,0.44957516
Romania,ROU,1978,0.44657615
Romania,ROU,1979,0.44439942
Romania,ROU,1980,0.44282773
Romania,ROU,1981,0.44061062
Romania,ROU,1982,0.43914014
Romania,ROU,1983,0.4389978
Romania,ROU,1984,0.4388145
Romania,ROU,1985,0.43922934
Romania,ROU,1986,0.43810788
Romania,ROU,1987,0.4392266
Romania,ROU,1988,0.43833587
Romania,ROU,1989,0.4083508
Romania,ROU,1990,0.40729538
Romania,ROU,1991,0.4096751
Romania,ROU,1992,0.41049764
Romania,ROU,1993,0.41035387
Romania,ROU,1994,0.4108629
Romania,ROU,1995,0.41160682
Romania,ROU,1996,0.41279447
Romania,ROU,1997,0.41438365
Romania,ROU,1998,0.4143092
Romania,ROU,1999,0.4152716
Romania,ROU,2000,0.4179928
Romania,ROU,2001,0.42341465
Romania,ROU,2002,0.43146738
Romania,ROU,2003,0.43463698
Romania,ROU,2004,0.41558385
Romania,ROU,2005,0.4214415
Romania,ROU,2006,0.4217751
Romania,ROU,2007,0.41541
Romania,ROU,2008,0.4246301
Romania,ROU,2009,0.4315211
Romania,ROU,2010,0.4517241
Romania,ROU,2011,0.44645676
Romania,ROU,2012,0.4386272
Romania,ROU,2013,0.43765685
Romania,ROU,2014,0.44090658
Romania,ROU,2015,0.44298396
Romania,ROU,2016,0.4355844
Romania,ROU,2017,0.43611845
Romania,ROU,2018,0.4460313
Romania,ROU,2019,0.46284136
Romania,ROU,2020,0.44032648
Romania,ROU,2021,0.44911483
Romania,ROU,2022,0.4310575
Romania,ROU,2023,0.44105622
Russia,RUS,1992,0.8887142
Russia,RUS,1993,0.872552
Russia,RUS,1994,0.86533123
Russia,RUS,1995,0.8593046
Russia,RUS,1996,0.8505932
Russia,RUS,1997,0.8617496
Russia,RUS,1998,0.8541432
Russia,RUS,1999,0.8489297
Russia,RUS,2000,0.8484083
Russia,RUS,2001,0.84849286
Russia,RUS,2002,0.84968674
Russia,RUS,2003,0.8472877
Russia,RUS,2004,0.8478398
Russia,RUS,2005,0.84853685
Russia,RUS,2006,0.8498728
Russia,RUS,2007,0.8513281
Russia,RUS,2008,0.8522277
Russia,RUS,2009,0.85197115
Russia,RUS,2010,0.8515887
Russia,RUS,2011,0.8505841
Russia,RUS,2012,0.8484469
Russia,RUS,2013,0.8459265
Russia,RUS,2014,0.84339535
Russia,RUS,2015,0.8410426
Russia,RUS,2016,0.83886915
Russia,RUS,2017,0.83726525
Russia,RUS,2018,0.8366615
Russia,RUS,2019,0.83634406
Russia,RUS,2020,0.8375426
Russia,RUS,2021,0.8404264
Russia,RUS,2022,0.843397
Russia,RUS,2023,0.845806
Rwanda,RWA,1961,0.15611024
Rwanda,RWA,1962,0.15379666
Rwanda,RWA,1963,0.15189222
Rwanda,RWA,1964,0.1499325
Rwanda,RWA,1965,0.14752236
Rwanda,RWA,1966,0.14481947
Rwanda,RWA,1967,0.14188981
Rwanda,RWA,1968,0.13915561
Rwanda,RWA,1969,0.13674253
Rwanda,RWA,1970,0.13113374
Rwanda,RWA,1971,0.1365839
Rwanda,RWA,1972,0.14714472
Rwanda,RWA,1973,0.14038974
Rwanda,RWA,1974,0.1492995
Rwanda,RWA,1975,0.14888032
Rwanda,RWA,1976,0.14749405
Rwanda,RWA,1977,0.14626941
Rwanda,RWA,1978,0.14498018
Rwanda,RWA,1979,0.14355798
Rwanda,RWA,1980,0.14196959
Rwanda,RWA,1981,0.1402149
Rwanda,RWA,1982,0.13831624
Rwanda,RWA,1983,0.13631797
Rwanda,RWA,1984,0.13425836
Rwanda,RWA,1985,0.13091184
Rwanda,RWA,1986,0.12768145
Rwanda,RWA,1987,0.12475011
Rwanda,RWA,1988,0.12184147
Rwanda,RWA,1989,0.11830686
Rwanda,RWA,1990,0.11931707
Rwanda,RWA,1991,0.116912976
Rwanda,RWA,1992,0.114534624
Rwanda,RWA,1993,0.106501184
Rwanda,RWA,1994,0.10305709
Rwanda,RWA,1995,0.12336719
Rwanda,RWA,1996,0.11179406
Rwanda,RWA,1997,0.10315609
Rwanda,RWA,1998,0.10146404
Rwanda,RWA,1999,0.1062849
Rwanda,RWA,2000,0.12174439
Rwanda,RWA,2001,0.13273652
Rwanda,RWA,2002,0.1328543
Rwanda,RWA,2003,0.13031515
Rwanda,RWA,2004,0.127143
Rwanda,RWA,2005,0.12413678
Rwanda,RWA,2006,0.12119262
Rwanda,RWA,2007,0.118325435
Rwanda,RWA,2008,0.11545991
Rwanda,RWA,2009,0.1151044
Rwanda,RWA,2010,0.11475589
Rwanda,RWA,2011,0.11443452
Rwanda,RWA,2012,0.11403613
Rwanda,RWA,2013,0.11367181
Rwanda,RWA,2014,0.11324483
Rwanda,RWA,2015,0.110652715
Rwanda,RWA,2016,0.1080611
Rwanda,RWA,2017,0.1056379
Rwanda,RWA,2018,0.09889497
Rwanda,RWA,2019,0.09329919
Rwanda,RWA,2020,0.092959985
Rwanda,RWA,2021,0.09497382
Rwanda,RWA,2022,0.0907219
Rwanda,RWA,2023,0.083060905
Saint Kitts and Nevis,KNA,1961,0.18072072
Saint Kitts and Nevis,KNA,1962,0.18361764
Saint Kitts and Nevis,KNA,1963,0.18712224
Saint Kitts and Nevis,KNA,1964,0.19110958
Saint Kitts and Nevis,KNA,1965,0.19554548
Saint Kitts and Nevis,KNA,1966,0.20040883
Saint Kitts and Nevis,KNA,1967,0.20574015
Saint Kitts and Nevis,KNA,1968,0.2116626
Saint Kitts and Nevis,KNA,1969,0.17493604
Saint Kitts and Nevis,KNA,1970,0.17934807
Saint Kitts and Nevis,KNA,1971,0.1809709
Saint Kitts and Nevis,KNA,1972,0.18168192
Saint Kitts and Nevis,KNA,1973,0.18231541
Saint Kitts and Nevis,KNA,1974,0.18290731
Saint Kitts and Nevis,KNA,1975,0.183461
Saint Kitts and Nevis,KNA,1976,0.18398418
Saint Kitts and Nevis,KNA,1977,0.18451035
Saint Kitts and Nevis,KNA,1978,0.18511234
Saint Kitts and Nevis,KNA,1979,0.18590385
Saint Kitts and Nevis,KNA,1980,0.18669778
Saint Kitts and Nevis,KNA,1981,0.1873624
Saint Kitts and Nevis,KNA,1982,0.18809368
Saint Kitts and Nevis,KNA,1983,0.1889734
Saint Kitts and Nevis,KNA,1984,0.1899651
Saint Kitts and Nevis,KNA,1985,0.19104934
Saint Kitts and Nevis,KNA,1986,0.19222452
Saint Kitts and Nevis,KNA,1987,0.19347973
Saint Kitts and Nevis,KNA,1988,0.19482733
Saint Kitts and Nevis,KNA,1989,0.19628048
Saint Kitts and Nevis,KNA,1990,0.19786307
Saint Kitts and Nevis,KNA,1991,0.19822589
Saint Kitts and Nevis,KNA,1992,0.19648778
Saint Kitts and Nevis,KNA,1993,0.19397701
Saint Kitts and Nevis,KNA,1994,0.16756032
Saint Kitts and Nevis,KNA,1995,0.16538298
Saint Kitts and Nevis,KNA,1996,0.13993517
Saint Kitts and Nevis,KNA,1997,0.1381597
Saint Kitts and Nevis,KNA,1998,0.13636984
Saint Kitts and Nevis,KNA,1999,0.15694715
Saint Kitts and Nevis,KNA,2000,0.15470298
Saint Kitts and Nevis,KNA,2001,0.15296869
Saint Kitts and Nevis,KNA,2002,0.15210778
Saint Kitts and Nevis,KNA,2003,0.15159391
Saint Kitts and Nevis,KNA,2004,0.15113895
Saint Kitts and Nevis,KNA,2005,0.08549217
Saint Kitts and Nevis,KNA,2006,0.08546458
Saint Kitts and Nevis,KNA,2007,0.085428
Saint Kitts and Nevis,KNA,2008,0.085406214
Saint Kitts and Nevis,KNA,2009,0.08525876
Saint Kitts and Nevis,KNA,2010,0.09605943
Saint Kitts and Nevis,KNA,2011,0.10664164
Saint Kitts and Nevis,KNA,2012,0.10630833
Saint Kitts and Nevis,KNA,2013,0.106227025
Saint Kitts and Nevis,KNA,2014,0.10618191
Saint Kitts and Nevis,KNA,2015,0.10618642
Saint Kitts and Nevis,KNA,2016,0.10621349
Saint Kitts and Nevis,KNA,2017,0.106269926
Saint Kitts and Nevis,KNA,2018,0.106364876
Saint Kitts and Nevis,KNA,2019,0.10649174
Saint Kitts and Nevis,KNA,2020,0.10667805
Saint Kitts and Nevis,KNA,2021,0.10692214
Saint Kitts and Nevis,KNA,2022,0.107045755
Saint Kitts and Nevis,KNA,2023,0.10693357
Saint Lucia,LCA,1961,0.053481657
Saint Lucia,LCA,1962,0.052907255
Saint Lucia,LCA,1963,0.052345607
Saint Lucia,LCA,1964,0.051810786
Saint Lucia,LCA,1965,0.051285733
Saint Lucia,LCA,1966,0.050780497
Saint Lucia,LCA,1967,0.050249238
Saint Lucia,LCA,1968,0.049664762
Saint Lucia,LCA,1969,0.049077827
Saint Lucia,LCA,1970,0.04846605
Saint Lucia,LCA,1971,0.047817603
Saint Lucia,LCA,1972,0.04716892
Saint Lucia,LCA,1973,0.046512492
Saint Lucia,LCA,1974,0.048589975
Saint Lucia,LCA,1975,0.04515692
Saint Lucia,LCA,1976,0.044474095
Saint Lucia,LCA,1977,0.04380777
Saint Lucia,LCA,1978,0.043165218
Saint Lucia,LCA,1979,0.03999047
Saint Lucia,LCA,1980,0.037723195
Saint Lucia,LCA,1981,0.035488505
Saint Lucia,LCA,1982,0.03249734
Saint Lucia,LCA,1983,0.029589584
Saint Lucia,LCA,1984,0.027544525
Saint Lucia,LCA,1985,0.025549904
Saint Lucia,LCA,1986,0.025144964
Saint Lucia,LCA,1987,0.022517959
Saint Lucia,LCA,1988,0.022222223
Saint Lucia,LCA,1989,0.02197609
Saint Lucia,LCA,1990,0.021036291
Saint Lucia,LCA,1991,0.020068808
Saint Lucia,LCA,1992,0.019065507
Saint Lucia,LCA,1993,0.018785745
Saint Lucia,LCA,1994,0.0171362
Saint Lucia,LCA,1995,0.013494548
Saint Lucia,LCA,1996,0.012629956
Saint Lucia,LCA,1997,0.012453382
Saint Lucia,LCA,1998,0.012930171
Saint Lucia,LCA,1999,0.012763079
Saint Lucia,LCA,2000,0.012609068
Saint Lucia,LCA,2001,0.012481512
Saint Lucia,LCA,2002,0.012373098
Saint Lucia,LCA,2003,0.012271745
Saint Lucia,LCA,2004,0.012177376
Saint Lucia,LCA,2005,0.013297069
Saint Lucia,LCA,2006,0.013802291
Saint Lucia,LCA,2007,0.015915783
Saint Lucia,LCA,2008,0.015816785
Saint Lucia,LCA,2009,0.015717994
Saint Lucia,LCA,2010,0.015622623
Saint Lucia,LCA,2011,0.015541237
Saint Lucia,LCA,2012,0.015470458
Saint Lucia,LCA,2013,0.015400677
Saint Lucia,LCA,2014,0.015332667
Saint Lucia,LCA,2015,0.015265429
Saint Lucia,LCA,2016,0.015201029
Saint Lucia,LCA,2017,0.015141033
Saint Lucia,LCA,2018,0.015083297
Saint Lucia,LCA,2019,0.015028622
Saint Lucia,LCA,2020,0.014978962
Saint Lucia,LCA,2021,0.01495614
Saint Lucia,LCA,2022,0.014934473
Saint Lucia,LCA,2023,0.01489249
Saint Vincent and the Grenadines,VCT,1961,0.069873065
Saint Vincent and the Grenadines,VCT,1962,0.06877895
Saint Vincent and the Grenadines,VCT,1963,0.067779
Saint Vincent and the Grenadines,VCT,1964,0.06685311
Saint Vincent and the Grenadines,VCT,1965,0.065987
Saint Vincent and the Grenadines,VCT,1966,0.06518055
Saint Vincent and the Grenadines,VCT,1967,0.06443022
Saint Vincent and the Grenadines,VCT,1968,0.06374638
Saint Vincent and the Grenadines,VCT,1969,0.06311936
Saint Vincent and the Grenadines,VCT,1970,0.06252345
Saint Vincent and the Grenadines,VCT,1971,0.061937403
Saint Vincent and the Grenadines,VCT,1972,0.061355967
Saint Vincent and the Grenadines,VCT,1973,0.05066318
Saint Vincent and the Grenadines,VCT,1974,0.05022299
Saint Vincent and the Grenadines,VCT,1975,0.049807247
Saint Vincent and the Grenadines,VCT,1976,0.04940858
Saint Vincent and the Grenadines,VCT,1977,0.04902009
Saint Vincent and the Grenadines,VCT,1978,0.048649963
Saint Vincent and the Grenadines,VCT,1979,0.048319448
Saint Vincent and the Grenadines,VCT,1980,0.04797866
Saint Vincent and the Grenadines,VCT,1981,0.047585964
Saint Vincent and the Grenadines,VCT,1982,0.037746888
Saint Vincent and the Grenadines,VCT,1983,0.03743986
Saint Vincent and the Grenadines,VCT,1984,0.037144687
Saint Vincent and the Grenadines,VCT,1985,0.03686432
Saint Vincent and the Grenadines,VCT,1986,0.036602885
Saint Vincent and the Grenadines,VCT,1987,0.030999718
Saint Vincent and the Grenadines,VCT,1988,0.029821612
Saint Vincent and the Grenadines,VCT,1989,0.028668487
Saint Vincent and the Grenadines,VCT,1990,0.027546238
Saint Vincent and the Grenadines,VCT,1991,0.0264654
Saint Vincent and the Grenadines,VCT,1992,0.025420189
Saint Vincent and the Grenadines,VCT,1993,0.02439349
Saint Vincent and the Grenadines,VCT,1994,0.023379797
Saint Vincent and the Grenadines,VCT,1995,0.022380073
Saint Vincent and the Grenadines,VCT,1996,0.0213934
Saint Vincent and the Grenadines,VCT,1997,0.020417001
Saint Vincent and the Grenadines,VCT,1998,0.019438064
Saint Vincent and the Grenadines,VCT,1999,0.018435862
Saint Vincent and the Grenadines,VCT,2000,0.017614162
Saint Vincent and the Grenadines,VCT,2001,0.01762099
Saint Vincent and the Grenadines,VCT,2002,0.01764493
Saint Vincent and the Grenadines,VCT,2003,0.017677058
Saint Vincent and the Grenadines,VCT,2004,0.017724996
Saint Vincent and the Grenadines,VCT,2005,0.017785683
Saint Vincent and the Grenadines,VCT,2006,0.01785491
Saint Vincent and the Grenadines,VCT,2007,0.017932234
Saint Vincent and the Grenadines,VCT,2008,0.018013474
Saint Vincent and the Grenadines,VCT,2009,0.018098237
Saint Vincent and the Grenadines,VCT,2010,0.018188598
Saint Vincent and the Grenadines,VCT,2011,0.018290062
Saint Vincent and the Grenadines,VCT,2012,0.018393172
Saint Vincent and the Grenadines,VCT,2013,0.0184954
Saint Vincent and the Grenadines,VCT,2014,0.018598596
Saint Vincent and the Grenadines,VCT,2015,0.018698579
Saint Vincent and the Grenadines,VCT,2016,0.018806007
Saint Vincent and the Grenadines,VCT,2017,0.018928101
Saint Vincent and the Grenadines,VCT,2018,0.019061053
Saint Vincent and the Grenadines,VCT,2019,0.01919994
Saint Vincent and the Grenadines,VCT,2020,0.019318819
Saint Vincent and the Grenadines,VCT,2021,0.019447496
Saint Vincent and the Grenadines,VCT,2022,0.019599004
Saint Vincent and the Grenadines,VCT,2023,0.019738855
Samoa,WSM,1961,0.086583085
Samoa,WSM,1962,0.09275108
Samoa,WSM,1963,0.090338685
Samoa,WSM,1964,0.088074684
Samoa,WSM,1965,0.085952275
Samoa,WSM,1966,0.0839227
Samoa,WSM,1967,0.08223438
Samoa,WSM,1968,0.08822232
Samoa,WSM,1969,0.08680995
Samoa,WSM,1970,0.08903134
Samoa,WSM,1971,0.09122615
Samoa,WSM,1972,0.08994175
Samoa,WSM,1973,0.08872751
Samoa,WSM,1974,0.086996675
Samoa,WSM,1975,0.091298
Samoa,WSM,1976,0.095472686
Samoa,WSM,1977,0.09389495
Samoa,WSM,1978,0.0929512
Samoa,WSM,1979,0.09516092
Samoa,WSM,1980,0.0973698
Samoa,WSM,1981,0.09657287
Samoa,WSM,1982,0.09610533
Samoa,WSM,1983,0.09957172
Samoa,WSM,1984,0.10192091
Samoa,WSM,1985,0.10188854
Samoa,WSM,1986,0.10415357
Samoa,WSM,1987,0.10557017
Samoa,WSM,1988,0.10692265
Samoa,WSM,1989,0.10961793
Samoa,WSM,1990,0.1123981
Samoa,WSM,1991,0.11218176
Samoa,WSM,1992,0.099805675
Samoa,WSM,1993,0.09896725
Samoa,WSM,1994,0.09817567
Samoa,WSM,1995,0.097381584
Samoa,WSM,1996,0.09655196
Samoa,WSM,1997,0.095749296
Samoa,WSM,1998,0.0950225
Samoa,WSM,1999,0.090417415
Samoa,WSM,2000,0.077056445
Samoa,WSM,2001,0.0764334
Samoa,WSM,2002,0.07047178
Samoa,WSM,2003,0.07010732
Samoa,WSM,2004,0.06442988
Samoa,WSM,2005,0.05883045
Samoa,WSM,2006,0.05540491
Samoa,WSM,2007,0.05297929
Samoa,WSM,2008,0.04734176
Samoa,WSM,2009,0.041250464
Samoa,WSM,2010,0.06216876
Samoa,WSM,2011,0.08217222
Samoa,WSM,2012,0.1017822
Samoa,WSM,2013,0.12104828
Samoa,WSM,2014,0.1399741
Samoa,WSM,2015,0.16086668
Samoa,WSM,2016,0.1265854
Samoa,WSM,2017,0.09278777
Samoa,WSM,2018,0.059494562
Samoa,WSM,2019,0.053818285
Samoa,WSM,2020,0.053268787
Samoa,WSM,2021,0.052811548
Samoa,WSM,2022,0.05244796
Samoa,WSM,2023,0.049431607
San Marino,SMR,1961,0.06329515
San Marino,SMR,1962,0.06179324
San Marino,SMR,1963,0.06031363
San Marino,SMR,1964,0.05890322
San Marino,SMR,1965,0.057786766
San Marino,SMR,1966,0.057067852
San Marino,SMR,1967,0.056535505
San Marino,SMR,1968,0.055987906
San Marino,SMR,1969,0.055475425
San Marino,SMR,1970,0.05504183
San Marino,SMR,1971,0.054291762
San Marino,SMR,1972,0.053228296
San Marino,SMR,1973,0.05265375
San Marino,SMR,1974,0.052548606
San Marino,SMR,1975,0.05250446
San Marino,SMR,1976,0.052328624
San Marino,SMR,1977,0.049957536
San Marino,SMR,1978,0.047560163
San Marino,SMR,1979,0.046904314
San Marino,SMR,1980,0.04632847
San Marino,SMR,1981,0.045787547
San Marino,SMR,1982,0.045341194
San Marino,SMR,1983,0.044986278
San Marino,SMR,1984,0.04475074
San Marino,SMR,1985,0.044474095
San Marino,SMR,1986,0.044177417
San Marino,SMR,1987,0.04408005
San Marino,SMR,1988,0.043777086
San Marino,SMR,1989,0.043189082
San Marino,SMR,1990,0.04259851
San Marino,SMR,1991,0.042022105
San Marino,SMR,1992,0.041450776
San Marino,SMR,1993,0.040863026
San Marino,SMR,1994,0.04028522
San Marino,SMR,1995,0.039748788
San Marino,SMR,1996,0.03924339
San Marino,SMR,1997,0.03875969
San Marino,SMR,1998,0.03827751
San Marino,SMR,1999,0.03779432
San Marino,SMR,2000,0.037314825
San Marino,SMR,2001,0.03684191
San Marino,SMR,2002,0.03637554
San Marino,SMR,2003,0.03591567
San Marino,SMR,2004,0.03394779
San Marino,SMR,2005,0.033516556
San Marino,SMR,2006,0.033130135
San Marino,SMR,2007,0.032039985
San Marino,SMR,2008,0.031583603
San Marino,SMR,2009,0.030242546
San Marino,SMR,2010,0.030057108
San Marino,SMR,2011,0.03065604
San Marino,SMR,2012,0.029878395
San Marino,SMR,2013,0.030265428
San Marino,SMR,2014,0.030623183
San Marino,SMR,2015,0.06033985
San Marino,SMR,2016,0.059967976
San Marino,SMR,2017,0.058684405
San Marino,SMR,2018,0.057499565
San Marino,SMR,2019,0.057265673
San Marino,SMR,2020,0.057089444
San Marino,SMR,2021,0.05795282
San Marino,SMR,2022,0.058806103
San Marino,SMR,2023,0.058623746
Sao Tome and Principe,STP,1961,0.014554557
Sao Tome and Principe,STP,1962,0.014408599
Sao Tome and Principe,STP,1963,0.014262893
Sao Tome and Principe,STP,1964,0.014111338
Sao Tome and Principe,STP,1965,0.013950893
Sao Tome and Principe,STP,1966,0.0137786595
Sao Tome and Principe,STP,1967,0.013587695
Sao Tome and Principe,STP,1968,0.013375242
Sao Tome and Principe,STP,1969,0.01314354
Sao Tome and Principe,STP,1970,0.012882282
Sao Tome and Principe,STP,1971,0.012605572
Sao Tome and Principe,STP,1972,0.012339433
Sao Tome and Principe,STP,1973,0.012077587
Sao Tome and Principe,STP,1974,0.011810279
Sao Tome and Principe,STP,1975,0.011532961
Sao Tome and Principe,STP,1976,0.011245811
Sao Tome and Principe,STP,1977,0.010952783
Sao Tome and Principe,STP,1978,0.010661663
Sao Tome and Principe,STP,1979,0.010389394
Sao Tome and Principe,STP,1980,0.010147751
Sao Tome and Principe,STP,1981,0.009938876
Sao Tome and Principe,STP,1982,0.009755336
Sao Tome and Principe,STP,1983,0.009580379
Sao Tome and Principe,STP,1984,0.009399027
Sao Tome and Principe,STP,1985,0.018406376
Sao Tome and Principe,STP,1986,0.017993702
Sao Tome and Principe,STP,1987,0.017556334
Sao Tome and Principe,STP,1988,0.017102934
Sao Tome and Principe,STP,1989,0.016669584
Sao Tome and Principe,STP,1990,0.016262807
Sao Tome and Principe,STP,1991,0.01591128
Sao Tome and Principe,STP,1992,0.015611583
Sao Tome and Principe,STP,1993,0.015329547
Sao Tome and Principe,STP,1994,0.022601934
Sao Tome and Principe,STP,1995,0.029652692
Sao Tome and Principe,STP,1996,0.02920518
Sao Tome and Principe,STP,1997,0.03599142
Sao Tome and Principe,STP,1998,0.035523728
Sao Tome and Principe,STP,1999,0.04212241
Sao Tome and Principe,STP,2000,0.04166146
Sao Tome and Principe,STP,2001,0.040990606
Sao Tome and Principe,STP,2002,0.040020812
Sao Tome and Principe,STP,2003,0.03900815
Sao Tome and Principe,STP,2004,0.03804572
Sao Tome and Principe,STP,2005,0.037119754
Sao Tome and Principe,STP,2006,0.03622357
Sao Tome and Principe,STP,2007,0.03535651
Sao Tome and Principe,STP,2008,0.03452383
Sao Tome and Principe,STP,2009,0.033735726
Sao Tome and Principe,STP,2010,0.03300294
Sao Tome and Principe,STP,2011,0.021546036
Sao Tome and Principe,STP,2012,0.021114977
Sao Tome and Principe,STP,2013,0.020709507
Sao Tome and Principe,STP,2014,0.020328611
Sao Tome and Principe,STP,2015,0.019970942
Sao Tome and Principe,STP,2016,0.01963778
Sao Tome and Principe,STP,2017,0.019326473
Sao Tome and Principe,STP,2018,0.019030673
Sao Tome and Principe,STP,2019,0.018744845
Sao Tome and Principe,STP,2020,0.018396303
Sao Tome and Principe,STP,2021,0.018021183
Sao Tome and Principe,STP,2022,0.017675262
Sao Tome and Principe,STP,2023,0.017325692
Saudi Arabia,SAU,1961,0.4512444
Saudi Arabia,SAU,1962,0.44259438
Saudi Arabia,SAU,1963,0.43392867
Saudi Arabia,SAU,1964,0.42523515
Saudi Arabia,SAU,1965,0.41655698
Saudi Arabia,SAU,1966,0.4079099
Saudi Arabia,SAU,1967,0.39908248
Saudi Arabia,SAU,1968,0.39296788
Saudi Arabia,SAU,1969,0.38629088
Saudi Arabia,SAU,1970,0.3817576
Saudi Arabia,SAU,1971,0.37593672
Saudi Arabia,SAU,1972,0.37125018
Saudi Arabia,SAU,1973,0.36528844
Saudi Arabia,SAU,1974,0.36080778
Saudi Arabia,SAU,1975,0.35555267
Saudi Arabia,SAU,1976,0.3494225
Saudi Arabia,SAU,1977,0.3423143
Saudi Arabia,SAU,1978,0.33259618
Saudi Arabia,SAU,1979,0.3225977
Saudi Arabia,SAU,1980,0.31250015
Saudi Arabia,SAU,1981,0.30215475
Saudi Arabia,SAU,1982,0.29159704
Saudi Arabia,SAU,1983,0.30332524
Saudi Arabia,SAU,1984,0.30530158
Saudi Arabia,SAU,1985,0.31281516
Saudi Arabia,SAU,1986,0.31291145
Saudi Arabia,SAU,1987,0.31762743
Saudi Arabia,SAU,1988,0.31674606
Saudi Arabia,SAU,1989,0.31594348
Saudi Arabia,SAU,1990,0.31858835
Saudi Arabia,SAU,1991,0.32067755
Saudi Arabia,SAU,1992,0.31232148
Saudi Arabia,SAU,1993,0.30059278
Saudi Arabia,SAU,1994,0.28727034
Saudi Arabia,SAU,1995,0.2749153
Saudi Arabia,SAU,1996,0.263475
Saudi Arabia,SAU,1997,0.25285897
Saudi Arabia,SAU,1998,0.2429632
Saudi Arabia,SAU,1999,0.23372754
Saudi Arabia,SAU,2000,0.22295836
Saudi Arabia,SAU,2001,0.21111338
Saudi Arabia,SAU,2002,0.20034577
Saudi Arabia,SAU,2003,0.19051088
Saudi Arabia,SAU,2004,0.18148887
Saudi Arabia,SAU,2005,0.173177
Saudi Arabia,SAU,2006,0.16548696
Saudi Arabia,SAU,2007,0.15834528
Saudi Arabia,SAU,2008,0.15169375
Saudi Arabia,SAU,2009,0.14548616
Saudi Arabia,SAU,2010,0.14654978
Saudi Arabia,SAU,2011,0.13967673
Saudi Arabia,SAU,2012,0.1335732
Saudi Arabia,SAU,2013,0.12620063
Saudi Arabia,SAU,2014,0.12281754
Saudi Arabia,SAU,2015,0.11629793
Saudi Arabia,SAU,2016,0.11172287
Saudi Arabia,SAU,2017,0.111339405
Saudi Arabia,SAU,2018,0.113911666
Saudi Arabia,SAU,2019,0.11410458
Saudi Arabia,SAU,2020,0.10872089
Saudi Arabia,SAU,2021,0.11143368
Saudi Arabia,SAU,2022,0.10661673
Saudi Arabia,SAU,2023,0.10178454
Senegal,SEN,1961,0.8535157
Senegal,SEN,1962,0.8297767
Senegal,SEN,1963,0.83418685
Senegal,SEN,1964,0.81084657
Senegal,SEN,1965,0.8135513
Senegal,SEN,1966,0.7900514
Senegal,SEN,1967,0.7914062
Senegal,SEN,1968,0.80830175
Senegal,SEN,1969,0.7351832
Senegal,SEN,1970,0.7048296
Senegal,SEN,1971,0.7016722
Senegal,SEN,1972,0.6809893
Senegal,SEN,1973,0.6712136
Senegal,SEN,1974,0.6619031
Senegal,SEN,1975,0.6436129
Senegal,SEN,1976,0.62653476
Senegal,SEN,1977,0.5743123
Senegal,SEN,1978,0.5608739
Senegal,SEN,1979,0.54744124
Senegal,SEN,1980,0.53390235
Senegal,SEN,1981,0.52024627
Senegal,SEN,1982,0.50641865
Senegal,SEN,1983,0.49268687
Senegal,SEN,1984,0.4791238
Senegal,SEN,1985,0.4653399
Senegal,SEN,1986,0.45171756
Senegal,SEN,1987,0.43832335
Senegal,SEN,1988,0.42498797
Senegal,SEN,1989,0.412412
Senegal,SEN,1990,0.400491
Senegal,SEN,1991,0.3742878
Senegal,SEN,1992,0.37265584
Senegal,SEN,1993,0.36706698
Senegal,SEN,1994,0.36850315
Senegal,SEN,1995,0.34775823
Senegal,SEN,1996,0.35480258
Senegal,SEN,1997,0.31647563
Senegal,SEN,1998,0.28254378
Senegal,SEN,1999,0.35012224
Senegal,SEN,2000,0.33325776
Senegal,SEN,2001,0.3034385
Senegal,SEN,2002,0.29141387
Senegal,SEN,2003,0.27347746
Senegal,SEN,2004,0.27214655
Senegal,SEN,2005,0.27822596
Senegal,SEN,2006,0.24678059
Senegal,SEN,2007,0.24213396
Senegal,SEN,2008,0.3004409
Senegal,SEN,2009,0.29341704
Senegal,SEN,2010,0.28649637
Senegal,SEN,2011,0.2546513
Senegal,SEN,2012,0.24792467
Senegal,SEN,2013,0.24068531
Senegal,SEN,2014,0.23318091
Senegal,SEN,2015,0.25045687
Senegal,SEN,2016,0.24011406
Senegal,SEN,2017,0.23554116
Senegal,SEN,2018,0.2312357
Senegal,SEN,2019,0.22717653
Senegal,SEN,2020,0.22335762
Senegal,SEN,2021,0.2224046
Senegal,SEN,2022,0.2169836
Senegal,SEN,2023,0.21186472
Serbia,SRB,2006,0.35022274
Serbia,SRB,2007,0.3545041
Serbia,SRB,2008,0.36196184
Serbia,SRB,2009,0.35702348
Serbia,SRB,2010,0.3640298
Serbia,SRB,2011,0.3647472
Serbia,SRB,2012,0.35577324
Serbia,SRB,2013,0.36144295
Serbia,SRB,2014,0.36536425
Serbia,SRB,2015,0.36516705
Serbia,SRB,2016,0.36807615
Serbia,SRB,2017,0.36961293
Serbia,SRB,2018,0.3699193
Serbia,SRB,2019,0.37133372
Serbia,SRB,2020,0.3774391
Serbia,SRB,2021,0.38262734
Serbia,SRB,2022,0.39012977
Serbia,SRB,2023,0.39301345
Seychelles,SYC,1961,0.023316002
Seychelles,SYC,1962,0.0227056
Seychelles,SYC,1963,0.022135647
Seychelles,SYC,1964,0.021588014
Seychelles,SYC,1965,0.021052632
Seychelles,SYC,1966,0.020534303
Seychelles,SYC,1967,0.020035664
Seychelles,SYC,1968,0.019556459
Seychelles,SYC,1969,0.019096725
Seychelles,SYC,1970,0.018656716
Seychelles,SYC,1971,0.018283207
Seychelles,SYC,1972,0.0178479
Seychelles,SYC,1973,0.017577164
Seychelles,SYC,1974,0.017260127
Seychelles,SYC,1975,0.016865682
Seychelles,SYC,1976,0.016527833
Seychelles,SYC,1977,0.016184896
Seychelles,SYC,1978,0.016090104
Seychelles,SYC,1979,0.015952526
Seychelles,SYC,1980,0.015807528
Seychelles,SYC,1981,0.01561646
Seychelles,SYC,1982,0.015524817
Seychelles,SYC,1983,0.015543639
Seychelles,SYC,1984,0.01545189
Seychelles,SYC,1985,0.01532708
Seychelles,SYC,1986,0.015231828
Seychelles,SYC,1987,0.014598753
Seychelles,SYC,1988,0.014544397
Seychelles,SYC,1989,0.014457761
Seychelles,SYC,1990,0.01438704
Seychelles,SYC,1991,0.014196681
Seychelles,SYC,1992,0.014131679
Seychelles,SYC,1993,0.013840255
Seychelles,SYC,1994,0.013476181
Seychelles,SYC,1995,0.013279507
Seychelles,SYC,1996,0.013086094
Seychelles,SYC,1997,0.012933431
Seychelles,SYC,1998,0.012682952
Seychelles,SYC,1999,0.012436264
Seychelles,SYC,2000,0.012325745
Seychelles,SYC,2001,0.012314968
Seychelles,SYC,2002,0.01194415
Seychelles,SYC,2003,0.012080067
Seychelles,SYC,2004,0.012124887
Seychelles,SYC,2005,0.012068841
Seychelles,SYC,2006,0.011820331
Seychelles,SYC,2007,0.01176014
Seychelles,SYC,2008,0.011500069
Seychelles,SYC,2009,0.011455016
Seychelles,SYC,2010,0.010025621
Seychelles,SYC,2011,0.0015438981
Seychelles,SYC,2012,0.0015854501
Seychelles,SYC,2013,0.0016676117
Seychelles,SYC,2014,0.0016418743
Seychelles,SYC,2015,0.001605669
Seychelles,SYC,2016,0.0015843341
Seychelles,SYC,2017,0.0015650595
Seychelles,SYC,2018,0.0015501953
Seychelles,SYC,2019,0.0015364917
Seychelles,SYC,2020,0.0015234303
Seychelles,SYC,2021,0.0015112133
Seychelles,SYC,2022,0.0012512722
Seychelles,SYC,2023,0.001252369
Sierra Leone,SLE,1961,0.15406469
Sierra Leone,SLE,1962,0.15369889
Sierra Leone,SLE,1963,0.15321599
Sierra Leone,SLE,1964,0.15261571
Sierra Leone,SLE,1965,0.1519039
Sierra Leone,SLE,1966,0.1511152
Sierra Leone,SLE,1967,0.1502507
Sierra Leone,SLE,1968,0.14933763
Sierra Leone,SLE,1969,0.14842008
Sierra Leone,SLE,1970,0.14747708
Sierra Leone,SLE,1971,0.14656803
Sierra Leone,SLE,1972,0.14567998
Sierra Leone,SLE,1973,0.14475287
Sierra Leone,SLE,1974,0.14381301
Sierra Leone,SLE,1975,0.14287362
Sierra Leone,SLE,1976,0.14196949
Sierra Leone,SLE,1977,0.14098868
Sierra Leone,SLE,1978,0.13988161
Sierra Leone,SLE,1979,0.13873738
Sierra Leone,SLE,1980,0.13752683
Sierra Leone,SLE,1981,0.13627079
Sierra Leone,SLE,1982,0.13496928
Sierra Leone,SLE,1983,0.13355751
Sierra Leone,SLE,1984,0.13206854
Sierra Leone,SLE,1985,0.13055053
Sierra Leone,SLE,1986,0.12874225
Sierra Leone,SLE,1987,0.12664118
Sierra Leone,SLE,1988,0.12352215
Sierra Leone,SLE,1989,0.12047485
Sierra Leone,SLE,1990,0.115801744
Sierra Leone,SLE,1991,0.11445347
Sierra Leone,SLE,1992,0.11664842
Sierra Leone,SLE,1993,0.11690758
Sierra Leone,SLE,1994,0.116220415
Sierra Leone,SLE,1995,0.1160515
Sierra Leone,SLE,1996,0.11549792
Sierra Leone,SLE,1997,0.11378287
Sierra Leone,SLE,1998,0.11266858
Sierra Leone,SLE,1999,0.112087816
Sierra Leone,SLE,2000,0.110769235
Sierra Leone,SLE,2001,0.14522932
Sierra Leone,SLE,2002,0.18306184
Sierra Leone,SLE,2003,0.23884603
Sierra Leone,SLE,2004,0.26844773
Sierra Leone,SLE,2005,0.26755673
Sierra Leone,SLE,2006,0.30045164
Sierra Leone,SLE,2007,0.22328082
Sierra Leone,SLE,2008,0.2327896
Sierra Leone,SLE,2009,0.2412575
Sierra Leone,SLE,2010,0.25396958
Sierra Leone,SLE,2011,0.25873885
Sierra Leone,SLE,2012,0.22464235
Sierra Leone,SLE,2013,0.23587102
Sierra Leone,SLE,2014,0.2303536
Sierra Leone,SLE,2015,0.22507498
Sierra Leone,SLE,2016,0.21983732
Sierra Leone,SLE,2017,0.21465454
Sierra Leone,SLE,2018,0.2096746
Sierra Leone,SLE,2019,0.20486315
Sierra Leone,SLE,2020,0.2001881
Sierra Leone,SLE,2021,0.19568597
Sierra Leone,SLE,2022,0.19137815
Sierra Leone,SLE,2023,0.18722272
Singapore,SGP,1961,0.0017622181
Singapore,SGP,1962,0.002285453
Singapore,SGP,1963,0.0022284123
Singapore,SGP,1964,0.0021720242
Singapore,SGP,1965,0.0021198792
Singapore,SGP,1966,0.0020678246
Singapore,SGP,1967,0.0020226538
Singapore,SGP,1968,0.0014910537
Singapore,SGP,1969,0.0014687883
Singapore,SGP,1970,0.0019281689
Singapore,SGP,1971,0.00094656635
Singapore,SGP,1972,0.0013937929
Singapore,SGP,1973,0.0013679891
Singapore,SGP,1974,0.0008969414
Singapore,SGP,1975,0.0008839388
Singapore,SGP,1976,0.0008721057
Singapore,SGP,1977,0.00086010405
Singapore,SGP,1978,0.00084976206
Singapore,SGP,1979,0.00083910214
Singapore,SGP,1980,0.0008285193
Singapore,SGP,1981,0.000789629
Singapore,SGP,1982,0.0007557248
Singapore,SGP,1983,0.0007459733
Singapore,SGP,1984,0.0007320052
Singapore,SGP,1985,0.0007310056
Singapore,SGP,1986,0.0007316967
Singapore,SGP,1987,0.0007207755
Singapore,SGP,1988,0.000702714
Singapore,SGP,1989,0.000341192
Singapore,SGP,1990,0.00032817744
Singapore,SGP,1991,0.00031897082
Singapore,SGP,1992,0.00030953065
Singapore,SGP,1993,0.00030179834
Singapore,SGP,1994,0.0002924791
Singapore,SGP,1995,0.0002837277
Singapore,SGP,1996,0.0002724273
Singapore,SGP,1997,0.00026343256
Singapore,SGP,1998,0.00025463352
Singapore,SGP,1999,0.00025260673
Singapore,SGP,2000,0.00024826912
Singapore,SGP,2001,0.00024166194
Singapore,SGP,2002,0.00023946646
Singapore,SGP,2003,0.00014581419
Singapore,SGP,2004,0.0001680001
Singapore,SGP,2005,0.0001547203
Singapore,SGP,2006,0.00014768147
Singapore,SGP,2007,0.000152552
Singapore,SGP,2008,0.00012398242
Singapore,SGP,2009,0.00012029899
Singapore,SGP,2010,0.00012606535
Singapore,SGP,2011,0.00012153509
Singapore,SGP,2012,0.00011858964
Singapore,SGP,2013,0.00010557194
Singapore,SGP,2014,0.00010238177
Singapore,SGP,2015,0.00010117431
Singapore,SGP,2016,0.000099870114
Singapore,SGP,2017,0.000099781675
Singapore,SGP,2018,0.00009931409
Singapore,SGP,2019,0.00009818414
Singapore,SGP,2020,0.000098490855
Singapore,SGP,2021,0.0001026851
Singapore,SGP,2022,0.00009934323
Singapore,SGP,2023,0.00009463219
Slovakia,SVK,1993,0.29331654
Slovakia,SVK,1994,0.29197595
Slovakia,SVK,1995,0.29037678
Slovakia,SVK,1996,0.28901836
Slovakia,SVK,1997,0.28792796
Slovakia,SVK,1998,0.28698552
Slovakia,SVK,1999,0.28521022
Slovakia,SVK,2000,0.28355527
Slovakia,SVK,2001,0.2680862
Slovakia,SVK,2002,0.2622323
Slovakia,SVK,2003,0.26296327
Slovakia,SVK,2004,0.259294
Slovakia,SVK,2005,0.25889632
Slovakia,SVK,2006,0.25646496
Slovakia,SVK,2007,0.25620407
Slovakia,SVK,2008,0.25691396
Slovakia,SVK,2009,0.25657183
Slovakia,SVK,2010,0.25818762
Slovakia,SVK,2011,0.25770676
Slovakia,SVK,2012,0.25747198
Slovakia,SVK,2013,0.25152433
Slovakia,SVK,2014,0.25083745
Slovakia,SVK,2015,0.24890293
Slovakia,SVK,2016,0.24802984
Slovakia,SVK,2017,0.24690986
Slovakia,SVK,2018,0.24748608
Slovakia,SVK,2019,0.24733473
Slovakia,SVK,2020,0.24657312
Slovakia,SVK,2021,0.24342571
Slovakia,SVK,2022,0.24356782
Slovakia,SVK,2023,0.24084441
Slovenia,SVN,1992,0.10017541
Slovenia,SVN,1993,0.10041441
Slovenia,SVN,1994,0.09852004
Slovenia,SVN,1995,0.0984988
Slovenia,SVN,1996,0.09604612
Slovenia,SVN,1997,0.0871117
Slovenia,SVN,1998,0.086797275
Slovenia,SVN,1999,0.08623102
Slovenia,SVN,2000,0.08698166
Slovenia,SVN,2001,0.08684477
Slovenia,SVN,2002,0.08423037
Slovenia,SVN,2003,0.08668494
Slovenia,SVN,2004,0.088131666
Slovenia,SVN,2005,0.087979145
Slovenia,SVN,2006,0.08869542
Slovenia,SVN,2007,0.08671428
Slovenia,SVN,2008,0.09073792
Slovenia,SVN,2009,0.09033328
Slovenia,SVN,2010,0.09010619
Slovenia,SVN,2011,0.08980229
Slovenia,SVN,2012,0.08929791
Slovenia,SVN,2013,0.08978846
Slovenia,SVN,2014,0.08925402
Slovenia,SVN,2015,0.089283854
Slovenia,SVN,2016,0.08922821
Slovenia,SVN,2017,0.089044265
Slovenia,SVN,2018,0.087651536
Slovenia,SVN,2019,0.085870184
Slovenia,SVN,2020,0.085187584
Slovenia,SVN,2021,0.084916174
Slovenia,SVN,2022,0.08477441
Slovenia,SVN,2023,0.08436373
Solomon Islands,SLB,1961,0.06997313
Solomon Islands,SLB,1962,0.06839898
Solomon Islands,SLB,1963,0.066849835
Solomon Islands,SLB,1964,0.06532319
Solomon Islands,SLB,1965,0.06382191
Solomon Islands,SLB,1966,0.06234686
Solomon Islands,SLB,1967,0.060884655
Solomon Islands,SLB,1968,0.05942406
Solomon Islands,SLB,1969,0.05797908
Solomon Islands,SLB,1970,0.056631874
Solomon Islands,SLB,1971,0.055359643
Solomon Islands,SLB,1972,0.054055806
Solomon Islands,SLB,1973,0.052694257
Solomon Islands,SLB,1974,0.05127127
Solomon Islands,SLB,1975,0.04981469
Solomon Islands,SLB,1976,0.048263945
Solomon Islands,SLB,1977,0.051301662
Solomon Islands,SLB,1978,0.054046992
Solomon Islands,SLB,1979,0.052184578
Solomon Islands,SLB,1980,0.050391585
Solomon Islands,SLB,1981,0.048670683
Solomon Islands,SLB,1982,0.05094044
Solomon Islands,SLB,1983,0.049229745
Solomon Islands,SLB,1984,0.047590632
Solomon Islands,SLB,1985,0.04602503
Solomon Islands,SLB,1986,0.044544652
Solomon Islands,SLB,1987,0.03317696
Solomon Islands,SLB,1988,0.032126967
Solomon Islands,SLB,1989,0.034237836
Solomon Islands,SLB,1990,0.03318901
Solomon Islands,SLB,1991,0.0321884
Solomon Islands,SLB,1992,0.031231811
Solomon Islands,SLB,1993,0.030316476
Solomon Islands,SLB,1994,0.029437345
Solomon Islands,SLB,1995,0.031190462
Solomon Islands,SLB,1996,0.030302342
Solomon Islands,SLB,1997,0.029449731
Solomon Islands,SLB,1998,0.031020997
Solomon Islands,SLB,1999,0.032520324
Solomon Islands,SLB,2000,0.031784303
Solomon Islands,SLB,2001,0.033398274
Solomon Islands,SLB,2002,0.032774635
Solomon Islands,SLB,2003,0.03432342
Solomon Islands,SLB,2004,0.035818808
Solomon Islands,SLB,2005,0.03726091
Solomon Islands,SLB,2006,0.03458138
Solomon Islands,SLB,2007,0.03598877
Solomon Islands,SLB,2008,0.037343502
Solomon Islands,SLB,2009,0.036669556
Solomon Islands,SLB,2010,0.037525706
Solomon Islands,SLB,2011,0.03616996
Solomon Islands,SLB,2012,0.038353853
Solomon Islands,SLB,2013,0.036978208
Solomon Islands,SLB,2014,0.037282705
Solomon Islands,SLB,2015,0.03597038
Solomon Islands,SLB,2016,0.034723323
Solomon Islands,SLB,2017,0.033543736
Solomon Islands,SLB,2018,0.032435436
Solomon Islands,SLB,2019,0.031587027
Solomon Islands,SLB,2020,0.0308933
Solomon Islands,SLB,2021,0.030160336
Solomon Islands,SLB,2022,0.029446935
Solomon Islands,SLB,2023,0.02874982
Somalia,SOM,1961,0.30182374
Somalia,SOM,1962,0.2957007
Somalia,SOM,1963,0.289677
Somalia,SOM,1964,0.28376383
Somalia,SOM,1965,0.27792403
Somalia,SOM,1966,0.27220538
Somalia,SOM,1967,0.2666059
Somalia,SOM,1968,0.26109588
Somalia,SOM,1969,0.25569794
Somalia,SOM,1970,0.25037128
Somalia,SOM,1971,0.24519952
Somalia,SOM,1972,0.2401359
Somalia,SOM,1973,0.23507066
Somalia,SOM,1974,0.23001839
Somalia,SOM,1975,0.22548258
Somalia,SOM,1976,0.22103563
Somalia,SOM,1977,0.21609929
Somalia,SOM,1978,0.20228906
Somalia,SOM,1979,0.17966214
Somalia,SOM,1980,0.1657639
Somalia,SOM,1981,0.16530585
Somalia,SOM,1982,0.1655607
Somalia,SOM,1983,0.16116984
Somalia,SOM,1984,0.15618221
Somalia,SOM,1985,0.15074801
Somalia,SOM,1986,0.14538077
Somalia,SOM,1987,0.14083529
Somalia,SOM,1988,0.14111254
Somalia,SOM,1989,0.14350334
Somalia,SOM,1990,0.144293
Somalia,SOM,1991,0.1499906
Somalia,SOM,1992,0.15750317
Somalia,SOM,1993,0.15326132
Somalia,SOM,1994,0.14658172
Somalia,SOM,1995,0.14207262
Somalia,SOM,1996,0.1375344
Somalia,SOM,1997,0.13329883
Somalia,SOM,1998,0.12789045
Somalia,SOM,1999,0.12282062
Somalia,SOM,2000,0.11800361
Somalia,SOM,2001,0.11360557
Somalia,SOM,2002,0.111412875
Somalia,SOM,2003,0.10929285
Somalia,SOM,2004,0.10991151
Somalia,SOM,2005,0.10334239
Somalia,SOM,2006,0.09566761
Somalia,SOM,2007,0.08831908
Somalia,SOM,2008,0.09431468
Somalia,SOM,2009,0.09196401
Somalia,SOM,2010,0.089709826
Somalia,SOM,2011,0.08097933
Somalia,SOM,2012,0.080249354
Somalia,SOM,2013,0.085472785
Somalia,SOM,2014,0.082461916
Somalia,SOM,2015,0.079669945
Somalia,SOM,2016,0.07666178
Somalia,SOM,2017,0.0737432
Somalia,SOM,2018,0.071185954
Somalia,SOM,2019,0.06861718
Somalia,SOM,2020,0.06606134
Somalia,SOM,2021,0.06368899
Somalia,SOM,2022,0.061791167
Somalia,SOM,2023,0.059917375
South Africa,ZAF,1961,0.70972174
South Africa,ZAF,1962,0.6917923
South Africa,ZAF,1963,0.6739234
South Africa,ZAF,1964,0.6563537
South Africa,ZAF,1965,0.6390988
South Africa,ZAF,1966,0.6200582
South Africa,ZAF,1967,0.60145515
South Africa,ZAF,1968,0.58342475
South Africa,ZAF,1969,0.56609684
South Africa,ZAF,1970,0.5495964
South Africa,ZAF,1971,0.5341262
South Africa,ZAF,1972,0.51941055
South Africa,ZAF,1973,0.5051398
South Africa,ZAF,1974,0.49145412
South Africa,ZAF,1975,0.47837877
South Africa,ZAF,1976,0.46595153
South Africa,ZAF,1977,0.45385236
South Africa,ZAF,1978,0.44195256
South Africa,ZAF,1979,0.43046483
South Africa,ZAF,1980,0.4178685
South Africa,ZAF,1981,0.4041774
South Africa,ZAF,1982,0.39079133
South Africa,ZAF,1983,0.37737516
South Africa,ZAF,1984,0.36453182
South Africa,ZAF,1985,0.35257596
South Africa,ZAF,1986,0.34825376
South Africa,ZAF,1987,0.33622503
South Africa,ZAF,1988,0.3274373
South Africa,ZAF,1989,0.32047582
South Africa,ZAF,1990,0.3141392
South Africa,ZAF,1991,0.3094423
South Africa,ZAF,1992,0.31012988
South Africa,ZAF,1993,0.31008965
South Africa,ZAF,1994,0.30565307
South Africa,ZAF,1995,0.30308777
South Africa,ZAF,1996,0.30250636
South Africa,ZAF,1997,0.29999888
South Africa,ZAF,1998,0.2963836
South Africa,ZAF,1999,0.2944554
South Africa,ZAF,2000,0.29287708
South Africa,ZAF,2001,0.28770065
South Africa,ZAF,2002,0.28530127
South Africa,ZAF,2003,0.28041035
South Africa,ZAF,2004,0.2714761
South Africa,ZAF,2005,0.2662152
South Africa,ZAF,2006,0.25200868
South Africa,ZAF,2007,0.24936381
South Africa,ZAF,2008,0.25041768
South Africa,ZAF,2009,0.24473928
South Africa,ZAF,2010,0.23943505
South Africa,ZAF,2011,0.22705828
South Africa,ZAF,2012,0.22312063
South Africa,ZAF,2013,0.21946353
South Africa,ZAF,2014,0.21584737
South Africa,ZAF,2015,0.2115524
South Africa,ZAF,2016,0.20957202
South Africa,ZAF,2017,0.20820624
South Africa,ZAF,2018,0.20473273
South Africa,ZAF,2019,0.20138322
South Africa,ZAF,2020,0.1981428
South Africa,ZAF,2021,0.19511369
South Africa,ZAF,2022,0.19237426
South Africa,ZAF,2023,0.18983622
South Asia (WB),WB_SA,1961,0.3207313
South Asia (WB),WB_SA,1962,0.31469202
South Asia (WB),WB_SA,1963,0.30906707
South Asia (WB),WB_SA,1964,0.3022554
South Asia (WB),WB_SA,1965,0.29640958
South Asia (WB),WB_SA,1966,0.29055947
South Asia (WB),WB_SA,1967,0.2862189
South Asia (WB),WB_SA,1968,0.28034118
South Asia (WB),WB_SA,1969,0.27407846
South Asia (WB),WB_SA,1970,0.26914212
South Asia (WB),WB_SA,1971,0.26216158
South Asia (WB),WB_SA,1972,0.2577997
South Asia (WB),WB_SA,1973,0.25333452
South Asia (WB),WB_SA,1974,0.2481466
South Asia (WB),WB_SA,1975,0.24290408
South Asia (WB),WB_SA,1976,0.23760407
South Asia (WB),WB_SA,1977,0.23212354
South Asia (WB),WB_SA,1978,0.2284155
South Asia (WB),WB_SA,1979,0.22330129
South Asia (WB),WB_SA,1980,0.2173075
South Asia (WB),WB_SA,1981,0.21234752
South Asia (WB),WB_SA,1982,0.20776404
South Asia (WB),WB_SA,1983,0.20236357
South Asia (WB),WB_SA,1984,0.19881465
South Asia (WB),WB_SA,1985,0.19413184
South Asia (WB),WB_SA,1986,0.18960893
South Asia (WB),WB_SA,1987,0.18525991
South Asia (WB),WB_SA,1988,0.18116805
South Asia (WB),WB_SA,1989,0.1778619
South Asia (WB),WB_SA,1990,0.17394969
South Asia (WB),WB_SA,1991,0.16996214
South Asia (WB),WB_SA,1992,0.1652418
South Asia (WB),WB_SA,1993,0.16162685
South Asia (WB),WB_SA,1994,0.1582628
South Asia (WB),WB_SA,1995,0.15459394
South Asia (WB),WB_SA,1996,0.15074843
South Asia (WB),WB_SA,1997,0.14835398
South Asia (WB),WB_SA,1998,0.14541332
South Asia (WB),WB_SA,1999,0.142311
South Asia (WB),WB_SA,2000,0.13958408
South Asia (WB),WB_SA,2001,0.13652489
South Asia (WB),WB_SA,2002,0.1341817
South Asia (WB),WB_SA,2003,0.13144654
South Asia (WB),WB_SA,2004,0.1291036
South Asia (WB),WB_SA,2005,0.12703744
South Asia (WB),WB_SA,2006,0.12449376
South Asia (WB),WB_SA,2007,0.122151025
South Asia (WB),WB_SA,2008,0.12056566
South Asia (WB),WB_SA,2009,0.11885754
South Asia (WB),WB_SA,2010,0.11659055
South Asia (WB),WB_SA,2011,0.11500406
South Asia (WB),WB_SA,2012,0.11319795
South Asia (WB),WB_SA,2013,0.11165065
South Asia (WB),WB_SA,2014,0.11029516
South Asia (WB),WB_SA,2015,0.109024845
South Asia (WB),WB_SA,2016,0.10772516
South Asia (WB),WB_SA,2017,0.1062421
South Asia (WB),WB_SA,2018,0.10486899
South Asia (WB),WB_SA,2019,0.10377215
South Asia (WB),WB_SA,2020,0.10218726
South Asia (WB),WB_SA,2021,0.10114318
South Asia (WB),WB_SA,2022,0.10025635
South Asia (WB),WB_SA,2023,0.099260695
South Korea,KOR,1961,0.07890343
South Korea,KOR,1962,0.07535917
South Korea,KOR,1963,0.07372969
South Korea,KOR,1964,0.07472085
South Korea,KOR,1965,0.075353585
South Korea,KOR,1966,0.07429786
South Korea,KOR,1967,0.07288179
South Korea,KOR,1968,0.070496745
South Korea,KOR,1969,0.06834839
South Korea,KOR,1970,0.06677868
South Korea,KOR,1971,0.064897336
South Korea,KOR,1972,0.06279584
South Korea,KOR,1973,0.061431278
South Korea,KOR,1974,0.059811603
South Korea,KOR,1975,0.058417168
South Korea,KOR,1976,0.057464015
South Korea,KOR,1977,0.05676732
South Korea,KOR,1978,0.056236025
South Korea,KOR,1979,0.05512301
South Korea,KOR,1980,0.054034524
South Korea,KOR,1981,0.0529656
South Korea,KOR,1982,0.05210247
South Korea,KOR,1983,0.050914045
South Korea,KOR,1984,0.049918383
South Korea,KOR,1985,0.049233265
South Korea,KOR,1986,0.04862464
South Korea,KOR,1987,0.04822005
South Korea,KOR,1988,0.04751227
South Korea,KOR,1989,0.046597052
South Korea,KOR,1990,0.045557097
South Korea,KOR,1991,0.04450788
South Korea,KOR,1992,0.04338488
South Korea,KOR,1993,0.04242597
South Korea,KOR,1994,0.04132922
South Korea,KOR,1995,0.039540514
South Korea,KOR,1996,0.038330857
South Korea,KOR,1997,0.0374726
South Korea,KOR,1998,0.036900606
South Korea,KOR,1999,0.036446184
South Korea,KOR,2000,0.036546886
South Korea,KOR,2001,0.035655353
South Korea,KOR,2002,0.035135046
South Korea,KOR,2003,0.034640204
South Korea,KOR,2004,0.0343784
South Korea,KOR,2005,0.03409806
South Korea,KOR,2006,0.03342397
South Korea,KOR,2007,0.03280363
South Korea,KOR,2008,0.031903155
South Korea,KOR,2009,0.031151235
South Korea,KOR,2010,0.0304112
South Korea,KOR,2011,0.02979776
South Korea,KOR,2012,0.030322798
South Korea,KOR,2013,0.029661568
South Korea,KOR,2014,0.029085658
South Korea,KOR,2015,0.028707273
South Korea,KOR,2016,0.02774426
South Korea,KOR,2017,0.027193302
South Korea,KOR,2018,0.02663562
South Korea,KOR,2019,0.026349941
South Korea,KOR,2020,0.02608214
South Korea,KOR,2021,0.025941895
South Korea,KOR,2022,0.025545469
South Korea,KOR,2023,0.028155604
South Sudan,SSD,2012,0.24717861
South Sudan,SSD,2013,0.23431493
South Sudan,SSD,2014,0.22920524
South Sudan,SSD,2015,0.2284795
South Sudan,SSD,2016,0.23107469
South Sudan,SSD,2017,0.24049498
South Sudan,SSD,2018,0.23675841
South Sudan,SSD,2019,0.22974305
South Sudan,SSD,2020,0.22383581
South Sudan,SSD,2021,0.22038914
South Sudan,SSD,2022,0.2172817
South Sudan,SSD,2023,0.21676846
Spain,ESP,1961,0.52851
Spain,ESP,1962,0.5252815
Spain,ESP,1963,0.51778704
Spain,ESP,1964,0.50361925
Spain,ESP,1965,0.4996512
Spain,ESP,1966,0.48040476
Spain,ESP,1967,0.4815967
Spain,ESP,1968,0.4738905
Spain,ESP,1969,0.4809059
Spain,ESP,1970,0.46400172
Spain,ESP,1971,0.47740668
Spain,ESP,1972,0.47069064
Spain,ESP,1973,0.45883062
Spain,ESP,1974,0.45
Spain,ESP,1975,0.4424477
Spain,ESP,1976,0.43325812
Spain,ESP,1977,0.42808267
Spain,ESP,1978,0.42425182
Spain,ESP,1979,0.41886106
Spain,ESP,1980,0.41497776
Spain,ESP,1981,0.41232955
Spain,ESP,1982,0.4097561
Spain,ESP,1983,0.40847203
Spain,ESP,1984,0.40831858
Spain,ESP,1985,0.40458012
Spain,ESP,1986,0.40339902
Spain,ESP,1987,0.4028454
Spain,ESP,1988,0.40181145
Spain,ESP,1989,0.39950794
Spain,ESP,1990,0.39454737
Spain,ESP,1991,0.39156836
Spain,ESP,1992,0.38819966
Spain,ESP,1993,0.38062805
Spain,ESP,1994,0.37437
Spain,ESP,1995,0.35356414
Spain,ESP,1996,0.36224753
Spain,ESP,1997,0.35661337
Spain,ESP,1998,0.34019905
Spain,ESP,1999,0.33335087
Spain,ESP,2000,0.3303107
Spain,ESP,2001,0.31980094
Spain,ESP,2002,0.3115741
Spain,ESP,2003,0.30855006
Spain,ESP,2004,0.30345818
Spain,ESP,2005,0.2958091
Spain,ESP,2006,0.2865038
Spain,ESP,2007,0.2782863
Spain,ESP,2008,0.27174938
Spain,ESP,2009,0.26954716
Spain,ESP,2010,0.26897454
Spain,ESP,2011,0.2659025
Spain,ESP,2012,0.26874447
Spain,ESP,2013,0.2613713
Spain,ESP,2014,0.26426616
Spain,ESP,2015,0.26448968
Spain,ESP,2016,0.26555476
Spain,ESP,2017,0.2631188
Spain,ESP,2018,0.25403464
Spain,ESP,2019,0.25069377
Spain,ESP,2020,0.24576731
Spain,ESP,2021,0.24344695
Spain,ESP,2022,0.24464348
Spain,ESP,2023,0.23776947
Sri Lanka,LKA,1961,0.060104825
Sri Lanka,LKA,1962,0.056882296
Sri Lanka,LKA,1963,0.07619018
Sri Lanka,LKA,1964,0.07415475
Sri Lanka,LKA,1965,0.072639234
Sri Lanka,LKA,1966,0.070815906
Sri Lanka,LKA,1967,0.06912606
Sri Lanka,LKA,1968,0.0679954
Sri Lanka,LKA,1969,0.06692272
Sri Lanka,LKA,1970,0.065922745
Sri Lanka,LKA,1971,0.065010026
Sri Lanka,LKA,1972,0.0641726
Sri Lanka,LKA,1973,0.06339525
Sri Lanka,LKA,1974,0.06267994
Sri Lanka,LKA,1975,0.06566544
Sri Lanka,LKA,1976,0.067051925
Sri Lanka,LKA,1977,0.06856535
Sri Lanka,LKA,1978,0.06985961
Sri Lanka,LKA,1979,0.061147023
Sri Lanka,LKA,1980,0.057395037
Sri Lanka,LKA,1981,0.058300275
Sri Lanka,LKA,1982,0.055839874
Sri Lanka,LKA,1983,0.056521647
Sri Lanka,LKA,1984,0.056923196
Sri Lanka,LKA,1985,0.055442065
Sri Lanka,LKA,1986,0.055049643
Sri Lanka,LKA,1987,0.055062093
Sri Lanka,LKA,1988,0.054656427
Sri Lanka,LKA,1989,0.054214045
Sri Lanka,LKA,1990,0.054383263
Sri Lanka,LKA,1991,0.054123268
Sri Lanka,LKA,1992,0.053323667
Sri Lanka,LKA,1993,0.051403984
Sri Lanka,LKA,1994,0.051274117
Sri Lanka,LKA,1995,0.050529297
Sri Lanka,LKA,1996,0.049204085
Sri Lanka,LKA,1997,0.048196536
Sri Lanka,LKA,1998,0.047332752
Sri Lanka,LKA,1999,0.046751786
Sri Lanka,LKA,2000,0.046669647
Sri Lanka,LKA,2001,0.045953233
Sri Lanka,LKA,2002,0.04647135
Sri Lanka,LKA,2003,0.047615416
Sri Lanka,LKA,2004,0.04480375
Sri Lanka,LKA,2005,0.05441094
Sri Lanka,LKA,2006,0.051590938
Sri Lanka,LKA,2007,0.048798233
Sri Lanka,LKA,2008,0.05816947
Sri Lanka,LKA,2009,0.057813395
Sri Lanka,LKA,2010,0.05747377
Sri Lanka,LKA,2011,0.0618781
Sri Lanka,LKA,2012,0.061409224
Sri Lanka,LKA,2013,0.06315278
Sri Lanka,LKA,2014,0.062566176
Sri Lanka,LKA,2015,0.061993323
Sri Lanka,LKA,2016,0.06176623
Sri Lanka,LKA,2017,0.061539177
Sri Lanka,LKA,2018,0.06329488
Sri Lanka,LKA,2019,0.062907524
Sri Lanka,LKA,2020,0.06259409
Sri Lanka,LKA,2021,0.061924536
Sri Lanka,LKA,2022,0.06185474
Sri Lanka,LKA,2023,0.06225893
Sub-Saharan Africa (WB),WB_SSA,1961,0.54878527
Sub-Saharan Africa (WB),WB_SSA,1962,0.5377536
Sub-Saharan Africa (WB),WB_SSA,1963,0.5330046
Sub-Saharan Africa (WB),WB_SSA,1964,0.52406996
Sub-Saharan Africa (WB),WB_SSA,1965,0.5141708
Sub-Saharan Africa (WB),WB_SSA,1966,0.5031552
Sub-Saharan Africa (WB),WB_SSA,1967,0.49290404
Sub-Saharan Africa (WB),WB_SSA,1968,0.4864906
Sub-Saharan Africa (WB),WB_SSA,1969,0.47651473
Sub-Saharan Africa (WB),WB_SSA,1970,0.4653378
Sub-Saharan Africa (WB),WB_SSA,1971,0.4562257
Sub-Saharan Africa (WB),WB_SSA,1972,0.44617364
Sub-Saharan Africa (WB),WB_SSA,1973,0.4349967
Sub-Saharan Africa (WB),WB_SSA,1974,0.42174056
Sub-Saharan Africa (WB),WB_SSA,1975,0.41392362
Sub-Saharan Africa (WB),WB_SSA,1976,0.40481237
Sub-Saharan Africa (WB),WB_SSA,1977,0.39433107
Sub-Saharan Africa (WB),WB_SSA,1978,0.38750538
Sub-Saharan Africa (WB),WB_SSA,1979,0.3766316
Sub-Saharan Africa (WB),WB_SSA,1980,0.36658445
Sub-Saharan Africa (WB),WB_SSA,1981,0.35639554
Sub-Saharan Africa (WB),WB_SSA,1982,0.34866723
Sub-Saharan Africa (WB),WB_SSA,1983,0.34116572
Sub-Saharan Africa (WB),WB_SSA,1984,0.33415186
Sub-Saharan Africa (WB),WB_SSA,1985,0.33133104
Sub-Saharan Africa (WB),WB_SSA,1986,0.3244077
Sub-Saharan Africa (WB),WB_SSA,1987,0.315708
Sub-Saharan Africa (WB),WB_SSA,1988,0.30955648
Sub-Saharan Africa (WB),WB_SSA,1989,0.304211
Sub-Saharan Africa (WB),WB_SSA,1990,0.30033422
Sub-Saharan Africa (WB),WB_SSA,1991,0.29807827
Sub-Saharan Africa (WB),WB_SSA,1992,0.29583022
Sub-Saharan Africa (WB),WB_SSA,1993,0.28129214
Sub-Saharan Africa (WB),WB_SSA,1994,0.27730298
Sub-Saharan Africa (WB),WB_SSA,1995,0.276667
Sub-Saharan Africa (WB),WB_SSA,1996,0.27253932
Sub-Saharan Africa (WB),WB_SSA,1997,0.26696646
Sub-Saharan Africa (WB),WB_SSA,1998,0.26137304
Sub-Saharan Africa (WB),WB_SSA,1999,0.25879532
Sub-Saharan Africa (WB),WB_SSA,2000,0.2531302
Sub-Saharan Africa (WB),WB_SSA,2001,0.24816817
Sub-Saharan Africa (WB),WB_SSA,2002,0.24398568
Sub-Saharan Africa (WB),WB_SSA,2003,0.24274886
Sub-Saharan Africa (WB),WB_SSA,2004,0.23865983
Sub-Saharan Africa (WB),WB_SSA,2005,0.2358921
Sub-Saharan Africa (WB),WB_SSA,2006,0.23132482
Sub-Saharan Africa (WB),WB_SSA,2007,0.22828521
Sub-Saharan Africa (WB),WB_SSA,2008,0.22588414
Sub-Saharan Africa (WB),WB_SSA,2009,0.22542453
Sub-Saharan Africa (WB),WB_SSA,2010,0.22267133
Sub-Saharan Africa (WB),WB_SSA,2011,0.22102243
Sub-Saharan Africa (WB),WB_SSA,2012,0.23189251
Sub-Saharan Africa (WB),WB_SSA,2013,0.22899258
Sub-Saharan Africa (WB),WB_SSA,2014,0.22496518
Sub-Saharan Africa (WB),WB_SSA,2015,0.22088245
Sub-Saharan Africa (WB),WB_SSA,2016,0.21759838
Sub-Saharan Africa (WB),WB_SSA,2017,0.21401234
Sub-Saharan Africa (WB),WB_SSA,2018,0.21084477
Sub-Saharan Africa (WB),WB_SSA,2019,0.20646441
Sub-Saharan Africa (WB),WB_SSA,2020,0.20182908
Sub-Saharan Africa (WB),WB_SSA,2021,0.19779642
Sub-Saharan Africa (WB),WB_SSA,2022,0.19411878
Sub-Saharan Africa (WB),WB_SSA,2023,0.19040783
Sudan,SDN,2012,0.53778577
Sudan,SDN,2013,0.5250632
Sudan,SDN,2014,0.5105993
Sudan,SDN,2015,0.5016956
Sudan,SDN,2016,0.49406335
Sudan,SDN,2017,0.48437917
Sudan,SDN,2018,0.47467142
Sudan,SDN,2019,0.46094054
Sudan,SDN,2020,0.44871438
Sudan,SDN,2021,0.43678683
Sudan,SDN,2022,0.42514333
Sudan,SDN,2023,0.41954094
Suriname,SUR,1961,0.102642685
Suriname,SUR,1962,0.10214432
Suriname,SUR,1963,0.097631924
Suriname,SUR,1964,0.103546135
Suriname,SUR,1965,0.1
Suriname,SUR,1966,0.09361741
Suriname,SUR,1967,0.087545484
Suriname,SUR,1968,0.08459855
Suriname,SUR,1969,0.08176481
Suriname,SUR,1970,0.07906347
Suriname,SUR,1971,0.08419828
Suriname,SUR,1972,0.08303704
Suriname,SUR,1973,0.088434756
Suriname,SUR,1974,0.088905595
Suriname,SUR,1975,0.08947516
Suriname,SUR,1976,0.09013905
Suriname,SUR,1977,0.09349022
Suriname,SUR,1978,0.09436385
Suriname,SUR,1979,0.09798677
Suriname,SUR,1980,0.10655954
Suriname,SUR,1981,0.11452649
Suriname,SUR,1982,0.12216011
Suriname,SUR,1983,0.12673402
Suriname,SUR,1984,0.13082395
Suriname,SUR,1985,0.13437665
Suriname,SUR,1986,0.13763924
Suriname,SUR,1987,0.14360902
Suriname,SUR,1988,0.14171103
Suriname,SUR,1989,0.13956597
Suriname,SUR,1990,0.13818416
Suriname,SUR,1991,0.13734509
Suriname,SUR,1992,0.13649786
Suriname,SUR,1993,0.135924
Suriname,SUR,1994,0.13495117
Suriname,SUR,1995,0.13267972
Suriname,SUR,1996,0.12989084
Suriname,SUR,1997,0.12721312
Suriname,SUR,1998,0.124615766
Suriname,SUR,1999,0.12207764
Suriname,SUR,2000,0.119586356
Suriname,SUR,2001,0.117148966
Suriname,SUR,2002,0.09062513
Suriname,SUR,2003,0.10860679
Suriname,SUR,2004,0.10312829
Suriname,SUR,2005,0.09435543
Suriname,SUR,2006,0.09333387
Suriname,SUR,2007,0.08662639
Suriname,SUR,2008,0.08748336
Suriname,SUR,2009,0.10670238
Suriname,SUR,2010,0.100014
Suriname,SUR,2011,0.1042661
Suriname,SUR,2012,0.09242259
Suriname,SUR,2013,0.105444446
Suriname,SUR,2014,0.112970196
Suriname,SUR,2015,0.111755475
Suriname,SUR,2016,0.11058992
Suriname,SUR,2017,0.10442756
Suriname,SUR,2018,0.10341728
Suriname,SUR,2019,0.102349415
Suriname,SUR,2020,0.097988464
Suriname,SUR,2021,0.09386693
Suriname,SUR,2022,0.0802357
Suriname,SUR,2023,0.08422035
Sweden,SWE,1961,0.47194162
Sweden,SWE,1962,0.46074978
Sweden,SWE,1963,0.43304285
Sweden,SWE,1964,0.4248596
Sweden,SWE,1965,0.40872252
Sweden,SWE,1966,0.3981917
Sweden,SWE,1967,0.39349607
Sweden,SWE,1968,0.3825702
Sweden,SWE,1969,0.38290316
Sweden,SWE,1970,0.37909678
Sweden,SWE,1971,0.37625024
Sweden,SWE,1972,0.37267768
Sweden,SWE,1973,0.3704381
Sweden,SWE,1974,0.36948735
Sweden,SWE,1975,0.36643553
Sweden,SWE,1976,0.3647404
Sweden,SWE,1977,0.3623566
Sweden,SWE,1978,0.36202818
Sweden,SWE,1979,0.3594304
Sweden,SWE,1980,0.35797954
Sweden,SWE,1981,0.355267
Sweden,SWE,1982,0.3538627
Sweden,SWE,1983,0.35262197
Sweden,SWE,1984,0.35134205
Sweden,SWE,1985,0.34944493
Sweden,SWE,1986,0.34696048
Sweden,SWE,1987,0.34366128
Sweden,SWE,1988,0.33995184
Sweden,SWE,1989,0.33545414
Sweden,SWE,1990,0.3319377
Sweden,SWE,1991,0.32341635
Sweden,SWE,1992,0.31898692
Sweden,SWE,1993,0.31851587
Sweden,SWE,1994,0.3162602
Sweden,SWE,1995,0.31313235
Sweden,SWE,1996,0.31772432
Sweden,SWE,1997,0.31607285
Sweden,SWE,1998,0.3142027
Sweden,SWE,1999,0.30978087
Sweden,SWE,2000,0.29297432
Sweden,SWE,2001,0.30112547
Sweden,SWE,2002,0.29742438
Sweden,SWE,2003,0.2948797
Sweden,SWE,2004,0.29417813
Sweden,SWE,2005,0.29758886
Sweden,SWE,2006,0.2913384
Sweden,SWE,2007,0.28764468
Sweden,SWE,2008,0.2836012
Sweden,SWE,2009,0.28259352
Sweden,SWE,2010,0.27922422
Sweden,SWE,2011,0.27558908
Sweden,SWE,2012,0.2724759
Sweden,SWE,2013,0.26963726
Sweden,SWE,2014,0.26616138
Sweden,SWE,2015,0.2627963
Sweden,SWE,2016,0.25854662
Sweden,SWE,2017,0.25404522
Sweden,SWE,2018,0.24982177
Sweden,SWE,2019,0.24710846
Sweden,SWE,2020,0.24523245
Sweden,SWE,2021,0.24338
Sweden,SWE,2022,0.24106172
Sweden,SWE,2023,0.23973505
Switzerland,CHE,1961,0.072888955
Switzerland,CHE,1962,0.07135149
Switzerland,CHE,1963,0.06812139
Switzerland,CHE,1964,0.06629554
Switzerland,CHE,1965,0.064492755
Switzerland,CHE,1966,0.06269008
Switzerland,CHE,1967,0.060649708
Switzerland,CHE,1968,0.059280973
Switzerland,CHE,1969,0.05866644
Switzerland,CHE,1970,0.057580825
Switzerland,CHE,1971,0.05744038
Switzerland,CHE,1972,0.057978366
Switzerland,CHE,1973,0.057520222
Switzerland,CHE,1974,0.0576213
Switzerland,CHE,1975,0.05819868
Switzerland,CHE,1976,0.05862749
Switzerland,CHE,1977,0.058890264
Switzerland,CHE,1978,0.05974461
Switzerland,CHE,1979,0.05988488
Switzerland,CHE,1980,0.060233016
Switzerland,CHE,1981,0.060534768
Switzerland,CHE,1982,0.060855404
Switzerland,CHE,1983,0.061460998
Switzerland,CHE,1984,0.062459987
Switzerland,CHE,1985,0.062506646
Switzerland,CHE,1986,0.062128734
Switzerland,CHE,1987,0.0609166
Switzerland,CHE,1988,0.06100694
Switzerland,CHE,1989,0.061473373
Switzerland,CHE,1990,0.060023654
Switzerland,CHE,1991,0.059933707
Switzerland,CHE,1992,0.059064057
Switzerland,CHE,1993,0.05907249
Switzerland,CHE,1994,0.05993783
Switzerland,CHE,1995,0.05995865
Switzerland,CHE,1996,0.059432354
Switzerland,CHE,1997,0.058522202
Switzerland,CHE,1998,0.058051903
Switzerland,CHE,1999,0.057374317
Switzerland,CHE,2000,0.056796256
Switzerland,CHE,2001,0.056538526
Switzerland,CHE,2002,0.05595178
Switzerland,CHE,2003,0.055357262
Switzerland,CHE,2004,0.05491162
Switzerland,CHE,2005,0.05451204
Switzerland,CHE,2006,0.054270763
Switzerland,CHE,2007,0.05375092
Switzerland,CHE,2008,0.053021226
Switzerland,CHE,2009,0.052327316
Switzerland,CHE,2010,0.051597968
Switzerland,CHE,2011,0.05093921
Switzerland,CHE,2012,0.050396986
Switzerland,CHE,2013,0.04980646
Switzerland,CHE,2014,0.048779927
Switzerland,CHE,2015,0.048101876
Switzerland,CHE,2016,0.047614858
Switzerland,CHE,2017,0.047112107
Switzerland,CHE,2018,0.046761043
Switzerland,CHE,2019,0.046505116
Switzerland,CHE,2020,0.04628777
Switzerland,CHE,2021,0.04543196
Switzerland,CHE,2022,0.045185693
Switzerland,CHE,2023,0.044597685
Syria,SYR,1961,1.2763044
Syria,SYR,1962,1.2501663
Syria,SYR,1963,1.232764
Syria,SYR,1964,1.2165295
Syria,SYR,1965,1.166824
Syria,SYR,1966,1.0470585
Syria,SYR,1967,1.0148185
Syria,SYR,1968,0.93280494
Syria,SYR,1969,0.9109067
Syria,SYR,1970,0.8856521
Syria,SYR,1971,0.8558532
Syria,SYR,1972,0.836651
Syria,SYR,1973,0.7860832
Syria,SYR,1974,0.77812594
Syria,SYR,1975,0.67841583
Syria,SYR,1976,0.67286485
Syria,SYR,1977,0.62826765
Syria,SYR,1978,0.6149705
Syria,SYR,1979,0.603793
Syria,SYR,1980,0.58385766
Syria,SYR,1981,0.5696428
Syria,SYR,1982,0.55241513
Syria,SYR,1983,0.5130841
Syria,SYR,1984,0.49754357
Syria,SYR,1985,0.4741347
Syria,SYR,1986,0.45560947
Syria,SYR,1987,0.43726698
Syria,SYR,1988,0.40841046
Syria,SYR,1989,0.39395487
Syria,SYR,1990,0.38833922
Syria,SYR,1991,0.37008446
Syria,SYR,1992,0.35605505
Syria,SYR,1993,0.34583274
Syria,SYR,1994,0.33866853
Syria,SYR,1995,0.3283208
Syria,SYR,1996,0.31555247
Syria,SYR,1997,0.3094527
Syria,SYR,1998,0.2976534
Syria,SYR,1999,0.2896834
Syria,SYR,2000,0.2729914
Syria,SYR,2001,0.27182618
Syria,SYR,2002,0.26293296
Syria,SYR,2003,0.2585345
Syria,SYR,2004,0.2594226
Syria,SYR,2005,0.24848397
Syria,SYR,2006,0.2378161
Syria,SYR,2007,0.22677512
Syria,SYR,2008,0.21717866
Syria,SYR,2009,0.21249518
Syria,SYR,2010,0.208474
Syria,SYR,2011,0.20377567
Syria,SYR,2012,0.20496699
Syria,SYR,2013,0.21516675
Syria,SYR,2014,0.22990423
Syria,SYR,2015,0.24015917
Syria,SYR,2016,0.24302596
Syria,SYR,2017,0.24283645
Syria,SYR,2018,0.2381428
Syria,SYR,2019,0.22886212
Syria,SYR,2020,0.22141299
Syria,SYR,2021,0.20944464
Syria,SYR,2022,0.19584036
Syria,SYR,2023,0.18648316
Tajikistan,TJK,1992,0.15222855
Tajikistan,TJK,1993,0.15179057
Tajikistan,TJK,1994,0.14591353
Tajikistan,TJK,1995,0.14188251
Tajikistan,TJK,1996,0.13368449
Tajikistan,TJK,1997,0.13208836
Tajikistan,TJK,1998,0.12693484
Tajikistan,TJK,1999,0.12628113
Tajikistan,TJK,2000,0.12474671
Tajikistan,TJK,2001,0.122202896
Tajikistan,TJK,2002,0.119571276
Tajikistan,TJK,2003,0.11744255
Tajikistan,TJK,2004,0.114571035
Tajikistan,TJK,2005,0.1093185
Tajikistan,TJK,2006,0.104426935
Tajikistan,TJK,2007,0.103690654
Tajikistan,TJK,2008,0.10097565
Tajikistan,TJK,2009,0.100317344
Tajikistan,TJK,2010,0.09760667
Tajikistan,TJK,2011,0.09498025
Tajikistan,TJK,2012,0.09216275
Tajikistan,TJK,2013,0.09363829
Tajikistan,TJK,2014,0.094973005
Tajikistan,TJK,2015,0.09588331
Tajikistan,TJK,2016,0.09655263
Tajikistan,TJK,2017,0.092219345
Tajikistan,TJK,2018,0.09018695
Tajikistan,TJK,2019,0.08858374
Tajikistan,TJK,2020,0.0860984
Tajikistan,TJK,2021,0.08407823
Tajikistan,TJK,2022,0.08237888
Tajikistan,TJK,2023,0.08127202
Tanzania,TZA,1961,0.51041013
Tanzania,TZA,1962,0.48151386
Tanzania,TZA,1963,0.5648395
Tanzania,TZA,1964,0.53918886
Tanzania,TZA,1965,0.5230706
Tanzania,TZA,1966,0.50729406
Tanzania,TZA,1967,0.49179888
Tanzania,TZA,1968,0.47611204
Tanzania,TZA,1969,0.46023917
Tanzania,TZA,1970,0.51879996
Tanzania,TZA,1971,0.5010217
Tanzania,TZA,1972,0.4834485
Tanzania,TZA,1973,0.4663526
Tanzania,TZA,1974,0.44982433
Tanzania,TZA,1975,0.43374914
Tanzania,TZA,1976,0.41825476
Tanzania,TZA,1977,0.4033901
Tanzania,TZA,1978,0.4450238
Tanzania,TZA,1979,0.4302917
Tanzania,TZA,1980,0.4168888
Tanzania,TZA,1981,0.40435278
Tanzania,TZA,1982,0.39218435
Tanzania,TZA,1983,0.3795089
Tanzania,TZA,1984,0.36732522
Tanzania,TZA,1985,0.3999699
Tanzania,TZA,1986,0.38694766
Tanzania,TZA,1987,0.37452593
Tanzania,TZA,1988,0.36334735
Tanzania,TZA,1989,0.35379085
Tanzania,TZA,1990,0.3446928
Tanzania,TZA,1991,0.33617824
Tanzania,TZA,1992,0.3204943
Tanzania,TZA,1993,0.31412476
Tanzania,TZA,1994,0.30228558
Tanzania,TZA,1995,0.29292217
Tanzania,TZA,1996,0.29083142
Tanzania,TZA,1997,0.28209433
Tanzania,TZA,1998,0.2691202
Tanzania,TZA,1999,0.26125866
Tanzania,TZA,2000,0.25102058
Tanzania,TZA,2001,0.24234125
Tanzania,TZA,2002,0.23808664
Tanzania,TZA,2003,0.2302535
Tanzania,TZA,2004,0.23870845
Tanzania,TZA,2005,0.24639328
Tanzania,TZA,2006,0.25341418
Tanzania,TZA,2007,0.25988334
Tanzania,TZA,2008,0.26604432
Tanzania,TZA,2009,0.26371875
Tanzania,TZA,2010,0.261146
Tanzania,TZA,2011,0.25787666
Tanzania,TZA,2012,0.25438496
Tanzania,TZA,2013,0.25054622
Tanzania,TZA,2014,0.2465487
Tanzania,TZA,2015,0.24212354
Tanzania,TZA,2016,0.23738289
Tanzania,TZA,2017,0.23284146
Tanzania,TZA,2018,0.22876659
Tanzania,TZA,2019,0.22511406
Tanzania,TZA,2020,0.22145121
Tanzania,TZA,2021,0.21490389
Tanzania,TZA,2022,0.20865585
Tanzania,TZA,2023,0.20268665
Thailand,THA,1961,0.37612566
Thailand,THA,1962,0.37217742
Thailand,THA,1963,0.36806902
Thailand,THA,1964,0.36385116
Thailand,THA,1965,0.35955822
Thailand,THA,1966,0.35529435
Thailand,THA,1967,0.35111296
Thailand,THA,1968,0.3470327
Thailand,THA,1969,0.34311417
Thailand,THA,1970,0.3420999
Thailand,THA,1971,0.3365425
Thailand,THA,1972,0.34665537
Thailand,THA,1973,0.35688806
Thailand,THA,1974,0.36603108
Thailand,THA,1975,0.36394718
Thailand,THA,1976,0.36193952
Thailand,THA,1977,0.3681498
Thailand,THA,1978,0.36785513
Thailand,THA,1979,0.36483836
Thailand,THA,1980,0.3617742
Thailand,THA,1981,0.36188278
Thailand,THA,1982,0.36212555
Thailand,THA,1983,0.3571214
Thailand,THA,1984,0.35259163
Thailand,THA,1985,0.35195413
Thailand,THA,1986,0.34800223
Thailand,THA,1987,0.34431702
Thailand,THA,1988,0.33468255
Thailand,THA,1989,0.3264873
Thailand,THA,1990,0.31959325
Thailand,THA,1991,0.31471616
Thailand,THA,1992,0.3049417
Thailand,THA,1993,0.29760557
Thailand,THA,1994,0.29312992
Thailand,THA,1995,0.2886719
Thailand,THA,1996,0.28744963
Thailand,THA,1997,0.28681958
Thailand,THA,1998,0.2858948
Thailand,THA,1999,0.28278124
Thailand,THA,2000,0.28052077
Thailand,THA,2001,0.2786753
Thailand,THA,2002,0.2766763
Thailand,THA,2003,0.274711
Thailand,THA,2004,0.273666
Thailand,THA,2005,0.27189794
Thailand,THA,2006,0.2696954
Thailand,THA,2007,0.26742712
Thailand,THA,2008,0.26379836
Thailand,THA,2009,0.25758547
Thailand,THA,2010,0.26253492
Thailand,THA,2011,0.25940478
Thailand,THA,2012,0.25034672
Thailand,THA,2013,0.24832468
Thailand,THA,2014,0.2425574
Thailand,THA,2015,0.23977332
Thailand,THA,2016,0.2380615
Thailand,THA,2017,0.23557696
Thailand,THA,2018,0.23449028
Thailand,THA,2019,0.232493
Thailand,THA,2020,0.23483042
Thailand,THA,2021,0.2257215
Thailand,THA,2022,0.22099711
Thailand,THA,2023,0.22084606
Togo,TGO,1961,1.057134
Togo,TGO,1962,1.0386858
Togo,TGO,1963,1.0197884
Togo,TGO,1964,1.000328
Togo,TGO,1965,0.9806122
Togo,TGO,1966,0.96077424
Togo,TGO,1967,0.9410466
Togo,TGO,1968,0.9214122
Togo,TGO,1969,0.8808779
Togo,TGO,1970,0.8374126
Togo,TGO,1971,0.81087434
Togo,TGO,1972,0.78813833
Togo,TGO,1973,0.76775104
Togo,TGO,1974,0.74866116
Togo,TGO,1975,0.73058
Togo,TGO,1976,0.71329844
Togo,TGO,1977,0.69659877
Togo,TGO,1978,0.71792907
Togo,TGO,1979,0.7184043
Togo,TGO,1980,0.6985722
Togo,TGO,1981,0.67721504
Togo,TGO,1982,0.65841633
Togo,TGO,1983,0.6429115
Togo,TGO,1984,0.6439683
Togo,TGO,1985,0.6260684
Togo,TGO,1986,0.6067335
Togo,TGO,1987,0.5945349
Togo,TGO,1988,0.58545583
Togo,TGO,1989,0.5683523
Togo,TGO,1990,0.5573474
Togo,TGO,1991,0.54674315
Togo,TGO,1992,0.5365433
Togo,TGO,1993,0.54784316
Togo,TGO,1994,0.5506914
Togo,TGO,1995,0.52792275
Togo,TGO,1996,0.51035434
Togo,TGO,1997,0.497883
Togo,TGO,1998,0.48993385
Togo,TGO,1999,0.48223716
Togo,TGO,2000,0.4745259
Togo,TGO,2001,0.46695203
Togo,TGO,2002,0.45950672
Togo,TGO,2003,0.45206624
Togo,TGO,2004,0.44496453
Togo,TGO,2005,0.43782237
Togo,TGO,2006,0.42911026
Togo,TGO,2007,0.41924396
Togo,TGO,2008,0.40935707
Togo,TGO,2009,0.39961207
Togo,TGO,2010,0.38888437
Togo,TGO,2011,0.37842765
Togo,TGO,2012,0.39827356
Togo,TGO,2013,0.3897719
Togo,TGO,2014,0.38197404
Togo,TGO,2015,0.37474358
Togo,TGO,2016,0.36801037
Togo,TGO,2017,0.36180508
Togo,TGO,2018,0.35531333
Togo,TGO,2019,0.34777245
Togo,TGO,2020,0.3402647
Togo,TGO,2021,0.33391395
Togo,TGO,2022,0.32843304
Togo,TGO,2023,0.3222335
Tonga,TON,1961,0.17637461
Tonga,TON,1962,0.20017157
Tonga,TON,1963,0.19475551
Tonga,TON,1964,0.18949905
Tonga,TON,1965,0.19756599
Tonga,TON,1966,0.19230276
Tonga,TON,1967,0.18793695
Tonga,TON,1968,0.18438165
Tonga,TON,1969,0.20510346
Tonga,TON,1970,0.20141941
Tonga,TON,1971,0.19791375
Tonga,TON,1972,0.19460598
Tonga,TON,1973,0.19143066
Tonga,TON,1974,0.18746623
Tonga,TON,1975,0.1827623
Tonga,TON,1976,0.16784684
Tonga,TON,1977,0.16541742
Tonga,TON,1978,0.16460228
Tonga,TON,1979,0.16402854
Tonga,TON,1980,0.16365105
Tonga,TON,1981,0.16341706
Tonga,TON,1982,0.16329864
Tonga,TON,1983,0.16326864
Tonga,TON,1984,0.16328196
Tonga,TON,1985,0.16329196
Tonga,TON,1986,0.16324864
Tonga,TON,1987,0.1626413
Tonga,TON,1988,0.16166678
Tonga,TON,1989,0.16096094
Tonga,TON,1990,0.16048144
Tonga,TON,1991,0.16016817
Tonga,TON,1992,0.15996481
Tonga,TON,1993,0.15983537
Tonga,TON,1994,0.15973485
Tonga,TON,1995,0.1596408
Tonga,TON,1996,0.1595612
Tonga,TON,1997,0.14899577
Tonga,TON,1998,0.1479465
Tonga,TON,1999,0.14699253
Tonga,TON,2000,0.1460892
Tonga,TON,2001,0.145225
Tonga,TON,2002,0.14440572
Tonga,TON,2003,0.14359014
Tonga,TON,2004,0.1427606
Tonga,TON,2005,0.14195001
Tonga,TON,2006,0.15058398
Tonga,TON,2007,0.1499166
Tonga,TON,2008,0.14950477
Tonga,TON,2009,0.15857765
Tonga,TON,2010,0.15828678
Tonga,TON,2011,0.15803663
Tonga,TON,2012,0.16750419
Tonga,TON,2013,0.16810176
Tonga,TON,2014,0.17822134
Tonga,TON,2015,0.1885103
Tonga,TON,2016,0.18953034
Tonga,TON,2017,0.18983257
Tonga,TON,2018,0.18945314
Tonga,TON,2019,0.18927027
Tonga,TON,2020,0.1892076
Tonga,TON,2021,0.18959144
Tonga,TON,2022,0.19040003
Tonga,TON,2023,0.19121008
Trinidad and Tobago,TTO,1961,0.06603765
Trinidad and Tobago,TTO,1962,0.06475845
Trinidad and Tobago,TTO,1963,0.06355904
Trinidad and Tobago,TTO,1964,0.062434074
Trinidad and Tobago,TTO,1965,0.061394297
Trinidad and Tobago,TTO,1966,0.060449425
Trinidad and Tobago,TTO,1967,0.059597373
Trinidad and Tobago,TTO,1968,0.058823165
Trinidad and Tobago,TTO,1969,0.058121394
Trinidad and Tobago,TTO,1970,0.057490334
Trinidad and Tobago,TTO,1971,0.0598453
Trinidad and Tobago,TTO,1972,0.059117902
Trinidad and Tobago,TTO,1973,0.06713035
Trinidad and Tobago,TTO,1974,0.06725848
Trinidad and Tobago,TTO,1975,0.061700914
Trinidad and Tobago,TTO,1976,0.060957827
Trinidad and Tobago,TTO,1977,0.06021005
Trinidad and Tobago,TTO,1978,0.05944868
Trinidad and Tobago,TTO,1979,0.05868338
Trinidad and Tobago,TTO,1980,0.05348814
Trinidad and Tobago,TTO,1981,0.04580965
Trinidad and Tobago,TTO,1982,0.0392011
Trinidad and Tobago,TTO,1983,0.032743547
Trinidad and Tobago,TTO,1984,0.032396007
Trinidad and Tobago,TTO,1985,0.02947701
Trinidad and Tobago,TTO,1986,0.029090934
Trinidad and Tobago,TTO,1987,0.028750645
Trinidad and Tobago,TTO,1988,0.029266652
Trinidad and Tobago,TTO,1989,0.028994845
Trinidad and Tobago,TTO,1990,0.028749218
Trinidad and Tobago,TTO,1991,0.03169143
Trinidad and Tobago,TTO,1992,0.031454604
Trinidad and Tobago,TTO,1993,0.031238627
Trinidad and Tobago,TTO,1994,0.031047681
Trinidad and Tobago,TTO,1995,0.030884
Trinidad and Tobago,TTO,1996,0.030747281
Trinidad and Tobago,TTO,1997,0.026802754
Trinidad and Tobago,TTO,1998,0.026712969
Trinidad and Tobago,TTO,1999,0.026621882
Trinidad and Tobago,TTO,2000,0.026519692
Trinidad and Tobago,TTO,2001,0.022631824
Trinidad and Tobago,TTO,2002,0.022522336
Trinidad and Tobago,TTO,2003,0.02240965
Trinidad and Tobago,TTO,2004,0.019325394
Trinidad and Tobago,TTO,2005,0.019312566
Trinidad and Tobago,TTO,2006,0.019261232
Trinidad and Tobago,TTO,2007,0.019183725
Trinidad and Tobago,TTO,2008,0.019104576
Trinidad and Tobago,TTO,2009,0.019082425
Trinidad and Tobago,TTO,2010,0.01897225
Trinidad and Tobago,TTO,2011,0.018825032
Trinidad and Tobago,TTO,2012,0.018723872
Trinidad and Tobago,TTO,2013,0.018648965
Trinidad and Tobago,TTO,2014,0.018582622
Trinidad and Tobago,TTO,2015,0.018523088
Trinidad and Tobago,TTO,2016,0.018465243
Trinidad and Tobago,TTO,2017,0.018427975
Trinidad and Tobago,TTO,2018,0.018393267
Trinidad and Tobago,TTO,2019,0.018328648
Trinidad and Tobago,TTO,2020,0.018291902
Trinidad and Tobago,TTO,2021,0.01828076
Trinidad and Tobago,TTO,2022,0.018304223
Trinidad and Tobago,TTO,2023,0.018281402
Tunisia,TUN,1961,0.7182114
Tunisia,TUN,1962,0.7095224
Tunisia,TUN,1963,0.70022774
Tunisia,TUN,1964,0.7082612
Tunisia,TUN,1965,0.69715667
Tunisia,TUN,1966,0.6835348
Tunisia,TUN,1967,0.66793114
Tunisia,TUN,1968,0.6516528
Tunisia,TUN,1969,0.636602
Tunisia,TUN,1970,0.6222478
Tunisia,TUN,1971,0.6081733
Tunisia,TUN,1972,0.59852976
Tunisia,TUN,1973,0.5941586
Tunisia,TUN,1974,0.5875447
Tunisia,TUN,1975,0.5839779
Tunisia,TUN,1976,0.58029073
Tunisia,TUN,1977,0.5729434
Tunisia,TUN,1978,0.54093975
Tunisia,TUN,1979,0.527537
Tunisia,TUN,1980,0.48303145
Tunisia,TUN,1981,0.46905398
Tunisia,TUN,1982,0.45739815
Tunisia,TUN,1983,0.44515014
Tunisia,TUN,1984,0.43213034
Tunisia,TUN,1985,0.41431043
Tunisia,TUN,1986,0.3986684
Tunisia,TUN,1987,0.38254237
Tunisia,TUN,1988,0.3681763
Tunisia,TUN,1989,0.3569825
Tunisia,TUN,1990,0.34945005
Tunisia,TUN,1991,0.34204412
Tunisia,TUN,1992,0.33492613
Tunisia,TUN,1993,0.33721274
Tunisia,TUN,1994,0.31380123
Tunisia,TUN,1995,0.3102194
Tunisia,TUN,1996,0.30609724
Tunisia,TUN,1997,0.30197626
Tunisia,TUN,1998,0.30172926
Tunisia,TUN,1999,0.3012646
Tunisia,TUN,2000,0.2932943
Tunisia,TUN,2001,0.2810629
Tunisia,TUN,2002,0.27789158
Tunisia,TUN,2003,0.2770157
Tunisia,TUN,2004,0.2745382
Tunisia,TUN,2005,0.26619935
Tunisia,TUN,2006,0.26704916
Tunisia,TUN,2007,0.26173893
Tunisia,TUN,2008,0.2689081
Tunisia,TUN,2009,0.25416216
Tunisia,TUN,2010,0.26221487
Tunisia,TUN,2011,0.26079285
Tunisia,TUN,2012,0.25868222
Tunisia,TUN,2013,0.25607285
Tunisia,TUN,2014,0.22954886
Tunisia,TUN,2015,0.22539383
Tunisia,TUN,2016,0.22236729
Tunisia,TUN,2017,0.22375868
Tunisia,TUN,2018,0.218401
Tunisia,TUN,2019,0.21638589
Tunisia,TUN,2020,0.23645286
Tunisia,TUN,2021,0.23498952
Tunisia,TUN,2022,0.23361845
Tunisia,TUN,2023,0.23206557
Turkey,TUR,1961,0.7903023
Turkey,TUR,1962,0.7731945
Turkey,TUR,1963,0.7776589
Turkey,TUR,1964,0.7552847
Turkey,TUR,1965,0.73707956
Turkey,TUR,1966,0.72337806
Turkey,TUR,1967,0.70002073
Turkey,TUR,1968,0.68988657
Turkey,TUR,1969,0.7050173
Turkey,TUR,1970,0.6766932
Turkey,TUR,1971,0.6657496
Turkey,TUR,1972,0.66543984
Turkey,TUR,1973,0.64946103
Turkey,TUR,1974,0.62573624
Turkey,TUR,1975,0.60672605
Turkey,TUR,1976,0.5933654
Turkey,TUR,1977,0.58594966
Turkey,TUR,1978,0.57561743
Turkey,TUR,1979,0.5791452
Turkey,TUR,1980,0.5583497
Turkey,TUR,1981,0.550137
Turkey,TUR,1982,0.51136786
Turkey,TUR,1983,0.48910767
Turkey,TUR,1984,0.49425033
Turkey,TUR,1985,0.4852318
Turkey,TUR,1986,0.47429618
Turkey,TUR,1987,0.47241232
Turkey,TUR,1988,0.45976946
Turkey,TUR,1989,0.45255518
Turkey,TUR,1990,0.4400022
Turkey,TUR,1991,0.4326618
Turkey,TUR,1992,0.4227272
Turkey,TUR,1993,0.41493806
Turkey,TUR,1994,0.41151792
Turkey,TUR,1995,0.40400165
Turkey,TUR,1996,0.39569896
Turkey,TUR,1997,0.38656887
Turkey,TUR,1998,0.3834508
Turkey,TUR,1999,0.37588292
Turkey,TUR,2000,0.36416736
Turkey,TUR,2001,0.3592868
Turkey,TUR,2002,0.35785878
Turkey,TUR,2003,0.3445585
Turkey,TUR,2004,0.34801123
Turkey,TUR,2005,0.34372064
Turkey,TUR,2006,0.32808745
Turkey,TUR,2007,0.3132781
Turkey,TUR,2008,0.30337074
Turkey,TUR,2009,0.29638028
Turkey,TUR,2010,0.2923622
Turkey,TUR,2011,0.2767178
Turkey,TUR,2012,0.2737183
Turkey,TUR,2013,0.2701857
Turkey,TUR,2014,0.2681847
Turkey,TUR,2015,0.2640041
Turkey,TUR,2016,0.2570954
Turkey,TUR,2017,0.24900173
Turkey,TUR,2018,0.24227585
Turkey,TUR,2019,0.23710503
Turkey,TUR,2020,0.23488727
Turkey,TUR,2021,0.23626421
Turkey,TUR,2022,0.23785621
Turkey,TUR,2023,0.23764162
Turkmenistan,TKM,1992,0.28070644
Turkmenistan,TKM,1993,0.28987205
Turkmenistan,TKM,1994,0.29889864
Turkmenistan,TKM,1995,0.308276
Turkmenistan,TKM,1996,0.31746888
Turkmenistan,TKM,1997,0.3263317
Turkmenistan,TKM,1998,0.33483568
Turkmenistan,TKM,1999,0.3424576
Turkmenistan,TKM,2000,0.34913224
Turkmenistan,TKM,2001,0.34220755
Turkmenistan,TKM,2002,0.34909487
Turkmenistan,TKM,2003,0.36510164
Turkmenistan,TKM,2004,0.36478427
Turkmenistan,TKM,2005,0.39596114
Turkmenistan,TKM,2006,0.39427683
Turkmenistan,TKM,2007,0.35356623
Turkmenistan,TKM,2008,0.34693003
Turkmenistan,TKM,2009,0.33064368
Turkmenistan,TKM,2010,0.32263955
Turkmenistan,TKM,2011,0.3121407
Turkmenistan,TKM,2012,0.30997202
Turkmenistan,TKM,2013,0.31390184
Turkmenistan,TKM,2014,0.27579486
Turkmenistan,TKM,2015,0.27683938
Turkmenistan,TKM,2016,0.28472468
Turkmenistan,TKM,2017,0.278494
Turkmenistan,TKM,2018,0.25057656
Turkmenistan,TKM,2019,0.23257099
Turkmenistan,TKM,2020,0.23105328
Turkmenistan,TKM,2021,0.22498454
Turkmenistan,TKM,2022,0.22273265
Turkmenistan,TKM,2023,0.21611142
Turks and Caicos Islands,TCA,1961,0.17787264
Turks and Caicos Islands,TCA,1962,0.17743081
Turks and Caicos Islands,TCA,1963,0.17708518
Turks and Caicos Islands,TCA,1964,0.17677215
Turks and Caicos Islands,TCA,1965,0.1767409
Turks and Caicos Islands,TCA,1966,0.17686594
Turks and Caicos Islands,TCA,1967,0.17677215
Turks and Caicos Islands,TCA,1968,0.1768034
Turks and Caicos Islands,TCA,1969,0.17692852
Turks and Caicos Islands,TCA,1970,0.1764602
Turks and Caicos Islands,TCA,1971,0.17379214
Turks and Caicos Islands,TCA,1972,0.1690617
Turks and Caicos Islands,TCA,1973,0.16420361
Turks and Caicos Islands,TCA,1974,0.15941335
Turks and Caicos Islands,TCA,1975,0.15472691
Turks and Caicos Islands,TCA,1976,0.15015015
Turks and Caicos Islands,TCA,1977,0.14568764
Turks and Caicos Islands,TCA,1978,0.14118311
Turks and Caicos Islands,TCA,1979,0.1368738
Turks and Caicos Islands,TCA,1980,0.13220519
Turks and Caicos Islands,TCA,1981,0.12645422
Turks and Caicos Islands,TCA,1982,0.120525494
Turks and Caicos Islands,TCA,1983,0.11498218
Turks and Caicos Islands,TCA,1984,0.10980564
Turks and Caicos Islands,TCA,1985,0.10503098
Turks and Caicos Islands,TCA,1986,0.1005935
Turks and Caicos Islands,TCA,1987,0.09651578
Turks and Caicos Islands,TCA,1988,0.09280743
Turks and Caicos Islands,TCA,1989,0.08934155
Turks and Caicos Islands,TCA,1990,0.08555784
Turks and Caicos Islands,TCA,1991,0.081267774
Turks and Caicos Islands,TCA,1992,0.077101
Turks and Caicos Islands,TCA,1993,0.07327081
Turks and Caicos Islands,TCA,1994,0.06971556
Turks and Caicos Islands,TCA,1995,0.06643635
Turks and Caicos Islands,TCA,1996,0.06343165
Turks and Caicos Islands,TCA,1997,0.06067225
Turks and Caicos Islands,TCA,1998,0.058099
Turks and Caicos Islands,TCA,1999,0.055682387
Turks and Caicos Islands,TCA,2000,0.053390283
Turks and Caicos Islands,TCA,2001,0.051082958
Turks and Caicos Islands,TCA,2002,0.04855076
Turks and Caicos Islands,TCA,2003,0.046025682
Turks and Caicos Islands,TCA,2004,0.043752186
Turks and Caicos Islands,TCA,2005,0.04168751
Turks and Caicos Islands,TCA,2006,0.039804164
Turks and Caicos Islands,TCA,2007,0.038066234
Turks and Caicos Islands,TCA,2008,0.036460422
Turks and Caicos Islands,TCA,2009,0.034979712
Turks and Caicos Islands,TCA,2010,0.03362588
Turks and Caicos Islands,TCA,2011,0.032419115
Turks and Caicos Islands,TCA,2012,0.031126468
Turks and Caicos Islands,TCA,2013,0.029715033
Turks and Caicos Islands,TCA,2014,0.02853067
Turks and Caicos Islands,TCA,2015,0.027318673
Turks and Caicos Islands,TCA,2016,0.02609944
Turks and Caicos Islands,TCA,2017,0.025054494
Turks and Caicos Islands,TCA,2018,0.024062177
Turks and Caicos Islands,TCA,2019,0.02316638
Turks and Caicos Islands,TCA,2020,0.022529626
Turks and Caicos Islands,TCA,2021,0.022102866
Turks and Caicos Islands,TCA,2022,0.021811677
Turks and Caicos Islands,TCA,2023,0.02164596
Uganda,UGA,1961,0.40065035
Uganda,UGA,1962,0.395441
Uganda,UGA,1963,0.3922645
Uganda,UGA,1964,0.44081527
Uganda,UGA,1965,0.42580107
Uganda,UGA,1966,0.4139051
Uganda,UGA,1967,0.400896
Uganda,UGA,1968,0.38934425
Uganda,UGA,1969,0.3774392
Uganda,UGA,1970,0.36622217
Uganda,UGA,1971,0.35787588
Uganda,UGA,1972,0.35367188
Uganda,UGA,1973,0.3499567
Uganda,UGA,1974,0.3457377
Uganda,UGA,1975,0.34327656
Uganda,UGA,1976,0.33828202
Uganda,UGA,1977,0.32549414
Uganda,UGA,1978,0.32145947
Uganda,UGA,1979,0.31379396
Uganda,UGA,1980,0.30732748
Uganda,UGA,1981,0.30391434
Uganda,UGA,1982,0.301291
Uganda,UGA,1983,0.32344526
Uganda,UGA,1984,0.32859433
Uganda,UGA,1985,0.32615176
Uganda,UGA,1986,0.3232568
Uganda,UGA,1987,0.31339768
Uganda,UGA,1988,0.30357337
Uganda,UGA,1989,0.29393268
Uganda,UGA,1990,0.28457764
Uganda,UGA,1991,0.27649412
Uganda,UGA,1992,0.26829872
Uganda,UGA,1993,0.25919044
Uganda,UGA,1994,0.2516311
Uganda,UGA,1995,0.24485055
Uganda,UGA,1996,0.23832457
Uganda,UGA,1997,0.23151489
Uganda,UGA,1998,0.22561929
Uganda,UGA,1999,0.21928617
Uganda,UGA,2000,0.22083196
Uganda,UGA,2001,0.21821994
Uganda,UGA,2002,0.21932513
Uganda,UGA,2003,0.22199349
Uganda,UGA,2004,0.21911642
Uganda,UGA,2005,0.21277897
Uganda,UGA,2006,0.21184967
Uganda,UGA,2007,0.2107682
Uganda,UGA,2008,0.21120152
Uganda,UGA,2009,0.20984924
Uganda,UGA,2010,0.2083925
Uganda,UGA,2011,0.20536932
Uganda,UGA,2012,0.20094685
Uganda,UGA,2013,0.19526252
Uganda,UGA,2014,0.18958367
Uganda,UGA,2015,0.18384583
Uganda,UGA,2016,0.17783894
Uganda,UGA,2017,0.17173839
Uganda,UGA,2018,0.16600174
Uganda,UGA,2019,0.16046648
Uganda,UGA,2020,0.15520562
Uganda,UGA,2021,0.15029101
Uganda,UGA,2022,0.14583816
Uganda,UGA,2023,0.14181015
Ukraine,UKR,1992,0.6376082
Ukraine,UKR,1993,0.6367511
Ukraine,UKR,1994,0.6392772
Ukraine,UKR,1995,0.6442592
Ukraine,UKR,1996,0.6478923
Ukraine,UKR,1997,0.651369
Ukraine,UKR,1998,0.6522067
Ukraine,UKR,1999,0.6537079
Ukraine,UKR,2000,0.65710646
Ukraine,UKR,2001,0.66257554
Ukraine,UKR,2002,0.6685665
Ukraine,UKR,2003,0.6722531
Ukraine,UKR,2004,0.67699736
Ukraine,UKR,2005,0.68197167
Ukraine,UKR,2006,0.6862711
Ukraine,UKR,2007,0.6891643
Ukraine,UKR,2008,0.6936047
Ukraine,UKR,2009,0.69659805
Ukraine,UKR,2010,0.69909155
Ukraine,UKR,2011,0.7018032
Ukraine,UKR,2012,0.70369965
Ukraine,UKR,2013,0.7105852
Ukraine,UKR,2014,0.7128193
Ukraine,UKR,2015,0.71584743
Ukraine,UKR,2016,0.7185067
Ukraine,UKR,2017,0.72129965
Ukraine,UKR,2018,0.7274894
Ukraine,UKR,2019,0.73233676
Ukraine,UKR,2020,0.7368843
Ukraine,UKR,2021,0.74322826
Ukraine,UKR,2022,0.8020704
Ukraine,UKR,2023,0.8725557
United Arab Emirates,ARE,1961,0.036234774
United Arab Emirates,ARE,1962,0.034495607
United Arab Emirates,ARE,1963,0.032849137
United Arab Emirates,ARE,1964,0.03131027
United Arab Emirates,ARE,1965,0.029921666
United Arab Emirates,ARE,1966,0.034487516
United Arab Emirates,ARE,1967,0.033388983
United Arab Emirates,ARE,1968,0.030087857
United Arab Emirates,ARE,1969,0.025035467
United Arab Emirates,ARE,1970,0.02442974
United Arab Emirates,ARE,1971,0.020893838
United Arab Emirates,ARE,1972,0.018181156
United Arab Emirates,ARE,1973,0.018331848
United Arab Emirates,ARE,1974,0.018401634
United Arab Emirates,ARE,1975,0.0202632
United Arab Emirates,ARE,1976,0.01786103
United Arab Emirates,ARE,1977,0.016896434
United Arab Emirates,ARE,1978,0.014828105
United Arab Emirates,ARE,1979,0.0131577505
United Arab Emirates,ARE,1980,0.015752682
United Arab Emirates,ARE,1981,0.017275004
United Arab Emirates,ARE,1982,0.015432496
United Arab Emirates,ARE,1983,0.018618884
United Arab Emirates,ARE,1984,0.018376779
United Arab Emirates,ARE,1985,0.018869143
United Arab Emirates,ARE,1986,0.019763075
United Arab Emirates,ARE,1987,0.01842154
United Arab Emirates,ARE,1988,0.017243553
United Arab Emirates,ARE,1989,0.016202467
United Arab Emirates,ARE,1990,0.018438326
United Arab Emirates,ARE,1991,0.017442213
United Arab Emirates,ARE,1992,0.017969197
United Arab Emirates,ARE,1993,0.018001046
United Arab Emirates,ARE,1994,0.01803978
United Arab Emirates,ARE,1995,0.017661588
United Arab Emirates,ARE,1996,0.0177089
United Arab Emirates,ARE,1997,0.015972117
United Arab Emirates,ARE,1998,0.0118404655
United Arab Emirates,ARE,1999,0.013165916
United Arab Emirates,ARE,2000,0.017174384
United Arab Emirates,ARE,2001,0.01906762
United Arab Emirates,ARE,2002,0.018954586
United Arab Emirates,ARE,2003,0.015265511
United Arab Emirates,ARE,2004,0.014224536
United Arab Emirates,ARE,2005,0.014577291
United Arab Emirates,ARE,2006,0.010101615
United Arab Emirates,ARE,2007,0.007929403
United Arab Emirates,ARE,2008,0.008187015
United Arab Emirates,ARE,2009,0.007439924
United Arab Emirates,ARE,2010,0.0073655304
United Arab Emirates,ARE,2011,0.0063480553
United Arab Emirates,ARE,2012,0.005019314
United Arab Emirates,ARE,2013,0.0048745414
United Arab Emirates,ARE,2014,0.005459436
United Arab Emirates,ARE,2015,0.0051850406
United Arab Emirates,ARE,2016,0.004980361
United Arab Emirates,ARE,2017,0.0048247767
United Arab Emirates,ARE,2018,0.004525661
United Arab Emirates,ARE,2019,0.0052827797
United Arab Emirates,ARE,2020,0.0052121906
United Arab Emirates,ARE,2021,0.0052531804
United Arab Emirates,ARE,2022,0.0050009047
United Arab Emirates,ARE,2023,0.0048059137
United Kingdom,GBR,1961,0.13589016
United Kingdom,GBR,1962,0.13588732
United Kingdom,GBR,1963,0.13560112
United Kingdom,GBR,1964,0.13618518
United Kingdom,GBR,1965,0.13503705
United Kingdom,GBR,1966,0.13402015
United Kingdom,GBR,1967,0.13302732
United Kingdom,GBR,1968,0.13180177
United Kingdom,GBR,1969,0.12919867
United Kingdom,GBR,1970,0.12758867
United Kingdom,GBR,1971,0.12759359
United Kingdom,GBR,1972,0.12710822
United Kingdom,GBR,1973,0.12590194
United Kingdom,GBR,1974,0.1256803
United Kingdom,GBR,1975,0.122168116
United Kingdom,GBR,1976,0.12264292
United Kingdom,GBR,1977,0.12316373
United Kingdom,GBR,1978,0.123424046
United Kingdom,GBR,1979,0.121411026
United Kingdom,GBR,1980,0.122846425
United Kingdom,GBR,1981,0.122608386
United Kingdom,GBR,1982,0.12275889
United Kingdom,GBR,1983,0.12246851
United Kingdom,GBR,1984,0.12268248
United Kingdom,GBR,1985,0.12360684
United Kingdom,GBR,1986,0.122438766
United Kingdom,GBR,1987,0.12209067
United Kingdom,GBR,1988,0.12095911
United Kingdom,GBR,1989,0.11742092
United Kingdom,GBR,1990,0.11563806
United Kingdom,GBR,1991,0.11435806
United Kingdom,GBR,1992,0.11382345
United Kingdom,GBR,1993,0.10552921
United Kingdom,GBR,1994,0.10215025
United Kingdom,GBR,1995,0.10231126
United Kingdom,GBR,1996,0.104836166
United Kingdom,GBR,1997,0.10919637
United Kingdom,GBR,1998,0.10691239
United Kingdom,GBR,1999,0.1008308
United Kingdom,GBR,2000,0.09977499
United Kingdom,GBR,2001,0.09558578
United Kingdom,GBR,2002,0.097455844
United Kingdom,GBR,2003,0.09487393
United Kingdom,GBR,2004,0.097002886
United Kingdom,GBR,2005,0.0948491
United Kingdom,GBR,2006,0.10015314
United Kingdom,GBR,2007,0.099229544
United Kingdom,GBR,2008,0.097157285
United Kingdom,GBR,2009,0.0971317
United Kingdom,GBR,2010,0.09511463
United Kingdom,GBR,2011,0.09582855
United Kingdom,GBR,2012,0.09750278
United Kingdom,GBR,2013,0.09768624
United Kingdom,GBR,2014,0.09646544
United Kingdom,GBR,2015,0.092353314
United Kingdom,GBR,2016,0.09185152
United Kingdom,GBR,2017,0.092215136
United Kingdom,GBR,2018,0.091085546
United Kingdom,GBR,2019,0.09133695
United Kingdom,GBR,2020,0.08957899
United Kingdom,GBR,2021,0.089728035
United Kingdom,GBR,2022,0.08931797
United Kingdom,GBR,2023,0.0881956
United States,USA,1961,0.98333615
United States,USA,1962,0.9493776
United States,USA,1963,0.94891196
United States,USA,1964,0.92744243
United States,USA,1965,0.91094834
United States,USA,1966,0.8939001
United States,USA,1967,0.8780899
United States,USA,1968,0.9018166
United States,USA,1969,0.93372214
United States,USA,1970,0.92042506
United States,USA,1971,0.90599585
United States,USA,1972,0.8935139
United States,USA,1973,0.8826902
United States,USA,1974,0.8719594
United States,USA,1975,0.8634042
United States,USA,1976,0.85523885
United States,USA,1977,0.84704345
United States,USA,1978,0.8480131
United States,USA,1979,0.8387061
United States,USA,1980,0.83069646
United States,USA,1981,0.82258373
United States,USA,1982,0.81050575
United States,USA,1983,0.8031284
United States,USA,1984,0.7962048
United States,USA,1985,0.7891806
United States,USA,1986,0.78192085
United States,USA,1987,0.7666134
United States,USA,1988,0.7596841
United States,USA,1989,0.7523554
United States,USA,1990,0.7437183
United States,USA,1991,0.733663
United States,USA,1992,0.7171554
United States,USA,1993,0.70284206
United States,USA,1994,0.69102484
United States,USA,1995,0.6826708
United States,USA,1996,0.66408604
United States,USA,1997,0.651516
United States,USA,1998,0.64086074
United States,USA,1999,0.62902665
United States,USA,2000,0.6219014
United States,USA,2001,0.615726
United States,USA,2002,0.6013973
United States,USA,2003,0.5884909
United States,USA,2004,0.5755139
United States,USA,2005,0.5626662
United States,USA,2006,0.55003107
United States,USA,2007,0.53709126
United States,USA,2008,0.5275618
United States,USA,2009,0.5184233
United States,USA,2010,0.50961506
United States,USA,2011,0.50120884
United States,USA,2012,0.49279177
United States,USA,2013,0.49070027
United States,USA,2014,0.48850948
United States,USA,2015,0.48615944
United States,USA,2016,0.48377803
United States,USA,2017,0.48200762
United States,USA,2018,0.4757713
United States,USA,2019,0.46965632
United States,USA,2020,0.46415487
United States,USA,2021,0.45983586
United States,USA,2022,0.45376018
United States,USA,2023,0.45007053
United States Virgin Islands,VIR,1961,0.116618074
United States Virgin Islands,VIR,1962,0.114285715
United States Virgin Islands,VIR,1963,0.15075377
United States Virgin Islands,VIR,1964,0.14705883
United States Virgin Islands,VIR,1965,0.13793103
United States Virgin Islands,VIR,1966,0.12987013
United States Virgin Islands,VIR,1967,0.10183299
United States Virgin Islands,VIR,1968,0.08976661
United States Virgin Islands,VIR,1969,0.08291874
United States Virgin Islands,VIR,1970,0.07876993
United States Virgin Islands,VIR,1971,0.07048508
United States Virgin Islands,VIR,1972,0.06551448
United States Virgin Islands,VIR,1973,0.05943819
United States Virgin Islands,VIR,1974,0.055592
United States Virgin Islands,VIR,1975,0.05291901
United States Virgin Islands,VIR,1976,0.05199343
United States Virgin Islands,VIR,1977,0.05364634
United States Virgin Islands,VIR,1978,0.05212188
United States Virgin Islands,VIR,1979,0.05198424
United States Virgin Islands,VIR,1980,0.050182667
United States Virgin Islands,VIR,1981,0.05007361
United States Virgin Islands,VIR,1982,0.049966022
United States Virgin Islands,VIR,1983,0.049826603
United States Virgin Islands,VIR,1984,0.049701788
United States Virgin Islands,VIR,1985,0.03969829
United States Virgin Islands,VIR,1986,0.039666012
United States Virgin Islands,VIR,1987,0.03964282
United States Virgin Islands,VIR,1988,0.03962279
United States Virgin Islands,VIR,1989,0.03958789
United States Virgin Islands,VIR,1990,0.038475227
United States Virgin Islands,VIR,1991,0.03816539
United States Virgin Islands,VIR,1992,0.037838656
United States Virgin Islands,VIR,1993,0.037531197
United States Virgin Islands,VIR,1994,0.027954305
United States Virgin Islands,VIR,1995,0.027824668
United States Virgin Islands,VIR,1996,0.027753364
United States Virgin Islands,VIR,1997,0.027686259
United States Virgin Islands,VIR,1998,0.027640345
United States Virgin Islands,VIR,1999,0.018416375
United States Virgin Islands,VIR,2000,0.018409086
United States Virgin Islands,VIR,2001,0.01842486
United States Virgin Islands,VIR,2002,0.01843165
United States Virgin Islands,VIR,2003,0.01843233
United States Virgin Islands,VIR,2004,0.018438958
United States Virgin Islands,VIR,2005,0.018441169
United States Virgin Islands,VIR,2006,0.009227731
United States Virgin Islands,VIR,2007,0.009230457
United States Virgin Islands,VIR,2008,0.009225348
United States Virgin Islands,VIR,2009,0.009224752
United States Virgin Islands,VIR,2010,0.009228753
United States Virgin Islands,VIR,2011,0.009234463
United States Virgin Islands,VIR,2012,0.009243169
United States Virgin Islands,VIR,2013,0.009255745
United States Virgin Islands,VIR,2014,0.0092693865
United States Virgin Islands,VIR,2015,0.009284017
United States Virgin Islands,VIR,2016,0.009300942
United States Virgin Islands,VIR,2017,0.009321315
United States Virgin Islands,VIR,2018,0.008411136
United States Virgin Islands,VIR,2019,0.008437315
United States Virgin Islands,VIR,2020,0.0084674
United States Virgin Islands,VIR,2021,0.008500991
United States Virgin Islands,VIR,2022,0.008537847
United States Virgin Islands,VIR,2023,0.008578209
Upper-middle-income countries,OWID_UMC,1961,0.24401875
Upper-middle-income countries,OWID_UMC,1962,0.24106598
Upper-middle-income countries,OWID_UMC,1963,0.2366626
Upper-middle-income countries,OWID_UMC,1964,0.23181233
Upper-middle-income countries,OWID_UMC,1965,0.22696413
Upper-middle-income countries,OWID_UMC,1966,0.22208142
Upper-middle-income countries,OWID_UMC,1967,0.21721746
Upper-middle-income countries,OWID_UMC,1968,0.21333347
Upper-middle-income countries,OWID_UMC,1969,0.20881927
Upper-middle-income countries,OWID_UMC,1970,0.20295145
Upper-middle-income countries,OWID_UMC,1971,0.19892587
Upper-middle-income countries,OWID_UMC,1972,0.19690207
Upper-middle-income countries,OWID_UMC,1973,0.19408919
Upper-middle-income countries,OWID_UMC,1974,0.19109179
Upper-middle-income countries,OWID_UMC,1975,0.18743025
Upper-middle-income countries,OWID_UMC,1976,0.18606544
Upper-middle-income countries,OWID_UMC,1977,0.1849427
Upper-middle-income countries,OWID_UMC,1978,0.18333457
Upper-middle-income countries,OWID_UMC,1979,0.1827237
Upper-middle-income countries,OWID_UMC,1980,0.17993891
Upper-middle-income countries,OWID_UMC,1981,0.17841843
Upper-middle-income countries,OWID_UMC,1982,0.1783397
Upper-middle-income countries,OWID_UMC,1983,0.17886725
Upper-middle-income countries,OWID_UMC,1984,0.1806208
Upper-middle-income countries,OWID_UMC,1985,0.18230441
Upper-middle-income countries,OWID_UMC,1986,0.179654
Upper-middle-income countries,OWID_UMC,1987,0.17711292
Upper-middle-income countries,OWID_UMC,1988,0.17390221
Upper-middle-income countries,OWID_UMC,1989,0.17101653
Upper-middle-income countries,OWID_UMC,1990,0.16827445
Upper-middle-income countries,OWID_UMC,1991,0.1658376
Upper-middle-income countries,OWID_UMC,1992,0.19021384
Upper-middle-income countries,OWID_UMC,1993,0.18686669
Upper-middle-income countries,OWID_UMC,1994,0.18316689
Upper-middle-income countries,OWID_UMC,1995,0.18015029
Upper-middle-income countries,OWID_UMC,1996,0.1776981
Upper-middle-income countries,OWID_UMC,1997,0.17525221
Upper-middle-income countries,OWID_UMC,1998,0.17362641
Upper-middle-income countries,OWID_UMC,1999,0.17171521
Upper-middle-income countries,OWID_UMC,2000,0.1688964
Upper-middle-income countries,OWID_UMC,2001,0.16773406
Upper-middle-income countries,OWID_UMC,2002,0.1662511
Upper-middle-income countries,OWID_UMC,2003,0.16569172
Upper-middle-income countries,OWID_UMC,2004,0.16497496
Upper-middle-income countries,OWID_UMC,2005,0.16455947
Upper-middle-income countries,OWID_UMC,2006,0.1642193
Upper-middle-income countries,OWID_UMC,2007,0.16337767
Upper-middle-income countries,OWID_UMC,2008,0.16091572
Upper-middle-income countries,OWID_UMC,2009,0.15901624
Upper-middle-income countries,OWID_UMC,2010,0.15873435
Upper-middle-income countries,OWID_UMC,2011,0.15703006
Upper-middle-income countries,OWID_UMC,2012,0.15535524
Upper-middle-income countries,OWID_UMC,2013,0.15372111
Upper-middle-income countries,OWID_UMC,2014,0.15199526
Upper-middle-income countries,OWID_UMC,2015,0.1512629
Upper-middle-income countries,OWID_UMC,2016,0.14948297
Upper-middle-income countries,OWID_UMC,2017,0.14753334
Upper-middle-income countries,OWID_UMC,2018,0.14604807
Upper-middle-income countries,OWID_UMC,2019,0.14421119
Upper-middle-income countries,OWID_UMC,2020,0.14478052
Upper-middle-income countries,OWID_UMC,2021,0.14435565
Upper-middle-income countries,OWID_UMC,2022,0.14342548
Upper-middle-income countries,OWID_UMC,2023,0.14198713
Uruguay,URY,1961,0.957829
Uruguay,URY,1962,0.92392004
Uruguay,URY,1963,0.89108557
Uruguay,URY,1964,0.85972303
Uruguay,URY,1965,0.8291159
Uruguay,URY,1966,0.79995686
Uruguay,URY,1967,0.76602775
Uruguay,URY,1968,0.7333172
Uruguay,URY,1969,0.7015206
Uruguay,URY,1970,0.646408
Uruguay,URY,1971,0.6285494
Uruguay,URY,1972,0.6106369
Uruguay,URY,1973,0.59355694
Uruguay,URY,1974,0.5760449
Uruguay,URY,1975,0.5584336
Uruguay,URY,1976,0.5409159
Uruguay,URY,1977,0.52380836
Uruguay,URY,1978,0.50722647
Uruguay,URY,1979,0.4908325
Uruguay,URY,1980,0.47527856
Uruguay,URY,1981,0.4680678
Uruguay,URY,1982,0.46042806
Uruguay,URY,1983,0.45302796
Uruguay,URY,1984,0.44563043
Uruguay,URY,1985,0.43817824
Uruguay,URY,1986,0.43127823
Uruguay,URY,1987,0.4232931
Uruguay,URY,1988,0.41558546
Uruguay,URY,1989,0.40728974
Uruguay,URY,1990,0.3997548
Uruguay,URY,1991,0.40162006
Uruguay,URY,1992,0.40354148
Uruguay,URY,1993,0.40553236
Uruguay,URY,1994,0.4075221
Uruguay,URY,1995,0.40947628
Uruguay,URY,1996,0.4113745
Uruguay,URY,1997,0.41354555
Uruguay,URY,1998,0.41583315
Uruguay,URY,1999,0.41825253
Uruguay,URY,2000,0.4203654
Uruguay,URY,2001,0.4205542
Uruguay,URY,2002,0.42118207
Uruguay,URY,2003,0.42210346
Uruguay,URY,2004,0.42306957
Uruguay,URY,2005,0.42364487
Uruguay,URY,2006,0.42437983
Uruguay,URY,2007,0.44793063
Uruguay,URY,2008,0.55296856
Uruguay,URY,2009,0.6631238
Uruguay,URY,2010,0.6126114
Uruguay,URY,2011,0.7069804
Uruguay,URY,2012,0.64759827
Uruguay,URY,2013,0.6898259
Uruguay,URY,2014,0.7258217
Uruguay,URY,2015,0.72107714
Uruguay,URY,2016,0.6588084
Uruguay,URY,2017,0.6445153
Uruguay,URY,2018,0.6339014
Uruguay,URY,2019,0.61471105
Uruguay,URY,2020,0.59559256
Uruguay,URY,2021,0.5979342
Uruguay,URY,2022,0.6238703
Uruguay,URY,2023,0.64921707
Uzbekistan,UZB,1992,0.20823744
Uzbekistan,UZB,1993,0.2033386
Uzbekistan,UZB,1994,0.1989023
Uzbekistan,UZB,1995,0.19526486
Uzbekistan,UZB,1996,0.19167538
Uzbekistan,UZB,1997,0.18843417
Uzbekistan,UZB,1998,0.18554021
Uzbekistan,UZB,1999,0.18299553
Uzbekistan,UZB,2000,0.1807395
Uzbekistan,UZB,2001,0.17859504
Uzbekistan,UZB,2002,0.17653558
Uzbekistan,UZB,2003,0.17288145
Uzbekistan,UZB,2004,0.16927046
Uzbekistan,UZB,2005,0.1656867
Uzbekistan,UZB,2006,0.16210319
Uzbekistan,UZB,2007,0.15840591
Uzbekistan,UZB,2008,0.15457483
Uzbekistan,UZB,2009,0.15071945
Uzbekistan,UZB,2010,0.14697641
Uzbekistan,UZB,2011,0.14339146
Uzbekistan,UZB,2012,0.13990888
Uzbekistan,UZB,2013,0.13642144
Uzbekistan,UZB,2014,0.13380541
Uzbekistan,UZB,2015,0.13141742
Uzbekistan,UZB,2016,0.12898692
Uzbekistan,UZB,2017,0.12654004
Uzbekistan,UZB,2018,0.1241695
Uzbekistan,UZB,2019,0.12235816
Uzbekistan,UZB,2020,0.11978073
Uzbekistan,UZB,2021,0.117279984
Uzbekistan,UZB,2022,0.1153011
Uzbekistan,UZB,2023,0.11300811
Vanuatu,VUT,1961,0.15091151
Vanuatu,VUT,1962,0.14668348
Vanuatu,VUT,1963,0.14253339
Vanuatu,VUT,1964,0.13846771
Vanuatu,VUT,1965,0.17482987
Vanuatu,VUT,1966,0.16973495
Vanuatu,VUT,1967,0.16472168
Vanuatu,VUT,1968,0.15987407
Vanuatu,VUT,1969,0.15521461
Vanuatu,VUT,1970,0.17388079
Vanuatu,VUT,1971,0.16880107
Vanuatu,VUT,1972,0.16382343
Vanuatu,VUT,1973,0.1589623
Vanuatu,VUT,1974,0.15422578
Vanuatu,VUT,1975,0.15957075
Vanuatu,VUT,1976,0.15475684
Vanuatu,VUT,1977,0.15944774
Vanuatu,VUT,1978,0.15459746
Vanuatu,VUT,1979,0.15923567
Vanuatu,VUT,1980,0.15562856
Vanuatu,VUT,1981,0.1606779
Vanuatu,VUT,1982,0.15697938
Vanuatu,VUT,1983,0.16129293
Vanuatu,VUT,1984,0.15734527
Vanuatu,VUT,1985,0.153426
Vanuatu,VUT,1986,0.14956626
Vanuatu,VUT,1987,0.1457864
Vanuatu,VUT,1988,0.14208986
Vanuatu,VUT,1989,0.13851087
Vanuatu,VUT,1990,0.13507764
Vanuatu,VUT,1991,0.13175838
Vanuatu,VUT,1992,0.1285281
Vanuatu,VUT,1993,0.12542094
Vanuatu,VUT,1994,0.12246347
Vanuatu,VUT,1995,0.119662315
Vanuatu,VUT,1996,0.117019966
Vanuatu,VUT,1997,0.11453048
Vanuatu,VUT,1998,0.11216232
Vanuatu,VUT,1999,0.109861135
Vanuatu,VUT,2000,0.10736468
Vanuatu,VUT,2001,0.10469505
Vanuatu,VUT,2002,0.10211219
Vanuatu,VUT,2003,0.09962839
Vanuatu,VUT,2004,0.09722377
Vanuatu,VUT,2005,0.09489467
Vanuatu,VUT,2006,0.09262561
Vanuatu,VUT,2007,0.090384856
Vanuatu,VUT,2008,0.08814611
Vanuatu,VUT,2009,0.08593612
Vanuatu,VUT,2010,0.08394614
Vanuatu,VUT,2011,0.0821443
Vanuatu,VUT,2012,0.08035904
Vanuatu,VUT,2013,0.07859102
Vanuatu,VUT,2014,0.076852135
Vanuatu,VUT,2015,0.07515943
Vanuatu,VUT,2016,0.0735059
Vanuatu,VUT,2017,0.07181148
Vanuatu,VUT,2018,0.07011172
Vanuatu,VUT,2019,0.06849667
Vanuatu,VUT,2020,0.06692141
Vanuatu,VUT,2021,0.06538768
Vanuatu,VUT,2022,0.06388837
Vanuatu,VUT,2023,0.06242022
Venezuela,VEN,1961,0.3429552
Venezuela,VEN,1962,0.33116856
Venezuela,VEN,1963,0.32027727
Venezuela,VEN,1964,0.30999032
Venezuela,VEN,1965,0.3001715
Venezuela,VEN,1966,0.2905778
Venezuela,VEN,1967,0.28208682
Venezuela,VEN,1968,0.27286673
Venezuela,VEN,1969,0.26484835
Venezuela,VEN,1970,0.25738093
Venezuela,VEN,1971,0.2501489
Venezuela,VEN,1972,0.24001627
Venezuela,VEN,1973,0.23267873
Venezuela,VEN,1974,0.22640596
Venezuela,VEN,1975,0.21996245
Venezuela,VEN,1976,0.21401876
Venezuela,VEN,1977,0.21161132
Venezuela,VEN,1978,0.20497085
Venezuela,VEN,1979,0.19879265
Venezuela,VEN,1980,0.1937972
Venezuela,VEN,1981,0.17874335
Venezuela,VEN,1982,0.17435938
Venezuela,VEN,1983,0.16362555
Venezuela,VEN,1984,0.15927011
Venezuela,VEN,1985,0.16705386
Venezuela,VEN,1986,0.17212005
Venezuela,VEN,1987,0.1683613
Venezuela,VEN,1988,0.16411407
Venezuela,VEN,1989,0.14703663
Venezuela,VEN,1990,0.14283545
Venezuela,VEN,1991,0.14006475
Venezuela,VEN,1992,0.12516272
Venezuela,VEN,1993,0.122279875
Venezuela,VEN,1994,0.119354546
Venezuela,VEN,1995,0.11683432
Venezuela,VEN,1996,0.11442005
Venezuela,VEN,1997,0.11209732
Venezuela,VEN,1998,0.10986666
Venezuela,VEN,1999,0.10774271
Venezuela,VEN,2000,0.10580303
Venezuela,VEN,2001,0.104003526
Venezuela,VEN,2002,0.102140024
Venezuela,VEN,2003,0.10041439
Venezuela,VEN,2004,0.10060424
Venezuela,VEN,2005,0.09911967
Venezuela,VEN,2006,0.09752179
Venezuela,VEN,2007,0.09616858
Venezuela,VEN,2008,0.096244
Venezuela,VEN,2009,0.09142601
Venezuela,VEN,2010,0.09023673
Venezuela,VEN,2011,0.08908621
Venezuela,VEN,2012,0.08797507
Venezuela,VEN,2013,0.08692106
Venezuela,VEN,2014,0.085938826
Venezuela,VEN,2015,0.08503965
Venezuela,VEN,2016,0.08450964
Venezuela,VEN,2017,0.08506372
Venezuela,VEN,2018,0.0872261
Venezuela,VEN,2019,0.089846954
Venezuela,VEN,2020,0.09140743
Venezuela,VEN,2021,0.09207508
Venezuela,VEN,2022,0.092156045
Venezuela,VEN,2023,0.09187002
Vietnam,VNM,1961,0.1661226
Vietnam,VNM,1962,0.16186157
Vietnam,VNM,1963,0.15745082
Vietnam,VNM,1964,0.1533083
Vietnam,VNM,1965,0.1494762
Vietnam,VNM,1966,0.14595723
Vietnam,VNM,1967,0.14320578
Vietnam,VNM,1968,0.1406834
Vietnam,VNM,1969,0.13799189
Vietnam,VNM,1970,0.13574368
Vietnam,VNM,1971,0.13262889
Vietnam,VNM,1972,0.1300969
Vietnam,VNM,1973,0.12789953
Vietnam,VNM,1974,0.12551324
Vietnam,VNM,1975,0.12262573
Vietnam,VNM,1976,0.12372881
Vietnam,VNM,1977,0.12215332
Vietnam,VNM,1978,0.11938415
Vietnam,VNM,1979,0.11619712
Vietnam,VNM,1980,0.113164194
Vietnam,VNM,1981,0.10997775
Vietnam,VNM,1982,0.106887154
Vietnam,VNM,1983,0.1038377
Vietnam,VNM,1984,0.10085595
Vietnam,VNM,1985,0.095088735
Vietnam,VNM,1986,0.09229946
Vietnam,VNM,1987,0.089746386
Vietnam,VNM,1988,0.08688287
Vietnam,VNM,1989,0.08418119
Vietnam,VNM,1990,0.08150578
Vietnam,VNM,1991,0.08024903
Vietnam,VNM,1992,0.08066177
Vietnam,VNM,1993,0.07926838
Vietnam,VNM,1994,0.0771159
Vietnam,VNM,1995,0.074989654
Vietnam,VNM,1996,0.07591949
Vietnam,VNM,1997,0.07636047
Vietnam,VNM,1998,0.07653421
Vietnam,VNM,1999,0.07864989
Vietnam,VNM,2000,0.08035875
Vietnam,VNM,2001,0.08527709
Vietnam,VNM,2002,0.08378588
Vietnam,VNM,2003,0.08271352
Vietnam,VNM,2004,0.080527544
Vietnam,VNM,2005,0.07840834
Vietnam,VNM,2006,0.07725645
Vietnam,VNM,2007,0.075443566
Vietnam,VNM,2008,0.07375922
Vietnam,VNM,2009,0.07286605
Vietnam,VNM,2010,0.07360801
Vietnam,VNM,2011,0.072767295
Vietnam,VNM,2012,0.07151463
Vietnam,VNM,2013,0.07091288
Vietnam,VNM,2014,0.06991197
Vietnam,VNM,2015,0.0754423
Vietnam,VNM,2016,0.074446715
Vietnam,VNM,2017,0.07342427
Vietnam,VNM,2018,0.07223913
Vietnam,VNM,2019,0.06981307
Vietnam,VNM,2020,0.06919918
Vietnam,VNM,2021,0.06866401
Vietnam,VNM,2022,0.06774634
Vietnam,VNM,2023,0.06704866
World,OWID_WRL,1961,0.3588604
World,OWID_WRL,1962,0.35256544
World,OWID_WRL,1963,0.34738326
World,OWID_WRL,1964,0.34073594
World,OWID_WRL,1965,0.3346534
World,OWID_WRL,1966,0.3280311
World,OWID_WRL,1967,0.32170308
World,OWID_WRL,1968,0.31849724
World,OWID_WRL,1969,0.31374404
World,OWID_WRL,1970,0.3064809
World,OWID_WRL,1971,0.29871783
World,OWID_WRL,1972,0.29397833
World,OWID_WRL,1973,0.28837937
World,OWID_WRL,1974,0.28297952
World,OWID_WRL,1975,0.27766335
World,OWID_WRL,1976,0.27398792
World,OWID_WRL,1977,0.2703856
World,OWID_WRL,1978,0.26827866
World,OWID_WRL,1979,0.26478985
World,OWID_WRL,1980,0.26057267
World,OWID_WRL,1981,0.25661805
World,OWID_WRL,1982,0.25421748
World,OWID_WRL,1983,0.25069582
World,OWID_WRL,1984,0.24978384
World,OWID_WRL,1985,0.24791054
World,OWID_WRL,1986,0.24361672
World,OWID_WRL,1987,0.23923017
World,OWID_WRL,1988,0.23448715
World,OWID_WRL,1989,0.23059379
World,OWID_WRL,1990,0.2266742
World,OWID_WRL,1991,0.22323409
World,OWID_WRL,1992,0.24871129
World,OWID_WRL,1993,0.2438402
World,OWID_WRL,1994,0.23948722
World,OWID_WRL,1995,0.23564373
World,OWID_WRL,1996,0.2318984
World,OWID_WRL,1997,0.22912806
World,OWID_WRL,1998,0.22571023
World,OWID_WRL,1999,0.22271702
World,OWID_WRL,2000,0.21886273
World,OWID_WRL,2001,0.21589205
World,OWID_WRL,2002,0.21255566
World,OWID_WRL,2003,0.21004012
World,OWID_WRL,2004,0.20765705
World,OWID_WRL,2005,0.2053783
World,OWID_WRL,2006,0.20262414
World,OWID_WRL,2007,0.19979781
World,OWID_WRL,2008,0.19722399
World,OWID_WRL,2009,0.19550996
World,OWID_WRL,2010,0.19325705
World,OWID_WRL,2011,0.1921182
World,OWID_WRL,2012,0.19192885
World,OWID_WRL,2013,0.18995737
World,OWID_WRL,2014,0.18794091
World,OWID_WRL,2015,0.1861749
World,OWID_WRL,2016,0.1841776
World,OWID_WRL,2017,0.18229188
World,OWID_WRL,2018,0.1802908
World,OWID_WRL,2019,0.17788307
World,OWID_WRL,2020,0.17632236
World,OWID_WRL,2021,0.17489967
World,OWID_WRL,2022,0.17351224
World,OWID_WRL,2023,0.17167939
Yemen,YEM,1961,0.22315618
Yemen,YEM,1962,0.22015762
Yemen,YEM,1963,0.21738634
Yemen,YEM,1964,0.21412016
Yemen,YEM,1965,0.21063359
Yemen,YEM,1966,0.20625068
Yemen,YEM,1967,0.20210409
Yemen,YEM,1968,0.1975929
Yemen,YEM,1969,0.19299407
Yemen,YEM,1970,0.18852758
Yemen,YEM,1971,0.18463755
Yemen,YEM,1972,0.18029326
Yemen,YEM,1973,0.1759463
Yemen,YEM,1974,0.17158887
Yemen,YEM,1975,0.1675765
Yemen,YEM,1976,0.16256937
Yemen,YEM,1977,0.15760465
Yemen,YEM,1978,0.152914
Yemen,YEM,1979,0.14808881
Yemen,YEM,1980,0.1431362
Yemen,YEM,1981,0.13842845
Yemen,YEM,1982,0.13358063
Yemen,YEM,1983,0.12879539
Yemen,YEM,1984,0.12407491
Yemen,YEM,1985,0.11978531
Yemen,YEM,1986,0.11528404
Yemen,YEM,1987,0.11123765
Yemen,YEM,1988,0.10700087
Yemen,YEM,1989,0.1031115
Yemen,YEM,1990,0.109664105
Yemen,YEM,1991,0.10588903
Yemen,YEM,1992,0.09193105
Yemen,YEM,1993,0.10421543
Yemen,YEM,1994,0.10074835
Yemen,YEM,1995,0.09755044
Yemen,YEM,1996,0.095129855
Yemen,YEM,1997,0.08990745
Yemen,YEM,1998,0.08478797
Yemen,YEM,1999,0.08129517
Yemen,YEM,2000,0.07872956
Yemen,YEM,2001,0.07248044
Yemen,YEM,2002,0.067914285
Yemen,YEM,2003,0.058350947
Yemen,YEM,2004,0.059967864
Yemen,YEM,2005,0.056471925
Yemen,YEM,2006,0.05836109
Yemen,YEM,2007,0.056131072
Yemen,YEM,2008,0.049578007
Yemen,YEM,2009,0.04516401
Yemen,YEM,2010,0.048253767
Yemen,YEM,2011,0.0420913
Yemen,YEM,2012,0.042344198
Yemen,YEM,2013,0.040971648
Yemen,YEM,2014,0.038165428
Yemen,YEM,2015,0.03650907
Yemen,YEM,2016,0.034127492
Yemen,YEM,2017,0.035145592
Yemen,YEM,2018,0.034237754
Yemen,YEM,2019,0.032980733
Yemen,YEM,2020,0.032046612
Yemen,YEM,2021,0.031179128
Yemen,YEM,2022,0.030295994
Yemen,YEM,2023,0.029397728
Zambia,ZMB,1961,0.7833229
Zambia,ZMB,1962,0.7599538
Zambia,ZMB,1963,0.7432398
Zambia,ZMB,1964,0.7271422
Zambia,ZMB,1965,0.70529234
Zambia,ZMB,1966,0.6972712
Zambia,ZMB,1967,0.6788026
Zambia,ZMB,1968,0.6653396
Zambia,ZMB,1969,0.6513997
Zambia,ZMB,1970,0.6393291
Zambia,ZMB,1971,0.6509811
Zambia,ZMB,1972,0.635107
Zambia,ZMB,1973,0.61921966
Zambia,ZMB,1974,0.6070936
Zambia,ZMB,1975,0.58616227
Zambia,ZMB,1976,0.56436414
Zambia,ZMB,1977,0.54333067
Zambia,ZMB,1978,0.4980446
Zambia,ZMB,1979,0.4094658
Zambia,ZMB,1980,0.40187266
Zambia,ZMB,1981,0.3991116
Zambia,ZMB,1982,0.3955565
Zambia,ZMB,1983,0.3917858
Zambia,ZMB,1984,0.3884209
Zambia,ZMB,1985,0.3851966
Zambia,ZMB,1986,0.3817378
Zambia,ZMB,1987,0.37865293
Zambia,ZMB,1988,0.37597546
Zambia,ZMB,1989,0.38093525
Zambia,ZMB,1990,0.37129942
Zambia,ZMB,1991,0.3451667
Zambia,ZMB,1992,0.339869
Zambia,ZMB,1993,0.33198306
Zambia,ZMB,1994,0.33231235
Zambia,ZMB,1995,0.32370552
Zambia,ZMB,1996,0.31585777
Zambia,ZMB,1997,0.3078901
Zambia,ZMB,1998,0.2999238
Zambia,ZMB,1999,0.29199165
Zambia,ZMB,2000,0.28389946
Zambia,ZMB,2001,0.26362723
Zambia,ZMB,2002,0.24248801
Zambia,ZMB,2003,0.26166296
Zambia,ZMB,2004,0.25242105
Zambia,ZMB,2005,0.23270263
Zambia,ZMB,2006,0.24840157
Zambia,ZMB,2007,0.23469797
Zambia,ZMB,2008,0.23438476
Zambia,ZMB,2009,0.2631503
Zambia,ZMB,2010,0.24345545
Zambia,ZMB,2011,0.24934554
Zambia,ZMB,2012,0.2548005
Zambia,ZMB,2013,0.24027538
Zambia,ZMB,2014,0.23277299
Zambia,ZMB,2015,0.2256223
Zambia,ZMB,2016,0.21874823
Zambia,ZMB,2017,0.21787342
Zambia,ZMB,2018,0.21142156
Zambia,ZMB,2019,0.20525187
Zambia,ZMB,2020,0.19937673
Zambia,ZMB,2021,0.19384187
Zambia,ZMB,2022,0.18855812
Zambia,ZMB,2023,0.18336259
Zimbabwe,ZWE,1961,0.24937318
Zimbabwe,ZWE,1962,0.25089976
Zimbabwe,ZWE,1963,0.25847355
Zimbabwe,ZWE,1964,0.25813237
Zimbabwe,ZWE,1965,0.25987756
Zimbabwe,ZWE,1966,0.24745029
Zimbabwe,ZWE,1967,0.25395352
Zimbabwe,ZWE,1968,0.24994774
Zimbabwe,ZWE,1969,0.25968674
Zimbabwe,ZWE,1970,0.26391804
Zimbabwe,ZWE,1971,0.27149028
Zimbabwe,ZWE,1972,0.28172177
Zimbabwe,ZWE,1973,0.28293544
Zimbabwe,ZWE,1974,0.28926864
Zimbabwe,ZWE,1975,0.28948578
Zimbabwe,ZWE,1976,0.28788224
Zimbabwe,ZWE,1977,0.29434493
Zimbabwe,ZWE,1978,0.29349247
Zimbabwe,ZWE,1979,0.29534373
Zimbabwe,ZWE,1980,0.28954336
Zimbabwe,ZWE,1981,0.288316
Zimbabwe,ZWE,1982,0.28797773
Zimbabwe,ZWE,1983,0.2991525
Zimbabwe,ZWE,1984,0.2957325
Zimbabwe,ZWE,1985,0.29191366
Zimbabwe,ZWE,1986,0.29518676
Zimbabwe,ZWE,1987,0.27511668
Zimbabwe,ZWE,1988,0.27618012
Zimbabwe,ZWE,1989,0.29221433
Zimbabwe,ZWE,1990,0.29567072
Zimbabwe,ZWE,1991,0.29358438
Zimbabwe,ZWE,1992,0.26162478
Zimbabwe,ZWE,1993,0.2669631
Zimbabwe,ZWE,1994,0.29116398
Zimbabwe,ZWE,1995,0.28633663
Zimbabwe,ZWE,1996,0.29785243
Zimbabwe,ZWE,1997,0.2864067
Zimbabwe,ZWE,1998,0.27914613
Zimbabwe,ZWE,1999,0.2931695
Zimbabwe,ZWE,2000,0.3112197
Zimbabwe,ZWE,2001,0.30070412
Zimbabwe,ZWE,2002,0.301961
Zimbabwe,ZWE,2003,0.29838976
Zimbabwe,ZWE,2004,0.30729678
Zimbabwe,ZWE,2005,0.31241408
Zimbabwe,ZWE,2006,0.32445833
Zimbabwe,ZWE,2007,0.31240097
Zimbabwe,ZWE,2008,0.32795364
Zimbabwe,ZWE,2009,0.3119581
Zimbabwe,ZWE,2010,0.2994786
Zimbabwe,ZWE,2011,0.30892748
Zimbabwe,ZWE,2012,0.29336333
Zimbabwe,ZWE,2013,0.28904623
Zimbabwe,ZWE,2014,0.2848957
Zimbabwe,ZWE,2015,0.2808937
Zimbabwe,ZWE,2016,0.27681422
Zimbabwe,ZWE,2017,0.2726448
Zimbabwe,ZWE,2018,0.26841837
Zimbabwe,ZWE,2019,0.26405624
Zimbabwe,ZWE,2020,0.25951606
Zimbabwe,ZWE,2021,0.25488386
Zimbabwe,ZWE,2022,0.25038376
Zimbabwe,ZWE,2023,0.2460346