Entity,Code,Year,Land use (per capita): Cropland
Afghanistan,AFG,-10000,0
Afghanistan,AFG,-9000,0
Afghanistan,AFG,-8000,0
Afghanistan,AFG,-7000,0
Afghanistan,AFG,-6000,0.7338719
Afghanistan,AFG,-5000,1.3703227
Afghanistan,AFG,-4000,2.011969
Afghanistan,AFG,-3000,2.1294632
Afghanistan,AFG,-2000,2.0367293
Afghanistan,AFG,-1000,1.9231806
Afghanistan,AFG,0,1.7739968
Afghanistan,AFG,100,1.7559731
Afghanistan,AFG,200,1.7371736
Afghanistan,AFG,300,1.717571
Afghanistan,AFG,400,1.6969982
Afghanistan,AFG,500,1.6753823
Afghanistan,AFG,600,1.6525801
Afghanistan,AFG,700,1.6284497
Afghanistan,AFG,800,1.6028117
Afghanistan,AFG,900,1.5754008
Afghanistan,AFG,1000,1.5459522
Afghanistan,AFG,1100,1.5140637
Afghanistan,AFG,1200,1.4792284
Afghanistan,AFG,1300,1.4407732
Afghanistan,AFG,1400,1.3977153
Afghanistan,AFG,1500,1.3485928
Afghanistan,AFG,1600,1.2910472
Afghanistan,AFG,1700,1.2209187
Afghanistan,AFG,1710,1.2129493
Afghanistan,AFG,1720,1.2047646
Afghanistan,AFG,1730,1.1963335
Afghanistan,AFG,1740,1.187679
Afghanistan,AFG,1750,1.1787648
Afghanistan,AFG,1760,1.1695793
Afghanistan,AFG,1770,1.1600884
Afghanistan,AFG,1780,1.1502743
Afghanistan,AFG,1790,1.1401124
Afghanistan,AFG,1800,1.1295747
Afghanistan,AFG,1810,1.1186286
Afghanistan,AFG,1820,1.1072361
Afghanistan,AFG,1830,1.0953549
Afghanistan,AFG,1840,1.0829345
Afghanistan,AFG,1850,1.0699167
Afghanistan,AFG,1860,1.0562326
Afghanistan,AFG,1870,1.0418004
Afghanistan,AFG,1880,1.026521
Afghanistan,AFG,1890,1.0102735
Afghanistan,AFG,1900,0.9929084
Afghanistan,AFG,1910,0.9742354
Afghanistan,AFG,1920,0.9540108
Afghanistan,AFG,1930,0.9319101
Afghanistan,AFG,1940,0.9074876
Afghanistan,AFG,1950,0.8801143
Afghanistan,AFG,1951,0.87718195
Afghanistan,AFG,1952,0.87420964
Afghanistan,AFG,1953,0.8711965
Afghanistan,AFG,1954,0.8681412
Afghanistan,AFG,1955,0.86504203
Afghanistan,AFG,1956,0.8618978
Afghanistan,AFG,1957,0.8587071
Afghanistan,AFG,1958,0.8554682
Afghanistan,AFG,1959,0.8521794
Afghanistan,AFG,1960,0.8488391
Afghanistan,AFG,1961,0.84544545
Afghanistan,AFG,1962,0.8345931
Afghanistan,AFG,1963,0.82337266
Afghanistan,AFG,1964,0.812322
Afghanistan,AFG,1965,0.79590154
Afghanistan,AFG,1966,0.7835638
Afghanistan,AFG,1967,0.76923585
Afghanistan,AFG,1968,0.7525216
Afghanistan,AFG,1969,0.73665774
Afghanistan,AFG,1970,0.7195676
Afghanistan,AFG,1971,0.6926383
Afghanistan,AFG,1972,0.66634095
Afghanistan,AFG,1973,0.64117706
Afghanistan,AFG,1974,0.6178437
Afghanistan,AFG,1975,0.5960732
Afghanistan,AFG,1976,0.59010714
Afghanistan,AFG,1977,0.58428055
Afghanistan,AFG,1978,0.5785679
Afghanistan,AFG,1979,0.57289475
Afghanistan,AFG,1980,0.5674008
Afghanistan,AFG,1981,0.5804528
Afghanistan,AFG,1982,0.5938843
Afghanistan,AFG,1983,0.6078731
Afghanistan,AFG,1984,0.6225368
Afghanistan,AFG,1985,0.6379254
Afghanistan,AFG,1986,0.6338401
Afghanistan,AFG,1987,0.62910306
Afghanistan,AFG,1988,0.6247368
Afghanistan,AFG,1989,0.62081134
Afghanistan,AFG,1990,0.61693496
Afghanistan,AFG,1991,0.55827034
Afghanistan,AFG,1992,0.51031905
Afghanistan,AFG,1993,0.4643351
Afghanistan,AFG,1994,0.42373666
Afghanistan,AFG,1995,0.39227107
Afghanistan,AFG,1996,0.3801859
Afghanistan,AFG,1997,0.37089977
Afghanistan,AFG,1998,0.36375847
Afghanistan,AFG,1999,0.34905323
Afghanistan,AFG,2000,0.341
Afghanistan,AFG,2001,0.32741112
Afghanistan,AFG,2002,0.31462446
Afghanistan,AFG,2003,0.306635
Afghanistan,AFG,2004,0.2973405
Afghanistan,AFG,2005,0.28669494
Afghanistan,AFG,2006,0.27877516
Afghanistan,AFG,2007,0.27164578
Afghanistan,AFG,2008,0.26481175
Afghanistan,AFG,2009,0.2582511
Afghanistan,AFG,2010,0.25203952
Afghanistan,AFG,2011,0.24409704
Afghanistan,AFG,2012,0.23666616
Afghanistan,AFG,2013,0.22958553
Afghanistan,AFG,2014,0.22302249
Afghanistan,AFG,2015,0.2168243
Afghanistan,AFG,2016,0.2109613
Afghanistan,AFG,2017,0.20540702
Afghanistan,AFG,2018,0.20266789
Afghanistan,AFG,2019,0.19759886
Afghanistan,AFG,2020,0.19828983
Afghanistan,AFG,2021,0.19301905
Afghanistan,AFG,2022,0.18802123
Afghanistan,AFG,2023,0.18374221
Afghanistan,AFG,2024,0.17949185
Afghanistan,AFG,2025,0.17544577
Africa,OWID_AFR,-10000,0
Africa,OWID_AFR,-9000,0
Africa,OWID_AFR,-8000,0
Africa,OWID_AFR,-7000,0
Africa,OWID_AFR,-6000,0.0379496
Africa,OWID_AFR,-5000,0.034973912
Africa,OWID_AFR,-4000,0.03490179
Africa,OWID_AFR,-3000,0.042223822
Africa,OWID_AFR,-2000,0.3114088
Africa,OWID_AFR,-1000,0.31660768
Africa,OWID_AFR,0,0.5248653
Africa,OWID_AFR,100,0.52010083
Africa,OWID_AFR,200,0.51489455
Africa,OWID_AFR,300,0.51343524
Africa,OWID_AFR,400,0.5106527
Africa,OWID_AFR,500,0.51304424
Africa,OWID_AFR,600,0.5133018
Africa,OWID_AFR,700,0.4987062
Africa,OWID_AFR,800,0.5213269
Africa,OWID_AFR,900,0.53991735
Africa,OWID_AFR,1000,0.58184445
Africa,OWID_AFR,1100,0.5837265
Africa,OWID_AFR,1200,0.5829062
Africa,OWID_AFR,1300,0.57855207
Africa,OWID_AFR,1400,0.58342224
Africa,OWID_AFR,1500,0.6082349
Africa,OWID_AFR,1600,0.60989445
Africa,OWID_AFR,1700,0.60645753
Africa,OWID_AFR,1710,0.60593724
Africa,OWID_AFR,1720,0.6062724
Africa,OWID_AFR,1730,0.60695124
Africa,OWID_AFR,1740,0.6081899
Africa,OWID_AFR,1750,0.6103885
Africa,OWID_AFR,1760,0.60951436
Africa,OWID_AFR,1770,0.6086504
Africa,OWID_AFR,1780,0.6077831
Africa,OWID_AFR,1790,0.60696256
Africa,OWID_AFR,1800,0.6061694
Africa,OWID_AFR,1810,0.6027318
Africa,OWID_AFR,1820,0.59992534
Africa,OWID_AFR,1830,0.5970169
Africa,OWID_AFR,1840,0.5940321
Africa,OWID_AFR,1850,0.5899564
Africa,OWID_AFR,1860,0.59252006
Africa,OWID_AFR,1870,0.5900788
Africa,OWID_AFR,1880,0.5883465
Africa,OWID_AFR,1890,0.58001137
Africa,OWID_AFR,1900,0.575962
Africa,OWID_AFR,1910,0.5764182
Africa,OWID_AFR,1920,0.5752561
Africa,OWID_AFR,1930,0.5749407
Africa,OWID_AFR,1940,0.5728049
Africa,OWID_AFR,1950,0.5794908
Africa,OWID_AFR,1951,0.57944334
Africa,OWID_AFR,1952,0.5797927
Africa,OWID_AFR,1953,0.58004427
Africa,OWID_AFR,1954,0.5802248
Africa,OWID_AFR,1955,0.58036286
Africa,OWID_AFR,1956,0.5804805
Africa,OWID_AFR,1957,0.58060235
Africa,OWID_AFR,1958,0.58074623
Africa,OWID_AFR,1959,0.5809446
Africa,OWID_AFR,1960,0.5812252
Africa,OWID_AFR,1961,0.5786414
Africa,OWID_AFR,1962,0.5679976
Africa,OWID_AFR,1963,0.56099606
Africa,OWID_AFR,1964,0.55140924
Africa,OWID_AFR,1965,0.5430321
Africa,OWID_AFR,1966,0.53294325
Africa,OWID_AFR,1967,0.5215135
Africa,OWID_AFR,1968,0.5141827
Africa,OWID_AFR,1969,0.5052588
Africa,OWID_AFR,1970,0.4950074
Africa,OWID_AFR,1971,0.486602
Africa,OWID_AFR,1972,0.47726688
Africa,OWID_AFR,1973,0.46706924
Africa,OWID_AFR,1974,0.45519027
Africa,OWID_AFR,1975,0.44853008
Africa,OWID_AFR,1976,0.43921003
Africa,OWID_AFR,1977,0.42904913
Africa,OWID_AFR,1978,0.42099142
Africa,OWID_AFR,1979,0.41002837
Africa,OWID_AFR,1980,0.39983454
Africa,OWID_AFR,1981,0.38972694
Africa,OWID_AFR,1982,0.38125896
Africa,OWID_AFR,1983,0.37225395
Africa,OWID_AFR,1984,0.36497805
Africa,OWID_AFR,1985,0.3609078
Africa,OWID_AFR,1986,0.3532152
Africa,OWID_AFR,1987,0.3442401
Africa,OWID_AFR,1988,0.3374003
Africa,OWID_AFR,1989,0.33055532
Africa,OWID_AFR,1990,0.3263076
Africa,OWID_AFR,1991,0.32173073
Africa,OWID_AFR,1992,0.31859508
Africa,OWID_AFR,1993,0.31534445
Africa,OWID_AFR,1994,0.3102549
Africa,OWID_AFR,1995,0.31092665
Africa,OWID_AFR,1996,0.30714622
Africa,OWID_AFR,1997,0.3011393
Africa,OWID_AFR,1998,0.2952089
Africa,OWID_AFR,1999,0.29201984
Africa,OWID_AFR,2000,0.28595385
Africa,OWID_AFR,2001,0.28044984
Africa,OWID_AFR,2002,0.2762259
Africa,OWID_AFR,2003,0.27684763
Africa,OWID_AFR,2004,0.27221093
Africa,OWID_AFR,2005,0.26988864
Africa,OWID_AFR,2006,0.2649289
Africa,OWID_AFR,2007,0.2625062
Africa,OWID_AFR,2008,0.2594954
Africa,OWID_AFR,2009,0.2589279
Africa,OWID_AFR,2010,0.2571951
Africa,OWID_AFR,2011,0.25702772
Africa,OWID_AFR,2012,0.25796434
Africa,OWID_AFR,2013,0.25520402
Africa,OWID_AFR,2014,0.25112092
Africa,OWID_AFR,2015,0.24832363
Africa,OWID_AFR,2016,0.24537148
Africa,OWID_AFR,2017,0.2426469
Africa,OWID_AFR,2018,0.24069096
Africa,OWID_AFR,2019,0.23658405
Africa,OWID_AFR,2020,0.23272786
Africa,OWID_AFR,2021,0.23137021
Africa,OWID_AFR,2022,0.22757249
Africa,OWID_AFR,2023,0.22513199
Africa,OWID_AFR,2024,0.22254199
Africa,OWID_AFR,2025,0.2199213
Albania,ALB,-10000,0
Albania,ALB,-9000,0
Albania,ALB,-8000,0
Albania,ALB,-7000,0
Albania,ALB,-6000,0.78603953
Albania,ALB,-5000,0.7653537
Albania,ALB,-4000,0.7421545
Albania,ALB,-3000,0.71562946
Albania,ALB,-2000,0.68446517
Albania,ALB,-1000,0.646307
Albania,ALB,0,0.59617037
Albania,ALB,100,0.5901186
Albania,ALB,200,0.5838071
Albania,ALB,300,0.57721037
Albania,ALB,400,0.5702974
Albania,ALB,500,0.5630321
Albania,ALB,600,0.55537117
Albania,ALB,700,0.54726255
Albania,ALB,800,0.5386428
Albania,ALB,900,0.52943325
Albania,ALB,1000,0.5195342
Albania,ALB,1100,0.5088177
Albania,ALB,1200,0.4971139
Albania,ALB,1300,0.48419133
Albania,ALB,1400,0.4697208
Albania,ALB,1500,0.45321032
Albania,ALB,1600,0.43387055
Albania,ALB,1700,0.4103031
Albania,ALB,1710,0.40762487
Albania,ALB,1720,0.40487435
Albania,ALB,1730,0.40204698
Albania,ALB,1740,0.3991378
Albania,ALB,1750,0.3961412
Albania,ALB,1760,0.3930511
Albania,ALB,1770,0.38986066
Albania,ALB,1780,0.38656223
Albania,ALB,1790,0.38314724
Albania,ALB,1800,0.37960595
Albania,ALB,1810,0.37592736
Albania,ALB,1820,0.37209886
Albania,ALB,1830,0.36810604
Albania,ALB,1840,0.36393198
Albania,ALB,1850,0.3595572
Albania,ALB,1860,0.35495856
Albania,ALB,1870,0.3501084
Albania,ALB,1880,0.34497362
Albania,ALB,1890,0.3395135
Albania,ALB,1900,0.33367774
Albania,ALB,1910,0.32740265
Albania,ALB,1920,0.32060596
Albania,ALB,1930,0.3131787
Albania,ALB,1940,0.3049716
Albania,ALB,1950,0.29577228
Albania,ALB,1951,0.2947868
Albania,ALB,1952,0.29378793
Albania,ALB,1953,0.29277527
Albania,ALB,1954,0.29174843
Albania,ALB,1955,0.29070693
Albania,ALB,1956,0.28965026
Albania,ALB,1957,0.28857797
Albania,ALB,1958,0.28748947
Albania,ALB,1959,0.28638428
Albania,ALB,1960,0.28526175
Albania,ALB,1961,0.28412125
Albania,ALB,1962,0.28026456
Albania,ALB,1963,0.27645385
Albania,ALB,1964,0.27175194
Albania,ALB,1965,0.2752983
Albania,ALB,1966,0.27723798
Albania,ALB,1967,0.2781818
Albania,ALB,1968,0.27816397
Albania,ALB,1969,0.27861747
Albania,ALB,1970,0.27852717
Albania,ALB,1971,0.2770165
Albania,ALB,1972,0.27686033
Albania,ALB,1973,0.2758019
Albania,ALB,1974,0.27645123
Albania,ALB,1975,0.2745488
Albania,ALB,1976,0.27796534
Albania,ALB,1977,0.27483526
Albania,ALB,1978,0.27101114
Albania,ALB,1979,0.2653938
Albania,ALB,1980,0.26181924
Albania,ALB,1981,0.25810423
Albania,ALB,1982,0.25427553
Albania,ALB,1983,0.24976923
Albania,ALB,1984,0.24572717
Albania,ALB,1985,0.24032643
Albania,ALB,1986,0.23446181
Albania,ALB,1987,0.2287482
Albania,ALB,1988,0.2233297
Albania,ALB,1989,0.21729402
Albania,ALB,1990,0.21453904
Albania,ALB,1991,0.21462825
Albania,ALB,1992,0.216936
Albania,ALB,1993,0.22009146
Albania,ALB,1994,0.22352453
Albania,ALB,1995,0.22596063
Albania,ALB,1996,0.22702077
Albania,ALB,1997,0.22631449
Albania,ALB,1998,0.22521079
Albania,ALB,1999,0.22435659
Albania,ALB,2000,0.22389708
Albania,ALB,2001,0.22386569
Albania,ALB,2002,0.2241082
Albania,ALB,2003,0.22468624
Albania,ALB,2004,0.22564787
Albania,ALB,2005,0.21401809
Albania,ALB,2006,0.23081978
Albania,ALB,2007,0.2308272
Albania,ALB,2008,0.23298173
Albania,ALB,2009,0.234926
Albania,ALB,2010,0.2172092
Albania,ALB,2011,0.21672803
Albania,ALB,2012,0.21624894
Albania,ALB,2013,0.21586502
Albania,ALB,2014,0.21529715
Albania,ALB,2015,0.21485524
Albania,ALB,2016,0.21672608
Albania,ALB,2017,0.2140698
Albania,ALB,2018,0.21360259
Albania,ALB,2019,0.21319841
Albania,ALB,2020,0.21021377
Albania,ALB,2021,0.20992863
Albania,ALB,2022,0.2093073
Albania,ALB,2023,0.20781237
Albania,ALB,2024,0.20669758
Albania,ALB,2025,0.20558573
Algeria,DZA,-10000,0
Algeria,DZA,-9000,0
Algeria,DZA,-8000,0
Algeria,DZA,-7000,0
Algeria,DZA,-6000,0
Algeria,DZA,-5000,0
Algeria,DZA,-4000,0
Algeria,DZA,-3000,0
Algeria,DZA,-2000,0
Algeria,DZA,-1000,0
Algeria,DZA,0,0.5123249
Algeria,DZA,100,0.512325
Algeria,DZA,200,0.512325
Algeria,DZA,300,0.5123249
Algeria,DZA,400,0.5123249
Algeria,DZA,500,0.5123249
Algeria,DZA,600,0.5123247
Algeria,DZA,700,0.5123249
Algeria,DZA,800,0.512325
Algeria,DZA,900,0.512325
Algeria,DZA,1000,0.5123249
Algeria,DZA,1100,0.512325
Algeria,DZA,1200,0.5123249
Algeria,DZA,1300,0.512325
Algeria,DZA,1400,0.5123249
Algeria,DZA,1500,0.5123249
Algeria,DZA,1600,0.5123249
Algeria,DZA,1700,0.5123249
Algeria,DZA,1710,0.512325
Algeria,DZA,1720,0.512325
Algeria,DZA,1730,0.5123249
Algeria,DZA,1740,0.5123249
Algeria,DZA,1750,0.512325
Algeria,DZA,1760,0.5123249
Algeria,DZA,1770,0.5123249
Algeria,DZA,1780,0.512325
Algeria,DZA,1790,0.5123249
Algeria,DZA,1800,0.5123249
Algeria,DZA,1810,0.5123249
Algeria,DZA,1820,0.5123249
Algeria,DZA,1830,0.5123249
Algeria,DZA,1840,0.5123249
Algeria,DZA,1850,0.5240586
Algeria,DZA,1860,0.52536225
Algeria,DZA,1870,0.5268108
Algeria,DZA,1880,0.5284204
Algeria,DZA,1890,0.5302088
Algeria,DZA,1900,0.5321959
Algeria,DZA,1910,0.53440386
Algeria,DZA,1920,0.53685707
Algeria,DZA,1930,0.5395828
Algeria,DZA,1940,0.5426115
Algeria,DZA,1950,0.5459766
Algeria,DZA,1951,0.54971564
Algeria,DZA,1952,0.5538702
Algeria,DZA,1953,0.55848634
Algeria,DZA,1954,0.5636154
Algeria,DZA,1955,0.5693143
Algeria,DZA,1956,0.5756464
Algeria,DZA,1957,0.58268213
Algeria,DZA,1958,0.59049964
Algeria,DZA,1959,0.59918576
Algeria,DZA,1960,0.60883695
Algeria,DZA,1961,0.6195605
Algeria,DZA,1962,0.59024036
Algeria,DZA,1963,0.5682038
Algeria,DZA,1964,0.54920435
Algeria,DZA,1965,0.53726345
Algeria,DZA,1966,0.52263945
Algeria,DZA,1967,0.5141455
Algeria,DZA,1968,0.49380156
Algeria,DZA,1969,0.47983524
Algeria,DZA,1970,0.46735287
Algeria,DZA,1971,0.46664098
Algeria,DZA,1972,0.46244112
Algeria,DZA,1973,0.45145574
Algeria,DZA,1974,0.44112453
Algeria,DZA,1975,0.448558
Algeria,DZA,1976,0.45060453
Algeria,DZA,1977,0.42633814
Algeria,DZA,1978,0.41411513
Algeria,DZA,1979,0.39961067
Algeria,DZA,1980,0.38830855
Algeria,DZA,1981,0.3765607
Algeria,DZA,1982,0.36494502
Algeria,DZA,1983,0.34063038
Algeria,DZA,1984,0.34301868
Algeria,DZA,1985,0.33284727
Algeria,DZA,1986,0.32412168
Algeria,DZA,1987,0.31875715
Algeria,DZA,1988,0.31075788
Algeria,DZA,1989,0.30378887
Algeria,DZA,1990,0.29464698
Algeria,DZA,1991,0.29396334
Algeria,DZA,1992,0.2966774
Algeria,DZA,1993,0.28812867
Algeria,DZA,1994,0.2830883
Algeria,DZA,1995,0.2781598
Algeria,DZA,1996,0.2774094
Algeria,DZA,1997,0.27349856
Algeria,DZA,1998,0.2700451
Algeria,DZA,1999,0.26627165
Algeria,DZA,2000,0.2617716
Algeria,DZA,2001,0.2597482
Algeria,DZA,2002,0.2576873
Algeria,DZA,2003,0.25602213
Algeria,DZA,2004,0.2547282
Algeria,DZA,2005,0.2516799
Algeria,DZA,2006,0.24838783
Algeria,DZA,2007,0.24489805
Algeria,DZA,2008,0.24093132
Algeria,DZA,2009,0.23715869
Algeria,DZA,2010,0.23315556
Algeria,DZA,2011,0.22894591
Algeria,DZA,2012,0.2247657
Algeria,DZA,2013,0.2207224
Algeria,DZA,2014,0.21731836
Algeria,DZA,2015,0.21351944
Algeria,DZA,2016,0.20978592
Algeria,DZA,2017,0.20643081
Algeria,DZA,2018,0.2032289
Algeria,DZA,2019,0.20090121
Algeria,DZA,2020,0.1969633
Algeria,DZA,2021,0.19490954
Algeria,DZA,2022,0.19389488
Algeria,DZA,2023,0.19172755
Algeria,DZA,2024,0.18996292
Algeria,DZA,2025,0.1882295
American Samoa,ASM,0,0
American Samoa,ASM,100,0
American Samoa,ASM,200,0
American Samoa,ASM,300,0
American Samoa,ASM,400,0
American Samoa,ASM,500,0.9924011
American Samoa,ASM,600,0.9692274
American Samoa,ASM,700,0.94488925
American Samoa,ASM,800,0.9192281
American Samoa,ASM,900,0.8920483
American Samoa,ASM,1000,0.8631028
American Samoa,ASM,1100,0.83207357
American Samoa,ASM,1200,0.7985396
American Samoa,ASM,1300,0.76192427
American Samoa,ASM,1400,0.7214047
American Samoa,ASM,1500,0.6757365
American Samoa,ASM,1600,0.6228867
American Samoa,ASM,1700,0.5591211
American Samoa,ASM,1710,0.5518967
American Samoa,ASM,1720,0.544478
American Samoa,ASM,1730,0.5368516
American Samoa,ASM,1740,0.529002
American Samoa,ASM,1750,0.52091235
American Samoa,ASM,1760,0.5125632
American Samoa,ASM,1770,0.5039329
American Samoa,ASM,1780,0.4949964
American Samoa,ASM,1790,0.485725
American Samoa,ASM,1800,0.47608548
American Samoa,ASM,1810,0.46603894
American Samoa,ASM,1820,0.45553952
American Samoa,ASM,1830,0.44453242
American Samoa,ASM,1840,0.43295145
American Samoa,ASM,1850,0.4207154
American Samoa,ASM,1860,0.40772283
American Samoa,ASM,1870,0.39384493
American Samoa,ASM,1880,0.3789133
American Samoa,ASM,1890,0.36270183
American Samoa,ASM,1900,0.34489506
American Samoa,ASM,1910,0.325031
American Samoa,ASM,1920,0.3023874
American Samoa,ASM,1930,0.27572381
American Samoa,ASM,1940,0.24257249
American Samoa,ASM,1950,0.1964809
American Samoa,ASM,1951,0.1905274
American Samoa,ASM,1952,0.18417655
American Samoa,ASM,1953,0.17735463
American Samoa,ASM,1954,0.1699632
American Samoa,ASM,1955,0.16186602
American Samoa,ASM,1956,0.1528659
American Samoa,ASM,1957,0.14265914
American Samoa,ASM,1958,0.13073596
American Samoa,ASM,1959,0.11611897
American Samoa,ASM,1960,0.09643731
American Samoa,ASM,1961,0.09421068
American Samoa,ASM,1962,0.09139555
American Samoa,ASM,1963,0.08820034
American Samoa,ASM,1964,0.08502951
American Samoa,ASM,1965,0.08205782
American Samoa,ASM,1966,0.079355285
American Samoa,ASM,1967,0.07684344
American Samoa,ASM,1968,0.07456055
American Samoa,ASM,1969,0.07251822
American Samoa,ASM,1970,0.07071669
American Samoa,ASM,1971,0.06913597
American Samoa,ASM,1972,0.06773831
American Samoa,ASM,1973,0.06651961
American Samoa,ASM,1974,0.06545035
American Samoa,ASM,1975,0.064479485
American Samoa,ASM,1976,0.06365225
American Samoa,ASM,1977,0.06288898
American Samoa,ASM,1978,0.06205388
American Samoa,ASM,1979,0.060935177
American Samoa,ASM,1980,0.059463285
American Samoa,ASM,1981,0.05762398
American Samoa,ASM,1982,0.055558752
American Samoa,ASM,1983,0.05337389
American Samoa,ASM,1984,0.05120993
American Samoa,ASM,1985,0.04918325
American Samoa,ASM,1986,0.04726106
American Samoa,ASM,1987,0.04546525
American Samoa,ASM,1988,0.04381683
American Samoa,ASM,1989,0.04233106
American Samoa,ASM,1990,0.041030653
American Samoa,ASM,1991,0.040599484
American Samoa,ASM,1992,0.040287945
American Samoa,ASM,1993,0.04006309
American Samoa,ASM,1994,0.03988186
American Samoa,ASM,1995,0.03972157
American Samoa,ASM,1996,0.039570548
American Samoa,ASM,1997,0.039460514
American Samoa,ASM,1998,0.039391067
American Samoa,ASM,1999,0.039387
American Samoa,ASM,2000,0.039463848
American Samoa,ASM,2001,0.039535884
American Samoa,ASM,2002,0.039672405
American Samoa,ASM,2003,0.039920837
American Samoa,ASM,2004,0.040328022
American Samoa,ASM,2005,0.04093508
American Samoa,ASM,2006,0.04177323
American Samoa,ASM,2007,0.04283025
American Samoa,ASM,2008,0.044011924
American Samoa,ASM,2009,0.045174025
American Samoa,ASM,2010,0.04619228
American Samoa,ASM,2011,0.046999276
American Samoa,ASM,2012,0.04761905
American Samoa,ASM,2013,0.048095178
American Samoa,ASM,2014,0.04852355
American Samoa,ASM,2015,0.048976358
American Samoa,ASM,2016,0.04946132
American Samoa,ASM,2017,0.049963158
American Samoa,ASM,2018,0.05046786
American Samoa,ASM,2019,0.050962728
American Samoa,ASM,2020,0.051641103
American Samoa,ASM,2021,0.050950047
American Samoa,ASM,2022,0.050245777
American Samoa,ASM,2023,0.051935144
American Samoa,ASM,2024,0.054108024
American Samoa,ASM,2025,0.057122856
Andorra,AND,-10000,0
Andorra,AND,-9000,0
Andorra,AND,-8000,0
Andorra,AND,-7000,0
Andorra,AND,-6000,0
Andorra,AND,-5000,0
Andorra,AND,-4000,0
Andorra,AND,-3000,0
Andorra,AND,-2000,0
Andorra,AND,-1000,1.2557591
Andorra,AND,0,1.0945691
Andorra,AND,100,1.0756342
Andorra,AND,200,1.0560082
Andorra,AND,300,1.0356241
Andorra,AND,400,1.0144044
Andorra,AND,500,0.9922578
Andorra,AND,600,0.9690757
Andorra,AND,700,0.9447281
Andorra,AND,800,0.91905624
Andorra,AND,900,0.8918642
Andorra,AND,1000,0.8629043
Andorra,AND,1100,0.83185804
Andorra,AND,1200,0.79830337
Andorra,AND,1300,0.7616626
Andorra,AND,1400,0.7211101
Andorra,AND,1500,0.6753978
Andorra,AND,1600,0.6224846
Andorra,AND,1700,0.55861753
Andorra,AND,1710,0.5513795
Andorra,AND,1720,0.5439462
Andorra,AND,1730,0.53630394
Andorra,AND,1740,0.5284375
Andorra,AND,1750,0.5203296
Andorra,AND,1760,0.5119608
Andorra,AND,1770,0.50330913
Andorra,AND,1780,0.49434927
Andorra,AND,1790,0.48505232
Andorra,AND,1800,0.47538465
Andorra,AND,1810,0.4653069
Andorra,AND,1820,0.45477262
Andorra,AND,1830,0.4437263
Andorra,AND,1840,0.43210074
Andorra,AND,1850,0.4198135
Andorra,AND,1860,0.40676162
Andorra,AND,1870,0.39281362
Andorra,AND,1880,0.37779775
Andorra,AND,1890,0.36148283
Andorra,AND,1900,0.34354505
Andorra,AND,1910,0.3235085
Andorra,AND,1920,0.30062485
Andorra,AND,1930,0.2735981
Andorra,AND,1940,0.23981364
Andorra,AND,1950,0.19222865
Andorra,AND,1951,0.18599504
Andorra,AND,1952,0.17931302
Andorra,AND,1953,0.172092
Andorra,AND,1954,0.16420813
Andorra,AND,1955,0.1554844
Andorra,AND,1956,0.14565356
Andorra,AND,1957,0.13427915
Andorra,AND,1958,0.12056014
Andorra,AND,1959,0.10270768
Andorra,AND,1960,0.07456566
Andorra,AND,1961,0.069565214
Andorra,AND,1962,0.06506181
Andorra,AND,1963,0.060931027
Andorra,AND,1964,0.05724426
Andorra,AND,1965,0.05391126
Andorra,AND,1966,0.050898355
Andorra,AND,1967,0.0481742
Andorra,AND,1968,0.04568296
Andorra,AND,1969,0.043368895
Andorra,AND,1970,0.04119295
Andorra,AND,1971,0.039125163
Andorra,AND,1972,0.03718578
Andorra,AND,1973,0.035420798
Andorra,AND,1974,0.03387534
Andorra,AND,1975,0.032567985
Andorra,AND,1976,0.0314693
Andorra,AND,1977,0.030514784
Andorra,AND,1978,0.029641047
Andorra,AND,1979,0.028720777
Andorra,AND,1980,0.027726177
Andorra,AND,1981,0.026666667
Andorra,AND,1982,0.025566293
Andorra,AND,1983,0.024469621
Andorra,AND,1984,0.023415914
Andorra,AND,1985,0.022421524
Andorra,AND,1986,0.021497518
Andorra,AND,1987,0.020637706
Andorra,AND,1988,0.019827893
Andorra,AND,1989,0.019066503
Andorra,AND,1990,0.018345594
Andorra,AND,1991,0.01764571
Andorra,AND,1992,0.016981388
Andorra,AND,1993,0.01640124
Andorra,AND,1994,0.015954817
Andorra,AND,1995,0.015661707
Andorra,AND,1996,0.015537601
Andorra,AND,1997,0.015545572
Andorra,AND,1998,0.015590409
Andorra,AND,1999,0.015535187
Andorra,AND,2000,0.015292858
Andorra,AND,2001,0.011137346
Andorra,AND,2002,0.012134363
Andorra,AND,2003,0.011751524
Andorra,AND,2004,0.0106237875
Andorra,AND,2005,0.01014366
Andorra,AND,2006,0.0096307
Andorra,AND,2007,0.009312676
Andorra,AND,2008,0.009062615
Andorra,AND,2009,0.009116526
Andorra,AND,2010,0.009117929
Andorra,AND,2011,0.0091939205
Andorra,AND,2012,0.009219833
Andorra,AND,2013,0.010026243
Andorra,AND,2014,0.010098077
Andorra,AND,2015,0.010382753
Andorra,AND,2016,0.010610629
Andorra,AND,2017,0.010654193
Andorra,AND,2018,0.010837784
Andorra,AND,2019,0.010381202
Andorra,AND,2020,0.01007074
Andorra,AND,2021,0.009785702
Andorra,AND,2022,0.009771035
Andorra,AND,2023,0.009351144
Andorra,AND,2024,0.0090788035
Andorra,AND,2025,0.0088075865
Angola,AGO,-10000,0
Angola,AGO,-9000,0
Angola,AGO,-8000,0
Angola,AGO,-7000,0
Angola,AGO,-6000,0
Angola,AGO,-5000,0
Angola,AGO,-4000,0
Angola,AGO,-3000,0
Angola,AGO,-2000,0
Angola,AGO,-1000,0
Angola,AGO,0,0
Angola,AGO,100,0
Angola,AGO,200,0
Angola,AGO,300,0
Angola,AGO,400,0
Angola,AGO,500,0
Angola,AGO,600,0
Angola,AGO,700,0
Angola,AGO,800,0
Angola,AGO,900,0
Angola,AGO,1000,0
Angola,AGO,1100,0
Angola,AGO,1200,0
Angola,AGO,1300,0
Angola,AGO,1400,0
Angola,AGO,1500,0.55101454
Angola,AGO,1600,0.55101454
Angola,AGO,1700,0.55101454
Angola,AGO,1710,0.55101454
Angola,AGO,1720,0.5510145
Angola,AGO,1730,0.5510146
Angola,AGO,1740,0.55101454
Angola,AGO,1750,0.55101454
Angola,AGO,1760,0.55101454
Angola,AGO,1770,0.55101454
Angola,AGO,1780,0.55101454
Angola,AGO,1790,0.5510146
Angola,AGO,1800,0.5510146
Angola,AGO,1810,0.5510146
Angola,AGO,1820,0.5510145
Angola,AGO,1830,0.55101454
Angola,AGO,1840,0.55101454
Angola,AGO,1850,0.5510146
Angola,AGO,1860,0.5510146
Angola,AGO,1870,0.5510146
Angola,AGO,1880,0.55101454
Angola,AGO,1890,0.55101454
Angola,AGO,1900,0.55101454
Angola,AGO,1910,0.55101454
Angola,AGO,1920,0.55101454
Angola,AGO,1930,0.55101454
Angola,AGO,1940,0.5510146
Angola,AGO,1950,0.5510146
Angola,AGO,1951,0.55101454
Angola,AGO,1952,0.5510146
Angola,AGO,1953,0.5510146
Angola,AGO,1954,0.55101454
Angola,AGO,1955,0.5510146
Angola,AGO,1956,0.55101454
Angola,AGO,1957,0.5510146
Angola,AGO,1958,0.5510146
Angola,AGO,1959,0.5510146
Angola,AGO,1960,0.55101454
Angola,AGO,1961,0.55101454
Angola,AGO,1962,0.5455109
Angola,AGO,1963,0.538424
Angola,AGO,1964,0.5333709
Angola,AGO,1965,0.5271389
Angola,AGO,1966,0.52299845
Angola,AGO,1967,0.51909626
Angola,AGO,1968,0.51503795
Angola,AGO,1969,0.5118453
Angola,AGO,1970,0.5017427
Angola,AGO,1971,0.4908139
Angola,AGO,1972,0.4792219
Angola,AGO,1973,0.46716386
Angola,AGO,1974,0.45488977
Angola,AGO,1975,0.44256547
Angola,AGO,1976,0.4050122
Angola,AGO,1977,0.39355612
Angola,AGO,1978,0.38203722
Angola,AGO,1979,0.369148
Angola,AGO,1980,0.35666692
Angola,AGO,1981,0.34290633
Angola,AGO,1982,0.33082324
Angola,AGO,1983,0.318681
Angola,AGO,1984,0.30747312
Angola,AGO,1985,0.29785913
Angola,AGO,1986,0.28385583
Angola,AGO,1987,0.276335
Angola,AGO,1988,0.2692382
Angola,AGO,1989,0.26210687
Angola,AGO,1990,0.25469458
Angola,AGO,1991,0.25092712
Angola,AGO,1992,0.24675469
Angola,AGO,1993,0.23873945
Angola,AGO,1994,0.23119214
Angola,AGO,1995,0.22426248
Angola,AGO,1996,0.21794975
Angola,AGO,1997,0.2120753
Angola,AGO,1998,0.20639412
Angola,AGO,1999,0.2006299
Angola,AGO,2000,0.19463626
Angola,AGO,2001,0.18842077
Angola,AGO,2002,0.18779184
Angola,AGO,2003,0.19227211
Angola,AGO,2004,0.18552172
Angola,AGO,2005,0.17900486
Angola,AGO,2006,0.17273374
Angola,AGO,2007,0.17144744
Angola,AGO,2008,0.16544558
Angola,AGO,2009,0.18780865
Angola,AGO,2010,0.18978028
Angola,AGO,2011,0.20329136
Angola,AGO,2012,0.1967685
Angola,AGO,2013,0.19683191
Angola,AGO,2014,0.19670585
Angola,AGO,2015,0.1944375
Angola,AGO,2016,0.196375
Angola,AGO,2017,0.19071984
Angola,AGO,2018,0.18530303
Angola,AGO,2019,0.18016598
Angola,AGO,2020,0.17528519
Angola,AGO,2021,0.1719321
Angola,AGO,2022,0.16856232
Angola,AGO,2023,0.16550806
Angola,AGO,2024,0.16250628
Angola,AGO,2025,0.15961564
Anguilla,AIA,-10000,0
Anguilla,AIA,-9000,0
Anguilla,AIA,-8000,0
Anguilla,AIA,-7000,0
Anguilla,AIA,-6000,0
Anguilla,AIA,-5000,0
Anguilla,AIA,-4000,0
Anguilla,AIA,-3000,0
Anguilla,AIA,-2000,0
Anguilla,AIA,-1000,0
Anguilla,AIA,0,0
Anguilla,AIA,100,0
Anguilla,AIA,200,0
Anguilla,AIA,300,0
Anguilla,AIA,400,0
Anguilla,AIA,500,0
Anguilla,AIA,600,0
Anguilla,AIA,700,0
Anguilla,AIA,800,0
Anguilla,AIA,900,0
Anguilla,AIA,1000,0
Anguilla,AIA,1100,0
Anguilla,AIA,1200,0
Anguilla,AIA,1300,0
Anguilla,AIA,1400,0
Anguilla,AIA,1500,0
Anguilla,AIA,1600,0
Anguilla,AIA,1700,0
Anguilla,AIA,1710,0
Anguilla,AIA,1720,0
Anguilla,AIA,1730,0
Anguilla,AIA,1740,0
Anguilla,AIA,1750,0
Anguilla,AIA,1760,0
Anguilla,AIA,1770,0
Anguilla,AIA,1780,0
Anguilla,AIA,1790,0
Anguilla,AIA,1800,0
Anguilla,AIA,1810,0
Anguilla,AIA,1820,0
Anguilla,AIA,1830,0
Anguilla,AIA,1840,0
Anguilla,AIA,1850,0
Anguilla,AIA,1860,0
Anguilla,AIA,1870,0
Anguilla,AIA,1880,0
Anguilla,AIA,1890,0
Anguilla,AIA,1900,0
Anguilla,AIA,1910,0
Anguilla,AIA,1920,0
Anguilla,AIA,1930,0
Anguilla,AIA,1940,0
Anguilla,AIA,1950,0
Anguilla,AIA,1951,0
Anguilla,AIA,1952,0
Anguilla,AIA,1953,0
Anguilla,AIA,1954,0
Anguilla,AIA,1955,0
Anguilla,AIA,1956,0
Anguilla,AIA,1957,0
Anguilla,AIA,1958,0
Anguilla,AIA,1959,0
Anguilla,AIA,1960,0
Anguilla,AIA,1961,0
Anguilla,AIA,1962,0
Anguilla,AIA,1963,0
Anguilla,AIA,1964,0
Anguilla,AIA,1965,0
Anguilla,AIA,1966,0
Anguilla,AIA,1967,0
Anguilla,AIA,1968,0
Anguilla,AIA,1969,0
Anguilla,AIA,1970,0
Anguilla,AIA,1971,0
Anguilla,AIA,1972,0
Anguilla,AIA,1973,0
Anguilla,AIA,1974,0
Anguilla,AIA,1975,0
Anguilla,AIA,1976,0
Anguilla,AIA,1977,0
Anguilla,AIA,1978,0
Anguilla,AIA,1979,0
Anguilla,AIA,1980,0
Anguilla,AIA,1981,0
Anguilla,AIA,1982,0
Anguilla,AIA,1983,0
Anguilla,AIA,1984,0
Anguilla,AIA,1985,0
Anguilla,AIA,1986,0
Anguilla,AIA,1987,0
Anguilla,AIA,1988,0
Anguilla,AIA,1989,0
Anguilla,AIA,1990,0
Anguilla,AIA,1991,0
Anguilla,AIA,1992,0
Anguilla,AIA,1993,0
Anguilla,AIA,1994,0
Anguilla,AIA,1995,0
Anguilla,AIA,1996,0
Anguilla,AIA,1997,0
Anguilla,AIA,1998,0
Anguilla,AIA,1999,0
Anguilla,AIA,2000,0
Anguilla,AIA,2001,0
Anguilla,AIA,2002,0
Anguilla,AIA,2003,0
Anguilla,AIA,2004,0
Anguilla,AIA,2005,0
Anguilla,AIA,2006,0
Anguilla,AIA,2007,0
Anguilla,AIA,2008,0
Anguilla,AIA,2009,0
Anguilla,AIA,2010,0
Anguilla,AIA,2011,0
Anguilla,AIA,2012,0
Anguilla,AIA,2013,0
Anguilla,AIA,2014,0
Anguilla,AIA,2015,0
Anguilla,AIA,2016,0
Anguilla,AIA,2017,0
Anguilla,AIA,2018,0
Anguilla,AIA,2019,0
Anguilla,AIA,2020,0
Anguilla,AIA,2021,0
Anguilla,AIA,2022,0
Anguilla,AIA,2023,0
Anguilla,AIA,2024,0
Anguilla,AIA,2025,0
Antigua and Barbuda,ATG,-10000,0
Antigua and Barbuda,ATG,-9000,0
Antigua and Barbuda,ATG,-8000,0
Antigua and Barbuda,ATG,-7000,0
Antigua and Barbuda,ATG,-6000,0
Antigua and Barbuda,ATG,-5000,0
Antigua and Barbuda,ATG,-4000,0
Antigua and Barbuda,ATG,-3000,0
Antigua and Barbuda,ATG,-2000,0
Antigua and Barbuda,ATG,-1000,0
Antigua and Barbuda,ATG,0,0
Antigua and Barbuda,ATG,100,0
Antigua and Barbuda,ATG,200,0
Antigua and Barbuda,ATG,300,0
Antigua and Barbuda,ATG,400,0
Antigua and Barbuda,ATG,500,0
Antigua and Barbuda,ATG,600,0
Antigua and Barbuda,ATG,700,0
Antigua and Barbuda,ATG,800,0
Antigua and Barbuda,ATG,900,0
Antigua and Barbuda,ATG,1000,0
Antigua and Barbuda,ATG,1100,0
Antigua and Barbuda,ATG,1200,0
Antigua and Barbuda,ATG,1300,0
Antigua and Barbuda,ATG,1400,0
Antigua and Barbuda,ATG,1500,0.6074987
Antigua and Barbuda,ATG,1600,0.60756314
Antigua and Barbuda,ATG,1700,0.60762745
Antigua and Barbuda,ATG,1710,0.60763395
Antigua and Barbuda,ATG,1720,0.60764045
Antigua and Barbuda,ATG,1730,0.6076469
Antigua and Barbuda,ATG,1740,0.6076533
Antigua and Barbuda,ATG,1750,0.6076597
Antigua and Barbuda,ATG,1760,0.60766613
Antigua and Barbuda,ATG,1770,0.6076726
Antigua and Barbuda,ATG,1780,0.607679
Antigua and Barbuda,ATG,1790,0.60768545
Antigua and Barbuda,ATG,1800,0.60769194
Antigua and Barbuda,ATG,1810,0.60769826
Antigua and Barbuda,ATG,1820,0.60770476
Antigua and Barbuda,ATG,1830,0.6077112
Antigua and Barbuda,ATG,1840,0.5720845
Antigua and Barbuda,ATG,1850,0.5364577
Antigua and Barbuda,ATG,1860,0.50083095
Antigua and Barbuda,ATG,1870,0.4652042
Antigua and Barbuda,ATG,1880,0.42957744
Antigua and Barbuda,ATG,1890,0.39395073
Antigua and Barbuda,ATG,1900,0.35832396
Antigua and Barbuda,ATG,1910,0.32269722
Antigua and Barbuda,ATG,1920,0.28707048
Antigua and Barbuda,ATG,1930,0.25144374
Antigua and Barbuda,ATG,1940,0.21581699
Antigua and Barbuda,ATG,1950,0.18019027
Antigua and Barbuda,ATG,1951,0.17662758
Antigua and Barbuda,ATG,1952,0.1730649
Antigua and Barbuda,ATG,1953,0.16950223
Antigua and Barbuda,ATG,1954,0.16593955
Antigua and Barbuda,ATG,1955,0.16237688
Antigua and Barbuda,ATG,1956,0.15881419
Antigua and Barbuda,ATG,1957,0.15525153
Antigua and Barbuda,ATG,1958,0.15168884
Antigua and Barbuda,ATG,1959,0.14812618
Antigua and Barbuda,ATG,1960,0.14456351
Antigua and Barbuda,ATG,1961,0.14249074
Antigua and Barbuda,ATG,1962,0.12249755
Antigua and Barbuda,ATG,1963,0.12008097
Antigua and Barbuda,ATG,1964,0.11759962
Antigua and Barbuda,ATG,1965,0.09871506
Antigua and Barbuda,ATG,1966,0.09668219
Antigua and Barbuda,ATG,1967,0.09469697
Antigua and Barbuda,ATG,1968,0.092800245
Antigua and Barbuda,ATG,1969,0.09103323
Antigua and Barbuda,ATG,1970,0.08942144
Antigua and Barbuda,ATG,1971,0.098627664
Antigua and Barbuda,ATG,1972,0.08243343
Antigua and Barbuda,ATG,1973,0.08059425
Antigua and Barbuda,ATG,1974,0.07926966
Antigua and Barbuda,ATG,1975,0.07859988
Antigua and Barbuda,ATG,1976,0.078642115
Antigua and Barbuda,ATG,1977,0.07931472
Antigua and Barbuda,ATG,1978,0.08044189
Antigua and Barbuda,ATG,1979,0.08174944
Antigua and Barbuda,ATG,1980,0.08301052
Antigua and Barbuda,ATG,1981,0.08410429
Antigua and Barbuda,ATG,1982,0.08506898
Antigua and Barbuda,ATG,1983,0.08601287
Antigua and Barbuda,ATG,1984,0.07261531
Antigua and Barbuda,ATG,1985,0.0738149
Antigua and Barbuda,ATG,1986,0.07535341
Antigua and Barbuda,ATG,1987,0.077143826
Antigua and Barbuda,ATG,1988,0.0789129
Antigua and Barbuda,ATG,1989,0.08023106
Antigua and Barbuda,ATG,1990,0.08074675
Antigua and Barbuda,ATG,1991,0.08032258
Antigua and Barbuda,ATG,1992,0.0790939
Antigua and Barbuda,ATG,1993,0.07731441
Antigua and Barbuda,ATG,1994,0.07532503
Antigua and Barbuda,ATG,1995,0.07335896
Antigua and Barbuda,ATG,1996,0.07146124
Antigua and Barbuda,ATG,1997,0.06961074
Antigua and Barbuda,ATG,1998,0.067861944
Antigua and Barbuda,ATG,1999,0.06625851
Antigua and Barbuda,ATG,2000,0.06482226
Antigua and Barbuda,ATG,2001,0.06356633
Antigua and Barbuda,ATG,2002,0.062481254
Antigua and Barbuda,ATG,2003,0.061530888
Antigua and Barbuda,ATG,2004,0.06066636
Antigua and Barbuda,ATG,2005,0.059855867
Antigua and Barbuda,ATG,2006,0.059093274
Antigua and Barbuda,ATG,2007,0.058383252
Antigua and Barbuda,ATG,2008,0.05771406
Antigua and Barbuda,ATG,2009,0.057077624
Antigua and Barbuda,ATG,2010,0.056465276
Antigua and Barbuda,ATG,2011,0.055870917
Antigua and Barbuda,ATG,2012,0.055290785
Antigua and Barbuda,ATG,2013,0.054728005
Antigua and Barbuda,ATG,2014,0.054182474
Antigua and Barbuda,ATG,2015,0.05365814
Antigua and Barbuda,ATG,2016,0.053152386
Antigua and Barbuda,ATG,2017,0.052663893
Antigua and Barbuda,ATG,2018,0.052192517
Antigua and Barbuda,ATG,2019,0.051737588
Antigua and Barbuda,ATG,2020,0.051300053
Antigua and Barbuda,ATG,2021,0.051300053
Antigua and Barbuda,ATG,2022,0.051300053
Antigua and Barbuda,ATG,2023,0.051300053
Antigua and Barbuda,ATG,2024,0.051300053
Antigua and Barbuda,ATG,2025,0.051300053
Argentina,ARG,-10000,0
Argentina,ARG,-9000,0
Argentina,ARG,-8000,0
Argentina,ARG,-7000,0
Argentina,ARG,-6000,0
Argentina,ARG,-5000,0
Argentina,ARG,-4000,0
Argentina,ARG,-3000,0
Argentina,ARG,-2000,0
Argentina,ARG,-1000,0.7097277
Argentina,ARG,0,0.6866419
Argentina,ARG,100,0.69357765
Argentina,ARG,200,0.7064217
Argentina,ARG,300,0.72453505
Argentina,ARG,400,0.7475362
Argentina,ARG,500,0.7752228
Argentina,ARG,600,0.8075236
Argentina,ARG,700,0.84446913
Argentina,ARG,800,0.88617134
Argentina,ARG,900,0.9328119
Argentina,ARG,1000,0.9846348
Argentina,ARG,1100,0.9945806
Argentina,ARG,1200,1.0129988
Argentina,ARG,1300,1.0389731
Argentina,ARG,1400,1.0719565
Argentina,ARG,1500,1.1116586
Argentina,ARG,1600,1.2351761
Argentina,ARG,1700,1.3724179
Argentina,ARG,1710,1.5249087
Argentina,ARG,1720,1.6943431
Argentina,ARG,1730,1.8826033
Argentina,ARG,1740,2.0917816
Argentina,ARG,1750,2.3242018
Argentina,ARG,1760,2.5824466
Argentina,ARG,1770,2.8693848
Argentina,ARG,1780,3.1882055
Argentina,ARG,1790,3.5424504
Argentina,ARG,1800,3.936056
Argentina,ARG,1810,3.1463032
Argentina,ARG,1820,2.745636
Argentina,ARG,1830,2.3875096
Argentina,ARG,1840,2.0760953
Argentina,ARG,1850,1.8074294
Argentina,ARG,1860,1.5716779
Argentina,ARG,1870,1.3231748
Argentina,ARG,1880,1.0241256
Argentina,ARG,1890,0.8730322
Argentina,ARG,1900,0.688999
Argentina,ARG,1910,1.0914845
Argentina,ARG,1920,1.3789768
Argentina,ARG,1930,1.7858924
Argentina,ARG,1940,1.5617061
Argentina,ARG,1950,1.0778273
Argentina,ARG,1951,1.0628494
Argentina,ARG,1952,1.0483423
Argentina,ARG,1953,1.0344584
Argentina,ARG,1954,1.0212837
Argentina,ARG,1955,1.0088468
Argentina,ARG,1956,0.9971271
Argentina,ARG,1957,0.98606414
Argentina,ARG,1958,0.9755662
Argentina,ARG,1959,0.9655248
Argentina,ARG,1960,0.95583946
Argentina,ARG,1961,0.92931455
Argentina,ARG,1962,0.94237596
Argentina,ARG,1963,0.9474679
Argentina,ARG,1964,0.95162916
Argentina,ARG,1965,0.9584718
Argentina,ARG,1966,0.9956765
Argentina,ARG,1967,1.0138144
Argentina,ARG,1968,1.0646448
Argentina,ARG,1969,1.0546478
Argentina,ARG,1970,1.0440053
Argentina,ARG,1971,1.0325677
Argentina,ARG,1972,1.0205001
Argentina,ARG,1973,1.0083135
Argentina,ARG,1974,0.99647075
Argentina,ARG,1975,0.9853848
Argentina,ARG,1976,0.9750671
Argentina,ARG,1977,0.96541613
Argentina,ARG,1978,0.9560909
Argentina,ARG,1979,0.94681025
Argentina,ARG,1980,0.9373125
Argentina,ARG,1981,0.9275361
Argentina,ARG,1982,0.917673
Argentina,ARG,1983,0.9077996
Argentina,ARG,1984,0.8980344
Argentina,ARG,1985,0.8885187
Argentina,ARG,1986,0.8793073
Argentina,ARG,1987,0.8703182
Argentina,ARG,1988,0.86150515
Argentina,ARG,1989,0.8520448
Argentina,ARG,1990,0.843117
Argentina,ARG,1991,0.83449024
Argentina,ARG,1992,0.82617366
Argentina,ARG,1993,0.81821316
Argentina,ARG,1994,0.8107502
Argentina,ARG,1995,0.80369055
Argentina,ARG,1996,0.7970709
Argentina,ARG,1997,0.7907302
Argentina,ARG,1998,0.7847337
Argentina,ARG,1999,0.7785404
Argentina,ARG,2000,0.772854
Argentina,ARG,2001,0.7671429
Argentina,ARG,2002,0.76174396
Argentina,ARG,2003,0.80471677
Argentina,ARG,2004,0.8467726
Argentina,ARG,2005,0.8887768
Argentina,ARG,2006,0.9247606
Argentina,ARG,2007,0.9503299
Argentina,ARG,2008,0.9072346
Argentina,ARG,2009,0.8698827
Argentina,ARG,2010,0.9461286
Argentina,ARG,2011,0.95581234
Argentina,ARG,2012,0.97433335
Argentina,ARG,2013,0.9633544
Argentina,ARG,2014,0.94817644
Argentina,ARG,2015,0.97538364
Argentina,ARG,2016,0.96252114
Argentina,ARG,2017,0.96522814
Argentina,ARG,2018,0.9570458
Argentina,ARG,2019,0.9672902
Argentina,ARG,2020,0.98688376
Argentina,ARG,2021,0.98788875
Argentina,ARG,2022,1.0018258
Argentina,ARG,2023,1.0122983
Argentina,ARG,2024,1.0226078
Argentina,ARG,2025,1.0327986
Armenia,ARM,-10000,0
Armenia,ARM,-9000,0
Armenia,ARM,-8000,0
Armenia,ARM,-7000,0
Armenia,ARM,-6000,0.05530279
Armenia,ARM,-5000,0.16590838
Armenia,ARM,-4000,0.49772513
Armenia,ARM,-3000,1.4929562
Armenia,ARM,-2000,1.3857068
Armenia,ARM,-1000,1.2586324
Armenia,ARM,0,1.0988597
Armenia,ARM,100,1.0801377
Armenia,ARM,200,1.0607418
Armenia,ARM,300,1.0406078
Armenia,ARM,400,1.0196617
Armenia,ARM,500,0.99781615
Armenia,ARM,600,0.97496855
Armenia,ARM,700,0.9509952
Armenia,ARM,800,0.925747
Armenia,ARM,900,0.8990384
Armenia,ARM,1000,0.87063974
Armenia,ARM,1100,0.84027946
Armenia,ARM,1200,0.80749613
Armenia,ARM,1300,0.7718684
Armenia,ARM,1400,0.7325735
Armenia,ARM,1500,0.6885317
Armenia,ARM,1600,0.6380236
Armenia,ARM,1700,0.577896
Armenia,ARM,1710,0.57115763
Armenia,ARM,1720,0.5642565
Armenia,ARM,1730,0.55718225
Armenia,ARM,1740,0.5499236
Armenia,ARM,1750,0.54246825
Armenia,ARM,1760,0.534802
Armenia,ARM,1770,0.5269095
Armenia,ARM,1780,0.5187731
Armenia,ARM,1790,0.51037323
Armenia,ARM,1800,0.50168735
Armenia,ARM,1810,0.49268985
Armenia,ARM,1820,0.4833511
Armenia,ARM,1830,0.47363684
Armenia,ARM,1840,0.4635069
Armenia,ARM,1850,0.45291367
Armenia,ARM,1860,0.44180027
Armenia,ARM,1870,0.4300977
Armenia,ARM,1880,0.41772118
Armenia,ARM,1890,0.4045642
Armenia,ARM,1900,0.39049092
Armenia,ARM,1910,0.37532267
Armenia,ARM,1920,0.35881808
Armenia,ARM,1930,0.34063697
Armenia,ARM,1940,0.32027537
Armenia,ARM,1950,0.2969317
Armenia,ARM,1951,0.2943873
Armenia,ARM,1952,0.2917981
Armenia,ARM,1953,0.28916213
Armenia,ARM,1954,0.28647718
Armenia,ARM,1955,0.28374097
Armenia,ARM,1956,0.28095093
Armenia,ARM,1957,0.27810436
Armenia,ARM,1958,0.27519828
Armenia,ARM,1959,0.2722295
Armenia,ARM,1960,0.26919448
Armenia,ARM,1961,0.25985324
Armenia,ARM,1962,0.25157908
Armenia,ARM,1963,0.24151608
Armenia,ARM,1964,0.23255144
Armenia,ARM,1965,0.22505388
Armenia,ARM,1966,0.21620533
Armenia,ARM,1967,0.21005885
Armenia,ARM,1968,0.20423922
Armenia,ARM,1969,0.19937193
Armenia,ARM,1970,0.19413227
Armenia,ARM,1971,0.18945508
Armenia,ARM,1972,0.18499044
Armenia,ARM,1973,0.18064648
Armenia,ARM,1974,0.17717604
Armenia,ARM,1975,0.17303427
Armenia,ARM,1976,0.16985491
Armenia,ARM,1977,0.16679282
Armenia,ARM,1978,0.16334885
Armenia,ARM,1979,0.16002743
Armenia,ARM,1980,0.15730932
Armenia,ARM,1981,0.15500225
Armenia,ARM,1982,0.15267774
Armenia,ARM,1983,0.15048774
Armenia,ARM,1984,0.14812967
Armenia,ARM,1985,0.1460538
Armenia,ARM,1986,0.1443485
Armenia,ARM,1987,0.14269832
Armenia,ARM,1988,0.14068688
Armenia,ARM,1989,0.13806935
Armenia,ARM,1990,0.13586864
Armenia,ARM,1991,0.13837898
Armenia,ARM,1992,0.14138988
Armenia,ARM,1993,0.14708595
Armenia,ARM,1994,0.1520923
Armenia,ARM,1995,0.15326512
Armenia,ARM,1996,0.15843405
Armenia,ARM,1997,0.15737864
Armenia,ARM,1998,0.15726039
Armenia,ARM,1999,0.1571399
Armenia,ARM,2000,0.15864255
Armenia,ARM,2001,0.16037375
Armenia,ARM,2002,0.15982862
Armenia,ARM,2003,0.16091146
Armenia,ARM,2004,0.16460328
Armenia,ARM,2005,0.16471219
Armenia,ARM,2006,0.16407388
Armenia,ARM,2007,0.1645104
Armenia,ARM,2008,0.16367988
Armenia,ARM,2009,0.162755
Armenia,ARM,2010,0.16286814
Armenia,ARM,2011,0.14859618
Armenia,ARM,2012,0.15104438
Armenia,ARM,2013,0.15303501
Armenia,ARM,2014,0.1544908
Armenia,ARM,2015,0.15616688
Armenia,ARM,2016,0.1580712
Armenia,ARM,2017,0.15989488
Armenia,ARM,2018,0.16205238
Armenia,ARM,2019,0.164166
Armenia,ARM,2020,0.16590497
Armenia,ARM,2021,0.16644682
Armenia,ARM,2022,0.16715533
Armenia,ARM,2023,0.16763093
Armenia,ARM,2024,0.16818504
Armenia,ARM,2025,0.16874348
Aruba,ABW,400,0
Aruba,ABW,500,0
Aruba,ABW,600,0
Aruba,ABW,700,0
Aruba,ABW,800,0
Aruba,ABW,900,0
Aruba,ABW,1000,0
Aruba,ABW,1100,0
Aruba,ABW,1200,0
Aruba,ABW,1300,0
Aruba,ABW,1400,0
Aruba,ABW,1500,0.16933972
Aruba,ABW,1600,0.15620285
Aruba,ABW,1700,0.14038186
Aruba,ABW,1710,0.13859202
Aruba,ABW,1720,0.13675474
Aruba,ABW,1730,0.13486671
Aruba,ABW,1740,0.13292429
Aruba,ABW,1750,0.13092338
Aruba,ABW,1760,0.12885937
Aruba,ABW,1770,0.12672701
Aruba,ABW,1780,0.12452039
Aruba,ABW,1790,0.12223265
Aruba,ABW,1800,0.119855925
Aruba,ABW,1810,0.11738099
Aruba,ABW,1820,0.114797056
Aruba,ABW,1830,0.112091236
Aruba,ABW,1840,0.10924807
Aruba,ABW,1850,0.10624868
Aruba,ABW,1860,0.10306965
Aruba,ABW,1870,0.09968138
Aruba,ABW,1880,0.09604566
Aruba,ABW,1890,0.09211162
Aruba,ABW,1900,0.08780937
Aruba,ABW,1910,0.08303834
Aruba,ABW,1920,0.07764526
Aruba,ABW,1930,0.071376406
Aruba,ABW,1940,0.06375627
Aruba,ABW,1950,0.053680714
Aruba,ABW,1951,0.05244394
Aruba,ABW,1952,0.051145907
Aruba,ABW,1953,0.049778417
Aruba,ABW,1954,0.048331354
Aruba,ABW,1955,0.04679203
Aruba,ABW,1956,0.045144156
Aruba,ABW,1957,0.043366306
Aruba,ABW,1958,0.04142935
Aruba,ABW,1959,0.039292052
Aruba,ABW,1960,0.03689288
Aruba,ABW,1961,0.036076337
Aruba,ABW,1962,0.035571367
Aruba,ABW,1963,0.03527648
Aruba,ABW,1964,0.03506803
Aruba,ABW,1965,0.034867503
Aruba,ABW,1966,0.034653038
Aruba,ABW,1967,0.03445009
Aruba,ABW,1968,0.034254786
Aruba,ABW,1969,0.034056466
Aruba,ABW,1970,0.033862147
Aruba,ABW,1971,0.033647377
Aruba,ABW,1972,0.03342246
Aruba,ABW,1973,0.03319888
Aruba,ABW,1974,0.033042558
Aruba,ABW,1975,0.032972287
Aruba,ABW,1976,0.033010926
Aruba,ABW,1977,0.033131234
Aruba,ABW,1978,0.033276208
Aruba,ABW,1979,0.033344448
Aruba,ABW,1980,0.033280086
Aruba,ABW,1981,0.033021282
Aruba,ABW,1982,0.032602493
Aruba,ABW,1983,0.032153822
Aruba,ABW,1984,0.031828888
Aruba,ABW,1985,0.031732935
Aruba,ABW,1986,0.031926442
Aruba,ABW,1987,0.032345187
Aruba,ABW,1988,0.03274448
Aruba,ABW,1989,0.032769695
Aruba,ABW,1990,0.032180727
Aruba,ABW,1991,0.030949213
Aruba,ABW,1992,0.02931047
Aruba,ABW,1993,0.027584685
Aruba,ABW,1994,0.02607562
Aruba,ABW,1995,0.024899159
Aruba,ABW,1996,0.024038462
Aruba,ABW,1997,0.023405226
Aruba,ABW,1998,0.022915544
Aruba,ABW,1999,0.022470647
Aruba,ABW,2000,0.022013582
Aruba,ABW,2001,0.02152899
Aruba,ABW,2002,0.021054404
Aruba,ABW,2003,0.020614944
Aruba,ABW,2004,0.020255832
Aruba,ABW,2005,0.019993803
Aruba,ABW,2006,0.019834973
Aruba,ABW,2007,0.019758942
Aruba,ABW,2008,0.019733012
Aruba,ABW,2009,0.019713562
Aruba,ABW,2010,0.01967168
Aruba,ABW,2011,0.01959766
Aruba,ABW,2012,0.019497547
Aruba,ABW,2013,0.019382287
Aruba,ABW,2014,0.019268751
Aruba,ABW,2015,0.01916792
Aruba,ABW,2016,0.019079965
Aruba,ABW,2017,0.018999849
Aruba,ABW,2018,0.018926848
Aruba,ABW,2019,0.018858496
Aruba,ABW,2020,0.018809367
Aruba,ABW,2021,0.018809367
Aruba,ABW,2022,0.018809367
Aruba,ABW,2023,0.018809367
Aruba,ABW,2024,0
Aruba,ABW,2025,0
Asia,OWID_ASI,-10000,0
Asia,OWID_ASI,-9000,0.0118823005
Asia,OWID_ASI,-8000,0.06519207
Asia,OWID_ASI,-7000,0.124898255
Asia,OWID_ASI,-6000,0.21289417
Asia,OWID_ASI,-5000,0.34985998
Asia,OWID_ASI,-4000,0.45366314
Asia,OWID_ASI,-3000,0.47130337
Asia,OWID_ASI,-2000,0.5625176
Asia,OWID_ASI,-1000,0.56557125
Asia,OWID_ASI,0,0.5600029
Asia,OWID_ASI,100,0.5556948
Asia,OWID_ASI,200,0.54963046
Asia,OWID_ASI,300,0.52978903
Asia,OWID_ASI,400,0.5214178
Asia,OWID_ASI,500,0.5140766
Asia,OWID_ASI,600,0.51178366
Asia,OWID_ASI,700,0.5028738
Asia,OWID_ASI,800,0.49875534
Asia,OWID_ASI,900,0.49896947
Asia,OWID_ASI,1000,0.48614293
Asia,OWID_ASI,1100,0.48417002
Asia,OWID_ASI,1200,0.47993243
Asia,OWID_ASI,1300,0.46370488
Asia,OWID_ASI,1400,0.44612563
Asia,OWID_ASI,1500,0.44107878
Asia,OWID_ASI,1600,0.4370895
Asia,OWID_ASI,1700,0.41136646
Asia,OWID_ASI,1710,0.41379407
Asia,OWID_ASI,1720,0.40924132
Asia,OWID_ASI,1730,0.40997073
Asia,OWID_ASI,1740,0.4023734
Asia,OWID_ASI,1750,0.3814354
Asia,OWID_ASI,1760,0.37546062
Asia,OWID_ASI,1770,0.36793754
Asia,OWID_ASI,1780,0.3439278
Asia,OWID_ASI,1790,0.34176362
Asia,OWID_ASI,1800,0.3559246
Asia,OWID_ASI,1810,0.34128448
Asia,OWID_ASI,1820,0.34951967
Asia,OWID_ASI,1830,0.33892596
Asia,OWID_ASI,1840,0.34128383
Asia,OWID_ASI,1850,0.3359135
Asia,OWID_ASI,1860,0.33698758
Asia,OWID_ASI,1870,0.36041856
Asia,OWID_ASI,1880,0.36063668
Asia,OWID_ASI,1890,0.3514362
Asia,OWID_ASI,1900,0.34394622
Asia,OWID_ASI,1910,0.34760028
Asia,OWID_ASI,1920,0.33608365
Asia,OWID_ASI,1930,0.33111978
Asia,OWID_ASI,1940,0.31938428
Asia,OWID_ASI,1950,0.32067308
Asia,OWID_ASI,1951,0.31818563
Asia,OWID_ASI,1952,0.3176651
Asia,OWID_ASI,1953,0.3153659
Asia,OWID_ASI,1954,0.31327066
Asia,OWID_ASI,1955,0.31266648
Asia,OWID_ASI,1956,0.3113686
Asia,OWID_ASI,1957,0.3092543
Asia,OWID_ASI,1958,0.3070867
Asia,OWID_ASI,1959,0.3014522
Asia,OWID_ASI,1960,0.29582074
Asia,OWID_ASI,1961,0.2901747
Asia,OWID_ASI,1962,0.2877349
Asia,OWID_ASI,1963,0.28429326
Asia,OWID_ASI,1964,0.28076607
Asia,OWID_ASI,1965,0.27620202
Asia,OWID_ASI,1966,0.27177468
Asia,OWID_ASI,1967,0.26637334
Asia,OWID_ASI,1968,0.2596261
Asia,OWID_ASI,1969,0.25353566
Asia,OWID_ASI,1970,0.250541
Asia,OWID_ASI,1971,0.24532092
Asia,OWID_ASI,1972,0.24068049
Asia,OWID_ASI,1973,0.2388997
Asia,OWID_ASI,1974,0.23488522
Asia,OWID_ASI,1975,0.23082156
Asia,OWID_ASI,1976,0.22679271
Asia,OWID_ASI,1977,0.22268635
Asia,OWID_ASI,1978,0.22085613
Asia,OWID_ASI,1979,0.21983962
Asia,OWID_ASI,1980,0.2147767
Asia,OWID_ASI,1981,0.210916
Asia,OWID_ASI,1982,0.20760751
Asia,OWID_ASI,1983,0.20288216
Asia,OWID_ASI,1984,0.20037006
Asia,OWID_ASI,1985,0.19746746
Asia,OWID_ASI,1986,0.19389364
Asia,OWID_ASI,1987,0.19177517
Asia,OWID_ASI,1988,0.1881391
Asia,OWID_ASI,1989,0.18481624
Asia,OWID_ASI,1990,0.18149944
Asia,OWID_ASI,1991,0.17844203
Asia,OWID_ASI,1992,0.1753527
Asia,OWID_ASI,1993,0.17294654
Asia,OWID_ASI,1994,0.1699817
Asia,OWID_ASI,1995,0.16713545
Asia,OWID_ASI,1996,0.16416344
Asia,OWID_ASI,1997,0.16208579
Asia,OWID_ASI,1998,0.15975377
Asia,OWID_ASI,1999,0.15745598
Asia,OWID_ASI,2000,0.15501411
Asia,OWID_ASI,2001,0.15317367
Asia,OWID_ASI,2002,0.15081134
Asia,OWID_ASI,2003,0.14844768
Asia,OWID_ASI,2004,0.1465512
Asia,OWID_ASI,2005,0.14503534
Asia,OWID_ASI,2006,0.14342901
Asia,OWID_ASI,2007,0.14149176
Asia,OWID_ASI,2008,0.13996099
Asia,OWID_ASI,2009,0.1387318
Asia,OWID_ASI,2010,0.13762966
Asia,OWID_ASI,2011,0.13683309
Asia,OWID_ASI,2012,0.13598225
Asia,OWID_ASI,2013,0.1351854
Asia,OWID_ASI,2014,0.13435496
Asia,OWID_ASI,2015,0.1337149
Asia,OWID_ASI,2016,0.13289309
Asia,OWID_ASI,2017,0.13176867
Asia,OWID_ASI,2018,0.1306799
Asia,OWID_ASI,2019,0.1295905
Asia,OWID_ASI,2020,0.12868994
Asia,OWID_ASI,2021,0.12786998
Asia,OWID_ASI,2022,0.12716654
Asia,OWID_ASI,2023,0.12628756
Asia,OWID_ASI,2024,0.12554698
Asia,OWID_ASI,2025,0.12482321
Asia (excl. China and India),,-10000,0
Asia (excl. China and India),,-9000,0.017380826
Asia (excl. China and India),,-8000,0.10649305
Asia (excl. China and India),,-7000,0.23227404
Asia (excl. China and India),,-6000,0.39960194
Asia (excl. China and India),,-5000,0.7060053
Asia (excl. China and India),,-4000,0.84909886
Asia (excl. China and India),,-3000,0.90403503
Asia (excl. China and India),,-2000,1.1037191
Asia (excl. China and India),,-1000,1.067959
Asia (excl. China and India),,0,1.0013204
Asia (excl. China and India),,100,1.0163859
Asia (excl. China and India),,200,1.0176783
Asia (excl. China and India),,300,1.0029931
Asia (excl. China and India),,400,0.97846174
Asia (excl. China and India),,500,0.9546568
Asia (excl. China and India),,600,0.93685675
Asia (excl. China and India),,700,0.92204154
Asia (excl. China and India),,800,0.9249079
Asia (excl. China and India),,900,0.9126645
Asia (excl. China and India),,1000,0.89380836
Asia (excl. China and India),,1100,0.849641
Asia (excl. China and India),,1200,0.82513326
Asia (excl. China and India),,1300,0.80489075
Asia (excl. China and India),,1400,0.74537337
Asia (excl. China and India),,1500,0.7009307
Asia (excl. China and India),,1600,0.6559904
Asia (excl. China and India),,1700,0.5788134
Asia (excl. China and India),,1710,0.56767434
Asia (excl. China and India),,1720,0.5686677
Asia (excl. China and India),,1730,0.56956667
Asia (excl. China and India),,1740,0.5703882
Asia (excl. China and India),,1750,0.5711335
Asia (excl. China and India),,1760,0.5724033
Asia (excl. China and India),,1770,0.5736083
Asia (excl. China and India),,1780,0.5747186
Asia (excl. China and India),,1790,0.57574314
Asia (excl. China and India),,1800,0.5765775
Asia (excl. China and India),,1810,0.5703928
Asia (excl. China and India),,1820,0.5633467
Asia (excl. China and India),,1830,0.5567255
Asia (excl. China and India),,1840,0.55068815
Asia (excl. China and India),,1850,0.5440686
Asia (excl. China and India),,1860,0.53391904
Asia (excl. China and India),,1870,0.5235984
Asia (excl. China and India),,1880,0.51155317
Asia (excl. China and India),,1890,0.50046843
Asia (excl. China and India),,1900,0.48614645
Asia (excl. China and India),,1910,0.4672278
Asia (excl. China and India),,1920,0.4512074
Asia (excl. China and India),,1930,0.42704386
Asia (excl. China and India),,1940,0.3947899
Asia (excl. China and India),,1950,0.39793456
Asia (excl. China and India),,1951,0.3961021
Asia (excl. China and India),,1952,0.39527774
Asia (excl. China and India),,1953,0.39440995
Asia (excl. China and India),,1954,0.3934055
Asia (excl. China and India),,1955,0.3922619
Asia (excl. China and India),,1956,0.39099655
Asia (excl. China and India),,1957,0.38962135
Asia (excl. China and India),,1958,0.3881047
Asia (excl. China and India),,1959,0.38644534
Asia (excl. China and India),,1960,0.38392994
Asia (excl. China and India),,1961,0.3774723
Asia (excl. China and India),,1962,0.37056118
Asia (excl. China and India),,1963,0.3648853
Asia (excl. China and India),,1964,0.35842845
Asia (excl. China and India),,1965,0.35227183
Asia (excl. China and India),,1966,0.3438108
Asia (excl. China and India),,1967,0.3361575
Asia (excl. China and India),,1968,0.32849008
Asia (excl. China and India),,1969,0.32091
Asia (excl. China and India),,1970,0.31419718
Asia (excl. China and India),,1971,0.30641147
Asia (excl. China and India),,1972,0.30334967
Asia (excl. China and India),,1973,0.29943752
Asia (excl. China and India),,1974,0.29305696
Asia (excl. China and India),,1975,0.28672004
Asia (excl. China and India),,1976,0.28131118
Asia (excl. China and India),,1977,0.27682647
Asia (excl. China and India),,1978,0.27198803
Asia (excl. China and India),,1979,0.26941168
Asia (excl. China and India),,1980,0.2636607
Asia (excl. China and India),,1981,0.2585865
Asia (excl. China and India),,1982,0.25509274
Asia (excl. China and India),,1983,0.24794735
Asia (excl. China and India),,1984,0.24577977
Asia (excl. China and India),,1985,0.24341168
Asia (excl. China and India),,1986,0.23977324
Asia (excl. China and India),,1987,0.23955469
Asia (excl. China and India),,1988,0.235451
Asia (excl. China and India),,1989,0.23101282
Asia (excl. China and India),,1990,0.22660647
Asia (excl. China and India),,1991,0.22217143
Asia (excl. China and India),,1992,0.21784444
Asia (excl. China and India),,1993,0.21509328
Asia (excl. China and India),,1994,0.21094228
Asia (excl. China and India),,1995,0.20743963
Asia (excl. China and India),,1996,0.20308207
Asia (excl. China and India),,1997,0.20018083
Asia (excl. China and India),,1998,0.19702211
Asia (excl. China and India),,1999,0.1939112
Asia (excl. China and India),,2000,0.190788
Asia (excl. China and India),,2001,0.1887282
Asia (excl. China and India),,2002,0.18563545
Asia (excl. China and India),,2003,0.18327595
Asia (excl. China and India),,2004,0.18082172
Asia (excl. China and India),,2005,0.17919074
Asia (excl. China and India),,2006,0.17707513
Asia (excl. China and India),,2007,0.1739764
Asia (excl. China and India),,2008,0.17159183
Asia (excl. China and India),,2009,0.16989212
Asia (excl. China and India),,2010,0.1690255
Asia (excl. China and India),,2011,0.16819446
Asia (excl. China and India),,2012,0.16735278
Asia (excl. China and India),,2013,0.16649729
Asia (excl. China and India),,2014,0.16564862
Asia (excl. China and India),,2015,0.16524021
Asia (excl. China and India),,2016,0.16442907
Asia (excl. China and India),,2017,0.16298862
Asia (excl. China and India),,2018,0.16137747
Asia (excl. China and India),,2019,0.1597701
Asia (excl. China and India),,2020,0.15897262
Asia (excl. China and India),,2021,0.15758617
Asia (excl. China and India),,2022,0.1565122
Asia (excl. China and India),,2023,0.15518709
Asia (excl. China and India),,2024,0.15412219
Asia (excl. China and India),,2025,0.15309404
Australia,AUS,-10000,0
Australia,AUS,-9000,0
Australia,AUS,-8000,0
Australia,AUS,-7000,0
Australia,AUS,-6000,0
Australia,AUS,-5000,0
Australia,AUS,-4000,0
Australia,AUS,-3000,0
Australia,AUS,-2000,0
Australia,AUS,-1000,0
Australia,AUS,0,0
Australia,AUS,100,0
Australia,AUS,200,0
Australia,AUS,300,0
Australia,AUS,400,0
Australia,AUS,500,0
Australia,AUS,600,0
Australia,AUS,700,0
Australia,AUS,800,0
Australia,AUS,900,0
Australia,AUS,1000,0
Australia,AUS,1100,0
Australia,AUS,1200,0
Australia,AUS,1300,0
Australia,AUS,1400,0
Australia,AUS,1500,0
Australia,AUS,1600,0
Australia,AUS,1700,0
Australia,AUS,1710,0
Australia,AUS,1720,0
Australia,AUS,1730,0
Australia,AUS,1740,0
Australia,AUS,1750,0
Australia,AUS,1760,0
Australia,AUS,1770,0
Australia,AUS,1780,0
Australia,AUS,1790,0.028217444
Australia,AUS,1800,0.05702245
Australia,AUS,1810,0.08667225
Australia,AUS,1820,0.11833444
Australia,AUS,1830,0.1591392
Australia,AUS,1840,0.2131731
Australia,AUS,1850,0.31228787
Australia,AUS,1860,0.3776394
Australia,AUS,1870,0.4803699
Australia,AUS,1880,0.7859838
Australia,AUS,1890,0.67997205
Australia,AUS,1900,0.9101726
Australia,AUS,1910,0.97840726
Australia,AUS,1920,0.8756612
Australia,AUS,1930,1.6686789
Australia,AUS,1940,1.467567
Australia,AUS,1950,1.2678126
Australia,AUS,1951,1.2750924
Australia,AUS,1952,1.2859184
Australia,AUS,1953,1.2980267
Australia,AUS,1954,1.3098315
Australia,AUS,1955,1.3203579
Australia,AUS,1956,1.3292245
Australia,AUS,1957,1.3365777
Australia,AUS,1958,1.3429893
Australia,AUS,1959,1.3492901
Australia,AUS,1960,1.3562016
Australia,AUS,1961,1.3639928
Australia,AUS,1962,1.4433044
Australia,AUS,1963,1.404195
Australia,AUS,1964,1.4566578
Australia,AUS,1965,1.513756
Australia,AUS,1966,1.5999568
Australia,AUS,1967,1.5988615
Australia,AUS,1968,1.72871
Australia,AUS,1969,1.5482742
Australia,AUS,1970,1.4276154
Australia,AUS,1971,1.2815666
Australia,AUS,1972,1.2746217
Australia,AUS,1973,1.0994985
Australia,AUS,1974,1.0720185
Australia,AUS,1975,0.9702155
Australia,AUS,1976,1.0210218
Australia,AUS,1977,1.0343125
Australia,AUS,1978,1.1441356
Australia,AUS,1979,1.1738735
Australia,AUS,1980,1.1948135
Australia,AUS,1981,1.2059376
Australia,AUS,1982,1.266791
Australia,AUS,1983,1.2361926
Australia,AUS,1984,1.3747436
Australia,AUS,1985,1.307423
Australia,AUS,1986,1.2691686
Australia,AUS,1987,1.1839067
Australia,AUS,1988,1.082551
Australia,AUS,1989,1.0279098
Australia,AUS,1990,0.9799521
Australia,AUS,1991,0.9820607
Australia,AUS,1992,0.9158391
Australia,AUS,1993,0.954403
Australia,AUS,1994,0.98405796
Australia,AUS,1995,0.91873467
Australia,AUS,1996,1.0343804
Australia,AUS,1997,1.113403
Australia,AUS,1998,1.124903
Australia,AUS,1999,1.1983184
Australia,AUS,2000,1.2108179
Australia,AUS,2001,1.2330382
Australia,AUS,2002,1.1945695
Australia,AUS,2003,1.1558379
Australia,AUS,2004,1.2628459
Australia,AUS,2005,1.2790886
Australia,AUS,2006,1.1539625
Australia,AUS,2007,1.0859348
Australia,AUS,2008,1.1054763
Australia,AUS,2009,1.2265892
Australia,AUS,2010,1.1384825
Australia,AUS,2011,1.3833476
Australia,AUS,2012,1.3567437
Australia,AUS,2013,1.3186207
Australia,AUS,2014,1.3259686
Australia,AUS,2015,1.268213
Australia,AUS,2016,1.207924
Australia,AUS,2017,1.2204919
Australia,AUS,2018,1.2147518
Australia,AUS,2019,1.185455
Australia,AUS,2020,1.1743531
Australia,AUS,2021,1.1828603
Australia,AUS,2022,1.1670247
Australia,AUS,2023,1.1545112
Australia,AUS,2024,1.1445506
Australia,AUS,2025,1.1348462
Austria,AUT,-10000,0
Austria,AUT,-9000,0
Austria,AUT,-8000,0
Austria,AUT,-7000,0
Austria,AUT,-6000,0.34676978
Austria,AUT,-5000,0.76577574
Austria,AUT,-4000,0.74425405
Austria,AUT,-3000,0.71765393
Austria,AUT,-2000,0.68640155
Austria,AUT,-1000,0.6481354
Austria,AUT,0,0.59785765
Austria,AUT,100,0.59178805
Austria,AUT,200,0.5854588
Austria,AUT,300,0.5788433
Austria,AUT,400,0.5719108
Austria,AUT,500,0.5646249
Austria,AUT,600,0.5569423
Austria,AUT,700,0.54881084
Austria,AUT,800,0.5401667
Austria,AUT,900,0.530931
Austria,AUT,1000,0.52100396
Austria,AUT,1100,0.5102571
Austria,AUT,1200,0.49852026
Austria,AUT,1300,0.4855506
Austria,AUT,1400,0.4710497
Austria,AUT,1500,0.4544921
Austria,AUT,1600,0.43509796
Austria,AUT,1700,0.4114639
Austria,AUT,1710,0.41168198
Austria,AUT,1720,0.41151142
Austria,AUT,1730,0.4109896
Austria,AUT,1740,0.410146
Austria,AUT,1750,0.40900356
Austria,AUT,1760,0.40669316
Austria,AUT,1770,0.40363616
Austria,AUT,1780,0.40044817
Austria,AUT,1790,0.39808273
Austria,AUT,1800,0.39619693
Austria,AUT,1810,0.39468014
Austria,AUT,1820,0.39407113
Austria,AUT,1830,0.39092222
Austria,AUT,1840,0.37804973
Austria,AUT,1850,0.36996457
Austria,AUT,1860,0.35073116
Austria,AUT,1870,0.33649373
Austria,AUT,1880,0.31976005
Austria,AUT,1890,0.3025743
Austria,AUT,1900,0.28546983
Austria,AUT,1910,0.2716262
Austria,AUT,1920,0.27713153
Austria,AUT,1930,0.26624015
Austria,AUT,1940,0.2644456
Austria,AUT,1950,0.25596753
Austria,AUT,1951,0.25519776
Austria,AUT,1952,0.25441557
Austria,AUT,1953,0.25362062
Austria,AUT,1954,0.2528125
Austria,AUT,1955,0.25199088
Austria,AUT,1956,0.25115523
Austria,AUT,1957,0.25030515
Austria,AUT,1958,0.24944015
Austria,AUT,1959,0.2485598
Austria,AUT,1960,0.24766351
Austria,AUT,1961,0.24665518
Austria,AUT,1962,0.24396266
Austria,AUT,1963,0.23882896
Austria,AUT,1964,0.23759349
Austria,AUT,1965,0.23654519
Austria,AUT,1966,0.22931787
Austria,AUT,1967,0.22576198
Austria,AUT,1968,0.2247439
Austria,AUT,1969,0.22461857
Austria,AUT,1970,0.22364908
Austria,AUT,1971,0.2232792
Austria,AUT,1972,0.22304313
Austria,AUT,1973,0.21340834
Austria,AUT,1974,0.21305713
Austria,AUT,1975,0.2123112
Austria,AUT,1976,0.21366625
Austria,AUT,1977,0.21502341
Austria,AUT,1978,0.21757308
Austria,AUT,1979,0.2146997
Austria,AUT,1980,0.21659078
Austria,AUT,1981,0.21825032
Austria,AUT,1982,0.21633424
Austria,AUT,1983,0.20065406
Austria,AUT,1984,0.2013905
Austria,AUT,1985,0.20172969
Austria,AUT,1986,0.19955684
Austria,AUT,1987,0.1989748
Austria,AUT,1988,0.20088758
Austria,AUT,1989,0.20043579
Austria,AUT,1990,0.19620591
Austria,AUT,1991,0.19731897
Austria,AUT,1992,0.19365895
Austria,AUT,1993,0.19132572
Austria,AUT,1994,0.19016564
Austria,AUT,1995,0.18801294
Austria,AUT,1996,0.18693137
Austria,AUT,1997,0.18572798
Austria,AUT,1998,0.18503018
Austria,AUT,1999,0.18433481
Austria,AUT,2000,0.18364184
Austria,AUT,2001,0.18111332
Austria,AUT,2002,0.17984843
Austria,AUT,2003,0.17823288
Austria,AUT,2004,0.17654246
Austria,AUT,2005,0.17573683
Austria,AUT,2006,0.17486872
Austria,AUT,2007,0.17404354
Austria,AUT,2008,0.17232427
Austria,AUT,2009,0.17137176
Austria,AUT,2010,0.17025979
Austria,AUT,2011,0.16910662
Austria,AUT,2012,0.16792683
Austria,AUT,2013,0.16715644
Austria,AUT,2014,0.1662629
Austria,AUT,2015,0.16498922
Austria,AUT,2016,0.16442236
Austria,AUT,2017,0.16208027
Austria,AUT,2018,0.161346
Austria,AUT,2019,0.16063613
Austria,AUT,2020,0.16014993
Austria,AUT,2021,0.15939862
Austria,AUT,2022,0.15856682
Austria,AUT,2023,0.15801372
Austria,AUT,2024,0.15735887
Austria,AUT,2025,0.15670802
Azerbaijan,AZE,-10000,0
Azerbaijan,AZE,-9000,0
Azerbaijan,AZE,-8000,0
Azerbaijan,AZE,-7000,0
Azerbaijan,AZE,-6000,0
Azerbaijan,AZE,-5000,0.05028737
Azerbaijan,AZE,-4000,0.15086211
Azerbaijan,AZE,-3000,0.4525863
Azerbaijan,AZE,-2000,0.47297344
Azerbaijan,AZE,-1000,0.49173993
Azerbaijan,AZE,0,0.5091739
Azerbaijan,AZE,100,0.51085275
Azerbaijan,AZE,200,0.5125206
Azerbaijan,AZE,300,0.51417774
Azerbaijan,AZE,400,0.51582426
Azerbaijan,AZE,500,0.5174603
Azerbaijan,AZE,600,0.51908606
Azerbaijan,AZE,700,0.5207017
Azerbaijan,AZE,800,0.5223074
Azerbaijan,AZE,900,0.5239033
Azerbaijan,AZE,1000,0.52548945
Azerbaijan,AZE,1100,0.5270661
Azerbaijan,AZE,1200,0.5286334
Azerbaijan,AZE,1300,0.53019154
Azerbaijan,AZE,1400,0.5317405
Azerbaijan,AZE,1500,0.5332805
Azerbaijan,AZE,1600,0.5348116
Azerbaijan,AZE,1700,0.53633404
Azerbaijan,AZE,1710,0.5364858
Azerbaijan,AZE,1720,0.5366375
Azerbaijan,AZE,1730,0.53678906
Azerbaijan,AZE,1740,0.53694063
Azerbaijan,AZE,1750,0.53709203
Azerbaijan,AZE,1760,0.5372434
Azerbaijan,AZE,1770,0.53739464
Azerbaijan,AZE,1780,0.5375458
Azerbaijan,AZE,1790,0.53769684
Azerbaijan,AZE,1800,0.5378478
Azerbaijan,AZE,1810,0.5379988
Azerbaijan,AZE,1820,0.5381496
Azerbaijan,AZE,1830,0.53830034
Azerbaijan,AZE,1840,0.538451
Azerbaijan,AZE,1850,0.5386016
Azerbaijan,AZE,1860,0.5387521
Azerbaijan,AZE,1870,0.5389025
Azerbaijan,AZE,1880,0.53905284
Azerbaijan,AZE,1890,0.5392031
Azerbaijan,AZE,1900,0.5393532
Azerbaijan,AZE,1910,0.53950334
Azerbaijan,AZE,1920,0.5396533
Azerbaijan,AZE,1930,0.53980327
Azerbaijan,AZE,1940,0.53995305
Azerbaijan,AZE,1950,0.54010284
Azerbaijan,AZE,1951,0.5401178
Azerbaijan,AZE,1952,0.54013276
Azerbaijan,AZE,1953,0.5401477
Azerbaijan,AZE,1954,0.5401626
Azerbaijan,AZE,1955,0.54017764
Azerbaijan,AZE,1956,0.5401926
Azerbaijan,AZE,1957,0.54020756
Azerbaijan,AZE,1958,0.5402225
Azerbaijan,AZE,1959,0.5402374
Azerbaijan,AZE,1960,0.54025245
Azerbaijan,AZE,1961,0.5221663
Azerbaijan,AZE,1962,0.5055551
Azerbaijan,AZE,1963,0.48505822
Azerbaijan,AZE,1964,0.46689415
Azerbaijan,AZE,1965,0.45202512
Azerbaijan,AZE,1966,0.43475753
Azerbaijan,AZE,1967,0.42314243
Azerbaijan,AZE,1968,0.4124195
Azerbaijan,AZE,1969,0.40385622
Azerbaijan,AZE,1970,0.394751
Azerbaijan,AZE,1971,0.3868108
Azerbaijan,AZE,1972,0.37917086
Azerbaijan,AZE,1973,0.37165454
Azerbaijan,AZE,1974,0.3658257
Azerbaijan,AZE,1975,0.35850862
Azerbaijan,AZE,1976,0.3528146
Azerbaijan,AZE,1977,0.34730333
Azerbaijan,AZE,1978,0.34093738
Azerbaijan,AZE,1979,0.3347694
Azerbaijan,AZE,1980,0.3298116
Azerbaijan,AZE,1981,0.3246999
Azerbaijan,AZE,1982,0.31956857
Azerbaijan,AZE,1983,0.3147347
Azerbaijan,AZE,1984,0.30956453
Azerbaijan,AZE,1985,0.3049984
Azerbaijan,AZE,1986,0.30027264
Azerbaijan,AZE,1987,0.29572484
Azerbaijan,AZE,1988,0.29049107
Azerbaijan,AZE,1989,0.2840727
Azerbaijan,AZE,1990,0.2785773
Azerbaijan,AZE,1991,0.2743687
Azerbaijan,AZE,1992,0.27106386
Azerbaijan,AZE,1993,0.2686134
Azerbaijan,AZE,1994,0.26551515
Azerbaijan,AZE,1995,0.26218325
Azerbaijan,AZE,1996,0.26138684
Azerbaijan,AZE,1997,0.26090804
Azerbaijan,AZE,1998,0.25835535
Azerbaijan,AZE,1999,0.25639373
Azerbaijan,AZE,2000,0.25428066
Azerbaijan,AZE,2001,0.25136
Azerbaijan,AZE,2002,0.24853057
Azerbaijan,AZE,2003,0.24583691
Azerbaijan,AZE,2004,0.24298008
Azerbaijan,AZE,2005,0.24041961
Azerbaijan,AZE,2006,0.236843
Azerbaijan,AZE,2007,0.2354706
Azerbaijan,AZE,2008,0.23331912
Azerbaijan,AZE,2009,0.23170982
Azerbaijan,AZE,2010,0.22981605
Azerbaijan,AZE,2011,0.22762795
Azerbaijan,AZE,2012,0.22691303
Azerbaijan,AZE,2013,0.2275955
Azerbaijan,AZE,2014,0.2258078
Azerbaijan,AZE,2015,0.22512129
Azerbaijan,AZE,2016,0.22963537
Azerbaijan,AZE,2017,0.23771805
Azerbaijan,AZE,2018,0.23662618
Azerbaijan,AZE,2019,0.23473799
Azerbaijan,AZE,2020,0.23261853
Azerbaijan,AZE,2021,0.23207624
Azerbaijan,AZE,2022,0.23119709
Azerbaijan,AZE,2023,0.23037605
Azerbaijan,AZE,2024,0.22958028
Azerbaijan,AZE,2025,0.22879213
Bahamas,BHS,-10000,0
Bahamas,BHS,-9000,0
Bahamas,BHS,-8000,0
Bahamas,BHS,-7000,0
Bahamas,BHS,-6000,0
Bahamas,BHS,-5000,0
Bahamas,BHS,-4000,0
Bahamas,BHS,-3000,0
Bahamas,BHS,-2000,0
Bahamas,BHS,-1000,0
Bahamas,BHS,0,0
Bahamas,BHS,100,0
Bahamas,BHS,200,0
Bahamas,BHS,300,0
Bahamas,BHS,400,0
Bahamas,BHS,500,0
Bahamas,BHS,600,0
Bahamas,BHS,700,0
Bahamas,BHS,800,0
Bahamas,BHS,900,0
Bahamas,BHS,1000,0
Bahamas,BHS,1100,0
Bahamas,BHS,1200,0
Bahamas,BHS,1300,0
Bahamas,BHS,1400,0
Bahamas,BHS,1500,0.018728862
Bahamas,BHS,1600,0.018728862
Bahamas,BHS,1700,0.01872886
Bahamas,BHS,1710,0.01872886
Bahamas,BHS,1720,0.01872886
Bahamas,BHS,1730,0.01872886
Bahamas,BHS,1740,0.018728862
Bahamas,BHS,1750,0.018728862
Bahamas,BHS,1760,0.01872886
Bahamas,BHS,1770,0.018728862
Bahamas,BHS,1780,0.018728862
Bahamas,BHS,1790,0.018728862
Bahamas,BHS,1800,0.018728862
Bahamas,BHS,1810,0.01872886
Bahamas,BHS,1820,0.018728862
Bahamas,BHS,1830,0.018728862
Bahamas,BHS,1840,0.025199
Bahamas,BHS,1850,0.029946648
Bahamas,BHS,1860,0.034694295
Bahamas,BHS,1870,0.039441943
Bahamas,BHS,1880,0.044189587
Bahamas,BHS,1890,0.04893724
Bahamas,BHS,1900,0.053684883
Bahamas,BHS,1910,0.05843253
Bahamas,BHS,1920,0.06318018
Bahamas,BHS,1930,0.06792784
Bahamas,BHS,1940,0.07267548
Bahamas,BHS,1950,0.077423126
Bahamas,BHS,1951,0.07789789
Bahamas,BHS,1952,0.07837266
Bahamas,BHS,1953,0.078847416
Bahamas,BHS,1954,0.07932218
Bahamas,BHS,1955,0.07979695
Bahamas,BHS,1956,0.08027171
Bahamas,BHS,1957,0.08074648
Bahamas,BHS,1958,0.08122124
Bahamas,BHS,1959,0.08169601
Bahamas,BHS,1960,0.08217077
Bahamas,BHS,1961,0.07818744
Bahamas,BHS,1962,0.07432918
Bahamas,BHS,1963,0.07068081
Bahamas,BHS,1964,0.06731589
Bahamas,BHS,1965,0.06426093
Bahamas,BHS,1966,0.06148969
Bahamas,BHS,1967,0.05897424
Bahamas,BHS,1968,0.05673687
Bahamas,BHS,1969,0.054795187
Bahamas,BHS,1970,0.05314312
Bahamas,BHS,1971,0.051764894
Bahamas,BHS,1972,0.050607573
Bahamas,BHS,1973,0.049590055
Bahamas,BHS,1974,0.04862263
Bahamas,BHS,1975,0.047648795
Bahamas,BHS,1976,0.046655815
Bahamas,BHS,1977,0.045659553
Bahamas,BHS,1978,0.04466213
Bahamas,BHS,1979,0.043682534
Bahamas,BHS,1980,0.042716943
Bahamas,BHS,1981,0.041780546
Bahamas,BHS,1982,0.04085763
Bahamas,BHS,1983,0.039968748
Bahamas,BHS,1984,0.039131578
Bahamas,BHS,1985,0.03835339
Bahamas,BHS,1986,0.03764141
Bahamas,BHS,1987,0.036983017
Bahamas,BHS,1988,0.036358416
Bahamas,BHS,1989,0.035742633
Bahamas,BHS,1990,0.035117608
Bahamas,BHS,1991,0.034474958
Bahamas,BHS,1992,0.033825133
Bahamas,BHS,1993,0.033197757
Bahamas,BHS,1994,0.029003369
Bahamas,BHS,1995,0.028552976
Bahamas,BHS,1996,0.02818953
Bahamas,BHS,1997,0.027879816
Bahamas,BHS,1998,0.02758545
Bahamas,BHS,1999,0.027257659
Bahamas,BHS,2000,0.030220507
Bahamas,BHS,2001,0.029697616
Bahamas,BHS,2002,0.029119143
Bahamas,BHS,2003,0.028511483
Bahamas,BHS,2004,0.027912127
Bahamas,BHS,2005,0.027342184
Bahamas,BHS,2006,0.02680638
Bahamas,BHS,2007,0.026297547
Bahamas,BHS,2008,0.025818773
Bahamas,BHS,2009,0.025369124
Bahamas,BHS,2010,0.027721077
Bahamas,BHS,2011,0.030271037
Bahamas,BHS,2012,0.0300521
Bahamas,BHS,2013,0.029836308
Bahamas,BHS,2014,0.029623596
Bahamas,BHS,2015,0.02941389
Bahamas,BHS,2016,0.029207136
Bahamas,BHS,2017,0.029003268
Bahamas,BHS,2018,0.028802225
Bahamas,BHS,2019,0.028603952
Bahamas,BHS,2020,0.028408388
Bahamas,BHS,2021,0.028128797
Bahamas,BHS,2022,0.027854657
Bahamas,BHS,2023,0.027585806
Bahamas,BHS,2024,0.027322099
Bahamas,BHS,2025,0.027063385
Bahrain,BHR,-10000,0
Bahrain,BHR,-9000,0
Bahrain,BHR,-8000,0
Bahrain,BHR,-7000,0
Bahrain,BHR,-6000,0
Bahrain,BHR,-5000,0
Bahrain,BHR,-4000,0
Bahrain,BHR,-3000,0
Bahrain,BHR,-2000,0
Bahrain,BHR,-1000,0
Bahrain,BHR,0,0
Bahrain,BHR,100,0.058293108
Bahrain,BHR,200,0.057503622
Bahrain,BHR,300,0.056691833
Bahrain,BHR,400,0.055856112
Bahrain,BHR,500,0.0549946
Bahrain,BHR,600,0.054105215
Bahrain,BHR,700,0.0531856
Bahrain,BHR,800,0.05223302
Bahrain,BHR,900,0.051244374
Bahrain,BHR,1000,0.050216034
Bahrain,BHR,1100,0.049143754
Bahrain,BHR,1200,0.048022524
Bahrain,BHR,1300,0.046846334
Bahrain,BHR,1400,0.045607924
Bahrain,BHR,1500,0.04429833
Bahrain,BHR,1600,0.042906366
Bahrain,BHR,1700,0.0414177
Bahrain,BHR,1710,0.04126284
Bahrain,BHR,1720,0.04110681
Bahrain,BHR,1730,0.040949583
Bahrain,BHR,1740,0.040791143
Bahrain,BHR,1750,0.040631466
Bahrain,BHR,1760,0.040470514
Bahrain,BHR,1770,0.040308278
Bahrain,BHR,1780,0.040144723
Bahrain,BHR,1790,0.039979827
Bahrain,BHR,1800,0.039813556
Bahrain,BHR,1810,0.039645888
Bahrain,BHR,1820,0.03947679
Bahrain,BHR,1830,0.039306227
Bahrain,BHR,1840,0.03913417
Bahrain,BHR,1850,0.03896059
Bahrain,BHR,1860,0.03878545
Bahrain,BHR,1870,0.038608715
Bahrain,BHR,1880,0.038430344
Bahrain,BHR,1890,0.0382503
Bahrain,BHR,1900,0.038068548
Bahrain,BHR,1910,0.037885044
Bahrain,BHR,1920,0.03769974
Bahrain,BHR,1930,0.037512604
Bahrain,BHR,1940,0.037323575
Bahrain,BHR,1950,0.037132617
Bahrain,BHR,1951,0.037113413
Bahrain,BHR,1952,0.037094187
Bahrain,BHR,1953,0.037074942
Bahrain,BHR,1954,0.03705568
Bahrain,BHR,1955,0.037036397
Bahrain,BHR,1956,0.037017092
Bahrain,BHR,1957,0.036997765
Bahrain,BHR,1958,0.036978424
Bahrain,BHR,1959,0.036959056
Bahrain,BHR,1960,0.036939673
Bahrain,BHR,1961,0.035736833
Bahrain,BHR,1962,0.034653235
Bahrain,BHR,1963,0.033681374
Bahrain,BHR,1964,0.03280714
Bahrain,BHR,1965,0.03201178
Bahrain,BHR,1966,0.03128585
Bahrain,BHR,1967,0.030602409
Bahrain,BHR,1968,0.029902369
Bahrain,BHR,1969,0.029120134
Bahrain,BHR,1970,0.02822135
Bahrain,BHR,1971,0.02689184
Bahrain,BHR,1972,0.025681963
Bahrain,BHR,1973,0.024576264
Bahrain,BHR,1974,0.023561845
Bahrain,BHR,1975,0.022627847
Bahrain,BHR,1976,0.021147655
Bahrain,BHR,1977,0.019849224
Bahrain,BHR,1978,0.018701015
Bahrain,BHR,1979,0.017678382
Bahrain,BHR,1980,0.01676179
Bahrain,BHR,1981,0.016227119
Bahrain,BHR,1982,0.015725503
Bahrain,BHR,1983,0.015253971
Bahrain,BHR,1984,0.014809893
Bahrain,BHR,1985,0.01439094
Bahrain,BHR,1986,0.013884987
Bahrain,BHR,1987,0.013413402
Bahrain,BHR,1988,0.012972799
Bahrain,BHR,1989,0.012560221
Bahrain,BHR,1990,0.012173077
Bahrain,BHR,1991,0.011854742
Bahrain,BHR,1992,0.011552632
Bahrain,BHR,1993,0.011265537
Bahrain,BHR,1994,0.010992366
Bahrain,BHR,1995,0.010732128
Bahrain,BHR,1996,0.01043671
Bahrain,BHR,1997,0.01015712
Bahrain,BHR,1998,0.00989212
Bahrain,BHR,1999,0.009640596
Bahrain,BHR,2000,0.009244853
Bahrain,BHR,2001,0.008832739
Bahrain,BHR,2002,0.008456708
Bahrain,BHR,2003,0.0080850655
Bahrain,BHR,2004,0.0077457563
Bahrain,BHR,2005,0.007408869
Bahrain,BHR,2006,0.006332516
Bahrain,BHR,2007,0.0054915925
Bahrain,BHR,2008,0.004832746
Bahrain,BHR,2009,0.004287833
Bahrain,BHR,2010,0.0038436088
Bahrain,BHR,2011,0.0035802878
Bahrain,BHR,2012,0.0033477715
Bahrain,BHR,2013,0.0031282855
Bahrain,BHR,2014,0.0029334673
Bahrain,BHR,2015,0.0027476733
Bahrain,BHR,2016,0.0025821137
Bahrain,BHR,2017,0.0024227763
Bahrain,BHR,2018,0.0023315568
Bahrain,BHR,2019,0.0022520511
Bahrain,BHR,2020,0.0021777889
Bahrain,BHR,2021,0.0021251324
Bahrain,BHR,2022,0.002074962
Bahrain,BHR,2023,0.0020271058
Bahrain,BHR,2024,0.0019814074
Bahrain,BHR,2025,0.001937724
Bangladesh,BGD,-10000,0
Bangladesh,BGD,-9000,0
Bangladesh,BGD,-8000,0
Bangladesh,BGD,-7000,0
Bangladesh,BGD,-6000,0
Bangladesh,BGD,-5000,0
Bangladesh,BGD,-4000,0
Bangladesh,BGD,-3000,0
Bangladesh,BGD,-2000,0.4313621
Bangladesh,BGD,-1000,0.40731412
Bangladesh,BGD,0,0.37571755
Bangladesh,BGD,100,0.3719032
Bangladesh,BGD,200,0.3679256
Bangladesh,BGD,300,0.3637682
Bangladesh,BGD,400,0.35941154
Bangladesh,BGD,500,0.3548328
Bangladesh,BGD,600,0.35000476
Bangladesh,BGD,700,0.3448946
Bangladesh,BGD,800,0.33946228
Bangladesh,BGD,900,0.3336582
Bangladesh,BGD,1000,0.3274196
Bangladesh,BGD,1100,0.32066593
Bangladesh,BGD,1200,0.31329
Bangladesh,BGD,1300,0.30514586
Bangladesh,BGD,1400,0.2960264
Bangladesh,BGD,1500,0.28562117
Bangladesh,BGD,1600,0.27343288
Bangladesh,BGD,1700,0.25858027
Bangladesh,BGD,1710,0.2568924
Bangladesh,BGD,1720,0.255159
Bangladesh,BGD,1730,0.25337714
Bangladesh,BGD,1740,0.25154373
Bangladesh,BGD,1750,0.24965523
Bangladesh,BGD,1760,0.24770778
Bangladesh,BGD,1770,0.24569711
Bangladesh,BGD,1780,0.24361838
Bangladesh,BGD,1790,0.24146615
Bangladesh,BGD,1800,0.2392344
Bangladesh,BGD,1810,0.2369161
Bangladesh,BGD,1820,0.23450328
Bangladesh,BGD,1830,0.23198695
Bangladesh,BGD,1840,0.22935641
Bangladesh,BGD,1850,0.22659934
Bangladesh,BGD,1860,0.22370116
Bangladesh,BGD,1870,0.22064453
Bangladesh,BGD,1880,0.21740846
Bangladesh,BGD,1890,0.21396743
Bangladesh,BGD,1900,0.21028963
Bangladesh,BGD,1910,0.20633495
Bangladesh,BGD,1920,0.20205154
Bangladesh,BGD,1930,0.19737074
Bangladesh,BGD,1940,0.1921985
Bangladesh,BGD,1950,0.18640095
Bangladesh,BGD,1951,0.18577985
Bangladesh,BGD,1952,0.18515037
Bangladesh,BGD,1953,0.1845122
Bangladesh,BGD,1954,0.18386504
Bangladesh,BGD,1955,0.18320866
Bangladesh,BGD,1956,0.18254274
Bangladesh,BGD,1957,0.18186696
Bangladesh,BGD,1958,0.18118098
Bangladesh,BGD,1959,0.18048447
Bangladesh,BGD,1960,0.179777
Bangladesh,BGD,1961,0.17905824
Bangladesh,BGD,1962,0.17395604
Bangladesh,BGD,1963,0.16903849
Bangladesh,BGD,1964,0.16479121
Bangladesh,BGD,1965,0.16185467
Bangladesh,BGD,1966,0.15691921
Bangladesh,BGD,1967,0.15254778
Bangladesh,BGD,1968,0.14727311
Bangladesh,BGD,1969,0.14309955
Bangladesh,BGD,1970,0.13985106
Bangladesh,BGD,1971,0.13748088
Bangladesh,BGD,1972,0.13961919
Bangladesh,BGD,1973,0.1373295
Bangladesh,BGD,1974,0.13514158
Bangladesh,BGD,1975,0.13323478
Bangladesh,BGD,1976,0.12946577
Bangladesh,BGD,1977,0.12588629
Bangladesh,BGD,1978,0.122533664
Bangladesh,BGD,1979,0.11935233
Bangladesh,BGD,1980,0.11642874
Bangladesh,BGD,1981,0.1130837
Bangladesh,BGD,1982,0.10995673
Bangladesh,BGD,1983,0.106870666
Bangladesh,BGD,1984,0.10516748
Bangladesh,BGD,1985,0.1021525
Bangladesh,BGD,1986,0.099506654
Bangladesh,BGD,1987,0.09761721
Bangladesh,BGD,1988,0.09820415
Bangladesh,BGD,1989,0.09587816
Bangladesh,BGD,1990,0.0929733
Bangladesh,BGD,1991,0.090248846
Bangladesh,BGD,1992,0.08124494
Bangladesh,BGD,1993,0.07856506
Bangladesh,BGD,1994,0.07612953
Bangladesh,BGD,1995,0.074680634
Bangladesh,BGD,1996,0.07278079
Bangladesh,BGD,1997,0.07165099
Bangladesh,BGD,1998,0.070813544
Bangladesh,BGD,1999,0.06987431
Bangladesh,BGD,2000,0.067905284
Bangladesh,BGD,2001,0.06679495
Bangladesh,BGD,2002,0.065325506
Bangladesh,BGD,2003,0.06408709
Bangladesh,BGD,2004,0.06303256
Bangladesh,BGD,2005,0.061961226
Bangladesh,BGD,2006,0.061037023
Bangladesh,BGD,2007,0.060251854
Bangladesh,BGD,2008,0.05949105
Bangladesh,BGD,2009,0.058787815
Bangladesh,BGD,2010,0.058113366
Bangladesh,BGD,2011,0.05668499
Bangladesh,BGD,2012,0.055979405
Bangladesh,BGD,2013,0.055263914
Bangladesh,BGD,2014,0.054583807
Bangladesh,BGD,2015,0.05437763
Bangladesh,BGD,2016,0.053979587
Bangladesh,BGD,2017,0.05334886
Bangladesh,BGD,2018,0.05286601
Bangladesh,BGD,2019,0.053486224
Bangladesh,BGD,2020,0.05312058
Bangladesh,BGD,2021,0.052576464
Bangladesh,BGD,2022,0.052112866
Bangladesh,BGD,2023,0.052189182
Bangladesh,BGD,2024,0.051999696
Bangladesh,BGD,2025,0.05181347
Barbados,BRB,-6000,0
Barbados,BRB,-5000,0
Barbados,BRB,-4000,0
Barbados,BRB,-3000,0
Barbados,BRB,-2000,0
Barbados,BRB,-1000,0
Barbados,BRB,0,0
Barbados,BRB,100,0
Barbados,BRB,200,0
Barbados,BRB,300,0
Barbados,BRB,400,0
Barbados,BRB,500,0
Barbados,BRB,600,0
Barbados,BRB,700,0
Barbados,BRB,800,0
Barbados,BRB,900,0
Barbados,BRB,1000,0
Barbados,BRB,1100,0
Barbados,BRB,1200,0
Barbados,BRB,1300,0
Barbados,BRB,1400,0
Barbados,BRB,1500,0.11245213
Barbados,BRB,1600,0.10625387
Barbados,BRB,1700,0.09923336
Barbados,BRB,1710,0.09847468
Barbados,BRB,1720,0.097704135
Barbados,BRB,1730,0.096921235
Barbados,BRB,1740,0.096125476
Barbados,BRB,1750,0.09531633
Barbados,BRB,1760,0.09449319
Barbados,BRB,1770,0.09365546
Barbados,BRB,1780,0.09280248
Barbados,BRB,1790,0.09193352
Barbados,BRB,1800,0.09104781
Barbados,BRB,1810,0.09014452
Barbados,BRB,1820,0.08922277
Barbados,BRB,1830,0.088281564
Barbados,BRB,1840,0.087319836
Barbados,BRB,1850,0.08633646
Barbados,BRB,1860,0.08533015
Barbados,BRB,1870,0.084299535
Barbados,BRB,1880,0.08324307
Barbados,BRB,1890,0.08215911
Barbados,BRB,1900,0.081045754
Barbados,BRB,1910,0.079900935
Barbados,BRB,1920,0.078722335
Barbados,BRB,1930,0.07750735
Barbados,BRB,1940,0.07625303
Barbados,BRB,1950,0.07495602
Barbados,BRB,1951,0.07482384
Barbados,BRB,1952,0.07469118
Barbados,BRB,1953,0.07455804
Barbados,BRB,1954,0.07442443
Barbados,BRB,1955,0.07429035
Barbados,BRB,1956,0.07415576
Barbados,BRB,1957,0.0740207
Barbados,BRB,1958,0.073885135
Barbados,BRB,1959,0.07374908
Barbados,BRB,1960,0.07361251
Barbados,BRB,1961,0.073377706
Barbados,BRB,1962,0.073091246
Barbados,BRB,1963,0.072778024
Barbados,BRB,1964,0.07248014
Barbados,BRB,1965,0.07222548
Barbados,BRB,1966,0.07202047
Barbados,BRB,1967,0.071844846
Barbados,BRB,1968,0.07166978
Barbados,BRB,1969,0.07145469
Barbados,BRB,1970,0.07117497
Barbados,BRB,1971,0.07082301
Barbados,BRB,1972,0.07041058
Barbados,BRB,1973,0.06996576
Barbados,BRB,1974,0.069518566
Barbados,BRB,1975,0.06909614
Barbados,BRB,1976,0.068702415
Barbados,BRB,1977,0.06833237
Barbados,BRB,1978,0.067991294
Barbados,BRB,1979,0.06768136
Barbados,BRB,1980,0.06740842
Barbados,BRB,1981,0.06717244
Barbados,BRB,1982,0.066971056
Barbados,BRB,1983,0.06679292
Barbados,BRB,1984,0.066616245
Barbados,BRB,1985,0.06642597
Barbados,BRB,1986,0.06621588
Barbados,BRB,1987,0.06599097
Barbados,BRB,1988,0.065757155
Barbados,BRB,1989,0.0655212
Barbados,BRB,1990,0.0652907
Barbados,BRB,1991,0.06506554
Barbados,BRB,1992,0.06483996
Barbados,BRB,1993,0.06461692
Barbados,BRB,1994,0.06439028
Barbados,BRB,1995,0.06416087
Barbados,BRB,1996,0.06392371
Barbados,BRB,1997,0.06368353
Barbados,BRB,1998,0.063444674
Barbados,BRB,1999,0.059496805
Barbados,BRB,2000,0.05929286
Barbados,BRB,2001,0.059109297
Barbados,BRB,2002,0.055253096
Barbados,BRB,2003,0.0550948
Barbados,BRB,2004,0.051264964
Barbados,BRB,2005,0.051093213
Barbados,BRB,2006,0.05090187
Barbados,BRB,2007,0.050697085
Barbados,BRB,2008,0.05048338
Barbados,BRB,2009,0.050274715
Barbados,BRB,2010,0.04650015
Barbados,BRB,2011,0.04276535
Barbados,BRB,2012,0.039064582
Barbados,BRB,2013,0.037166957
Barbados,BRB,2014,0.035287682
Barbados,BRB,2015,0.031665944
Barbados,BRB,2016,0.028070569
Barbados,BRB,2017,0.027999539
Barbados,BRB,2018,0.027934132
Barbados,BRB,2019,0.027873592
Barbados,BRB,2020,0.028711164
Barbados,BRB,2021,0.028676663
Barbados,BRB,2022,0.028642239
Barbados,BRB,2023,0.028607901
Barbados,BRB,2024,0.028573645
Barbados,BRB,2025,0.028539468
Belarus,BLR,-10000,0
Belarus,BLR,-9000,0
Belarus,BLR,-8000,0
Belarus,BLR,-7000,0
Belarus,BLR,-6000,0
Belarus,BLR,-5000,0
Belarus,BLR,-4000,1.245758
Belarus,BLR,-3000,3.7372742
Belarus,BLR,-2000,3.470479
Belarus,BLR,-1000,3.1548052
Belarus,BLR,0,2.7588816
Belarus,BLR,100,2.7125623
Belarus,BLR,200,2.6646047
Belarus,BLR,300,2.6148555
Belarus,BLR,400,2.563138
Belarus,BLR,500,2.5092447
Belarus,BLR,600,2.452931
Belarus,BLR,700,2.3939056
Belarus,BLR,800,2.3318167
Belarus,BLR,900,2.2662325
Belarus,BLR,1000,2.1966155
Belarus,BLR,1100,2.1222813
Belarus,BLR,1200,2.0423398
Belarus,BLR,1300,1.9555964
Belarus,BLR,1400,1.8603886
Belarus,BLR,1500,1.7542894
Belarus,BLR,1600,1.6335208
Belarus,BLR,1700,1.4916366
Belarus,BLR,1710,1.47589
Belarus,BLR,1720,1.4598001
Belarus,BLR,1730,1.4433477
Belarus,BLR,1740,1.4265113
Belarus,BLR,1750,1.4092678
Belarus,BLR,1760,1.3915917
Belarus,BLR,1770,1.3734547
Belarus,BLR,1780,1.3548255
Belarus,BLR,1790,1.3356695
Belarus,BLR,1800,1.3159479
Belarus,BLR,1810,1.2956164
Belarus,BLR,1820,1.274626
Belarus,BLR,1830,1.2529207
Belarus,BLR,1840,1.2304362
Belarus,BLR,1850,1.2070982
Belarus,BLR,1860,1.1828213
Belarus,BLR,1870,1.1575046
Belarus,BLR,1880,1.1310292
Belarus,BLR,1890,1.1032526
Belarus,BLR,1900,1.0740023
Belarus,BLR,1910,1.0430654
Belarus,BLR,1920,1.010176
Belarus,BLR,1930,0.97499263
Belarus,BLR,1940,0.93706846
Belarus,BLR,1950,0.89579785
Belarus,BLR,1951,0.8914568
Belarus,BLR,1952,0.8870729
Belarus,BLR,1953,0.88264525
Belarus,BLR,1954,0.87817293
Belarus,BLR,1955,0.8736544
Belarus,BLR,1956,0.86908865
Belarus,BLR,1957,0.8644744
Belarus,BLR,1958,0.8598104
Belarus,BLR,1959,0.8550953
Belarus,BLR,1960,0.8503277
Belarus,BLR,1961,0.84214646
Belarus,BLR,1962,0.83620286
Belarus,BLR,1963,0.8226129
Belarus,BLR,1964,0.8105199
Belarus,BLR,1965,0.80122906
Belarus,BLR,1966,0.78475547
Belarus,BLR,1967,0.7760698
Belarus,BLR,1968,0.7672047
Belarus,BLR,1969,0.7611358
Belarus,BLR,1970,0.75323415
Belarus,BLR,1971,0.7461157
Belarus,BLR,1972,0.7391187
Belarus,BLR,1973,0.73192483
Belarus,BLR,1974,0.7276635
Belarus,BLR,1975,0.72006494
Belarus,BLR,1976,0.71591896
Belarus,BLR,1977,0.711824
Belarus,BLR,1978,0.70564985
Belarus,BLR,1979,0.69955075
Belarus,BLR,1980,0.69567984
Belarus,BLR,1981,0.6913622
Belarus,BLR,1982,0.6867104
Belarus,BLR,1983,0.682417
Belarus,BLR,1984,0.67711866
Belarus,BLR,1985,0.67287636
Belarus,BLR,1986,0.66970825
Belarus,BLR,1987,0.66663885
Belarus,BLR,1988,0.6617179
Belarus,BLR,1989,0.65375364
Belarus,BLR,1990,0.6475679
Belarus,BLR,1991,0.6473845
Belarus,BLR,1992,0.60990626
Belarus,BLR,1993,0.6084676
Belarus,BLR,1994,0.6203679
Belarus,BLR,1995,0.6208737
Belarus,BLR,1996,0.6232072
Belarus,BLR,1997,0.62026
Belarus,BLR,1998,0.622118
Belarus,BLR,1999,0.6242888
Belarus,BLR,2000,0.62210363
Belarus,BLR,2001,0.58773774
Belarus,BLR,2002,0.5758311
Belarus,BLR,2003,0.57359284
Belarus,BLR,2004,0.5740685
Belarus,BLR,2005,0.57607543
Belarus,BLR,2006,0.5788837
Belarus,BLR,2007,0.5794582
Belarus,BLR,2008,0.5818963
Belarus,BLR,2009,0.58746916
Belarus,BLR,2010,0.58955204
Belarus,BLR,2011,0.5909278
Belarus,BLR,2012,0.5919982
Belarus,BLR,2013,0.59787697
Belarus,BLR,2014,0.61063147
Belarus,BLR,2015,0.6138692
Belarus,BLR,2016,0.61646986
Belarus,BLR,2017,0.62350774
Belarus,BLR,2018,0.62374985
Belarus,BLR,2019,0.625606
Belarus,BLR,2020,0.6213266
Belarus,BLR,2021,0.6192756
Belarus,BLR,2022,0.6191655
Belarus,BLR,2023,0.61731946
Belarus,BLR,2024,0.61583143
Belarus,BLR,2025,0.61433184
Belgium,BEL,-10000,0
Belgium,BEL,-9000,0
Belgium,BEL,-8000,0
Belgium,BEL,-7000,0
Belgium,BEL,-6000,0
Belgium,BEL,-5000,0.21243018
Belgium,BEL,-4000,0.32410836
Belgium,BEL,-3000,0.3125245
Belgium,BEL,-2000,0.2989147
Belgium,BEL,-1000,0.28225052
Belgium,BEL,0,0.2603555
Belgium,BEL,100,0.25771233
Belgium,BEL,200,0.25495604
Belgium,BEL,300,0.25207514
Belgium,BEL,400,0.24905616
Belgium,BEL,500,0.2458833
Belgium,BEL,600,0.24253766
Belgium,BEL,700,0.23899657
Belgium,BEL,800,0.23523222
Belgium,BEL,900,0.23121025
Belgium,BEL,1000,0.22688723
Belgium,BEL,1100,0.22220716
Belgium,BEL,1200,0.21709599
Belgium,BEL,1300,0.21145254
Belgium,BEL,1400,0.20513308
Belgium,BEL,1500,0.19792274
Belgium,BEL,1600,0.18947682
Belgium,BEL,1700,0.1791846
Belgium,BEL,1710,0.178015
Belgium,BEL,1720,0.1768138
Belgium,BEL,1730,0.17557906
Belgium,BEL,1740,0.17430857
Belgium,BEL,1750,0.17299992
Belgium,BEL,1760,0.17165042
Belgium,BEL,1770,0.17025714
Belgium,BEL,1780,0.16881667
Belgium,BEL,1790,0.1673253
Belgium,BEL,1800,0.16577877
Belgium,BEL,1810,0.16417228
Belgium,BEL,1820,0.16250034
Belgium,BEL,1830,0.15735677
Belgium,BEL,1840,0.15132658
Belgium,BEL,1850,0.14762424
Belgium,BEL,1860,0.14517215
Belgium,BEL,1870,0.14202644
Belgium,BEL,1880,0.13777514
Belgium,BEL,1890,0.13350148
Belgium,BEL,1900,0.12943515
Belgium,BEL,1910,0.12530142
Belgium,BEL,1920,0.12113027
Belgium,BEL,1930,0.11736288
Belgium,BEL,1940,0.11405375
Belgium,BEL,1950,0.11040812
Belgium,BEL,1951,0.11000496
Belgium,BEL,1952,0.109597474
Belgium,BEL,1953,0.1091855
Belgium,BEL,1954,0.10876888
Belgium,BEL,1955,0.108347416
Belgium,BEL,1956,0.10792093
Belgium,BEL,1957,0.10748924
Belgium,BEL,1958,0.10705212
Belgium,BEL,1959,0.10660938
Belgium,BEL,1960,0.1061608
Belgium,BEL,1961,0.105626136
Belgium,BEL,1962,0.10456255
Belgium,BEL,1963,0.103526145
Belgium,BEL,1964,0.10253499
Belgium,BEL,1965,0.101600625
Belgium,BEL,1966,0.10072732
Belgium,BEL,1967,0.09981169
Belgium,BEL,1968,0.09913755
Belgium,BEL,1969,0.09859137
Belgium,BEL,1970,0.09806462
Belgium,BEL,1971,0.09755584
Belgium,BEL,1972,0.09705033
Belgium,BEL,1973,0.09645207
Belgium,BEL,1974,0.09585762
Belgium,BEL,1975,0.09526697
Belgium,BEL,1976,0.0948653
Belgium,BEL,1977,0.094274364
Belgium,BEL,1978,0.093589835
Belgium,BEL,1979,0.092622265
Belgium,BEL,1980,0.073458344
Belgium,BEL,1981,0.07318465
Belgium,BEL,1982,0.0730057
Belgium,BEL,1983,0.07311116
Belgium,BEL,1984,0.07350118
Belgium,BEL,1985,0.07370088
Belgium,BEL,1986,0.07363099
Belgium,BEL,1987,0.073560186
Belgium,BEL,1988,0.07349165
Belgium,BEL,1989,0.07351853
Belgium,BEL,1990,0.07326385
Belgium,BEL,1991,0.07260385
Belgium,BEL,1992,0.07923113
Belgium,BEL,1993,0.07995526
Belgium,BEL,1994,0.08893972
Belgium,BEL,1995,0.08259737
Belgium,BEL,1996,0.08133158
Belgium,BEL,1997,0.08200776
Belgium,BEL,1998,0.082221024
Belgium,BEL,1999,0.08206591
Belgium,BEL,2000,0.086736165
Belgium,BEL,2001,0.08468814
Belgium,BEL,2002,0.08305833
Belgium,BEL,2003,0.08297476
Belgium,BEL,2004,0.083084896
Belgium,BEL,2005,0.08296356
Belgium,BEL,2006,0.08239623
Belgium,BEL,2007,0.08163593
Belgium,BEL,2008,0.081686616
Belgium,BEL,2009,0.08088246
Belgium,BEL,2010,0.079881884
Belgium,BEL,2011,0.07861214
Belgium,BEL,2012,0.07618337
Belgium,BEL,2013,0.07699534
Belgium,BEL,2014,0.07667496
Belgium,BEL,2015,0.07742119
Belgium,BEL,2016,0.07889428
Belgium,BEL,2017,0.07731124
Belgium,BEL,2018,0.07828715
Belgium,BEL,2019,0.078536935
Belgium,BEL,2020,0.07883519
Belgium,BEL,2021,0.078553505
Belgium,BEL,2022,0.078034356
Belgium,BEL,2023,0.07830895
Belgium,BEL,2024,0.078264795
Belgium,BEL,2025,0.07822103
Belize,BLZ,-10000,0
Belize,BLZ,-9000,0
Belize,BLZ,-8000,0
Belize,BLZ,-7000,0
Belize,BLZ,-6000,0
Belize,BLZ,-5000,0
Belize,BLZ,-4000,0
Belize,BLZ,-3000,0
Belize,BLZ,-2000,1.3945946
Belize,BLZ,-1000,1.2706193
Belize,BLZ,0,1.1161324
Belize,BLZ,100,1.0981588
Belize,BLZ,200,1.0795767
Belize,BLZ,300,1.0603322
Belize,BLZ,400,1.0403624
Belize,BLZ,500,1.019595
Belize,BLZ,600,0.9979453
Belize,BLZ,700,0.97531325
Belize,BLZ,800,0.95157903
Belize,BLZ,900,0.9265977
Belize,BLZ,1000,0.90019155
Belize,BLZ,1100,0.87213814
Belize,BLZ,1200,0.8421535
Belize,BLZ,1300,0.80986655
Belize,BLZ,1400,0.77477694
Belize,BLZ,1500,0.7361837
Belize,BLZ,1600,0.69305456
Belize,BLZ,1700,0.6437631
Belize,BLZ,1710,0.63840246
Belize,BLZ,1720,0.6329501
Belize,BLZ,1730,0.62740225
Belize,BLZ,1740,0.6217545
Belize,BLZ,1750,0.61600226
Belize,BLZ,1760,0.6101405
Belize,BLZ,1770,0.604164
Belize,BLZ,1780,0.5980667
Belize,BLZ,1790,0.59184253
Belize,BLZ,1800,0.5854847
Belize,BLZ,1810,0.5789856
Belize,BLZ,1820,0.5723372
Belize,BLZ,1830,0.5655307
Belize,BLZ,1840,0.5585563
Belize,BLZ,1850,0.5514033
Belize,BLZ,1860,0.54405963
Belize,BLZ,1870,0.5365122
Belize,BLZ,1880,0.5287463
Belize,BLZ,1890,0.5207453
Belize,BLZ,1900,0.51249045
Belize,BLZ,1910,0.50396085
Belize,BLZ,1920,0.49513233
Belize,BLZ,1930,0.48597717
Belize,BLZ,1940,0.47646347
Belize,BLZ,1950,0.46655387
Belize,BLZ,1951,0.46553952
Belize,BLZ,1952,0.46452072
Belize,BLZ,1953,0.4634974
Belize,BLZ,1954,0.46246958
Belize,BLZ,1955,0.4614372
Belize,BLZ,1956,0.46040013
Belize,BLZ,1957,0.45935833
Belize,BLZ,1958,0.45831186
Belize,BLZ,1959,0.45726055
Belize,BLZ,1960,0.45620438
Belize,BLZ,1961,0.44349176
Belize,BLZ,1962,0.43128234
Belize,BLZ,1963,0.42929596
Belize,BLZ,1964,0.41719624
Belize,BLZ,1965,0.4052055
Belize,BLZ,1966,0.40238872
Belize,BLZ,1967,0.39044476
Belize,BLZ,1968,0.379111
Belize,BLZ,1969,0.3773237
Belize,BLZ,1970,0.36830303
Belize,BLZ,1971,0.3686104
Belize,BLZ,1972,0.36177742
Belize,BLZ,1973,0.3635126
Belize,BLZ,1974,0.35793978
Belize,BLZ,1975,0.3601981
Belize,BLZ,1976,0.35516882
Belize,BLZ,1977,0.35769296
Belize,BLZ,1978,0.35260677
Belize,BLZ,1979,0.35384452
Belize,BLZ,1980,0.36072284
Belize,BLZ,1981,0.35916132
Belize,BLZ,1982,0.34983498
Belize,BLZ,1983,0.3401317
Belize,BLZ,1984,0.33053315
Belize,BLZ,1985,0.32136598
Belize,BLZ,1986,0.32435367
Belize,BLZ,1987,0.3671409
Belize,BLZ,1988,0.37424314
Belize,BLZ,1989,0.39243686
Belize,BLZ,1990,0.4105528
Belize,BLZ,1991,0.4238042
Belize,BLZ,1992,0.44772202
Belize,BLZ,1993,0.47566998
Belize,BLZ,1994,0.46609876
Belize,BLZ,1995,0.46385103
Belize,BLZ,1996,0.45395833
Belize,BLZ,1997,0.4422263
Belize,BLZ,1998,0.4255615
Belize,BLZ,1999,0.41836452
Belize,BLZ,2000,0.40029922
Belize,BLZ,2001,0.38825965
Belize,BLZ,2002,0.38900712
Belize,BLZ,2003,0.378999
Belize,BLZ,2004,0.3694461
Belize,BLZ,2005,0.3600716
Belize,BLZ,2006,0.35082048
Belize,BLZ,2007,0.34181502
Belize,BLZ,2008,0.3331537
Belize,BLZ,2009,0.33447054
Belize,BLZ,2010,0.33270317
Belize,BLZ,2011,0.32829413
Belize,BLZ,2012,0.33308452
Belize,BLZ,2013,0.32878444
Belize,BLZ,2014,0.32459393
Belize,BLZ,2015,0.34964606
Belize,BLZ,2016,0.3453004
Belize,BLZ,2017,0.34674585
Belize,BLZ,2018,0.3425408
Belize,BLZ,2019,0.34398466
Belize,BLZ,2020,0.3563592
Belize,BLZ,2021,0.36074916
Belize,BLZ,2022,0.35966322
Belize,BLZ,2023,0.37053657
Belize,BLZ,2024,0.37701142
Belize,BLZ,2025,0.38344762
Benin,BEN,-10000,0
Benin,BEN,-9000,0
Benin,BEN,-8000,0
Benin,BEN,-7000,0
Benin,BEN,-6000,0
Benin,BEN,-5000,0
Benin,BEN,-4000,0
Benin,BEN,-3000,0
Benin,BEN,-2000,0
Benin,BEN,-1000,0
Benin,BEN,0,0
Benin,BEN,100,0
Benin,BEN,200,0
Benin,BEN,300,0
Benin,BEN,400,0
Benin,BEN,500,0
Benin,BEN,600,0
Benin,BEN,700,0
Benin,BEN,800,0.23481563
Benin,BEN,900,0.41092864
Benin,BEN,1000,0.40991905
Benin,BEN,1100,0.40890452
Benin,BEN,1200,0.40788493
Benin,BEN,1300,0.40685868
Benin,BEN,1400,0.4058228
Benin,BEN,1500,0.404783
Benin,BEN,1600,0.40375447
Benin,BEN,1700,0.4027086
Benin,BEN,1710,0.4026037
Benin,BEN,1720,0.40249875
Benin,BEN,1730,0.40239373
Benin,BEN,1740,0.4022887
Benin,BEN,1750,0.40218356
Benin,BEN,1760,0.40207842
Benin,BEN,1770,0.4019732
Benin,BEN,1780,0.40186796
Benin,BEN,1790,0.40176257
Benin,BEN,1800,0.40165722
Benin,BEN,1810,0.40155175
Benin,BEN,1820,0.40144628
Benin,BEN,1830,0.40134072
Benin,BEN,1840,0.4012351
Benin,BEN,1850,0.40112945
Benin,BEN,1860,0.40102372
Benin,BEN,1870,0.40091798
Benin,BEN,1880,0.40081215
Benin,BEN,1890,0.40070626
Benin,BEN,1900,0.40060034
Benin,BEN,1910,0.4004943
Benin,BEN,1920,0.40038824
Benin,BEN,1930,0.40028214
Benin,BEN,1940,0.40017596
Benin,BEN,1950,0.40006977
Benin,BEN,1951,0.40005913
Benin,BEN,1952,0.40004852
Benin,BEN,1953,0.40003788
Benin,BEN,1954,0.40002725
Benin,BEN,1955,0.40001664
Benin,BEN,1956,0.400006
Benin,BEN,1957,0.3999954
Benin,BEN,1958,0.39998475
Benin,BEN,1959,0.3999741
Benin,BEN,1960,0.39996347
Benin,BEN,1961,0.3944089
Benin,BEN,1962,0.39680034
Benin,BEN,1963,0.39864776
Benin,BEN,1964,0.3989865
Benin,BEN,1965,0.40031248
Benin,BEN,1966,0.40406254
Benin,BEN,1967,0.4122243
Benin,BEN,1968,0.41494632
Benin,BEN,1969,0.436048
Benin,BEN,1970,0.43424633
Benin,BEN,1971,0.44132143
Benin,BEN,1972,0.44182205
Benin,BEN,1973,0.43797603
Benin,BEN,1974,0.4363148
Benin,BEN,1975,0.4382045
Benin,BEN,1976,0.43538532
Benin,BEN,1977,0.43412915
Benin,BEN,1978,0.42898315
Benin,BEN,1979,0.42318335
Benin,BEN,1980,0.42029342
Benin,BEN,1981,0.4169494
Benin,BEN,1982,0.41380304
Benin,BEN,1983,0.40193453
Benin,BEN,1984,0.3952048
Benin,BEN,1985,0.39169213
Benin,BEN,1986,0.3827853
Benin,BEN,1987,0.3739541
Benin,BEN,1988,0.36512178
Benin,BEN,1989,0.35384944
Benin,BEN,1990,0.34373757
Benin,BEN,1991,0.33368507
Benin,BEN,1992,0.32637477
Benin,BEN,1993,0.32160708
Benin,BEN,1994,0.32148868
Benin,BEN,1995,0.33267188
Benin,BEN,1996,0.32057658
Benin,BEN,1997,0.3724934
Benin,BEN,1998,0.38496414
Benin,BEN,1999,0.3835472
Benin,BEN,2000,0.38477933
Benin,BEN,2001,0.3828785
Benin,BEN,2002,0.38618052
Benin,BEN,2003,0.38840178
Benin,BEN,2004,0.37538627
Benin,BEN,2005,0.3662578
Benin,BEN,2006,0.33946225
Benin,BEN,2007,0.3346155
Benin,BEN,2008,0.34884688
Benin,BEN,2009,0.35667187
Benin,BEN,2010,0.3192805
Benin,BEN,2011,0.32546473
Benin,BEN,2012,0.33276123
Benin,BEN,2013,0.34674284
Benin,BEN,2014,0.34053075
Benin,BEN,2015,0.34019306
Benin,BEN,2016,0.3141997
Benin,BEN,2017,0.32750088
Benin,BEN,2018,0.35389024
Benin,BEN,2019,0.36173356
Benin,BEN,2020,0.3372511
Benin,BEN,2021,0.3455629
Benin,BEN,2022,0.35697186
Benin,BEN,2023,0.34740084
Benin,BEN,2024,0.34605452
Benin,BEN,2025,0.34476548
Bhutan,BTN,-10000,0
Bhutan,BTN,-9000,0
Bhutan,BTN,-8000,0
Bhutan,BTN,-7000,0
Bhutan,BTN,-6000,0
Bhutan,BTN,-5000,0
Bhutan,BTN,-4000,0
Bhutan,BTN,-3000,0
Bhutan,BTN,-2000,0
Bhutan,BTN,-1000,0
Bhutan,BTN,0,0
Bhutan,BTN,100,0.2667844
Bhutan,BTN,200,0.26415107
Bhutan,BTN,300,0.26154384
Bhutan,BTN,400,0.25896245
Bhutan,BTN,500,0.25640658
Bhutan,BTN,600,0.25387603
Bhutan,BTN,700,0.25137052
Bhutan,BTN,800,0.24888982
Bhutan,BTN,900,0.24643366
Bhutan,BTN,1000,0.24400185
Bhutan,BTN,1100,0.24159414
Bhutan,BTN,1200,0.23921025
Bhutan,BTN,1300,0.23684995
Bhutan,BTN,1400,0.23451301
Bhutan,BTN,1500,0.23219922
Bhutan,BTN,1600,0.22990835
Bhutan,BTN,1700,0.22764015
Bhutan,BTN,1710,0.2394532
Bhutan,BTN,1720,0.2519983
Bhutan,BTN,1730,0.2653208
Bhutan,BTN,1740,0.27946892
Bhutan,BTN,1750,0.29449412
Bhutan,BTN,1760,0.31045133
Bhutan,BTN,1770,0.32739905
Bhutan,BTN,1780,0.34539968
Bhutan,BTN,1790,0.36451977
Bhutan,BTN,1800,0.38483027
Bhutan,BTN,1810,0.40640676
Bhutan,BTN,1820,0.43770704
Bhutan,BTN,1830,0.4466844
Bhutan,BTN,1840,0.4893681
Bhutan,BTN,1850,0.48084003
Bhutan,BTN,1860,0.46377784
Bhutan,BTN,1870,0.44840556
Bhutan,BTN,1880,0.4529753
Bhutan,BTN,1890,0.4227991
Bhutan,BTN,1900,0.42160285
Bhutan,BTN,1910,0.46077994
Bhutan,BTN,1920,0.46605635
Bhutan,BTN,1930,0.45466617
Bhutan,BTN,1940,0.4261638
Bhutan,BTN,1950,0.39831886
Bhutan,BTN,1951,0.39505067
Bhutan,BTN,1952,0.3915058
Bhutan,BTN,1953,0.38775167
Bhutan,BTN,1954,0.38383898
Bhutan,BTN,1955,0.3798032
Bhutan,BTN,1956,0.37566534
Bhutan,BTN,1957,0.37143433
Bhutan,BTN,1958,0.3671099
Bhutan,BTN,1959,0.36268625
Bhutan,BTN,1960,0.5060729
Bhutan,BTN,1961,0.49362653
Bhutan,BTN,1962,0.4814534
Bhutan,BTN,1963,0.46931198
Bhutan,BTN,1964,0.4568887
Bhutan,BTN,1965,0.4480005
Bhutan,BTN,1966,0.43470967
Bhutan,BTN,1967,0.42125177
Bhutan,BTN,1968,0.41142693
Bhutan,BTN,1969,0.3982353
Bhutan,BTN,1970,0.41903982
Bhutan,BTN,1971,0.40146273
Bhutan,BTN,1972,0.38838327
Bhutan,BTN,1973,0.37335303
Bhutan,BTN,1974,0.37370637
Bhutan,BTN,1975,0.36028305
Bhutan,BTN,1976,0.36338654
Bhutan,BTN,1977,0.35090864
Bhutan,BTN,1978,0.33925924
Bhutan,BTN,1979,0.3403423
Bhutan,BTN,1980,0.3436801
Bhutan,BTN,1981,0.33439225
Bhutan,BTN,1982,0.33659294
Bhutan,BTN,1983,0.34939852
Bhutan,BTN,1984,0.3427542
Bhutan,BTN,1985,0.33439496
Bhutan,BTN,1986,0.3253643
Bhutan,BTN,1987,0.3187403
Bhutan,BTN,1988,0.30116218
Bhutan,BTN,1989,0.2789566
Bhutan,BTN,1990,0.2757386
Bhutan,BTN,1991,0.27973714
Bhutan,BTN,1992,0.28385338
Bhutan,BTN,1993,0.2899633
Bhutan,BTN,1994,0.30195576
Bhutan,BTN,1995,0.3181741
Bhutan,BTN,1996,0.3212884
Bhutan,BTN,1997,0.31872204
Bhutan,BTN,1998,0.31261882
Bhutan,BTN,1999,0.306745
Bhutan,BTN,2000,0.30283827
Bhutan,BTN,2001,0.2954821
Bhutan,BTN,2002,0.288553
Bhutan,BTN,2003,0.28201485
Bhutan,BTN,2004,0.27583548
Bhutan,BTN,2005,0.2821204
Bhutan,BTN,2006,0.2527421
Bhutan,BTN,2007,0.22742122
Bhutan,BTN,2008,0.16345356
Bhutan,BTN,2009,0.15857187
Bhutan,BTN,2010,0.15566024
Bhutan,BTN,2011,0.15214302
Bhutan,BTN,2012,0.14928813
Bhutan,BTN,2013,0.14653839
Bhutan,BTN,2014,0.14388813
Bhutan,BTN,2015,0.14133203
Bhutan,BTN,2016,0.1306808
Bhutan,BTN,2017,0.121128716
Bhutan,BTN,2018,0.119047716
Bhutan,BTN,2019,0.11703701
Bhutan,BTN,2020,0.10805422
Bhutan,BTN,2021,0.08938138
Bhutan,BTN,2022,0.08381402
Bhutan,BTN,2023,0.07507137
Bhutan,BTN,2024,0.06628459
Bhutan,BTN,2025,0.057755586
Bolivia,BOL,-10000,0
Bolivia,BOL,-9000,0
Bolivia,BOL,-8000,0
Bolivia,BOL,-7000,0
Bolivia,BOL,-6000,0
Bolivia,BOL,-5000,0
Bolivia,BOL,-4000,0
Bolivia,BOL,-3000,0
Bolivia,BOL,-2000,0.3117508
Bolivia,BOL,-1000,0.29585287
Bolivia,BOL,0,0.26281616
Bolivia,BOL,100,0.2589913
Bolivia,BOL,200,0.25504106
Bolivia,BOL,300,0.25095418
Bolivia,BOL,400,0.24671781
Bolivia,BOL,500,0.24231698
Bolivia,BOL,600,0.23773405
Bolivia,BOL,700,0.23294817
Bolivia,BOL,800,0.22793424
Bolivia,BOL,900,0.22266169
Bolivia,BOL,1000,0.22514266
Bolivia,BOL,1100,0.22727945
Bolivia,BOL,1200,0.23706031
Bolivia,BOL,1300,0.2624531
Bolivia,BOL,1400,0.31944457
Bolivia,BOL,1500,0.4400711
Bolivia,BOL,1600,0.43162313
Bolivia,BOL,1700,0.4217302
Bolivia,BOL,1710,0.4206354
Bolivia,BOL,1720,0.4195175
Bolivia,BOL,1730,0.4183752
Bolivia,BOL,1740,0.41720703
Bolivia,BOL,1750,0.41601166
Bolivia,BOL,1760,0.4147872
Bolivia,BOL,1770,0.41353187
Bolivia,BOL,1780,0.41224355
Bolivia,BOL,1790,0.41091987
Bolivia,BOL,1800,0.4095582
Bolivia,BOL,1810,0.40815553
Bolivia,BOL,1820,0.40670833
Bolivia,BOL,1830,0.4052128
Bolivia,BOL,1840,0.35845804
Bolivia,BOL,1850,0.31268924
Bolivia,BOL,1860,0.39824077
Bolivia,BOL,1870,0.38723645
Bolivia,BOL,1880,0.3723975
Bolivia,BOL,1890,0.29905695
Bolivia,BOL,1900,0.47953913
Bolivia,BOL,1910,0.4774053
Bolivia,BOL,1920,0.41429088
Bolivia,BOL,1930,0.47351962
Bolivia,BOL,1940,0.46961108
Bolivia,BOL,1950,0.3938306
Bolivia,BOL,1951,0.3927231
Bolivia,BOL,1952,0.3916185
Bolivia,BOL,1953,0.39051345
Bolivia,BOL,1954,0.38940415
Bolivia,BOL,1955,0.38828558
Bolivia,BOL,1956,0.38715124
Bolivia,BOL,1957,0.38599187
Bolivia,BOL,1958,0.3847936
Bolivia,BOL,1959,0.3835337
Bolivia,BOL,1960,0.3821686
Bolivia,BOL,1961,0.38302034
Bolivia,BOL,1962,0.37570703
Bolivia,BOL,1963,0.368478
Bolivia,BOL,1964,0.37034652
Bolivia,BOL,1965,0.37218192
Bolivia,BOL,1966,0.37349483
Bolivia,BOL,1967,0.37478244
Bolivia,BOL,1968,0.37557262
Bolivia,BOL,1969,0.37633762
Bolivia,BOL,1970,0.37662753
Bolivia,BOL,1971,0.3769081
Bolivia,BOL,1972,0.3767494
Bolivia,BOL,1973,0.3767837
Bolivia,BOL,1974,0.37595612
Bolivia,BOL,1975,0.37530515
Bolivia,BOL,1976,0.37423095
Bolivia,BOL,1977,0.3731602
Bolivia,BOL,1978,0.37175333
Bolivia,BOL,1979,0.37026045
Bolivia,BOL,1980,0.36890104
Bolivia,BOL,1981,0.3674978
Bolivia,BOL,1982,0.36605543
Bolivia,BOL,1983,0.36459976
Bolivia,BOL,1984,0.36430883
Bolivia,BOL,1985,0.35208604
Bolivia,BOL,1986,0.34759185
Bolivia,BOL,1987,0.3444845
Bolivia,BOL,1988,0.34128207
Bolivia,BOL,1989,0.33764458
Bolivia,BOL,1990,0.32889727
Bolivia,BOL,1991,0.3283508
Bolivia,BOL,1992,0.3268502
Bolivia,BOL,1993,0.32692567
Bolivia,BOL,1994,0.33913562
Bolivia,BOL,1995,0.36541623
Bolivia,BOL,1996,0.36968204
Bolivia,BOL,1997,0.3866162
Bolivia,BOL,1998,0.39258662
Bolivia,BOL,1999,0.39571232
Bolivia,BOL,2000,0.39714554
Bolivia,BOL,2001,0.39134336
Bolivia,BOL,2002,0.40215662
Bolivia,BOL,2003,0.42075178
Bolivia,BOL,2004,0.4210648
Bolivia,BOL,2005,0.43888444
Bolivia,BOL,2006,0.44615197
Bolivia,BOL,2007,0.45359117
Bolivia,BOL,2008,0.4595208
Bolivia,BOL,2009,0.465235
Bolivia,BOL,2010,0.47073755
Bolivia,BOL,2011,0.4774829
Bolivia,BOL,2012,0.48453024
Bolivia,BOL,2013,0.49148068
Bolivia,BOL,2014,0.49795648
Bolivia,BOL,2015,0.49120265
Bolivia,BOL,2016,0.4719079
Bolivia,BOL,2017,0.45265773
Bolivia,BOL,2018,0.47040477
Bolivia,BOL,2019,0.49164546
Bolivia,BOL,2020,0.48740968
Bolivia,BOL,2021,0.49320728
Bolivia,BOL,2022,0.5016556
Bolivia,BOL,2023,0.50812507
Bolivia,BOL,2024,0.5143536
Bolivia,BOL,2025,0.5204506
Bosnia and Herzegovina,BIH,-10000,0
Bosnia and Herzegovina,BIH,-9000,0
Bosnia and Herzegovina,BIH,-8000,0
Bosnia and Herzegovina,BIH,-7000,0
Bosnia and Herzegovina,BIH,-6000,0
Bosnia and Herzegovina,BIH,-5000,0
Bosnia and Herzegovina,BIH,-4000,0.49927753
Bosnia and Herzegovina,BIH,-3000,1.4978325
Bosnia and Herzegovina,BIH,-2000,1.3920622
Bosnia and Herzegovina,BIH,-1000,1.2671843
Bosnia and Herzegovina,BIH,0,1.1111772
Bosnia and Herzegovina,BIH,100,1.0929875
Bosnia and Herzegovina,BIH,200,1.0741715
Bosnia and Herzegovina,BIH,300,1.0546721
Bosnia and Herzegovina,BIH,400,1.0344237
Bosnia and Herzegovina,BIH,500,1.0133499
Bosnia and Herzegovina,BIH,600,0.991361
Bosnia and Herzegovina,BIH,700,0.968351
Bosnia and Herzegovina,BIH,800,0.94419223
Bosnia and Herzegovina,BIH,900,0.91872936
Bosnia and Herzegovina,BIH,1000,0.8917711
Bosnia and Herzegovina,BIH,1100,0.8630762
Bosnia and Herzegovina,BIH,1200,0.8323347
Bosnia and Herzegovina,BIH,1300,0.7991375
Bosnia and Herzegovina,BIH,1400,0.76292586
Bosnia and Herzegovina,BIH,1500,0.7229058
Bosnia and Herzegovina,BIH,1600,0.6778837
Bosnia and Herzegovina,BIH,1700,0.62592417
Bosnia and Herzegovina,BIH,1710,0.62023336
Bosnia and Herzegovina,BIH,1720,0.6144361
Bosnia and Herzegovina,BIH,1730,0.6085274
Bosnia and Herzegovina,BIH,1740,0.6025017
Bosnia and Herzegovina,BIH,1750,0.596353
Bosnia and Herzegovina,BIH,1760,0.5900748
Bosnia and Herzegovina,BIH,1770,0.58366
Bosnia and Herzegovina,BIH,1780,0.5771011
Bosnia and Herzegovina,BIH,1790,0.5703897
Bosnia and Herzegovina,BIH,1800,0.5635164
Bosnia and Herzegovina,BIH,1810,0.5564712
Bosnia and Herzegovina,BIH,1820,0.54924303
Bosnia and Herzegovina,BIH,1830,0.54181933
Bosnia and Herzegovina,BIH,1840,0.5341866
Bosnia and Herzegovina,BIH,1850,0.5263292
Bosnia and Herzegovina,BIH,1860,0.51822984
Bosnia and Herzegovina,BIH,1870,0.5098692
Bosnia and Herzegovina,BIH,1880,0.50122494
Bosnia and Herzegovina,BIH,1890,0.49227175
Bosnia and Herzegovina,BIH,1900,0.48298046
Bosnia and Herzegovina,BIH,1910,0.47331724
Bosnia and Herzegovina,BIH,1920,0.4632425
Bosnia and Herzegovina,BIH,1930,0.45270938
Bosnia and Herzegovina,BIH,1940,0.4416619
Bosnia and Herzegovina,BIH,1950,0.43003216
Bosnia and Herzegovina,BIH,1951,0.4288341
Bosnia and Herzegovina,BIH,1952,0.42762938
Bosnia and Herzegovina,BIH,1953,0.42641777
Bosnia and Herzegovina,BIH,1954,0.42519927
Bosnia and Herzegovina,BIH,1955,0.42397368
Bosnia and Herzegovina,BIH,1956,0.422741
Bosnia and Herzegovina,BIH,1957,0.42150116
Bosnia and Herzegovina,BIH,1958,0.42025387
Bosnia and Herzegovina,BIH,1959,0.41899908
Bosnia and Herzegovina,BIH,1960,0.41773653
Bosnia and Herzegovina,BIH,1961,0.40974227
Bosnia and Herzegovina,BIH,1962,0.40093473
Bosnia and Herzegovina,BIH,1963,0.3929155
Bosnia and Herzegovina,BIH,1964,0.38551664
Bosnia and Herzegovina,BIH,1965,0.377658
Bosnia and Herzegovina,BIH,1966,0.37049568
Bosnia and Herzegovina,BIH,1967,0.36584482
Bosnia and Herzegovina,BIH,1968,0.36066782
Bosnia and Herzegovina,BIH,1969,0.3562024
Bosnia and Herzegovina,BIH,1970,0.35075566
Bosnia and Herzegovina,BIH,1971,0.34963727
Bosnia and Herzegovina,BIH,1972,0.34804627
Bosnia and Herzegovina,BIH,1973,0.3466244
Bosnia and Herzegovina,BIH,1974,0.34580073
Bosnia and Herzegovina,BIH,1975,0.34467548
Bosnia and Herzegovina,BIH,1976,0.3404075
Bosnia and Herzegovina,BIH,1977,0.33503374
Bosnia and Herzegovina,BIH,1978,0.33125734
Bosnia and Herzegovina,BIH,1979,0.32713145
Bosnia and Herzegovina,BIH,1980,0.32385617
Bosnia and Herzegovina,BIH,1981,0.31963602
Bosnia and Herzegovina,BIH,1982,0.31530258
Bosnia and Herzegovina,BIH,1983,0.31101865
Bosnia and Herzegovina,BIH,1984,0.30686155
Bosnia and Herzegovina,BIH,1985,0.30345142
Bosnia and Herzegovina,BIH,1986,0.30061242
Bosnia and Herzegovina,BIH,1987,0.29751742
Bosnia and Herzegovina,BIH,1988,0.29466686
Bosnia and Herzegovina,BIH,1989,0.29186612
Bosnia and Herzegovina,BIH,1990,0.28874075
Bosnia and Herzegovina,BIH,1991,0.29802895
Bosnia and Herzegovina,BIH,1992,0.25524807
Bosnia and Herzegovina,BIH,1993,0.2659476
Bosnia and Herzegovina,BIH,1994,0.2778315
Bosnia and Herzegovina,BIH,1995,0.29260844
Bosnia and Herzegovina,BIH,1996,0.29961067
Bosnia and Herzegovina,BIH,1997,0.29194033
Bosnia and Herzegovina,BIH,1998,0.2986708
Bosnia and Herzegovina,BIH,1999,0.29132557
Bosnia and Herzegovina,BIH,2000,0.29780453
Bosnia and Herzegovina,BIH,2001,0.2982896
Bosnia and Herzegovina,BIH,2002,0.293138
Bosnia and Herzegovina,BIH,2003,0.29684365
Bosnia and Herzegovina,BIH,2004,0.29902694
Bosnia and Herzegovina,BIH,2005,0.29621786
Bosnia and Herzegovina,BIH,2006,0.29733926
Bosnia and Herzegovina,BIH,2007,0.29607755
Bosnia and Herzegovina,BIH,2008,0.29136342
Bosnia and Herzegovina,BIH,2009,0.29195184
Bosnia and Herzegovina,BIH,2010,0.2949351
Bosnia and Herzegovina,BIH,2011,0.29463926
Bosnia and Herzegovina,BIH,2012,0.29514205
Bosnia and Herzegovina,BIH,2013,0.29724517
Bosnia and Herzegovina,BIH,2014,0.29668364
Bosnia and Herzegovina,BIH,2015,0.30092752
Bosnia and Herzegovina,BIH,2016,0.30216476
Bosnia and Herzegovina,BIH,2017,0.31251046
Bosnia and Herzegovina,BIH,2018,0.3027728
Bosnia and Herzegovina,BIH,2019,0.30106387
Bosnia and Herzegovina,BIH,2020,0.3017706
Bosnia and Herzegovina,BIH,2021,0.3007591
Bosnia and Herzegovina,BIH,2022,0.30136377
Bosnia and Herzegovina,BIH,2023,0.30075324
Bosnia and Herzegovina,BIH,2024,0.30051982
Bosnia and Herzegovina,BIH,2025,0.30028546
Botswana,BWA,-10000,0
Botswana,BWA,-9000,0
Botswana,BWA,-8000,0
Botswana,BWA,-7000,0
Botswana,BWA,-6000,0
Botswana,BWA,-5000,0
Botswana,BWA,-4000,0
Botswana,BWA,-3000,0
Botswana,BWA,-2000,0
Botswana,BWA,-1000,0
Botswana,BWA,0,0
Botswana,BWA,100,0
Botswana,BWA,200,0
Botswana,BWA,300,0
Botswana,BWA,400,0
Botswana,BWA,500,0
Botswana,BWA,600,0
Botswana,BWA,700,0
Botswana,BWA,800,0
Botswana,BWA,900,0
Botswana,BWA,1000,0.7445338
Botswana,BWA,1100,0.7445338
Botswana,BWA,1200,0.7445337
Botswana,BWA,1300,0.7445337
Botswana,BWA,1400,0.7445337
Botswana,BWA,1500,0.7445338
Botswana,BWA,1600,0.7445337
Botswana,BWA,1700,0.7445337
Botswana,BWA,1710,0.74453366
Botswana,BWA,1720,0.7445337
Botswana,BWA,1730,0.7445337
Botswana,BWA,1740,0.7445338
Botswana,BWA,1750,0.7445337
Botswana,BWA,1760,0.7445337
Botswana,BWA,1770,0.7445338
Botswana,BWA,1780,0.7445337
Botswana,BWA,1790,0.7445337
Botswana,BWA,1800,0.7445337
Botswana,BWA,1810,0.7445338
Botswana,BWA,1820,0.7445338
Botswana,BWA,1830,0.74453384
Botswana,BWA,1840,0.7445338
Botswana,BWA,1850,0.7445338
Botswana,BWA,1860,0.7445337
Botswana,BWA,1870,0.74453366
Botswana,BWA,1880,0.7445337
Botswana,BWA,1890,0.7445338
Botswana,BWA,1900,0.7445338
Botswana,BWA,1910,0.7445337
Botswana,BWA,1920,0.7445337
Botswana,BWA,1930,0.7445337
Botswana,BWA,1940,0.7445337
Botswana,BWA,1950,0.7445337
Botswana,BWA,1951,0.7445338
Botswana,BWA,1952,0.7445337
Botswana,BWA,1953,0.7445337
Botswana,BWA,1954,0.7445337
Botswana,BWA,1955,0.7445337
Botswana,BWA,1956,0.7445337
Botswana,BWA,1957,0.7445337
Botswana,BWA,1958,0.7445337
Botswana,BWA,1959,0.7445337
Botswana,BWA,1960,0.7445337
Botswana,BWA,1961,0.7445337
Botswana,BWA,1962,0.7261637
Botswana,BWA,1963,0.7075226
Botswana,BWA,1964,0.6887064
Botswana,BWA,1965,0.6714781
Botswana,BWA,1966,0.6524431
Botswana,BWA,1967,0.6333372
Botswana,BWA,1968,0.6142365
Botswana,BWA,1969,0.59527344
Botswana,BWA,1970,0.57648325
Botswana,BWA,1971,0.5579992
Botswana,BWA,1972,0.54117
Botswana,BWA,1973,0.52308875
Botswana,BWA,1974,0.5049649
Botswana,BWA,1975,0.4867771
Botswana,BWA,1976,0.46861067
Botswana,BWA,1977,0.45071003
Botswana,BWA,1978,0.43338346
Botswana,BWA,1979,0.419015
Botswana,BWA,1980,0.4035327
Botswana,BWA,1981,0.3890612
Botswana,BWA,1982,0.37736234
Botswana,BWA,1983,0.3646033
Botswana,BWA,1984,0.35264727
Botswana,BWA,1985,0.34311262
Botswana,BWA,1986,0.33256984
Botswana,BWA,1987,0.32428652
Botswana,BWA,1988,0.31494418
Botswana,BWA,1989,0.3097884
Botswana,BWA,1990,0.30553475
Botswana,BWA,1991,0.21246094
Botswana,BWA,1992,0.17240989
Botswana,BWA,1993,0.23483083
Botswana,BWA,1994,0.25838074
Botswana,BWA,1995,0.22050941
Botswana,BWA,1996,0.21570265
Botswana,BWA,1997,0.18380164
Botswana,BWA,1998,0.13835442
Botswana,BWA,1999,0.14177622
Botswana,BWA,2000,0.20308504
Botswana,BWA,2001,0.114534155
Botswana,BWA,2002,0.1382059
Botswana,BWA,2003,0.108627036
Botswana,BWA,2004,0.124089144
Botswana,BWA,2005,0.115849756
Botswana,BWA,2006,0.10773586
Botswana,BWA,2007,0.09611296
Botswana,BWA,2008,0.14437273
Botswana,BWA,2009,0.16061564
Botswana,BWA,2010,0.12953715
Botswana,BWA,2011,0.15878546
Botswana,BWA,2012,0.13723499
Botswana,BWA,2013,0.13242407
Botswana,BWA,2014,0.18636912
Botswana,BWA,2015,0.11858784
Botswana,BWA,2016,0.11656828
Botswana,BWA,2017,0.11461634
Botswana,BWA,2018,0.1127287
Botswana,BWA,2019,0.1110718
Botswana,BWA,2020,0.10930087
Botswana,BWA,2021,0.10845791
Botswana,BWA,2022,0.10762785
Botswana,BWA,2023,0.10687562
Botswana,BWA,2024,0.10610237
Botswana,BWA,2025,0.1053407
Brazil,BRA,-10000,0
Brazil,BRA,-9000,0
Brazil,BRA,-8000,0
Brazil,BRA,-7000,0
Brazil,BRA,-6000,0
Brazil,BRA,-5000,0
Brazil,BRA,-4000,0
Brazil,BRA,-3000,0
Brazil,BRA,-2000,0
Brazil,BRA,-1000,0.022248711
Brazil,BRA,0,0.022248711
Brazil,BRA,100,0.02224871
Brazil,BRA,200,0.022248711
Brazil,BRA,300,0.022248711
Brazil,BRA,400,0.022248711
Brazil,BRA,500,0.02224871
Brazil,BRA,600,0.022248711
Brazil,BRA,700,0.022248711
Brazil,BRA,800,0.02224871
Brazil,BRA,900,0.022029001
Brazil,BRA,1000,0.025916731
Brazil,BRA,1100,0.03403706
Brazil,BRA,1200,0.04408999
Brazil,BRA,1300,0.06590037
Brazil,BRA,1400,0.105791435
Brazil,BRA,1500,0.11305741
Brazil,BRA,1600,0.110682406
Brazil,BRA,1700,0.1448388
Brazil,BRA,1710,0.13804817
Brazil,BRA,1720,0.13113575
Brazil,BRA,1730,0.12416624
Brazil,BRA,1740,0.11720725
Brazil,BRA,1750,0.11032657
Brazil,BRA,1760,0.10358929
Brazil,BRA,1770,0.09706267
Brazil,BRA,1780,0.09078555
Brazil,BRA,1790,0.084808074
Brazil,BRA,1800,0.07916399
Brazil,BRA,1810,0.072046176
Brazil,BRA,1820,0.069807604
Brazil,BRA,1830,0.07440029
Brazil,BRA,1840,0.07745442
Brazil,BRA,1850,0.0796634
Brazil,BRA,1860,0.08136051
Brazil,BRA,1870,0.08271713
Brazil,BRA,1880,0.093561165
Brazil,BRA,1890,0.09654929
Brazil,BRA,1900,0.10086201
Brazil,BRA,1910,0.106873676
Brazil,BRA,1920,0.10865098
Brazil,BRA,1930,0.11228223
Brazil,BRA,1940,0.121298
Brazil,BRA,1950,0.12709187
Brazil,BRA,1951,0.1284468
Brazil,BRA,1952,0.12971032
Brazil,BRA,1953,0.13089138
Brazil,BRA,1954,0.13199778
Brazil,BRA,1955,0.1330364
Brazil,BRA,1956,0.1340133
Brazil,BRA,1957,0.13493378
Brazil,BRA,1958,0.13580261
Brazil,BRA,1959,0.13662405
Brazil,BRA,1960,0.13740183
Brazil,BRA,1961,0.13827749
Brazil,BRA,1962,0.13910067
Brazil,BRA,1963,0.13987596
Brazil,BRA,1964,0.14060742
Brazil,BRA,1965,0.14129867
Brazil,BRA,1966,0.14195289
Brazil,BRA,1967,0.14257304
Brazil,BRA,1968,0.14316168
Brazil,BRA,1969,0.14372118
Brazil,BRA,1970,0.14425363
Brazil,BRA,1971,0.14348847
Brazil,BRA,1972,0.14276347
Brazil,BRA,1973,0.14207558
Brazil,BRA,1974,0.14142203
Brazil,BRA,1975,0.1408004
Brazil,BRA,1976,0.14020823
Brazil,BRA,1977,0.13964354
Brazil,BRA,1978,0.13910446
Brazil,BRA,1979,0.13858931
Brazil,BRA,1980,0.13809651
Brazil,BRA,1981,0.13784978
Brazil,BRA,1982,0.13761328
Brazil,BRA,1983,0.13738638
Brazil,BRA,1984,0.13716851
Brazil,BRA,1985,0.13695914
Brazil,BRA,1986,0.13770671
Brazil,BRA,1987,0.14583501
Brazil,BRA,1988,0.15188229
Brazil,BRA,1989,0.15848386
Brazil,BRA,1990,0.16633539
Brazil,BRA,1991,0.17687921
Brazil,BRA,1992,0.17813227
Brazil,BRA,1993,0.1810121
Brazil,BRA,1994,0.18279466
Brazil,BRA,1995,0.18386613
Brazil,BRA,1996,0.18581924
Brazil,BRA,1997,0.18602821
Brazil,BRA,1998,0.18635973
Brazil,BRA,1999,0.18886961
Brazil,BRA,2000,0.19243501
Brazil,BRA,2001,0.19640218
Brazil,BRA,2002,0.1980655
Brazil,BRA,2003,0.19850884
Brazil,BRA,2004,0.20688714
Brazil,BRA,2005,0.21584722
Brazil,BRA,2006,0.22423479
Brazil,BRA,2007,0.23042889
Brazil,BRA,2008,0.23586862
Brazil,BRA,2009,0.23976646
Brazil,BRA,2010,0.24266115
Brazil,BRA,2011,0.24464746
Brazil,BRA,2012,0.24841058
Brazil,BRA,2013,0.256353
Brazil,BRA,2014,0.26562876
Brazil,BRA,2015,0.27318314
Brazil,BRA,2016,0.27881128
Brazil,BRA,2017,0.28398037
Brazil,BRA,2018,0.28416333
Brazil,BRA,2019,0.28437105
Brazil,BRA,2020,0.28664336
Brazil,BRA,2021,0.28537485
Brazil,BRA,2022,0.28650707
Brazil,BRA,2023,0.28452632
Brazil,BRA,2024,0.28613502
Brazil,BRA,2025,0.28641167
Brunei,BRN,-10000,0
Brunei,BRN,-9000,0
Brunei,BRN,-8000,0
Brunei,BRN,-7000,0
Brunei,BRN,-6000,0
Brunei,BRN,-5000,0
Brunei,BRN,-4000,0
Brunei,BRN,-3000,0
Brunei,BRN,-2000,0
Brunei,BRN,-1000,0
Brunei,BRN,0,0
Brunei,BRN,100,0.26678437
Brunei,BRN,200,0.26415107
Brunei,BRN,300,0.26154384
Brunei,BRN,400,0.2589624
Brunei,BRN,500,0.25640658
Brunei,BRN,600,0.253876
Brunei,BRN,700,0.2513705
Brunei,BRN,800,0.24888983
Brunei,BRN,900,0.24643369
Brunei,BRN,1000,0.24400187
Brunei,BRN,1100,0.24159414
Brunei,BRN,1200,0.23921025
Brunei,BRN,1300,0.23684995
Brunei,BRN,1400,0.23451301
Brunei,BRN,1500,0.23219924
Brunei,BRN,1600,0.22990835
Brunei,BRN,1700,0.22764015
Brunei,BRN,1710,0.23945317
Brunei,BRN,1720,0.2519983
Brunei,BRN,1730,0.2653208
Brunei,BRN,1740,0.27946895
Brunei,BRN,1750,0.29449415
Brunei,BRN,1760,0.31045136
Brunei,BRN,1770,0.32739902
Brunei,BRN,1780,0.34539968
Brunei,BRN,1790,0.36451977
Brunei,BRN,1800,0.38483027
Brunei,BRN,1810,0.4064068
Brunei,BRN,1820,0.4377071
Brunei,BRN,1830,0.44668433
Brunei,BRN,1840,0.48936808
Brunei,BRN,1850,0.48084
Brunei,BRN,1860,0.46377775
Brunei,BRN,1870,0.44840556
Brunei,BRN,1880,0.4529753
Brunei,BRN,1890,0.42279908
Brunei,BRN,1900,0.42160285
Brunei,BRN,1910,0.4607799
Brunei,BRN,1920,0.46605638
Brunei,BRN,1930,0.4546661
Brunei,BRN,1940,0.4261638
Brunei,BRN,1950,0.39831886
Brunei,BRN,1951,0.41941163
Brunei,BRN,1952,0.414292
Brunei,BRN,1953,0.4096174
Brunei,BRN,1954,0.40507653
Brunei,BRN,1955,0.40065068
Brunei,BRN,1956,0.3960539
Brunei,BRN,1957,0.3914054
Brunei,BRN,1958,0.3863519
Brunei,BRN,1959,0.38112137
Brunei,BRN,1960,0.19250761
Brunei,BRN,1961,0.18349746
Brunei,BRN,1962,0.17524183
Brunei,BRN,1963,0.1675678
Brunei,BRN,1964,0.19235702
Brunei,BRN,1965,0.1839588
Brunei,BRN,1966,0.16597511
Brunei,BRN,1967,0.15841067
Brunei,BRN,1968,0.16000853
Brunei,BRN,1969,0.15260704
Brunei,BRN,1970,0.14556865
Brunei,BRN,1971,0.1003218
Brunei,BRN,1972,0.0888985
Brunei,BRN,1973,0.085477516
Brunei,BRN,1974,0.08231006
Brunei,BRN,1975,0.079368964
Brunei,BRN,1976,0.0702449
Brunei,BRN,1977,0.055168692
Brunei,BRN,1978,0.053041957
Brunei,BRN,1979,0.051073104
Brunei,BRN,1980,0.049245182
Brunei,BRN,1981,0.04754358
Brunei,BRN,1982,0.040973112
Brunei,BRN,1983,0.03976143
Brunei,BRN,1984,0.038619358
Brunei,BRN,1985,0.03754106
Brunei,BRN,1986,0.03652134
Brunei,BRN,1987,0.03545078
Brunei,BRN,1988,0.03444119
Brunei,BRN,1989,0.033487514
Brunei,BRN,1990,0.03258523
Brunei,BRN,1991,0.031730294
Brunei,BRN,1992,0.030813934
Brunei,BRN,1993,0.02994902
Brunei,BRN,1994,0.029131332
Brunei,BRN,1995,0.02835711
Brunei,BRN,1996,0.027622974
Brunei,BRN,1997,0.026927104
Brunei,BRN,1998,0.026265435
Brunei,BRN,1999,0.025635505
Brunei,BRN,2000,0.025035081
Brunei,BRN,2001,0.027519906
Brunei,BRN,2002,0.02692568
Brunei,BRN,2003,0.026356572
Brunei,BRN,2004,0.025811026
Brunei,BRN,2005,0.025287604
Brunei,BRN,2006,0.02478499
Brunei,BRN,2007,0.024305772
Brunei,BRN,2008,0.023844736
Brunei,BRN,2009,0.02600096
Brunei,BRN,2010,0.025463235
Brunei,BRN,2011,0.025067683
Brunei,BRN,2012,0.024624977
Brunei,BRN,2013,0.024197638
Brunei,BRN,2014,0.023784878
Brunei,BRN,2015,0.023385962
Brunei,BRN,2016,0.023000207
Brunei,BRN,2017,0.022670778
Brunei,BRN,2018,0.02235065
Brunei,BRN,2019,0.022039438
Brunei,BRN,2020,0.021736773
Brunei,BRN,2021,0.021442307
Brunei,BRN,2022,0.02113946
Brunei,BRN,2023,0.02084505
Brunei,BRN,2024,0.020558726
Brunei,BRN,2025,0.020280162
Bulgaria,BGR,-10000,0
Bulgaria,BGR,-9000,0
Bulgaria,BGR,-8000,0
Bulgaria,BGR,-7000,0
Bulgaria,BGR,-6000,1.2352053
Bulgaria,BGR,-5000,1.7828441
Bulgaria,BGR,-4000,1.7288032
Bulgaria,BGR,-3000,1.6670147
Bulgaria,BGR,-2000,1.5944195
Bulgaria,BGR,-1000,1.5055323
Bulgaria,BGR,0,1.3887436
Bulgaria,BGR,100,1.3746448
Bulgaria,BGR,200,1.3599428
Bulgaria,BGR,300,1.344576
Bulgaria,BGR,400,1.3284727
Bulgaria,BGR,500,1.3115485
Bulgaria,BGR,600,1.2937028
Bulgaria,BGR,700,1.2748145
Bulgaria,BGR,800,1.2547352
Bulgaria,BGR,900,1.233282
Bulgaria,BGR,1000,1.2102228
Bulgaria,BGR,1100,1.1852592
Bulgaria,BGR,1200,1.157996
Bulgaria,BGR,1300,1.1278939
Bulgaria,BGR,1400,1.0941857
Bulgaria,BGR,1500,1.0557255
Bulgaria,BGR,1600,1.0106747
Bulgaria,BGR,1700,0.9557757
Bulgaria,BGR,1710,0.96254784
Bulgaria,BGR,1720,0.9560529
Bulgaria,BGR,1730,0.9493765
Bulgaria,BGR,1740,0.9425068
Bulgaria,BGR,1750,0.9354308
Bulgaria,BGR,1760,0.928134
Bulgaria,BGR,1770,0.9206002
Bulgaria,BGR,1780,0.91281146
Bulgaria,BGR,1790,0.9047473
Bulgaria,BGR,1800,0.89638513
Bulgaria,BGR,1810,0.88769865
Bulgaria,BGR,1820,0.8786311
Bulgaria,BGR,1830,0.8690884
Bulgaria,BGR,1840,0.8592338
Bulgaria,BGR,1850,0.8489049
Bulgaria,BGR,1860,0.8378546
Bulgaria,BGR,1870,0.82620764
Bulgaria,BGR,1880,0.81439096
Bulgaria,BGR,1890,0.7983725
Bulgaria,BGR,1900,0.77728176
Bulgaria,BGR,1910,0.7580933
Bulgaria,BGR,1920,0.73596066
Bulgaria,BGR,1930,0.71029896
Bulgaria,BGR,1940,0.6233788
Bulgaria,BGR,1950,0.604575
Bulgaria,BGR,1951,0.6025605
Bulgaria,BGR,1952,0.6005187
Bulgaria,BGR,1953,0.5984489
Bulgaria,BGR,1954,0.59634995
Bulgaria,BGR,1955,0.59422106
Bulgaria,BGR,1956,0.59206116
Bulgaria,BGR,1957,0.5898693
Bulgaria,BGR,1958,0.5876444
Bulgaria,BGR,1959,0.58538526
Bulgaria,BGR,1960,0.5830908
Bulgaria,BGR,1961,0.5807595
Bulgaria,BGR,1962,0.5656901
Bulgaria,BGR,1963,0.5600326
Bulgaria,BGR,1964,0.56069577
Bulgaria,BGR,1965,0.5549427
Bulgaria,BGR,1966,0.5509193
Bulgaria,BGR,1967,0.5458215
Bulgaria,BGR,1968,0.5426243
Bulgaria,BGR,1969,0.53876626
Bulgaria,BGR,1970,0.5321202
Bulgaria,BGR,1971,0.5276337
Bulgaria,BGR,1972,0.523894
Bulgaria,BGR,1973,0.5201213
Bulgaria,BGR,1974,0.5159131
Bulgaria,BGR,1975,0.49700394
Bulgaria,BGR,1976,0.49324396
Bulgaria,BGR,1977,0.49000868
Bulgaria,BGR,1978,0.48572648
Bulgaria,BGR,1979,0.48050493
Bulgaria,BGR,1980,0.47044778
Bulgaria,BGR,1981,0.46782345
Bulgaria,BGR,1982,0.46469072
Bulgaria,BGR,1983,0.46252272
Bulgaria,BGR,1984,0.46103984
Bulgaria,BGR,1985,0.46059787
Bulgaria,BGR,1986,0.46063128
Bulgaria,BGR,1987,0.46102482
Bulgaria,BGR,1988,0.46326566
Bulgaria,BGR,1989,0.46597642
Bulgaria,BGR,1990,0.47006285
Bulgaria,BGR,1991,0.47474074
Bulgaria,BGR,1992,0.49906394
Bulgaria,BGR,1993,0.5025718
Bulgaria,BGR,1994,0.49760056
Bulgaria,BGR,1995,0.50148106
Bulgaria,BGR,1996,0.53088135
Bulgaria,BGR,1997,0.5476315
Bulgaria,BGR,1998,0.4689364
Bulgaria,BGR,1999,0.4783756
Bulgaria,BGR,2000,0.47238067
Bulgaria,BGR,2001,0.46806362
Bulgaria,BGR,2002,0.45549974
Bulgaria,BGR,2003,0.453236
Bulgaria,BGR,2004,0.45510525
Bulgaria,BGR,2005,0.4374159
Bulgaria,BGR,2006,0.4346253
Bulgaria,BGR,2007,0.43267107
Bulgaria,BGR,2008,0.43566656
Bulgaria,BGR,2009,0.4440701
Bulgaria,BGR,2010,0.45242208
Bulgaria,BGR,2011,0.46355373
Bulgaria,BGR,2012,0.4754881
Bulgaria,BGR,2013,0.49737543
Bulgaria,BGR,2014,0.5002669
Bulgaria,BGR,2015,0.5075936
Bulgaria,BGR,2016,0.5099913
Bulgaria,BGR,2017,0.5133931
Bulgaria,BGR,2018,0.51599807
Bulgaria,BGR,2019,0.5192639
Bulgaria,BGR,2020,0.52503216
Bulgaria,BGR,2021,0.5295135
Bulgaria,BGR,2022,0.5271823
Bulgaria,BGR,2023,0.5334482
Bulgaria,BGR,2024,0.5369985
Bulgaria,BGR,2025,0.54066586
Burkina Faso,BFA,-10000,0
Burkina Faso,BFA,-9000,0
Burkina Faso,BFA,-8000,0
Burkina Faso,BFA,-7000,0
Burkina Faso,BFA,-6000,0
Burkina Faso,BFA,-5000,0
Burkina Faso,BFA,-4000,0
Burkina Faso,BFA,-3000,0
Burkina Faso,BFA,-2000,0
Burkina Faso,BFA,-1000,0
Burkina Faso,BFA,0,0.6072691
Burkina Faso,BFA,100,0.6081621
Burkina Faso,BFA,200,0.60905254
Burkina Faso,BFA,300,0.6099404
Burkina Faso,BFA,400,0.6108256
Burkina Faso,BFA,500,0.61170834
Burkina Faso,BFA,600,0.6125885
Burkina Faso,BFA,700,0.6134662
Burkina Faso,BFA,800,0.61434126
Burkina Faso,BFA,900,0.615214
Burkina Faso,BFA,1000,0.6160841
Burkina Faso,BFA,1100,0.6169519
Burkina Faso,BFA,1200,0.6178163
Burkina Faso,BFA,1300,0.61868006
Burkina Faso,BFA,1400,0.6195406
Burkina Faso,BFA,1500,0.62039864
Burkina Faso,BFA,1600,0.6212544
Burkina Faso,BFA,1700,0.6221077
Burkina Faso,BFA,1710,0.6221929
Burkina Faso,BFA,1720,0.62227815
Burkina Faso,BFA,1730,0.6223633
Burkina Faso,BFA,1740,0.62244844
Burkina Faso,BFA,1750,0.62253356
Burkina Faso,BFA,1760,0.6226187
Burkina Faso,BFA,1770,0.62270373
Burkina Faso,BFA,1780,0.6227888
Burkina Faso,BFA,1790,0.6228738
Burkina Faso,BFA,1800,0.6229588
Burkina Faso,BFA,1810,0.6230438
Burkina Faso,BFA,1820,0.6231287
Burkina Faso,BFA,1830,0.6232136
Burkina Faso,BFA,1840,0.6232985
Burkina Faso,BFA,1850,0.62338346
Burkina Faso,BFA,1860,0.62346834
Burkina Faso,BFA,1870,0.62355316
Burkina Faso,BFA,1880,0.6236379
Burkina Faso,BFA,1890,0.62372273
Burkina Faso,BFA,1900,0.62380755
Burkina Faso,BFA,1910,0.62389225
Burkina Faso,BFA,1920,0.62397695
Burkina Faso,BFA,1930,0.62406164
Burkina Faso,BFA,1940,0.62414634
Burkina Faso,BFA,1950,0.624231
Burkina Faso,BFA,1951,0.6242395
Burkina Faso,BFA,1952,0.62424797
Burkina Faso,BFA,1953,0.6242564
Burkina Faso,BFA,1954,0.6242649
Burkina Faso,BFA,1955,0.62427336
Burkina Faso,BFA,1956,0.6242818
Burkina Faso,BFA,1957,0.6242902
Burkina Faso,BFA,1958,0.62429875
Burkina Faso,BFA,1959,0.62430716
Burkina Faso,BFA,1960,0.6243156
Burkina Faso,BFA,1961,0.6159875
Burkina Faso,BFA,1962,0.60782295
Burkina Faso,BFA,1963,0.5996634
Burkina Faso,BFA,1964,0.59228575
Burkina Faso,BFA,1965,0.58358955
Burkina Faso,BFA,1966,0.57454175
Burkina Faso,BFA,1967,0.5652235
Burkina Faso,BFA,1968,0.55575585
Burkina Faso,BFA,1969,0.5462925
Burkina Faso,BFA,1970,0.53692704
Burkina Faso,BFA,1971,0.52766013
Burkina Faso,BFA,1972,0.51843953
Burkina Faso,BFA,1973,0.5092334
Burkina Faso,BFA,1974,0.4999966
Burkina Faso,BFA,1975,0.49231908
Burkina Faso,BFA,1976,0.48373958
Burkina Faso,BFA,1977,0.47429767
Burkina Faso,BFA,1978,0.46471965
Burkina Faso,BFA,1979,0.45490953
Burkina Faso,BFA,1980,0.44556206
Burkina Faso,BFA,1981,0.43592417
Burkina Faso,BFA,1982,0.425383
Burkina Faso,BFA,1983,0.4154801
Burkina Faso,BFA,1984,0.4223514
Burkina Faso,BFA,1985,0.4278857
Burkina Faso,BFA,1986,0.43344146
Burkina Faso,BFA,1987,0.43836486
Burkina Faso,BFA,1988,0.44267797
Burkina Faso,BFA,1989,0.4458114
Burkina Faso,BFA,1990,0.44839382
Burkina Faso,BFA,1991,0.4504537
Burkina Faso,BFA,1992,0.45201924
Burkina Faso,BFA,1993,0.45310813
Burkina Faso,BFA,1994,0.45373556
Burkina Faso,BFA,1995,0.45391685
Burkina Faso,BFA,1996,0.4536693
Burkina Faso,BFA,1997,0.4530126
Burkina Faso,BFA,1998,0.45196298
Burkina Faso,BFA,1999,0.45053822
Burkina Faso,BFA,2000,0.44892696
Burkina Faso,BFA,2001,0.44714385
Burkina Faso,BFA,2002,0.44486573
Burkina Faso,BFA,2003,0.4422582
Burkina Faso,BFA,2004,0.44045967
Burkina Faso,BFA,2005,0.43818367
Burkina Faso,BFA,2006,0.4352465
Burkina Faso,BFA,2007,0.43151295
Burkina Faso,BFA,2008,0.4280721
Burkina Faso,BFA,2009,0.42477712
Burkina Faso,BFA,2010,0.42238584
Burkina Faso,BFA,2011,0.42116433
Burkina Faso,BFA,2012,0.4172577
Burkina Faso,BFA,2013,0.41708228
Burkina Faso,BFA,2014,0.41352808
Burkina Faso,BFA,2015,0.410727
Burkina Faso,BFA,2016,0.4070161
Burkina Faso,BFA,2017,0.40350708
Burkina Faso,BFA,2018,0.40422413
Burkina Faso,BFA,2019,0.40047634
Burkina Faso,BFA,2020,0.39667723
Burkina Faso,BFA,2021,0.39288497
Burkina Faso,BFA,2022,0.3895175
Burkina Faso,BFA,2023,0.3855453
Burkina Faso,BFA,2024,0.38207215
Burkina Faso,BFA,2025,0.37876678
Burundi,BDI,-10000,0
Burundi,BDI,-9000,0
Burundi,BDI,-8000,0
Burundi,BDI,-7000,0
Burundi,BDI,-6000,0
Burundi,BDI,-5000,0
Burundi,BDI,-4000,0
Burundi,BDI,-3000,0
Burundi,BDI,-2000,0
Burundi,BDI,-1000,0
Burundi,BDI,0,0.3662821
Burundi,BDI,100,0.3643876
Burundi,BDI,200,0.36247316
Burundi,BDI,300,0.36053824
Burundi,BDI,400,0.3585824
Burundi,BDI,500,0.35660493
Burundi,BDI,600,0.35460535
Burundi,BDI,700,0.3525829
Burundi,BDI,800,0.35053703
Burundi,BDI,900,0.34846696
Burundi,BDI,1000,0.34637204
Burundi,BDI,1100,0.3442514
Burundi,BDI,1200,0.34210435
Burundi,BDI,1300,0.33993
Burundi,BDI,1400,0.3377275
Burundi,BDI,1500,0.33549586
Burundi,BDI,1600,0.33323407
Burundi,BDI,1700,0.33094126
Burundi,BDI,1710,0.3307102
Burundi,BDI,1720,0.33047882
Burundi,BDI,1730,0.33024716
Burundi,BDI,1740,0.33001515
Burundi,BDI,1750,0.3297828
Burundi,BDI,1760,0.32955015
Burundi,BDI,1770,0.32931712
Burundi,BDI,1780,0.32908383
Burundi,BDI,1790,0.32885015
Burundi,BDI,1800,0.32861614
Burundi,BDI,1810,0.3283818
Burundi,BDI,1820,0.3281472
Burundi,BDI,1830,0.32791224
Burundi,BDI,1840,0.32767686
Burundi,BDI,1850,0.3274412
Burundi,BDI,1860,0.32720515
Burundi,BDI,1870,0.32696885
Burundi,BDI,1880,0.32673213
Burundi,BDI,1890,0.32649508
Burundi,BDI,1900,0.32625768
Burundi,BDI,1910,0.32602
Burundi,BDI,1920,0.3257819
Burundi,BDI,1930,0.32554352
Burundi,BDI,1940,0.32530472
Burundi,BDI,1950,0.32506558
Burundi,BDI,1951,0.32504165
Burundi,BDI,1952,0.32501772
Burundi,BDI,1953,0.3249938
Burundi,BDI,1954,0.32496986
Burundi,BDI,1955,0.3249459
Burundi,BDI,1956,0.32492197
Burundi,BDI,1957,0.32489797
Burundi,BDI,1958,0.32487404
Burundi,BDI,1959,0.32485008
Burundi,BDI,1960,0.32482612
Burundi,BDI,1961,0.31869945
Burundi,BDI,1962,0.32139128
Burundi,BDI,1963,0.32339793
Burundi,BDI,1964,0.32349572
Burundi,BDI,1965,0.3235998
Burundi,BDI,1966,0.3149658
Burundi,BDI,1967,0.32096246
Burundi,BDI,1968,0.3166243
Burundi,BDI,1969,0.3676565
Burundi,BDI,1970,0.34726182
Burundi,BDI,1971,0.33919182
Burundi,BDI,1972,0.3290024
Burundi,BDI,1973,0.3437204
Burundi,BDI,1974,0.33991188
Burundi,BDI,1975,0.33501348
Burundi,BDI,1976,0.330244
Burundi,BDI,1977,0.33026326
Burundi,BDI,1978,0.32066286
Burundi,BDI,1979,0.3114636
Burundi,BDI,1980,0.30363265
Burundi,BDI,1981,0.29598445
Burundi,BDI,1982,0.28845802
Burundi,BDI,1983,0.2809792
Burundi,BDI,1984,0.27344567
Burundi,BDI,1985,0.2658406
Burundi,BDI,1986,0.26231188
Burundi,BDI,1987,0.25662947
Burundi,BDI,1988,0.25117037
Burundi,BDI,1989,0.24431707
Burundi,BDI,1990,0.23820889
Burundi,BDI,1991,0.23276594
Burundi,BDI,1992,0.22963578
Burundi,BDI,1993,0.22524872
Burundi,BDI,1994,0.22140446
Burundi,BDI,1995,0.21972279
Burundi,BDI,1996,0.2168475
Burundi,BDI,1997,0.21432906
Burundi,BDI,1998,0.21175645
Burundi,BDI,1999,0.21022657
Burundi,BDI,2000,0.20622726
Burundi,BDI,2001,0.20394064
Burundi,BDI,2002,0.20039846
Burundi,BDI,2003,0.19415765
Burundi,BDI,2004,0.19004655
Burundi,BDI,2005,0.17997414
Burundi,BDI,2006,0.17445485
Burundi,BDI,2007,0.16902672
Burundi,BDI,2008,0.16377944
Burundi,BDI,2009,0.15879315
Burundi,BDI,2010,0.15398777
Burundi,BDI,2011,0.1496776
Burundi,BDI,2012,0.14682144
Burundi,BDI,2013,0.14497179
Burundi,BDI,2014,0.1432354
Burundi,BDI,2015,0.14160219
Burundi,BDI,2016,0.14006321
Burundi,BDI,2017,0.13861056
Burundi,BDI,2018,0.13723715
Burundi,BDI,2019,0.13593668
Burundi,BDI,2020,0.1347035
Burundi,BDI,2021,0.13449173
Burundi,BDI,2022,0.13400285
Burundi,BDI,2023,0.13386679
Burundi,BDI,2024,0.13362548
Burundi,BDI,2025,0.13339233
Cambodia,KHM,-10000,0
Cambodia,KHM,-9000,0
Cambodia,KHM,-8000,0
Cambodia,KHM,-7000,0
Cambodia,KHM,-6000,0
Cambodia,KHM,-5000,0
Cambodia,KHM,-4000,0
Cambodia,KHM,-3000,0
Cambodia,KHM,-2000,0
Cambodia,KHM,-1000,0
Cambodia,KHM,0,0.30476195
Cambodia,KHM,100,0.30125147
Cambodia,KHM,200,0.2976572
Cambodia,KHM,300,0.29397395
Cambodia,KHM,400,0.29019606
Cambodia,KHM,500,0.28631714
Cambodia,KHM,600,0.28233016
Cambodia,KHM,700,0.27822727
Cambodia,KHM,800,0.27399966
Cambodia,KHM,900,0.26963744
Cambodia,KHM,1000,0.26512927
Cambodia,KHM,1100,0.2604557
Cambodia,KHM,1200,0.2556163
Cambodia,KHM,1300,0.250586
Cambodia,KHM,1400,0.24534503
Cambodia,KHM,1500,0.23986983
Cambodia,KHM,1600,0.23413594
Cambodia,KHM,1700,0.22810228
Cambodia,KHM,1710,0.22748114
Cambodia,KHM,1720,0.22685656
Cambodia,KHM,1730,0.22622854
Cambodia,KHM,1740,0.22559702
Cambodia,KHM,1750,0.22496192
Cambodia,KHM,1760,0.22432323
Cambodia,KHM,1770,0.22368088
Cambodia,KHM,1780,0.22303481
Cambodia,KHM,1790,0.22238499
Cambodia,KHM,1800,0.22173135
Cambodia,KHM,1810,0.2210738
Cambodia,KHM,1820,0.22041234
Cambodia,KHM,1830,0.21974692
Cambodia,KHM,1840,0.2190774
Cambodia,KHM,1850,0.21840377
Cambodia,KHM,1860,0.21772595
Cambodia,KHM,1870,0.2170439
Cambodia,KHM,1880,0.21635754
Cambodia,KHM,1890,0.22505799
Cambodia,KHM,1900,0.23375839
Cambodia,KHM,1910,0.24245882
Cambodia,KHM,1920,0.25115925
Cambodia,KHM,1930,0.31643194
Cambodia,KHM,1940,0.3817046
Cambodia,KHM,1950,0.44697723
Cambodia,KHM,1951,0.45301783
Cambodia,KHM,1952,0.45905837
Cambodia,KHM,1953,0.46509898
Cambodia,KHM,1954,0.47113958
Cambodia,KHM,1955,0.47718015
Cambodia,KHM,1956,0.4832207
Cambodia,KHM,1957,0.4892613
Cambodia,KHM,1958,0.49530187
Cambodia,KHM,1959,0.5013425
Cambodia,KHM,1960,0.5134236
Cambodia,KHM,1961,0.50025415
Cambodia,KHM,1962,0.48983577
Cambodia,KHM,1963,0.47899762
Cambodia,KHM,1964,0.47618422
Cambodia,KHM,1965,0.47114694
Cambodia,KHM,1966,0.46273473
Cambodia,KHM,1967,0.45607385
Cambodia,KHM,1968,0.44211867
Cambodia,KHM,1969,0.42112553
Cambodia,KHM,1970,0.40587014
Cambodia,KHM,1971,0.26655498
Cambodia,KHM,1972,0.2657749
Cambodia,KHM,1973,0.26499942
Cambodia,KHM,1974,0.27129337
Cambodia,KHM,1975,0.27050635
Cambodia,KHM,1976,0.2822601
Cambodia,KHM,1977,0.28713197
Cambodia,KHM,1978,0.29959053
Cambodia,KHM,1979,0.30494642
Cambodia,KHM,1980,0.31818286
Cambodia,KHM,1981,0.30492678
Cambodia,KHM,1982,0.29697356
Cambodia,KHM,1983,0.2869125
Cambodia,KHM,1984,0.27628723
Cambodia,KHM,1985,0.30177522
Cambodia,KHM,1986,0.3263681
Cambodia,KHM,1987,0.36195284
Cambodia,KHM,1988,0.39945638
Cambodia,KHM,1989,0.4109885
Cambodia,KHM,1990,0.39918473
Cambodia,KHM,1991,0.3864337
Cambodia,KHM,1992,0.37450242
Cambodia,KHM,1993,0.3635257
Cambodia,KHM,1994,0.35183805
Cambodia,KHM,1995,0.34139705
Cambodia,KHM,1996,0.3348563
Cambodia,KHM,1997,0.32747006
Cambodia,KHM,1998,0.32088095
Cambodia,KHM,1999,0.31497535
Cambodia,KHM,2000,0.30850878
Cambodia,KHM,2001,0.3040598
Cambodia,KHM,2002,0.30051792
Cambodia,KHM,2003,0.2963057
Cambodia,KHM,2004,0.2922098
Cambodia,KHM,2005,0.28867486
Cambodia,KHM,2006,0.28526562
Cambodia,KHM,2007,0.2820074
Cambodia,KHM,2008,0.27882272
Cambodia,KHM,2009,0.2738306
Cambodia,KHM,2010,0.27453253
Cambodia,KHM,2011,0.2753352
Cambodia,KHM,2012,0.2770761
Cambodia,KHM,2013,0.27793598
Cambodia,KHM,2014,0.27792308
Cambodia,KHM,2015,0.27889895
Cambodia,KHM,2016,0.279638
Cambodia,KHM,2017,0.2825096
Cambodia,KHM,2018,0.28461567
Cambodia,KHM,2019,0.2879425
Cambodia,KHM,2020,0.29185075
Cambodia,KHM,2021,0.29420283
Cambodia,KHM,2022,0.29175457
Cambodia,KHM,2023,0.29678297
Cambodia,KHM,2024,0.29909998
Cambodia,KHM,2025,0.30138665
Cameroon,CMR,-10000,0
Cameroon,CMR,-9000,0
Cameroon,CMR,-8000,0
Cameroon,CMR,-7000,0
Cameroon,CMR,-6000,0
Cameroon,CMR,-5000,0
Cameroon,CMR,-4000,0
Cameroon,CMR,-3000,0
Cameroon,CMR,-2000,0
Cameroon,CMR,-1000,0
Cameroon,CMR,0,1.0095679
Cameroon,CMR,100,1.0125155
Cameroon,CMR,200,1.0154463
Cameroon,CMR,300,1.0183603
Cameroon,CMR,400,1.0212578
Cameroon,CMR,500,1.0241386
Cameroon,CMR,600,1.0270036
Cameroon,CMR,700,1.0298525
Cameroon,CMR,800,1.0326858
Cameroon,CMR,900,1.0355036
Cameroon,CMR,1000,1.0383062
Cameroon,CMR,1100,1.0410937
Cameroon,CMR,1200,1.0438663
Cameroon,CMR,1300,1.0466243
Cameroon,CMR,1400,1.0493677
Cameroon,CMR,1500,1.0520962
Cameroon,CMR,1600,1.0548127
Cameroon,CMR,1700,1.057514
Cameroon,CMR,1710,1.0577832
Cameroon,CMR,1720,1.0580525
Cameroon,CMR,1730,1.0583216
Cameroon,CMR,1740,1.0585907
Cameroon,CMR,1750,1.0588593
Cameroon,CMR,1760,1.059128
Cameroon,CMR,1770,1.0593966
Cameroon,CMR,1780,1.059665
Cameroon,CMR,1790,1.0599334
Cameroon,CMR,1800,1.0602015
Cameroon,CMR,1810,1.0604695
Cameroon,CMR,1820,1.0607373
Cameroon,CMR,1830,1.0610051
Cameroon,CMR,1840,1.0612727
Cameroon,CMR,1850,1.0615402
Cameroon,CMR,1860,1.0618075
Cameroon,CMR,1870,1.0620747
Cameroon,CMR,1880,1.0623418
Cameroon,CMR,1890,1.0626087
Cameroon,CMR,1900,1.0628755
Cameroon,CMR,1910,1.0631422
Cameroon,CMR,1920,1.0634087
Cameroon,CMR,1930,1.063675
Cameroon,CMR,1940,1.0639412
Cameroon,CMR,1950,1.0642074
Cameroon,CMR,1951,1.064234
Cameroon,CMR,1952,1.0642607
Cameroon,CMR,1953,1.0642873
Cameroon,CMR,1954,1.0643139
Cameroon,CMR,1955,1.0643406
Cameroon,CMR,1956,1.0643672
Cameroon,CMR,1957,1.0643936
Cameroon,CMR,1958,1.0644202
Cameroon,CMR,1959,1.0644469
Cameroon,CMR,1960,1.0644735
Cameroon,CMR,1961,1.0425278
Cameroon,CMR,1962,1.0314964
Cameroon,CMR,1963,1.0180547
Cameroon,CMR,1964,1.0059657
Cameroon,CMR,1965,0.9934519
Cameroon,CMR,1966,0.98053753
Cameroon,CMR,1967,0.9688805
Cameroon,CMR,1968,0.95356494
Cameroon,CMR,1969,0.9380054
Cameroon,CMR,1970,0.9157988
Cameroon,CMR,1971,0.9000044
Cameroon,CMR,1972,0.88651603
Cameroon,CMR,1973,0.8724467
Cameroon,CMR,1974,0.8656734
Cameroon,CMR,1975,0.85754186
Cameroon,CMR,1976,0.84882283
Cameroon,CMR,1977,0.84197515
Cameroon,CMR,1978,0.8212959
Cameroon,CMR,1979,0.82631636
Cameroon,CMR,1980,0.80409783
Cameroon,CMR,1981,0.78351766
Cameroon,CMR,1982,0.7654037
Cameroon,CMR,1983,0.7474852
Cameroon,CMR,1984,0.72980875
Cameroon,CMR,1985,0.7124352
Cameroon,CMR,1986,0.6973169
Cameroon,CMR,1987,0.6740656
Cameroon,CMR,1988,0.6535634
Cameroon,CMR,1989,0.632245
Cameroon,CMR,1990,0.6120237
Cameroon,CMR,1991,0.5928325
Cameroon,CMR,1992,0.5770031
Cameroon,CMR,1993,0.5611772
Cameroon,CMR,1994,0.5461616
Cameroon,CMR,1995,0.5319068
Cameroon,CMR,1996,0.51837164
Cameroon,CMR,1997,0.50545573
Cameroon,CMR,1998,0.49299142
Cameroon,CMR,1999,0.48079836
Cameroon,CMR,2000,0.46876264
Cameroon,CMR,2001,0.45686665
Cameroon,CMR,2002,0.4451362
Cameroon,CMR,2003,0.43357587
Cameroon,CMR,2004,0.42514044
Cameroon,CMR,2005,0.41404498
Cameroon,CMR,2006,0.40297043
Cameroon,CMR,2007,0.39210886
Cameroon,CMR,2008,0.38414297
Cameroon,CMR,2009,0.3763275
Cameroon,CMR,2010,0.38556877
Cameroon,CMR,2011,0.37722704
Cameroon,CMR,2012,0.36697143
Cameroon,CMR,2013,0.3572588
Cameroon,CMR,2014,0.34804693
Cameroon,CMR,2015,0.3392982
Cameroon,CMR,2016,0.33097845
Cameroon,CMR,2017,0.323057
Cameroon,CMR,2018,0.31550583
Cameroon,CMR,2019,0.30829963
Cameroon,CMR,2020,0.30141523
Cameroon,CMR,2021,0.29718378
Cameroon,CMR,2022,0.2930695
Cameroon,CMR,2023,0.2890676
Cameroon,CMR,2024,0.28517348
Cameroon,CMR,2025,0.28138292
Canada,CAN,-10000,0
Canada,CAN,-9000,0
Canada,CAN,-8000,0
Canada,CAN,-7000,0
Canada,CAN,-6000,0
Canada,CAN,-5000,0
Canada,CAN,-4000,0
Canada,CAN,-3000,0
Canada,CAN,-2000,0
Canada,CAN,-1000,0
Canada,CAN,0,0
Canada,CAN,100,0
Canada,CAN,200,0
Canada,CAN,300,0
Canada,CAN,400,0
Canada,CAN,500,0
Canada,CAN,600,0
Canada,CAN,700,0
Canada,CAN,800,0
Canada,CAN,900,0
Canada,CAN,1000,0
Canada,CAN,1100,0
Canada,CAN,1200,0
Canada,CAN,1300,0
Canada,CAN,1400,0
Canada,CAN,1500,0.004634304
Canada,CAN,1600,0.048485093
Canada,CAN,1700,0.093330525
Canada,CAN,1710,0.10901341
Canada,CAN,1720,0.12480296
Canada,CAN,1730,0.14290233
Canada,CAN,1740,0.16370347
Canada,CAN,1750,0.18768227
Canada,CAN,1760,0.21541817
Canada,CAN,1770,0.24761827
Canada,CAN,1780,0.28514692
Canada,CAN,1790,0.3290627
Canada,CAN,1800,0.39910766
Canada,CAN,1810,0.46227273
Canada,CAN,1820,0.5323574
Canada,CAN,1830,0.6142878
Canada,CAN,1840,0.71139795
Canada,CAN,1850,0.82446903
Canada,CAN,1860,0.9615164
Canada,CAN,1870,1.2609453
Canada,CAN,1880,1.3419989
Canada,CAN,1890,1.4973773
Canada,CAN,1900,1.522534
Canada,CAN,1910,1.9986907
Canada,CAN,1920,2.2830648
Canada,CAN,1930,2.2474742
Canada,CAN,1940,2.2609208
Canada,CAN,1950,2.1345897
Canada,CAN,1951,2.125518
Canada,CAN,1952,2.1142576
Canada,CAN,1953,2.1009305
Canada,CAN,1954,2.0859027
Canada,CAN,1955,2.0697346
Canada,CAN,1956,2.0531604
Canada,CAN,1957,2.0370333
Canada,CAN,1958,2.0222504
Canada,CAN,1959,2.0096748
Canada,CAN,1960,1.999934
Canada,CAN,1961,2.0047107
Canada,CAN,1962,1.9830115
Canada,CAN,1963,1.963805
Canada,CAN,1964,1.9458483
Canada,CAN,1965,1.9283003
Canada,CAN,1966,1.9108856
Canada,CAN,1967,1.8814689
Canada,CAN,1968,1.8529376
Canada,CAN,1969,1.8253047
Canada,CAN,1970,1.798605
Canada,CAN,1971,1.7725886
Canada,CAN,1972,1.7499835
Canada,CAN,1973,1.7284619
Canada,CAN,1974,1.7084979
Canada,CAN,1975,1.6903459
Canada,CAN,1976,1.6738682
Canada,CAN,1977,1.6656003
Canada,CAN,1978,1.6583602
Canada,CAN,1979,1.6518627
Canada,CAN,1980,1.6458126
Canada,CAN,1981,1.6404248
Canada,CAN,1982,1.6321267
Canada,CAN,1983,1.623602
Canada,CAN,1984,1.6140517
Canada,CAN,1985,1.6030022
Canada,CAN,1986,1.5903451
Canada,CAN,1987,1.5667808
Canada,CAN,1988,1.5429065
Canada,CAN,1989,1.519679
Canada,CAN,1990,1.4977243
Canada,CAN,1991,1.477244
Canada,CAN,1992,1.4581627
Canada,CAN,1993,1.4401646
Canada,CAN,1994,1.423163
Canada,CAN,1995,1.4070542
Canada,CAN,1996,1.3918985
Canada,CAN,1997,1.3780154
Canada,CAN,1998,1.3646967
Canada,CAN,1999,1.3515846
Canada,CAN,2000,1.3384404
Canada,CAN,2001,1.3251737
Canada,CAN,2002,1.3020065
Canada,CAN,2003,1.278843
Canada,CAN,2004,1.2555472
Canada,CAN,2005,1.2320684
Canada,CAN,2006,1.2083755
Canada,CAN,2007,1.1826797
Canada,CAN,2008,1.1572077
Canada,CAN,2009,1.1322933
Canada,CAN,2010,1.1081498
Canada,CAN,2011,1.0850168
Canada,CAN,2012,1.0809803
Canada,CAN,2013,1.0770178
Canada,CAN,2014,1.0731353
Canada,CAN,2015,1.0693581
Canada,CAN,2016,1.0655732
Canada,CAN,2017,1.054421
Canada,CAN,2018,1.0489919
Canada,CAN,2019,1.0377053
Canada,CAN,2020,1.0168625
Canada,CAN,2021,1.0079961
Canada,CAN,2022,1.0007514
Canada,CAN,2023,0.9854256
Canada,CAN,2024,0.973601
Canada,CAN,2025,0.96199274
Cape Verde,CPV,1600,0.22412981
Cape Verde,CPV,1700,0.21742488
Cape Verde,CPV,1710,0.21673127
Cape Verde,CPV,1720,0.2160332
Cape Verde,CPV,1730,0.2153306
Cape Verde,CPV,1740,0.21462338
Cape Verde,CPV,1750,0.21391149
Cape Verde,CPV,1760,0.21319479
Cape Verde,CPV,1770,0.21247327
Cape Verde,CPV,1780,0.2117468
Cape Verde,CPV,1790,0.21101531
Cape Verde,CPV,1800,0.21027873
Cape Verde,CPV,1810,0.20953692
Cape Verde,CPV,1820,0.20878986
Cape Verde,CPV,1830,0.20803738
Cape Verde,CPV,1840,0.20727943
Cape Verde,CPV,1850,0.20651591
Cape Verde,CPV,1860,0.20574671
Cape Verde,CPV,1870,0.20497167
Cape Verde,CPV,1880,0.20419076
Cape Verde,CPV,1890,0.20340382
Cape Verde,CPV,1900,0.20261075
Cape Verde,CPV,1910,0.20181143
Cape Verde,CPV,1920,0.20100571
Cape Verde,CPV,1930,0.2001935
Cape Verde,CPV,1940,0.19937463
Cape Verde,CPV,1950,0.19854897
Cape Verde,CPV,1951,0.198466
Cape Verde,CPV,1952,0.19838299
Cape Verde,CPV,1953,0.19829991
Cape Verde,CPV,1954,0.19821675
Cape Verde,CPV,1955,0.19813354
Cape Verde,CPV,1956,0.19805026
Cape Verde,CPV,1957,0.19796689
Cape Verde,CPV,1958,0.19788344
Cape Verde,CPV,1959,0.19779995
Cape Verde,CPV,1960,0.19771637
Cape Verde,CPV,1961,0.19421624
Cape Verde,CPV,1962,0.18969303
Cape Verde,CPV,1963,0.18440998
Cape Verde,CPV,1964,0.17869428
Cape Verde,CPV,1965,0.17283994
Cape Verde,CPV,1966,0.16682655
Cape Verde,CPV,1967,0.16080596
Cape Verde,CPV,1968,0.15533438
Cape Verde,CPV,1969,0.15099525
Cape Verde,CPV,1970,0.14803958
Cape Verde,CPV,1971,0.14652444
Cape Verde,CPV,1972,0.14617158
Cape Verde,CPV,1973,0.14651747
Cape Verde,CPV,1974,0.14690112
Cape Verde,CPV,1975,0.14683048
Cape Verde,CPV,1976,0.14617105
Cape Verde,CPV,1977,0.14504999
Cape Verde,CPV,1978,0.14350343
Cape Verde,CPV,1979,0.14163554
Cape Verde,CPV,1980,0.13953958
Cape Verde,CPV,1981,0.13717327
Cape Verde,CPV,1982,0.13455102
Cape Verde,CPV,1983,0.13185306
Cape Verde,CPV,1984,0.12928374
Cape Verde,CPV,1985,0.12695631
Cape Verde,CPV,1986,0.12492856
Cape Verde,CPV,1987,0.123117454
Cape Verde,CPV,1988,0.12739974
Cape Verde,CPV,1989,0.12530431
Cape Verde,CPV,1990,0.12577403
Cape Verde,CPV,1991,0.12288032
Cape Verde,CPV,1992,0.12253196
Cape Verde,CPV,1993,0.11923667
Cape Verde,CPV,1994,0.11604722
Cape Verde,CPV,1995,0.11564348
Cape Verde,CPV,1996,0.11284616
Cape Verde,CPV,1997,0.11514669
Cape Verde,CPV,1998,0.1126226
Cape Verde,CPV,1999,0.11025488
Cape Verde,CPV,2000,0.108026356
Cape Verde,CPV,2001,0.11043099
Cape Verde,CPV,2002,0.110593535
Cape Verde,CPV,2003,0.10866093
Cape Verde,CPV,2004,0.10905265
Cape Verde,CPV,2005,0.107466385
Cape Verde,CPV,2006,0.10607431
Cape Verde,CPV,2007,0.10484378
Cape Verde,CPV,2008,0.107784264
Cape Verde,CPV,2009,0.10664778
Cape Verde,CPV,2010,0.10549699
Cape Verde,CPV,2011,0.106189355
Cape Verde,CPV,2012,0.104922205
Cape Verde,CPV,2013,0.10368493
Cape Verde,CPV,2014,0.1024765
Cape Verde,CPV,2015,0.10129591
Cape Verde,CPV,2016,0.10014222
Cape Verde,CPV,2017,0.0990145
Cape Verde,CPV,2018,0.0979119
Cape Verde,CPV,2019,0.096833594
Cape Verde,CPV,2020,0.09577877
Cape Verde,CPV,2021,0.09534195
Cape Verde,CPV,2022,0.09490909
Cape Verde,CPV,2023,0.09448014
Cape Verde,CPV,2024,0.09405505
Cape Verde,CPV,2025,0.09363376
Central African Republic,CAF,-10000,0
Central African Republic,CAF,-9000,0
Central African Republic,CAF,-8000,0
Central African Republic,CAF,-7000,0
Central African Republic,CAF,-6000,0
Central African Republic,CAF,-5000,0
Central African Republic,CAF,-4000,0
Central African Republic,CAF,-3000,0
Central African Republic,CAF,-2000,0
Central African Republic,CAF,-1000,0
Central African Republic,CAF,0,0
Central African Republic,CAF,100,0
Central African Republic,CAF,200,0
Central African Republic,CAF,300,0
Central African Republic,CAF,400,0
Central African Republic,CAF,500,0
Central African Republic,CAF,600,0
Central African Republic,CAF,700,0
Central African Republic,CAF,800,0
Central African Republic,CAF,900,0
Central African Republic,CAF,1000,0
Central African Republic,CAF,1100,0
Central African Republic,CAF,1200,0
Central African Republic,CAF,1300,0
Central African Republic,CAF,1400,0
Central African Republic,CAF,1500,0
Central African Republic,CAF,1600,1.1452037
Central African Republic,CAF,1700,1.1482127
Central African Republic,CAF,1710,1.1485126
Central African Republic,CAF,1720,1.1488127
Central African Republic,CAF,1730,1.1491123
Central African Republic,CAF,1740,1.1494119
Central African Republic,CAF,1750,1.1497114
Central African Republic,CAF,1760,1.1500105
Central African Republic,CAF,1770,1.1503097
Central African Republic,CAF,1780,1.1506087
Central African Republic,CAF,1790,1.1509075
Central African Republic,CAF,1800,1.151206
Central African Republic,CAF,1810,1.1515045
Central African Republic,CAF,1820,1.1518028
Central African Republic,CAF,1830,1.152101
Central African Republic,CAF,1840,1.1523991
Central African Republic,CAF,1850,1.1526968
Central African Republic,CAF,1860,1.1529946
Central African Republic,CAF,1870,1.1532921
Central African Republic,CAF,1880,1.1535895
Central African Republic,CAF,1890,1.1538868
Central African Republic,CAF,1900,1.154184
Central African Republic,CAF,1910,1.1544808
Central African Republic,CAF,1920,1.1547776
Central African Republic,CAF,1930,1.1550744
Central African Republic,CAF,1940,1.1553707
Central African Republic,CAF,1950,1.1556672
Central African Republic,CAF,1951,1.1556966
Central African Republic,CAF,1952,1.1557263
Central African Republic,CAF,1953,1.1557559
Central African Republic,CAF,1954,1.1557856
Central African Republic,CAF,1955,1.1558152
Central African Republic,CAF,1956,1.1558448
Central African Republic,CAF,1957,1.1558745
Central African Republic,CAF,1958,1.155904
Central African Republic,CAF,1959,1.1559336
Central African Republic,CAF,1960,1.1559633
Central African Republic,CAF,1961,1.1365219
Central African Republic,CAF,1962,1.1229163
Central African Republic,CAF,1963,1.1073533
Central African Republic,CAF,1964,1.0949475
Central African Republic,CAF,1965,1.0795515
Central African Republic,CAF,1966,1.0636497
Central African Republic,CAF,1967,1.0473623
Central African Republic,CAF,1968,1.0311369
Central African Republic,CAF,1969,1.0155003
Central African Republic,CAF,1970,1.000706
Central African Republic,CAF,1971,0.9868079
Central African Republic,CAF,1972,0.97352177
Central African Republic,CAF,1973,0.9603266
Central African Republic,CAF,1974,0.9465857
Central African Republic,CAF,1975,0.9433411
Central African Republic,CAF,1976,0.92813975
Central African Republic,CAF,1977,0.9123616
Central African Republic,CAF,1978,0.8956924
Central African Republic,CAF,1979,0.8786523
Central African Republic,CAF,1980,0.8602417
Central African Republic,CAF,1981,0.8287892
Central African Republic,CAF,1982,0.8114
Central African Republic,CAF,1983,0.780014
Central African Republic,CAF,1984,0.75991803
Central African Republic,CAF,1985,0.7399466
Central African Republic,CAF,1986,0.7242258
Central African Republic,CAF,1987,0.7104797
Central African Republic,CAF,1988,0.6963741
Central African Republic,CAF,1989,0.68412083
Central African Republic,CAF,1990,0.6651794
Central African Republic,CAF,1991,0.649212
Central African Republic,CAF,1992,0.6298461
Central African Republic,CAF,1993,0.61416715
Central African Republic,CAF,1994,0.59687024
Central African Republic,CAF,1995,0.5822075
Central African Republic,CAF,1996,0.5699212
Central African Republic,CAF,1997,0.5575222
Central African Republic,CAF,1998,0.54426146
Central African Republic,CAF,1999,0.53231245
Central African Republic,CAF,2000,0.52247095
Central African Republic,CAF,2001,0.5115149
Central African Republic,CAF,2002,0.50194365
Central African Republic,CAF,2003,0.48866543
Central African Republic,CAF,2004,0.47948474
Central African Republic,CAF,2005,0.4706265
Central African Republic,CAF,2006,0.46162012
Central African Republic,CAF,2007,0.45469502
Central African Republic,CAF,2008,0.44779173
Central African Republic,CAF,2009,0.4406818
Central African Republic,CAF,2010,0.43090212
Central African Republic,CAF,2011,0.41951886
Central African Republic,CAF,2012,0.41623366
Central African Republic,CAF,2013,0.41332135
Central African Republic,CAF,2014,0.41374072
Central African Republic,CAF,2015,0.4096744
Central African Republic,CAF,2016,0.4056181
Central African Republic,CAF,2017,0.40166095
Central African Republic,CAF,2018,0.4508401
Central African Republic,CAF,2019,0.51298064
Central African Republic,CAF,2020,0.5276634
Central African Republic,CAF,2021,0.52317035
Central African Republic,CAF,2022,0.51897913
Central African Republic,CAF,2023,0.5452823
Central African Republic,CAF,2024,0.55648553
Central African Republic,CAF,2025,0.5673364
Chad,TCD,-10000,0
Chad,TCD,-9000,0
Chad,TCD,-8000,0
Chad,TCD,-7000,0
Chad,TCD,-6000,0.9484683
Chad,TCD,-5000,0.94846827
Chad,TCD,-4000,0.9484683
Chad,TCD,-3000,0.94846827
Chad,TCD,-2000,0.9484683
Chad,TCD,-1000,0.9484683
Chad,TCD,0,0.94846827
Chad,TCD,100,0.9485264
Chad,TCD,200,0.9485264
Chad,TCD,300,0.94852644
Chad,TCD,400,0.94852644
Chad,TCD,500,0.9485264
Chad,TCD,600,0.9485264
Chad,TCD,700,0.94852644
Chad,TCD,800,0.94852644
Chad,TCD,900,0.9485264
Chad,TCD,1000,0.94852644
Chad,TCD,1100,0.94852644
Chad,TCD,1200,0.94852644
Chad,TCD,1300,0.9485263
Chad,TCD,1400,0.9485264
Chad,TCD,1500,0.9485264
Chad,TCD,1600,0.9485264
Chad,TCD,1700,0.94852644
Chad,TCD,1710,0.9485263
Chad,TCD,1720,0.94852644
Chad,TCD,1730,0.94852644
Chad,TCD,1740,0.9485264
Chad,TCD,1750,0.9485264
Chad,TCD,1760,0.94852644
Chad,TCD,1770,0.9485264
Chad,TCD,1780,0.9485264
Chad,TCD,1790,0.9485264
Chad,TCD,1800,0.9485265
Chad,TCD,1810,0.94852644
Chad,TCD,1820,0.94852644
Chad,TCD,1830,0.94852644
Chad,TCD,1840,0.94852644
Chad,TCD,1850,0.94852644
Chad,TCD,1860,0.94852644
Chad,TCD,1870,0.9485264
Chad,TCD,1880,0.9485264
Chad,TCD,1890,0.9485264
Chad,TCD,1900,0.9485265
Chad,TCD,1910,0.9485263
Chad,TCD,1920,0.9485264
Chad,TCD,1930,0.94852644
Chad,TCD,1940,0.9485263
Chad,TCD,1950,0.9485264
Chad,TCD,1951,0.94852644
Chad,TCD,1952,0.9485264
Chad,TCD,1953,0.9485264
Chad,TCD,1954,0.9485264
Chad,TCD,1955,0.9485263
Chad,TCD,1956,0.94852644
Chad,TCD,1957,0.9485263
Chad,TCD,1958,0.9485263
Chad,TCD,1959,0.9485264
Chad,TCD,1960,0.94852644
Chad,TCD,1961,0.94852644
Chad,TCD,1962,0.93003094
Chad,TCD,1963,0.91182065
Chad,TCD,1964,0.89413923
Chad,TCD,1965,0.87710035
Chad,TCD,1966,0.86081886
Chad,TCD,1967,0.84512
Chad,TCD,1968,0.82953286
Chad,TCD,1969,0.813487
Chad,TCD,1970,0.7967033
Chad,TCD,1971,0.7790544
Chad,TCD,1972,0.76087785
Chad,TCD,1973,0.7454226
Chad,TCD,1974,0.7308009
Chad,TCD,1975,0.73458004
Chad,TCD,1976,0.7437324
Chad,TCD,1977,0.7294383
Chad,TCD,1978,0.72724384
Chad,TCD,1979,0.71324897
Chad,TCD,1980,0.6988125
Chad,TCD,1981,0.6839386
Chad,TCD,1982,0.66870403
Chad,TCD,1983,0.6529323
Chad,TCD,1984,0.6364639
Chad,TCD,1985,0.6202601
Chad,TCD,1986,0.61188656
Chad,TCD,1987,0.5932088
Chad,TCD,1988,0.5789672
Chad,TCD,1989,0.5639945
Chad,TCD,1990,0.5545234
Chad,TCD,1991,0.5452394
Chad,TCD,1992,0.53130233
Chad,TCD,1993,0.51914597
Chad,TCD,1994,0.5055032
Chad,TCD,1995,0.4932868
Chad,TCD,1996,0.47414455
Chad,TCD,1997,0.48490825
Chad,TCD,1998,0.46828437
Chad,TCD,1999,0.451829
Chad,TCD,2000,0.43554252
Chad,TCD,2001,0.430986
Chad,TCD,2002,0.4147707
Chad,TCD,2003,0.40988472
Chad,TCD,2004,0.39482155
Chad,TCD,2005,0.3907647
Chad,TCD,2006,0.37746918
Chad,TCD,2007,0.3651577
Chad,TCD,2008,0.35341135
Chad,TCD,2009,0.35112658
Chad,TCD,2010,0.35661286
Chad,TCD,2011,0.35237196
Chad,TCD,2012,0.3680555
Chad,TCD,2013,0.3827976
Chad,TCD,2014,0.3854962
Chad,TCD,2015,0.37382543
Chad,TCD,2016,0.36977178
Chad,TCD,2017,0.35915536
Chad,TCD,2018,0.34913152
Chad,TCD,2019,0.33965203
Chad,TCD,2020,0.33067366
Chad,TCD,2021,0.32322747
Chad,TCD,2022,0.31610918
Chad,TCD,2023,0.30929768
Chad,TCD,2024,0.30277354
Chad,TCD,2025,0.29651895
Chile,CHL,-10000,0
Chile,CHL,-9000,0
Chile,CHL,-8000,0
Chile,CHL,-7000,0
Chile,CHL,-6000,0
Chile,CHL,-5000,0
Chile,CHL,-4000,0
Chile,CHL,-3000,0
Chile,CHL,-2000,0.0048394026
Chile,CHL,-1000,0.5888094
Chile,CHL,0,0.58482677
Chile,CHL,100,0.58418703
Chile,CHL,200,0.5834919
Chile,CHL,300,0.5827374
Chile,CHL,400,0.5819185
Chile,CHL,500,0.5810298
Chile,CHL,600,0.58006454
Chile,CHL,700,0.57901514
Chile,CHL,800,0.5778723
Chile,CHL,900,0.57662463
Chile,CHL,1000,0.57525814
Chile,CHL,1100,0.57375515
Chile,CHL,1200,0.57209295
Chile,CHL,1300,0.5702414
Chile,CHL,1400,0.5681586
Chile,CHL,1500,0.5657842
Chile,CHL,1600,0.5630248
Chile,CHL,1700,0.56072795
Chile,CHL,1710,0.5603582
Chile,CHL,1720,0.5599798
Chile,CHL,1730,0.5595922
Chile,CHL,1740,0.5591949
Chile,CHL,1750,0.55878735
Chile,CHL,1760,0.55836886
Chile,CHL,1770,0.5579388
Chile,CHL,1780,0.5574963
Chile,CHL,1790,0.5570406
Chile,CHL,1800,0.55657053
Chile,CHL,1810,0.55608517
Chile,CHL,1820,0.5555832
Chile,CHL,1830,0.5550631
Chile,CHL,1840,0.55452347
Chile,CHL,1850,0.5690701
Chile,CHL,1860,0.566384
Chile,CHL,1870,0.568518
Chile,CHL,1880,0.5748561
Chile,CHL,1890,0.57028496
Chile,CHL,1900,0.568669
Chile,CHL,1910,0.5701926
Chile,CHL,1920,0.57633865
Chile,CHL,1930,0.55371016
Chile,CHL,1940,0.54887384
Chile,CHL,1950,0.51838577
Chile,CHL,1951,0.5121396
Chile,CHL,1952,0.50730854
Chile,CHL,1953,0.50347596
Chile,CHL,1954,0.5003303
Chile,CHL,1955,0.49764824
Chile,CHL,1956,0.49528685
Chile,CHL,1957,0.49317217
Chile,CHL,1958,0.4912763
Chile,CHL,1959,0.4895913
Chile,CHL,1960,0.4879724
Chile,CHL,1961,0.48617542
Chile,CHL,1962,0.47798872
Chile,CHL,1963,0.46996543
Chile,CHL,1964,0.46235025
Chile,CHL,1965,0.45467854
Chile,CHL,1966,0.44718814
Chile,CHL,1967,0.43990853
Chile,CHL,1968,0.4329173
Chile,CHL,1969,0.42630586
Chile,CHL,1970,0.428697
Chile,CHL,1971,0.42585117
Chile,CHL,1972,0.42327794
Chile,CHL,1973,0.42589882
Chile,CHL,1974,0.42368522
Chile,CHL,1975,0.416845
Chile,CHL,1976,0.41502246
Chile,CHL,1977,0.39938998
Chile,CHL,1978,0.38423598
Chile,CHL,1979,0.3694736
Chile,CHL,1980,0.3594815
Chile,CHL,1981,0.34530556
Chile,CHL,1982,0.32713962
Chile,CHL,1983,0.31786305
Chile,CHL,1984,0.3087023
Chile,CHL,1985,0.3014524
Chile,CHL,1986,0.28956467
Chile,CHL,1987,0.26305875
Chile,CHL,1988,0.25794312
Chile,CHL,1989,0.25480208
Chile,CHL,1990,0.23024993
Chile,CHL,1991,0.21839538
Chile,CHL,1992,0.19793676
Chile,CHL,1993,0.18562715
Chile,CHL,1994,0.18096158
Chile,CHL,1995,0.16787192
Chile,CHL,1996,0.15864448
Chile,CHL,1997,0.15631342
Chile,CHL,1998,0.15408635
Chile,CHL,1999,0.14127524
Chile,CHL,2000,0.13824503
Chile,CHL,2001,0.1392039
Chile,CHL,2002,0.13217154
Chile,CHL,2003,0.12183897
Chile,CHL,2004,0.121136025
Chile,CHL,2005,0.11673949
Chile,CHL,2006,0.11029553
Chile,CHL,2007,0.10423433
Chile,CHL,2008,0.106740296
Chile,CHL,2009,0.109213434
Chile,CHL,2010,0.107453875
Chile,CHL,2011,0.110724434
Chile,CHL,2012,0.1093134
Chile,CHL,2013,0.111363165
Chile,CHL,2014,0.11077739
Chile,CHL,2015,0.11265417
Chile,CHL,2016,0.11076283
Chile,CHL,2017,0.11196603
Chile,CHL,2018,0.10871613
Chile,CHL,2019,0.10511814
Chile,CHL,2020,0.10303186
Chile,CHL,2021,0.10891295
Chile,CHL,2022,0.09864818
Chile,CHL,2023,0.10027586
Chile,CHL,2024,0.09883332
Chile,CHL,2025,0.09740768
China,CHN,-10000,0
China,CHN,-9000,0
China,CHN,-8000,0
China,CHN,-7000,0
China,CHN,-6000,0.0762077
China,CHN,-5000,0.13848938
China,CHN,-4000,0.37123102
China,CHN,-3000,0.5282332
China,CHN,-2000,0.6481799
China,CHN,-1000,0.70084596
China,CHN,0,0.68797266
China,CHN,100,0.67483276
China,CHN,200,0.66161376
China,CHN,300,0.64864314
China,CHN,400,0.63584435
China,CHN,500,0.6234344
China,CHN,600,0.61126494
China,CHN,700,0.5992547
China,CHN,800,0.58746314
China,CHN,900,0.57598495
China,CHN,1000,0.5634525
China,CHN,1100,0.54634696
China,CHN,1200,0.53513086
China,CHN,1300,0.5296144
China,CHN,1400,0.5230262
China,CHN,1500,0.5109257
China,CHN,1600,0.49780485
China,CHN,1700,0.5112999
China,CHN,1710,0.5101213
China,CHN,1720,0.4647634
China,CHN,1730,0.4460616
China,CHN,1740,0.40012884
China,CHN,1750,0.3261038
China,CHN,1760,0.2982911
China,CHN,1770,0.27044505
China,CHN,1780,0.22142997
China,CHN,1790,0.210575
China,CHN,1800,0.22156256
China,CHN,1810,0.19728185
China,CHN,1820,0.20008333
China,CHN,1830,0.18446308
China,CHN,1840,0.17546465
China,CHN,1850,0.16899104
China,CHN,1860,0.17249851
China,CHN,1870,0.2026771
China,CHN,1880,0.201234
China,CHN,1890,0.2003481
China,CHN,1900,0.1932106
China,CHN,1910,0.19288103
China,CHN,1920,0.18199563
China,CHN,1930,0.18446617
China,CHN,1940,0.19023247
China,CHN,1950,0.20259638
China,CHN,1951,0.20096265
China,CHN,1952,0.2030721
China,CHN,1953,0.20036419
China,CHN,1954,0.19805643
China,CHN,1955,0.19952726
China,CHN,1956,0.19932199
China,CHN,1957,0.19715565
China,CHN,1958,0.19503109
China,CHN,1959,0.18415995
China,CHN,1960,0.17409018
China,CHN,1961,0.16929716
China,CHN,1962,0.17130066
China,CHN,1963,0.17234221
China,CHN,1964,0.17344421
China,CHN,1965,0.17137162
China,CHN,1966,0.17200471
China,CHN,1967,0.16840272
China,CHN,1968,0.16176835
China,CHN,1969,0.1578651
China,CHN,1970,0.16027664
China,CHN,1971,0.15906855
China,CHN,1972,0.1536687
China,CHN,1973,0.15563685
China,CHN,1974,0.15462585
China,CHN,1975,0.15343744
China,CHN,1976,0.15154178
China,CHN,1977,0.14865185
China,CHN,1978,0.15077828
China,CHN,1979,0.15385316
China,CHN,1980,0.14955702
China,CHN,1981,0.14735745
China,CHN,1982,0.14489467
China,CHN,1983,0.14261343
China,CHN,1984,0.14022826
China,CHN,1985,0.13778368
China,CHN,1986,0.13482653
China,CHN,1987,0.13207242
China,CHN,1988,0.12952302
China,CHN,1989,0.12722294
China,CHN,1990,0.12523109
China,CHN,1991,0.1238325
China,CHN,1992,0.12236117
China,CHN,1993,0.12069692
China,CHN,1994,0.119048536
China,CHN,1995,0.11734628
China,CHN,1996,0.115998745
China,CHN,1997,0.11481625
China,CHN,1998,0.11364617
China,CHN,1999,0.11232163
China,CHN,2000,0.1106104
China,CHN,2001,0.109461054
China,CHN,2002,0.107515156
China,CHN,2003,0.1050286
China,CHN,2004,0.103735484
China,CHN,2005,0.10285223
China,CHN,2006,0.10213895
China,CHN,2007,0.101570085
China,CHN,2008,0.10104593
China,CHN,2009,0.1005138
China,CHN,2010,0.0999494
China,CHN,2011,0.09968133
China,CHN,2012,0.099373564
China,CHN,2013,0.099127375
China,CHN,2014,0.09880551
China,CHN,2015,0.098570205
China,CHN,2016,0.0982674
China,CHN,2017,0.09799334
China,CHN,2018,0.09781086
China,CHN,2019,0.09758971
China,CHN,2020,0.09732475
China,CHN,2021,0.09734555
China,CHN,2022,0.09736635
China,CHN,2023,0.09738146
China,CHN,2024,0.09740225
China,CHN,2025,0.097423024
Colombia,COL,-10000,0
Colombia,COL,-9000,0
Colombia,COL,-8000,0
Colombia,COL,-7000,0
Colombia,COL,-6000,0
Colombia,COL,-5000,0
Colombia,COL,-4000,0
Colombia,COL,-3000,0
Colombia,COL,-2000,0
Colombia,COL,-1000,1.2920524
Colombia,COL,0,1.1404243
Colombia,COL,100,1.1226717
Colombia,COL,200,1.104409
Colombia,COL,300,1.0853817
Colombia,COL,400,1.0655628
Colombia,COL,500,1.0449982
Colombia,COL,600,1.0234215
Colombia,COL,700,1.0009009
Colombia,COL,800,0.9771679
Colombia,COL,900,0.95210195
Colombia,COL,1000,0.9254801
Colombia,COL,1100,0.89696807
Colombia,COL,1200,0.8664194
Colombia,COL,1300,0.83319366
Colombia,COL,1400,0.79661745
Colombia,COL,1500,0.7556869
Colombia,COL,1600,0.7088333
Colombia,COL,1700,0.65307313
Colombia,COL,1710,0.64681816
Colombia,COL,1720,0.64040935
Colombia,COL,1730,0.6338366
Colombia,COL,1740,0.62708855
Colombia,COL,1750,0.6201526
Colombia,COL,1760,0.6130146
Colombia,COL,1770,0.6056585
Colombia,COL,1780,0.59806615
Colombia,COL,1790,0.5902168
Colombia,COL,1800,0.5820867
Colombia,COL,1810,0.5736479
Colombia,COL,1820,0.5648682
Colombia,COL,1830,0.55570924
Colombia,COL,1840,0.5461252
Colombia,COL,1850,0.5360602
Colombia,COL,1860,0.5254458
Colombia,COL,1870,0.51419604
Colombia,COL,1880,0.50220007
Colombia,COL,1890,0.48931223
Colombia,COL,1900,0.47533327
Colombia,COL,1910,0.45997837
Colombia,COL,1920,0.4428157
Colombia,COL,1930,0.42313087
Colombia,COL,1940,0.39957076
Colombia,COL,1950,0.35863838
Colombia,COL,1951,0.3548671
Colombia,COL,1952,0.35098165
Colombia,COL,1953,0.3469077
Colombia,COL,1954,0.34257308
Colombia,COL,1955,0.33790013
Colombia,COL,1956,0.33279356
Colombia,COL,1957,0.32711688
Colombia,COL,1958,0.32063836
Colombia,COL,1959,0.31285813
Colombia,COL,1960,0.30194995
Colombia,COL,1961,0.29302546
Colombia,COL,1962,0.28446886
Colombia,COL,1963,0.27722105
Colombia,COL,1964,0.26914698
Colombia,COL,1965,0.26192227
Colombia,COL,1966,0.25486517
Colombia,COL,1967,0.24761093
Colombia,COL,1968,0.24067475
Colombia,COL,1969,0.23434643
Colombia,COL,1970,0.2282887
Colombia,COL,1971,0.2237909
Colombia,COL,1972,0.21922569
Colombia,COL,1973,0.21501587
Colombia,COL,1974,0.21089758
Colombia,COL,1975,0.2068683
Colombia,COL,1976,0.20283417
Colombia,COL,1977,0.19889776
Colombia,COL,1978,0.19498372
Colombia,COL,1979,0.19117816
Colombia,COL,1980,0.18741614
Colombia,COL,1981,0.18376628
Colombia,COL,1982,0.18016122
Colombia,COL,1983,0.17669594
Colombia,COL,1984,0.17339689
Colombia,COL,1985,0.1703111
Colombia,COL,1986,0.16740438
Colombia,COL,1987,0.16472697
Colombia,COL,1988,0.15789099
Colombia,COL,1989,0.15186614
Colombia,COL,1990,0.14607704
Colombia,COL,1991,0.13767783
Colombia,COL,1992,0.13798635
Colombia,COL,1993,0.13335226
Colombia,COL,1994,0.1300485
Colombia,COL,1995,0.118490286
Colombia,COL,1996,0.107812636
Colombia,COL,1997,0.11032502
Colombia,COL,1998,0.11173668
Colombia,COL,1999,0.10977093
Colombia,COL,2000,0.112672746
Colombia,COL,2001,0.10104576
Colombia,COL,2002,0.090013936
Colombia,COL,2003,0.089085005
Colombia,COL,2004,0.08693108
Colombia,COL,2005,0.08360516
Colombia,COL,2006,0.07698754
Colombia,COL,2007,0.08058291
Colombia,COL,2008,0.07720568
Colombia,COL,2009,0.07397097
Colombia,COL,2010,0.073140614
Colombia,COL,2011,0.07335336
Colombia,COL,2012,0.07330565
Colombia,COL,2013,0.0722327
Colombia,COL,2014,0.07352412
Colombia,COL,2015,0.0747823
Colombia,COL,2016,0.07600851
Colombia,COL,2017,0.07720396
Colombia,COL,2018,0.08740943
Colombia,COL,2019,0.08962015
Colombia,COL,2020,0.09023694
Colombia,COL,2021,0.09104915
Colombia,COL,2022,0.09184584
Colombia,COL,2023,0.093226105
Colombia,COL,2024,0.09428391
Colombia,COL,2025,0.095322065
Comoros,COM,900,0
Comoros,COM,1000,0
Comoros,COM,1100,0.42553386
Comoros,COM,1200,0.42473727
Comoros,COM,1300,0.42393765
Comoros,COM,1400,0.42313504
Comoros,COM,1500,0.42232934
Comoros,COM,1600,0.4215206
Comoros,COM,1700,0.4207087
Comoros,COM,1710,0.42062736
Comoros,COM,1720,0.42054594
Comoros,COM,1730,0.42046455
Comoros,COM,1740,0.42038307
Comoros,COM,1750,0.4203016
Comoros,COM,1760,0.42022008
Comoros,COM,1770,0.4201385
Comoros,COM,1780,0.42005694
Comoros,COM,1790,0.41997534
Comoros,COM,1800,0.41989365
Comoros,COM,1810,0.41981202
Comoros,COM,1820,0.4197303
Comoros,COM,1830,0.41964856
Comoros,COM,1840,0.41956675
Comoros,COM,1850,0.41948497
Comoros,COM,1860,0.4194031
Comoros,COM,1870,0.41932127
Comoros,COM,1880,0.41923934
Comoros,COM,1890,0.4191574
Comoros,COM,1900,0.41907546
Comoros,COM,1910,0.41899344
Comoros,COM,1920,0.41891146
Comoros,COM,1930,0.41882938
Comoros,COM,1940,0.41874725
Comoros,COM,1950,0.4186651
Comoros,COM,1951,0.41865695
Comoros,COM,1952,0.4186487
Comoros,COM,1953,0.4186405
Comoros,COM,1954,0.41851592
Comoros,COM,1955,0.418508
Comoros,COM,1956,0.41850182
Comoros,COM,1957,0.41849586
Comoros,COM,1958,0.41830736
Comoros,COM,1959,0.4183015
Comoros,COM,1960,0.41829562
Comoros,COM,1961,0.41179267
Comoros,COM,1962,0.40540448
Comoros,COM,1963,0.39898238
Comoros,COM,1964,0.39236158
Comoros,COM,1965,0.38541737
Comoros,COM,1966,0.37802884
Comoros,COM,1967,0.37029094
Comoros,COM,1968,0.36243743
Comoros,COM,1969,0.3547967
Comoros,COM,1970,0.34750322
Comoros,COM,1971,0.34070516
Comoros,COM,1972,0.3341666
Comoros,COM,1973,0.3273615
Comoros,COM,1974,0.3196441
Comoros,COM,1975,0.3107165
Comoros,COM,1976,0.30059534
Comoros,COM,1977,0.28975806
Comoros,COM,1978,0.2964586
Comoros,COM,1979,0.28568152
Comoros,COM,1980,0.27604645
Comoros,COM,1981,0.26754877
Comoros,COM,1982,0.2599056
Comoros,COM,1983,0.2528298
Comoros,COM,1984,0.27492163
Comoros,COM,1985,0.2672844
Comoros,COM,1986,0.25966755
Comoros,COM,1987,0.2601191
Comoros,COM,1988,0.25514477
Comoros,COM,1989,0.24769467
Comoros,COM,1990,0.24049598
Comoros,COM,1991,0.23588845
Comoros,COM,1992,0.22909142
Comoros,COM,1993,0.22922693
Comoros,COM,1994,0.22706698
Comoros,COM,1995,0.22505726
Comoros,COM,1996,0.22304714
Comoros,COM,1997,0.22103344
Comoros,COM,1998,0.2152678
Comoros,COM,1999,0.211751
Comoros,COM,2000,0.20831783
Comoros,COM,2001,0.2068762
Comoros,COM,2002,0.20369495
Comoros,COM,2003,0.20059392
Comoros,COM,2004,0.19757949
Comoros,COM,2005,0.19292805
Comoros,COM,2006,0.18837051
Comoros,COM,2007,0.18390948
Comoros,COM,2008,0.17954168
Comoros,COM,2009,0.1752687
Comoros,COM,2010,0.17109087
Comoros,COM,2011,0.1668083
Comoros,COM,2012,0.16273493
Comoros,COM,2013,0.15885572
Comoros,COM,2014,0.15506433
Comoros,COM,2015,0.15162691
Comoros,COM,2016,0.14825372
Comoros,COM,2017,0.14502737
Comoros,COM,2018,0.14193845
Comoros,COM,2019,0.13897836
Comoros,COM,2020,0.1361392
Comoros,COM,2021,0.1338505
Comoros,COM,2022,0.13163748
Comoros,COM,2023,0.12949646
Comoros,COM,2024,0.12742394
Comoros,COM,2025,0.12541674
Congo,COG,-10000,0
Congo,COG,-9000,0
Congo,COG,-8000,0
Congo,COG,-7000,0
Congo,COG,-6000,0
Congo,COG,-5000,0
Congo,COG,-4000,0
Congo,COG,-3000,0
Congo,COG,-2000,0
Congo,COG,-1000,0
Congo,COG,0,0.5237353
Congo,COG,100,0.52396196
Congo,COG,200,0.5241884
Congo,COG,300,0.52441466
Congo,COG,400,0.52464074
Congo,COG,500,0.5248666
Congo,COG,600,0.5250923
Congo,COG,700,0.5253178
Congo,COG,800,0.52554303
Congo,COG,900,0.52576816
Congo,COG,1000,0.52599305
Congo,COG,1100,0.5262178
Congo,COG,1200,0.52644235
Congo,COG,1300,0.5266667
Congo,COG,1400,0.5268908
Congo,COG,1500,0.5271148
Congo,COG,1600,0.5273385
Congo,COG,1700,0.52756214
Congo,COG,1710,0.5275845
Congo,COG,1720,0.5276068
Congo,COG,1730,0.5276292
Congo,COG,1740,0.5276515
Congo,COG,1750,0.5276739
Congo,COG,1760,0.5276962
Congo,COG,1770,0.5277185
Congo,COG,1780,0.52774084
Congo,COG,1790,0.5277632
Congo,COG,1800,0.5277855
Congo,COG,1810,0.52780783
Congo,COG,1820,0.5278302
Congo,COG,1830,0.5278525
Congo,COG,1840,0.5278749
Congo,COG,1850,0.5278971
Congo,COG,1860,0.5279194
Congo,COG,1870,0.52794176
Congo,COG,1880,0.5279641
Congo,COG,1890,0.5279864
Congo,COG,1900,0.52800876
Congo,COG,1910,0.52803105
Congo,COG,1920,0.52805334
Congo,COG,1930,0.52807564
Congo,COG,1940,0.528098
Congo,COG,1950,0.5281202
Congo,COG,1951,0.5281224
Congo,COG,1952,0.5281247
Congo,COG,1953,0.5281269
Congo,COG,1954,0.52812916
Congo,COG,1955,0.52813137
Congo,COG,1956,0.5281336
Congo,COG,1957,0.52813584
Congo,COG,1958,0.52813804
Congo,COG,1959,0.5281403
Congo,COG,1960,0.5281425
Congo,COG,1961,0.5147959
Congo,COG,1962,0.5020178
Congo,COG,1963,0.49071306
Congo,COG,1964,0.47339842
Congo,COG,1965,0.45878804
Congo,COG,1966,0.44603583
Congo,COG,1967,0.43388888
Congo,COG,1968,0.42189768
Congo,COG,1969,0.41187882
Congo,COG,1970,0.4011175
Congo,COG,1971,0.39107293
Congo,COG,1972,0.37982568
Congo,COG,1973,0.3708326
Congo,COG,1974,0.36049044
Congo,COG,1975,0.3510222
Congo,COG,1976,0.34367967
Congo,COG,1977,0.33319655
Congo,COG,1978,0.29836085
Congo,COG,1979,0.29004622
Congo,COG,1980,0.2836649
Congo,COG,1981,0.27759364
Congo,COG,1982,0.2824423
Congo,COG,1983,0.27645814
Congo,COG,1984,0.26966363
Congo,COG,1985,0.26499575
Congo,COG,1986,0.25684515
Congo,COG,1987,0.23819351
Congo,COG,1988,0.23280138
Congo,COG,1989,0.22730534
Congo,COG,1990,0.21198365
Congo,COG,1991,0.20733742
Congo,COG,1992,0.2016131
Congo,COG,1993,0.19814786
Congo,COG,1994,0.18874915
Congo,COG,1995,0.18493742
Congo,COG,1996,0.18129829
Congo,COG,1997,0.18059693
Congo,COG,1998,0.17568813
Congo,COG,1999,0.17334355
Congo,COG,2000,0.16738614
Congo,COG,2001,0.16297516
Congo,COG,2002,0.15843865
Congo,COG,2003,0.1542213
Congo,COG,2004,0.15068373
Congo,COG,2005,0.1467505
Congo,COG,2006,0.14282115
Congo,COG,2007,0.1381758
Congo,COG,2008,0.1336374
Congo,COG,2009,0.13240553
Congo,COG,2010,0.13117033
Congo,COG,2011,0.13221174
Congo,COG,2012,0.12978642
Congo,COG,2013,0.13240139
Congo,COG,2014,0.1291184
Congo,COG,2015,0.12428627
Congo,COG,2016,0.12163767
Congo,COG,2017,0.11895144
Congo,COG,2018,0.117079906
Congo,COG,2019,0.114831395
Congo,COG,2020,0.11342676
Congo,COG,2021,0.11494947
Congo,COG,2022,0.115640886
Congo,COG,2023,0.11574662
Congo,COG,2024,0.11649628
Congo,COG,2025,0.117224455
Costa Rica,CRI,-10000,0
Costa Rica,CRI,-9000,0
Costa Rica,CRI,-8000,0
Costa Rica,CRI,-7000,0
Costa Rica,CRI,-6000,0
Costa Rica,CRI,-5000,0
Costa Rica,CRI,-4000,0
Costa Rica,CRI,-3000,0
Costa Rica,CRI,-2000,0
Costa Rica,CRI,-1000,0
Costa Rica,CRI,0,1.1052289
Costa Rica,CRI,100,1.0867763
Costa Rica,CRI,200,1.0676745
Costa Rica,CRI,300,1.0478638
Costa Rica,CRI,400,1.0272743
Costa Rica,CRI,500,1.0057833
Costa Rica,CRI,600,0.9834188
Costa Rica,CRI,700,0.95994276
Costa Rica,CRI,800,0.93522364
Costa Rica,CRI,900,0.9091974
Costa Rica,CRI,1000,0.88155025
Costa Rica,CRI,1100,0.8520507
Costa Rica,CRI,1200,0.82035345
Costa Rica,CRI,1300,0.7859969
Costa Rica,CRI,1400,0.7483417
Costa Rica,CRI,1500,0.7064596
Costa Rica,CRI,1600,0.65891784
Costa Rica,CRI,1700,0.60330117
Costa Rica,CRI,1710,0.5971485
Costa Rica,CRI,1720,0.5908663
Costa Rica,CRI,1730,0.5844477
Costa Rica,CRI,1740,0.5778849
Costa Rica,CRI,1750,0.57116956
Costa Rica,CRI,1760,0.56429243
Costa Rica,CRI,1770,0.5572435
Costa Rica,CRI,1780,0.5500116
Costa Rica,CRI,1790,0.5425843
Costa Rica,CRI,1800,0.5349479
Costa Rica,CRI,1810,0.52708703
Costa Rica,CRI,1820,0.51898444
Costa Rica,CRI,1830,0.5106206
Costa Rica,CRI,1840,0.50197345
Costa Rica,CRI,1850,0.4930176
Costa Rica,CRI,1860,0.48372406
Costa Rica,CRI,1870,0.474059
Costa Rica,CRI,1880,0.4639828
Costa Rica,CRI,1890,0.45344886
Costa Rica,CRI,1900,0.4424014
Costa Rica,CRI,1910,0.4307728
Costa Rica,CRI,1920,0.41847998
Costa Rica,CRI,1930,0.40541914
Costa Rica,CRI,1940,0.39145777
Costa Rica,CRI,1950,0.3764224
Costa Rica,CRI,1951,0.37485147
Costa Rica,CRI,1952,0.37326726
Costa Rica,CRI,1953,0.37166947
Costa Rica,CRI,1954,0.37005785
Costa Rica,CRI,1955,0.36843204
Costa Rica,CRI,1956,0.36679178
Costa Rica,CRI,1957,0.3651367
Costa Rica,CRI,1958,0.36346647
Costa Rica,CRI,1959,0.36178082
Costa Rica,CRI,1960,0.36007923
Costa Rica,CRI,1961,0.3473436
Costa Rica,CRI,1962,0.33854884
Costa Rica,CRI,1963,0.32670712
Costa Rica,CRI,1964,0.31554136
Costa Rica,CRI,1965,0.30510417
Costa Rica,CRI,1966,0.29533803
Costa Rica,CRI,1967,0.28677472
Costa Rica,CRI,1968,0.27821204
Costa Rica,CRI,1969,0.2724779
Costa Rica,CRI,1970,0.26664993
Costa Rica,CRI,1971,0.26180494
Costa Rica,CRI,1972,0.2552582
Costa Rica,CRI,1973,0.24552259
Costa Rica,CRI,1974,0.23954086
Costa Rica,CRI,1975,0.23457536
Costa Rica,CRI,1976,0.23007236
Costa Rica,CRI,1977,0.22511862
Costa Rica,CRI,1978,0.22063814
Costa Rica,CRI,1979,0.21618564
Costa Rica,CRI,1980,0.21177663
Costa Rica,CRI,1981,0.20740557
Costa Rica,CRI,1982,0.20308048
Costa Rica,CRI,1983,0.19884707
Costa Rica,CRI,1984,0.19475287
Costa Rica,CRI,1985,0.19155875
Costa Rica,CRI,1986,0.18779102
Costa Rica,CRI,1987,0.18313418
Costa Rica,CRI,1988,0.17761585
Costa Rica,CRI,1989,0.16893263
Costa Rica,CRI,1990,0.16472895
Costa Rica,CRI,1991,0.16217157
Costa Rica,CRI,1992,0.15656342
Costa Rica,CRI,1993,0.14965561
Costa Rica,CRI,1994,0.15179424
Costa Rica,CRI,1995,0.14526083
Costa Rica,CRI,1996,0.13762493
Costa Rica,CRI,1997,0.13305365
Costa Rica,CRI,1998,0.1300641
Costa Rica,CRI,1999,0.12991323
Costa Rica,CRI,2000,0.12482668
Costa Rica,CRI,2001,0.12259814
Costa Rica,CRI,2002,0.12059449
Costa Rica,CRI,2003,0.1211836
Costa Rica,CRI,2004,0.11941616
Costa Rica,CRI,2005,0.11535272
Costa Rica,CRI,2006,0.11720217
Costa Rica,CRI,2007,0.11443038
Costa Rica,CRI,2008,0.11287935
Costa Rica,CRI,2009,0.11808577
Costa Rica,CRI,2010,0.11880456
Costa Rica,CRI,2011,0.118312016
Costa Rica,CRI,2012,0.116346925
Costa Rica,CRI,2013,0.11528295
Costa Rica,CRI,2014,0.11342974
Costa Rica,CRI,2015,0.111482196
Costa Rica,CRI,2016,0.11107962
Costa Rica,CRI,2017,0.10715162
Costa Rica,CRI,2018,0.10368482
Costa Rica,CRI,2019,0.10103174
Costa Rica,CRI,2020,0.0986966
Costa Rica,CRI,2021,0.09783107
Costa Rica,CRI,2022,0.09606811
Costa Rica,CRI,2023,0.094412036
Costa Rica,CRI,2024,0.09288493
Costa Rica,CRI,2025,0.09138958
Cote d'Ivoire,CIV,-10000,0
Cote d'Ivoire,CIV,-9000,0
Cote d'Ivoire,CIV,-8000,0
Cote d'Ivoire,CIV,-7000,0
Cote d'Ivoire,CIV,-6000,0
Cote d'Ivoire,CIV,-5000,0
Cote d'Ivoire,CIV,-4000,0
Cote d'Ivoire,CIV,-3000,0
Cote d'Ivoire,CIV,-2000,0
Cote d'Ivoire,CIV,-1000,0
Cote d'Ivoire,CIV,0,0
Cote d'Ivoire,CIV,100,0
Cote d'Ivoire,CIV,200,0
Cote d'Ivoire,CIV,300,0
Cote d'Ivoire,CIV,400,0
Cote d'Ivoire,CIV,500,0
Cote d'Ivoire,CIV,600,0
Cote d'Ivoire,CIV,700,0
Cote d'Ivoire,CIV,800,0.42936316
Cote d'Ivoire,CIV,900,0.75138557
Cote d'Ivoire,CIV,1000,0.75300276
Cote d'Ivoire,CIV,1100,0.75461316
Cote d'Ivoire,CIV,1200,0.7562165
Cote d'Ivoire,CIV,1300,0.75781256
Cote d'Ivoire,CIV,1400,0.7594018
Cote d'Ivoire,CIV,1500,0.7609847
Cote d'Ivoire,CIV,1600,0.7625635
Cote d'Ivoire,CIV,1700,0.764134
Cote d'Ivoire,CIV,1710,0.76429063
Cote d'Ivoire,CIV,1720,0.76444715
Cote d'Ivoire,CIV,1730,0.76460385
Cote d'Ivoire,CIV,1740,0.76476026
Cote d'Ivoire,CIV,1750,0.7649167
Cote d'Ivoire,CIV,1760,0.76507306
Cote d'Ivoire,CIV,1770,0.76522934
Cote d'Ivoire,CIV,1780,0.7653856
Cote d'Ivoire,CIV,1790,0.76554173
Cote d'Ivoire,CIV,1800,0.7656979
Cote d'Ivoire,CIV,1810,0.76585394
Cote d'Ivoire,CIV,1820,0.76600987
Cote d'Ivoire,CIV,1830,0.76616585
Cote d'Ivoire,CIV,1840,0.76632154
Cote d'Ivoire,CIV,1850,0.76647747
Cote d'Ivoire,CIV,1860,0.76663315
Cote d'Ivoire,CIV,1870,0.7667887
Cote d'Ivoire,CIV,1880,0.7669444
Cote d'Ivoire,CIV,1890,0.7671
Cote d'Ivoire,CIV,1900,0.7672554
Cote d'Ivoire,CIV,1910,0.7674108
Cote d'Ivoire,CIV,1920,0.7675662
Cote d'Ivoire,CIV,1930,0.7677214
Cote d'Ivoire,CIV,1940,0.7678767
Cote d'Ivoire,CIV,1950,0.7680318
Cote d'Ivoire,CIV,1951,0.7680474
Cote d'Ivoire,CIV,1952,0.76806283
Cote d'Ivoire,CIV,1953,0.7680784
Cote d'Ivoire,CIV,1954,0.7680938
Cote d'Ivoire,CIV,1955,0.7681094
Cote d'Ivoire,CIV,1956,0.7681249
Cote d'Ivoire,CIV,1957,0.76814044
Cote d'Ivoire,CIV,1958,0.7681559
Cote d'Ivoire,CIV,1959,0.7681714
Cote d'Ivoire,CIV,1960,0.7681869
Cote d'Ivoire,CIV,1961,0.7400694
Cote d'Ivoire,CIV,1962,0.74347025
Cote d'Ivoire,CIV,1963,0.72929025
Cote d'Ivoire,CIV,1964,0.72117275
Cote d'Ivoire,CIV,1965,0.7072633
Cote d'Ivoire,CIV,1966,0.6929375
Cote d'Ivoire,CIV,1967,0.67968386
Cote d'Ivoire,CIV,1968,0.6614213
Cote d'Ivoire,CIV,1969,0.64131296
Cote d'Ivoire,CIV,1970,0.6202644
Cote d'Ivoire,CIV,1971,0.60410327
Cote d'Ivoire,CIV,1972,0.5769283
Cote d'Ivoire,CIV,1973,0.58335376
Cote d'Ivoire,CIV,1974,0.5813219
Cote d'Ivoire,CIV,1975,0.5752154
Cote d'Ivoire,CIV,1976,0.5632886
Cote d'Ivoire,CIV,1977,0.5704394
Cote d'Ivoire,CIV,1978,0.56069237
Cote d'Ivoire,CIV,1979,0.5407225
Cote d'Ivoire,CIV,1980,0.52097505
Cote d'Ivoire,CIV,1981,0.5145045
Cote d'Ivoire,CIV,1982,0.50731415
Cote d'Ivoire,CIV,1983,0.48596743
Cote d'Ivoire,CIV,1984,0.49877596
Cote d'Ivoire,CIV,1985,0.50970745
Cote d'Ivoire,CIV,1986,0.5006938
Cote d'Ivoire,CIV,1987,0.49161357
Cote d'Ivoire,CIV,1988,0.50878024
Cote d'Ivoire,CIV,1989,0.4670416
Cote d'Ivoire,CIV,1990,0.49375755
Cote d'Ivoire,CIV,1991,0.44297698
Cote d'Ivoire,CIV,1992,0.42883816
Cote d'Ivoire,CIV,1993,0.47729048
Cote d'Ivoire,CIV,1994,0.4264567
Cote d'Ivoire,CIV,1995,0.46406254
Cote d'Ivoire,CIV,1996,0.44910955
Cote d'Ivoire,CIV,1997,0.42056286
Cote d'Ivoire,CIV,1998,0.41483673
Cote d'Ivoire,CIV,1999,0.40983227
Cote d'Ivoire,CIV,2000,0.40485358
Cote d'Ivoire,CIV,2001,0.367706
Cote d'Ivoire,CIV,2002,0.3676766
Cote d'Ivoire,CIV,2003,0.3634183
Cote d'Ivoire,CIV,2004,0.38684568
Cote d'Ivoire,CIV,2005,0.39291763
Cote d'Ivoire,CIV,2006,0.4000964
Cote d'Ivoire,CIV,2007,0.40905875
Cote d'Ivoire,CIV,2008,0.39609078
Cote d'Ivoire,CIV,2009,0.38582778
Cote d'Ivoire,CIV,2010,0.39031637
Cote d'Ivoire,CIV,2011,0.39103368
Cote d'Ivoire,CIV,2012,0.42753285
Cote d'Ivoire,CIV,2013,0.44995573
Cote d'Ivoire,CIV,2014,0.46836534
Cote d'Ivoire,CIV,2015,0.52534014
Cote d'Ivoire,CIV,2016,0.49506414
Cote d'Ivoire,CIV,2017,0.52016026
Cote d'Ivoire,CIV,2018,0.5637377
Cote d'Ivoire,CIV,2019,0.55784684
Cote d'Ivoire,CIV,2020,0.5647429
Cote d'Ivoire,CIV,2021,0.5814091
Cote d'Ivoire,CIV,2022,0.5708419
Cote d'Ivoire,CIV,2023,0.57951856
Cote d'Ivoire,CIV,2024,0.5833641
Cote d'Ivoire,CIV,2025,0.5872177
Croatia,HRV,-10000,0
Croatia,HRV,-9000,0
Croatia,HRV,-8000,0
Croatia,HRV,-7000,0
Croatia,HRV,-6000,0.3045822
Croatia,HRV,-5000,0.7119292
Croatia,HRV,-4000,0.6903495
Croatia,HRV,-3000,0.665676
Croatia,HRV,-2000,0.63668716
Croatia,HRV,-1000,0.6011925
Croatia,HRV,0,0.55455565
Croatia,HRV,100,0.5489257
Croatia,HRV,200,0.5430549
Croatia,HRV,300,0.5369186
Croatia,HRV,400,0.53048813
Croatia,HRV,500,0.52373
Croatia,HRV,600,0.5166039
Croatia,HRV,700,0.5090613
Croatia,HRV,800,0.5010432
Croatia,HRV,900,0.49247643
Croatia,HRV,1000,0.4832684
Croatia,HRV,1100,0.47329998
Croatia,HRV,1200,0.46241325
Croatia,HRV,1300,0.45039272
Croatia,HRV,1400,0.43693233
Croatia,HRV,1500,0.4215743
Croatia,HRV,1600,0.40358484
Croatia,HRV,1700,0.3816625
Croatia,HRV,1710,0.37917122
Croatia,HRV,1720,0.3766127
Croatia,HRV,1730,0.37398267
Croatia,HRV,1740,0.3712766
Croatia,HRV,1750,0.36848915
Croatia,HRV,1760,0.36561477
Croatia,HRV,1770,0.362647
Croatia,HRV,1780,0.35957885
Croatia,HRV,1790,0.3564022
Croatia,HRV,1800,0.3531081
Croatia,HRV,1810,0.3496863
Croatia,HRV,1820,0.34612507
Croatia,HRV,1830,0.34241095
Croatia,HRV,1840,0.33852828
Croatia,HRV,1850,0.33445883
Croatia,HRV,1860,0.33018118
Croatia,HRV,1870,0.32566962
Croatia,HRV,1880,0.3208932
Croatia,HRV,1890,0.3158143
Croatia,HRV,1900,0.31038588
Croatia,HRV,1910,0.3045487
Croatia,HRV,1920,0.2982265
Croatia,HRV,1930,0.29131767
Croatia,HRV,1940,0.28368348
Croatia,HRV,1950,0.27512634
Croatia,HRV,1951,0.27420965
Croatia,HRV,1952,0.27328047
Croatia,HRV,1953,0.27233854
Croatia,HRV,1954,0.27138335
Croatia,HRV,1955,0.27041456
Croatia,HRV,1956,0.26943165
Croatia,HRV,1957,0.2684342
Croatia,HRV,1958,0.26742172
Croatia,HRV,1959,0.26639363
Croatia,HRV,1960,0.26534945
Croatia,HRV,1961,0.26428857
Croatia,HRV,1962,0.2618958
Croatia,HRV,1963,0.25989318
Croatia,HRV,1964,0.25801867
Croatia,HRV,1965,0.25545412
Croatia,HRV,1966,0.25294468
Croatia,HRV,1967,0.25181526
Croatia,HRV,1968,0.250119
Croatia,HRV,1969,0.24886587
Croatia,HRV,1970,0.24697623
Croatia,HRV,1971,0.24780332
Croatia,HRV,1972,0.24830659
Croatia,HRV,1973,0.24894036
Croatia,HRV,1974,0.25001752
Croatia,HRV,1975,0.2508922
Croatia,HRV,1976,0.2486647
Croatia,HRV,1977,0.24559546
Croatia,HRV,1978,0.24366489
Croatia,HRV,1979,0.24144867
Croatia,HRV,1980,0.23983334
Croatia,HRV,1981,0.23819311
Croatia,HRV,1982,0.23641615
Croatia,HRV,1983,0.23462436
Croatia,HRV,1984,0.23287773
Croatia,HRV,1985,0.23165213
Croatia,HRV,1986,0.23108944
Croatia,HRV,1987,0.23029181
Croatia,HRV,1988,0.2296454
Croatia,HRV,1989,0.22900161
Croatia,HRV,1990,0.22806571
Croatia,HRV,1991,0.22323486
Croatia,HRV,1992,0.28943273
Croatia,HRV,1993,0.2558438
Croatia,HRV,1994,0.26322365
Croatia,HRV,1995,0.2640822
Croatia,HRV,1996,0.23963036
Croatia,HRV,1997,0.24068047
Croatia,HRV,1998,0.26646715
Croatia,HRV,1999,0.26375943
Croatia,HRV,2000,0.20219584
Croatia,HRV,2001,0.20543873
Croatia,HRV,2002,0.20713758
Croatia,HRV,2003,0.20929377
Croatia,HRV,2004,0.20585021
Croatia,HRV,2005,0.2129678
Croatia,HRV,2006,0.21581979
Croatia,HRV,2007,0.21054898
Croatia,HRV,2008,0.21424405
Croatia,HRV,2009,0.2167959
Croatia,HRV,2010,0.22446649
Croatia,HRV,2011,0.22280054
Croatia,HRV,2012,0.22440936
Croatia,HRV,2013,0.21649005
Croatia,HRV,2014,0.2033646
Croatia,HRV,2015,0.21021281
Croatia,HRV,2016,0.21667403
Croatia,HRV,2017,0.20393185
Croatia,HRV,2018,0.20125932
Croatia,HRV,2019,0.20640203
Croatia,HRV,2020,0.22308354
Croatia,HRV,2021,0.21608673
Croatia,HRV,2022,0.21554081
Croatia,HRV,2023,0.22405145
Croatia,HRV,2024,0.22795038
Croatia,HRV,2025,0.2318631
Cuba,CUB,-10000,0
Cuba,CUB,-9000,0
Cuba,CUB,-8000,0
Cuba,CUB,-7000,0
Cuba,CUB,-6000,0
Cuba,CUB,-5000,0
Cuba,CUB,-4000,0
Cuba,CUB,-3000,0
Cuba,CUB,-2000,0
Cuba,CUB,-1000,0
Cuba,CUB,0,0
Cuba,CUB,100,0
Cuba,CUB,200,0
Cuba,CUB,300,0
Cuba,CUB,400,0
Cuba,CUB,500,0
Cuba,CUB,600,0
Cuba,CUB,700,0
Cuba,CUB,800,0
Cuba,CUB,900,0
Cuba,CUB,1000,0
Cuba,CUB,1100,0
Cuba,CUB,1200,0
Cuba,CUB,1300,0
Cuba,CUB,1400,0
Cuba,CUB,1500,0.2554462
Cuba,CUB,1600,0.25054047
Cuba,CUB,1700,0.24543472
Cuba,CUB,1710,0.24491231
Cuba,CUB,1720,0.24438769
Cuba,CUB,1730,0.24386084
Cuba,CUB,1740,0.24333166
Cuba,CUB,1750,0.24280016
Cuba,CUB,1760,0.24226636
Cuba,CUB,1770,0.24173015
Cuba,CUB,1780,0.24119161
Cuba,CUB,1790,0.24065064
Cuba,CUB,1800,0.2401072
Cuba,CUB,1810,0.23956129
Cuba,CUB,1820,0.23901288
Cuba,CUB,1830,0.23846197
Cuba,CUB,1840,0.23790848
Cuba,CUB,1850,0.23735239
Cuba,CUB,1860,0.23679373
Cuba,CUB,1870,0.23623237
Cuba,CUB,1880,0.23566836
Cuba,CUB,1890,0.23510161
Cuba,CUB,1900,0.23453215
Cuba,CUB,1910,0.2339599
Cuba,CUB,1920,0.2333848
Cuba,CUB,1930,0.23280692
Cuba,CUB,1940,0.2322261
Cuba,CUB,1950,0.23164238
Cuba,CUB,1951,0.23158385
Cuba,CUB,1952,0.2315253
Cuba,CUB,1953,0.2314667
Cuba,CUB,1954,0.23140807
Cuba,CUB,1955,0.23134942
Cuba,CUB,1956,0.23129073
Cuba,CUB,1957,0.23123202
Cuba,CUB,1958,0.23117328
Cuba,CUB,1959,0.2311145
Cuba,CUB,1960,0.2310557
Cuba,CUB,1961,0.22634286
Cuba,CUB,1962,0.22884671
Cuba,CUB,1963,0.2366653
Cuba,CUB,1964,0.2536231
Cuba,CUB,1965,0.22862366
Cuba,CUB,1966,0.21503176
Cuba,CUB,1967,0.2325878
Cuba,CUB,1968,0.258043
Cuba,CUB,1969,0.27151087
Cuba,CUB,1970,0.2997089
Cuba,CUB,1971,0.3013542
Cuba,CUB,1972,0.33295292
Cuba,CUB,1973,0.3464453
Cuba,CUB,1974,0.32537612
Cuba,CUB,1975,0.33586052
Cuba,CUB,1976,0.34858608
Cuba,CUB,1977,0.34573022
Cuba,CUB,1978,0.34351408
Cuba,CUB,1979,0.3404829
Cuba,CUB,1980,0.33858058
Cuba,CUB,1981,0.3389243
Cuba,CUB,1982,0.34254777
Cuba,CUB,1983,0.34615153
Cuba,CUB,1984,0.35010275
Cuba,CUB,1985,0.35386333
Cuba,CUB,1986,0.35896623
Cuba,CUB,1987,0.36320907
Cuba,CUB,1988,0.3641777
Cuba,CUB,1989,0.3624657
Cuba,CUB,1990,0.36297208
Cuba,CUB,1991,0.364324
Cuba,CUB,1992,0.37965733
Cuba,CUB,1993,0.38261518
Cuba,CUB,1994,0.38578564
Cuba,CUB,1995,0.38364053
Cuba,CUB,1996,0.36812294
Cuba,CUB,1997,0.37988073
Cuba,CUB,1998,0.37273714
Cuba,CUB,1999,0.3744373
Cuba,CUB,2000,0.36356345
Cuba,CUB,2001,0.3800102
Cuba,CUB,2002,0.37769663
Cuba,CUB,2003,0.37190244
Cuba,CUB,2004,0.36691415
Cuba,CUB,2005,0.36307234
Cuba,CUB,2006,0.35950038
Cuba,CUB,2007,0.35307065
Cuba,CUB,2008,0.3473639
Cuba,CUB,2009,0.34156162
Cuba,CUB,2010,0.33565542
Cuba,CUB,2011,0.33084273
Cuba,CUB,2012,0.31506324
Cuba,CUB,2013,0.31771585
Cuba,CUB,2014,0.31288195
Cuba,CUB,2015,0.3138134
Cuba,CUB,2016,0.31046307
Cuba,CUB,2017,0.3191874
Cuba,CUB,2018,0.31990296
Cuba,CUB,2019,0.32062173
Cuba,CUB,2020,0.32134378
Cuba,CUB,2021,0.32247466
Cuba,CUB,2022,0.32361352
Cuba,CUB,2023,0.32476044
Cuba,CUB,2024,0.32591555
Cuba,CUB,2025,0.32707888
Cyprus,CYP,-10000,0
Cyprus,CYP,-9000,0
Cyprus,CYP,-8000,0
Cyprus,CYP,-7000,0
Cyprus,CYP,-6000,0
Cyprus,CYP,-5000,0
Cyprus,CYP,-4000,0.87406427
Cyprus,CYP,-3000,0.84920526
Cyprus,CYP,-2000,0.8227988
Cyprus,CYP,-1000,0.7945791
Cyprus,CYP,0,0.7641984
Cyprus,CYP,100,0.7610249
Cyprus,CYP,200,0.7578246
Cyprus,CYP,300,0.754597
Cyprus,CYP,400,0.7513416
Cyprus,CYP,500,0.7480577
Cyprus,CYP,600,0.74474484
Cyprus,CYP,700,0.74140215
Cyprus,CYP,800,0.73802906
Cyprus,CYP,900,0.7346248
Cyprus,CYP,1000,0.7311887
Cyprus,CYP,1100,0.7277201
Cyprus,CYP,1200,0.724218
Cyprus,CYP,1300,0.7206818
Cyprus,CYP,1400,0.7171104
Cyprus,CYP,1500,0.7135032
Cyprus,CYP,1600,0.70985913
Cyprus,CYP,1700,0.7061773
Cyprus,CYP,1710,0.705807
Cyprus,CYP,1720,0.7054362
Cyprus,CYP,1730,0.70506513
Cyprus,CYP,1740,0.7046937
Cyprus,CYP,1750,0.70432186
Cyprus,CYP,1760,0.7039495
Cyprus,CYP,1770,0.70357686
Cyprus,CYP,1780,0.70320386
Cyprus,CYP,1790,0.7028304
Cyprus,CYP,1800,0.70245653
Cyprus,CYP,1810,0.70208234
Cyprus,CYP,1820,0.70170766
Cyprus,CYP,1830,0.7013326
Cyprus,CYP,1840,0.7009572
Cyprus,CYP,1850,0.7005814
Cyprus,CYP,1860,0.7002051
Cyprus,CYP,1870,0.69982845
Cyprus,CYP,1880,0.6994514
Cyprus,CYP,1890,0.6990739
Cyprus,CYP,1900,0.6986961
Cyprus,CYP,1910,0.6983178
Cyprus,CYP,1920,0.69793904
Cyprus,CYP,1930,0.69755995
Cyprus,CYP,1940,0.69718045
Cyprus,CYP,1950,0.6966743
Cyprus,CYP,1951,0.6966323
Cyprus,CYP,1952,0.6965504
Cyprus,CYP,1953,0.69652003
Cyprus,CYP,1954,0.6964862
Cyprus,CYP,1955,0.6964008
Cyprus,CYP,1956,0.6961755
Cyprus,CYP,1957,0.6960869
Cyprus,CYP,1958,0.6960755
Cyprus,CYP,1959,0.6959124
Cyprus,CYP,1960,0.6958731
Cyprus,CYP,1961,0.6916865
Cyprus,CYP,1962,0.6866928
Cyprus,CYP,1963,0.69161856
Cyprus,CYP,1964,0.6872923
Cyprus,CYP,1965,0.6828508
Cyprus,CYP,1966,0.67439544
Cyprus,CYP,1967,0.66924417
Cyprus,CYP,1968,0.6612192
Cyprus,CYP,1969,0.6496331
Cyprus,CYP,1970,0.6400908
Cyprus,CYP,1971,0.62949216
Cyprus,CYP,1972,0.6191526
Cyprus,CYP,1973,0.61191154
Cyprus,CYP,1974,0.44057733
Cyprus,CYP,1975,0.27256426
Cyprus,CYP,1976,0.2653855
Cyprus,CYP,1977,0.2591927
Cyprus,CYP,1978,0.25324878
Cyprus,CYP,1979,0.24779011
Cyprus,CYP,1980,0.2443807
Cyprus,CYP,1981,0.24942939
Cyprus,CYP,1982,0.25733626
Cyprus,CYP,1983,0.25789645
Cyprus,CYP,1984,0.25511777
Cyprus,CYP,1985,0.22424743
Cyprus,CYP,1986,0.22208464
Cyprus,CYP,1987,0.21758965
Cyprus,CYP,1988,0.2123618
Cyprus,CYP,1989,0.20824346
Cyprus,CYP,1990,0.20427491
Cyprus,CYP,1991,0.19817935
Cyprus,CYP,1992,0.19435205
Cyprus,CYP,1993,0.18894634
Cyprus,CYP,1994,0.16891448
Cyprus,CYP,1995,0.16495515
Cyprus,CYP,1996,0.16257873
Cyprus,CYP,1997,0.15832728
Cyprus,CYP,1998,0.15747702
Cyprus,CYP,1999,0.15452729
Cyprus,CYP,2000,0.1488414
Cyprus,CYP,2001,0.14474915
Cyprus,CYP,2002,0.14227721
Cyprus,CYP,2003,0.15399124
Cyprus,CYP,2004,0.15340307
Cyprus,CYP,2005,0.16153234
Cyprus,CYP,2006,0.14920962
Cyprus,CYP,2007,0.13659713
Cyprus,CYP,2008,0.10558793
Cyprus,CYP,2009,0.11228731
Cyprus,CYP,2010,0.10111387
Cyprus,CYP,2011,0.1012593
Cyprus,CYP,2012,0.10069934
Cyprus,CYP,2013,0.0935662
Cyprus,CYP,2014,0.09301325
Cyprus,CYP,2015,0.10747771
Cyprus,CYP,2016,0.092306376
Cyprus,CYP,2017,0.10153863
Cyprus,CYP,2018,0.11004655
Cyprus,CYP,2019,0.10327538
Cyprus,CYP,2020,0.10385698
Cyprus,CYP,2021,0.09821689
Cyprus,CYP,2022,0.09867724
Cyprus,CYP,2023,0.0947248
Cyprus,CYP,2024,0.09216111
Cyprus,CYP,2025,0.089642204
Czechia,CZE,-10000,0
Czechia,CZE,-9000,0
Czechia,CZE,-8000,0
Czechia,CZE,-7000,0
Czechia,CZE,-6000,0
Czechia,CZE,-5000,1.130744
Czechia,CZE,-4000,1.0964693
Czechia,CZE,-3000,1.0572809
Czechia,CZE,-2000,1.0112383
Czechia,CZE,-1000,0.95486283
Czechia,CZE,0,0.8807913
Czechia,CZE,100,0.8718493
Czechia,CZE,200,0.8625247
Czechia,CZE,300,0.85277855
Czechia,CZE,400,0.8425653
Czechia,CZE,500,0.83183134
Czechia,CZE,600,0.820513
Czechia,CZE,700,0.80853325
Czechia,CZE,800,0.7957984
Czechia,CZE,900,0.7821919
Czechia,CZE,1000,0.76756704
Czechia,CZE,1100,0.7517342
Czechia,CZE,1200,0.73444295
Czechia,CZE,1300,0.7153488
Czechia,CZE,1400,0.6939721
Czechia,CZE,1500,0.6695767
Czechia,CZE,1600,0.64100635
Czechia,CZE,1700,0.6061874
Czechia,CZE,1710,0.6022306
Czechia,CZE,1720,0.59816694
Czechia,CZE,1730,0.5939898
Czechia,CZE,1740,0.5896917
Czechia,CZE,1750,0.5852645
Czechia,CZE,1760,0.58069915
Czechia,CZE,1770,0.5759855
Czechia,CZE,1780,0.57111233
Czechia,CZE,1790,0.56606704
Czechia,CZE,1800,0.56083506
Czechia,CZE,1810,0.5554003
Czechia,CZE,1820,0.549744
Czechia,CZE,1830,0.54371315
Czechia,CZE,1840,0.5374509
Czechia,CZE,1850,0.5307726
Czechia,CZE,1860,0.5225735
Czechia,CZE,1870,0.5154113
Czechia,CZE,1880,0.5082622
Czechia,CZE,1890,0.4996066
Czechia,CZE,1900,0.49074095
Czechia,CZE,1910,0.48116934
Czechia,CZE,1920,0.45234743
Czechia,CZE,1930,0.4349832
Czechia,CZE,1940,0.41807458
Czechia,CZE,1950,0.40156427
Czechia,CZE,1951,0.3955973
Czechia,CZE,1952,0.3942572
Czechia,CZE,1953,0.39289862
Czechia,CZE,1954,0.39152095
Czechia,CZE,1955,0.3901236
Czechia,CZE,1956,0.38870594
Czechia,CZE,1957,0.38726726
Czechia,CZE,1958,0.3858069
Czechia,CZE,1959,0.384324
Czechia,CZE,1960,0.3868107
Czechia,CZE,1961,0.381221
Czechia,CZE,1962,0.3787294
Czechia,CZE,1963,0.37680134
Czechia,CZE,1964,0.37428704
Czechia,CZE,1965,0.37235653
Czechia,CZE,1966,0.37102172
Czechia,CZE,1967,0.37041008
Czechia,CZE,1968,0.37013343
Czechia,CZE,1969,0.3694701
Czechia,CZE,1970,0.36845237
Czechia,CZE,1971,0.36679646
Czechia,CZE,1972,0.36508375
Czechia,CZE,1973,0.36297306
Czechia,CZE,1974,0.36026433
Czechia,CZE,1975,0.35669237
Czechia,CZE,1976,0.35492158
Czechia,CZE,1977,0.35310248
Czechia,CZE,1978,0.35036755
Czechia,CZE,1979,0.34639913
Czechia,CZE,1980,0.34161308
Czechia,CZE,1981,0.34141806
Czechia,CZE,1982,0.34122333
Czechia,CZE,1983,0.34089705
Czechia,CZE,1984,0.3403077
Czechia,CZE,1985,0.3392584
Czechia,CZE,1986,0.3387194
Czechia,CZE,1987,0.3379829
Czechia,CZE,1988,0.33698317
Czechia,CZE,1989,0.33624682
Czechia,CZE,1990,0.33537886
Czechia,CZE,1991,0.3323095
Czechia,CZE,1992,0.33068937
Czechia,CZE,1993,0.33056363
Czechia,CZE,1994,0.32900307
Czechia,CZE,1995,0.32734662
Czechia,CZE,1996,0.32356215
Czechia,CZE,1997,0.32336265
Czechia,CZE,1998,0.32481724
Czechia,CZE,1999,0.324814
Czechia,CZE,2000,0.32402965
Czechia,CZE,2001,0.32348678
Czechia,CZE,2002,0.2748889
Czechia,CZE,2003,0.27306998
Czechia,CZE,2004,0.2712231
Czechia,CZE,2005,0.2693325
Czechia,CZE,2006,0.26048988
Czechia,CZE,2007,0.25795466
Czechia,CZE,2008,0.25409785
Czechia,CZE,2009,0.25106108
Czechia,CZE,2010,0.24662441
Czechia,CZE,2011,0.24295725
Czechia,CZE,2012,0.24134123
Czechia,CZE,2013,0.23908529
Czechia,CZE,2014,0.23677243
Czechia,CZE,2015,0.23569071
Czechia,CZE,2016,0.23504308
Czechia,CZE,2017,0.23449273
Czechia,CZE,2018,0.23266074
Czechia,CZE,2019,0.23165007
Czechia,CZE,2020,0.23097712
Czechia,CZE,2021,0.22930746
Czechia,CZE,2022,0.22886488
Czechia,CZE,2023,0.22784966
Czechia,CZE,2024,0.2269422
Czechia,CZE,2025,0.22604063
Democratic Republic of Congo,COD,-10000,0
Democratic Republic of Congo,COD,-9000,0
Democratic Republic of Congo,COD,-8000,0
Democratic Republic of Congo,COD,-7000,0
Democratic Republic of Congo,COD,-6000,0
Democratic Republic of Congo,COD,-5000,0
Democratic Republic of Congo,COD,-4000,0
Democratic Republic of Congo,COD,-3000,0
Democratic Republic of Congo,COD,-2000,0
Democratic Republic of Congo,COD,-1000,0
Democratic Republic of Congo,COD,0,0.00031296336
Democratic Republic of Congo,COD,100,0.00090370036
Democratic Republic of Congo,COD,200,0.0017922162
Democratic Republic of Congo,COD,300,0.0035787877
Democratic Republic of Congo,COD,400,0.007104093
Democratic Republic of Congo,COD,500,0.014107275
Democratic Republic of Congo,COD,600,0.028024461
Democratic Republic of Congo,COD,700,0.05569142
Democratic Republic of Congo,COD,800,0.11071142
Democratic Republic of Congo,COD,900,0.22142285
Democratic Republic of Congo,COD,1000,0.4428457
Democratic Republic of Congo,COD,1100,0.4428457
Democratic Republic of Congo,COD,1200,0.4428457
Democratic Republic of Congo,COD,1300,0.4428457
Democratic Republic of Congo,COD,1400,0.4428457
Democratic Republic of Congo,COD,1500,0.4428457
Democratic Republic of Congo,COD,1600,0.44284567
Democratic Republic of Congo,COD,1700,0.44284567
Democratic Republic of Congo,COD,1710,0.4428457
Democratic Republic of Congo,COD,1720,0.4428457
Democratic Republic of Congo,COD,1730,0.44284567
Democratic Republic of Congo,COD,1740,0.4428457
Democratic Republic of Congo,COD,1750,0.4428457
Democratic Republic of Congo,COD,1760,0.44284567
Democratic Republic of Congo,COD,1770,0.44284567
Democratic Republic of Congo,COD,1780,0.44284567
Democratic Republic of Congo,COD,1790,0.4428457
Democratic Republic of Congo,COD,1800,0.4428457
Democratic Republic of Congo,COD,1810,0.44284567
Democratic Republic of Congo,COD,1820,0.44284567
Democratic Republic of Congo,COD,1830,0.44284567
Democratic Republic of Congo,COD,1840,0.44284567
Democratic Republic of Congo,COD,1850,0.4428457
Democratic Republic of Congo,COD,1860,0.4428457
Democratic Republic of Congo,COD,1870,0.44284567
Democratic Republic of Congo,COD,1880,0.4428457
Democratic Republic of Congo,COD,1890,0.44284567
Democratic Republic of Congo,COD,1900,0.4428457
Democratic Republic of Congo,COD,1910,0.44284567
Democratic Republic of Congo,COD,1920,0.44284567
Democratic Republic of Congo,COD,1930,0.4428457
Democratic Republic of Congo,COD,1940,0.44284567
Democratic Republic of Congo,COD,1950,0.4428457
Democratic Republic of Congo,COD,1951,0.44284567
Democratic Republic of Congo,COD,1952,0.4428457
Democratic Republic of Congo,COD,1953,0.44284567
Democratic Republic of Congo,COD,1954,0.44284567
Democratic Republic of Congo,COD,1955,0.4428457
Democratic Republic of Congo,COD,1956,0.4428457
Democratic Republic of Congo,COD,1957,0.4428457
Democratic Republic of Congo,COD,1958,0.44284567
Democratic Republic of Congo,COD,1959,0.44284567
Democratic Republic of Congo,COD,1960,0.44284567
Democratic Republic of Congo,COD,1961,0.44443783
Democratic Republic of Congo,COD,1962,0.43450445
Democratic Republic of Congo,COD,1963,0.42522353
Democratic Republic of Congo,COD,1964,0.41587976
Democratic Republic of Congo,COD,1965,0.4058749
Democratic Republic of Congo,COD,1966,0.39581496
Democratic Republic of Congo,COD,1967,0.386327
Democratic Republic of Congo,COD,1968,0.37804282
Democratic Republic of Congo,COD,1969,0.37001055
Democratic Republic of Congo,COD,1970,0.36232004
Democratic Republic of Congo,COD,1971,0.35500887
Democratic Republic of Congo,COD,1972,0.34800905
Democratic Republic of Congo,COD,1973,0.34118304
Democratic Republic of Congo,COD,1974,0.33436674
Democratic Republic of Congo,COD,1975,0.32529455
Democratic Republic of Congo,COD,1976,0.31834874
Democratic Republic of Congo,COD,1977,0.31054685
Democratic Republic of Congo,COD,1978,0.30254877
Democratic Republic of Congo,COD,1979,0.29421067
Democratic Republic of Congo,COD,1980,0.2883434
Democratic Republic of Congo,COD,1981,0.28291976
Democratic Republic of Congo,COD,1982,0.2767221
Democratic Republic of Congo,COD,1983,0.27108023
Democratic Republic of Congo,COD,1984,0.26612663
Democratic Republic of Congo,COD,1985,0.26101407
Democratic Republic of Congo,COD,1986,0.25581846
Democratic Republic of Congo,COD,1987,0.24897063
Democratic Republic of Congo,COD,1988,0.2419542
Democratic Republic of Congo,COD,1989,0.23457034
Democratic Republic of Congo,COD,1990,0.22707194
Democratic Republic of Congo,COD,1991,0.219408
Democratic Republic of Congo,COD,1992,0.21153453
Democratic Republic of Congo,COD,1993,0.2034321
Democratic Republic of Congo,COD,1994,0.19615778
Democratic Republic of Congo,COD,1995,0.1851151
Democratic Republic of Congo,COD,1996,0.18003045
Democratic Republic of Congo,COD,1997,0.17339665
Democratic Republic of Congo,COD,1998,0.16948953
Democratic Republic of Congo,COD,1999,0.16340344
Democratic Republic of Congo,COD,2000,0.15931554
Democratic Republic of Congo,COD,2001,0.15394363
Democratic Republic of Congo,COD,2002,0.14949106
Democratic Republic of Congo,COD,2003,0.14496975
Democratic Republic of Congo,COD,2004,0.14047535
Democratic Republic of Congo,COD,2005,0.13606939
Democratic Republic of Congo,COD,2006,0.13175811
Democratic Republic of Congo,COD,2007,0.12752973
Democratic Republic of Congo,COD,2008,0.12422609
Democratic Republic of Congo,COD,2009,0.13919365
Democratic Republic of Congo,COD,2010,0.15853196
Democratic Republic of Congo,COD,2011,0.17081186
Democratic Republic of Congo,COD,2012,0.18285215
Democratic Republic of Congo,COD,2013,0.18424632
Democratic Republic of Congo,COD,2014,0.18925382
Democratic Republic of Congo,COD,2015,0.18588272
Democratic Republic of Congo,COD,2016,0.18298411
Democratic Republic of Congo,COD,2017,0.18494433
Democratic Republic of Congo,COD,2018,0.18278849
Democratic Republic of Congo,COD,2019,0.17980444
Democratic Republic of Congo,COD,2020,0.17674707
Democratic Republic of Congo,COD,2021,0.17714915
Democratic Republic of Congo,COD,2022,0.18221585
Democratic Republic of Congo,COD,2023,0.17894399
Democratic Republic of Congo,COD,2024,0.17870547
Democratic Republic of Congo,COD,2025,0.17847729
Denmark,DNK,-10000,0
Denmark,DNK,-9000,0
Denmark,DNK,-8000,0
Denmark,DNK,-7000,0
Denmark,DNK,-6000,0
Denmark,DNK,-5000,0
Denmark,DNK,-4000,0.0031494491
Denmark,DNK,-3000,0.0030368862
Denmark,DNK,-2000,0.0029046356
Denmark,DNK,-1000,0.0027427054
Denmark,DNK,0,1.4332561
Denmark,DNK,100,1.4180288
Denmark,DNK,200,1.40162
Denmark,DNK,300,1.3840567
Denmark,DNK,400,1.3653101
Denmark,DNK,500,1.3453413
Denmark,DNK,600,1.3240665
Denmark,DNK,700,1.301394
Denmark,DNK,800,1.2771837
Denmark,DNK,900,1.2507418
Denmark,DNK,1000,1.2234184
Denmark,DNK,1100,1.2021737
Denmark,DNK,1200,1.1769086
Denmark,DNK,1300,1.1469278
Denmark,DNK,1400,1.0660373
Denmark,DNK,1500,1.0577189
Denmark,DNK,1600,1.0163801
Denmark,DNK,1700,0.9631662
Denmark,DNK,1710,0.95062953
Denmark,DNK,1720,0.93722546
Denmark,DNK,1730,0.923143
Denmark,DNK,1740,0.90834785
Denmark,DNK,1750,0.8928063
Denmark,DNK,1760,0.86312395
Denmark,DNK,1770,0.84774053
Denmark,DNK,1780,0.83260775
Denmark,DNK,1790,0.8176944
Denmark,DNK,1800,0.8029385
Denmark,DNK,1810,0.7951576
Denmark,DNK,1820,0.7868069
Denmark,DNK,1830,0.7783639
Denmark,DNK,1840,0.76953787
Denmark,DNK,1850,0.76028734
Denmark,DNK,1860,0.75056344
Denmark,DNK,1870,0.7403078
Denmark,DNK,1880,0.72945017
Denmark,DNK,1890,0.71790475
Denmark,DNK,1900,0.70556504
Denmark,DNK,1910,0.6922962
Denmark,DNK,1920,0.6747773
Denmark,DNK,1930,0.6314409
Denmark,DNK,1940,0.6069192
Denmark,DNK,1950,0.61206
Denmark,DNK,1951,0.61195046
Denmark,DNK,1952,0.61178523
Denmark,DNK,1953,0.6115634
Denmark,DNK,1954,0.6112843
Denmark,DNK,1955,0.61094695
Denmark,DNK,1956,0.6105502
Denmark,DNK,1957,0.61009336
Denmark,DNK,1958,0.6095751
Denmark,DNK,1959,0.6089942
Denmark,DNK,1960,0.6083495
Denmark,DNK,1961,0.61034846
Denmark,DNK,1962,0.59840125
Denmark,DNK,1963,0.58792543
Denmark,DNK,1964,0.5798904
Denmark,DNK,1965,0.56868386
Denmark,DNK,1966,0.5629534
Denmark,DNK,1967,0.55863774
Denmark,DNK,1968,0.55654716
Denmark,DNK,1969,0.54950833
Denmark,DNK,1970,0.54250157
Denmark,DNK,1971,0.5368549
Denmark,DNK,1972,0.534878
Denmark,DNK,1973,0.5325223
Denmark,DNK,1974,0.5272121
Denmark,DNK,1975,0.5255122
Denmark,DNK,1976,0.52559054
Denmark,DNK,1977,0.52055734
Denmark,DNK,1978,0.5202553
Denmark,DNK,1979,0.51956356
Denmark,DNK,1980,0.51770437
Denmark,DNK,1981,0.5175025
Denmark,DNK,1982,0.51632404
Denmark,DNK,1983,0.50987023
Denmark,DNK,1984,0.5133783
Denmark,DNK,1985,0.5110241
Denmark,DNK,1986,0.50852555
Denmark,DNK,1987,0.50486183
Denmark,DNK,1988,0.50081617
Denmark,DNK,1989,0.49736315
Denmark,DNK,1990,0.49994558
Denmark,DNK,1991,0.49563742
Denmark,DNK,1992,0.49193916
Denmark,DNK,1993,0.48906147
Denmark,DNK,1994,0.45512778
Denmark,DNK,1995,0.44473383
Denmark,DNK,1996,0.4435039
Denmark,DNK,1997,0.44967815
Denmark,DNK,1998,0.4480737
Denmark,DNK,1999,0.43275195
Denmark,DNK,2000,0.42859572
Denmark,DNK,2001,0.4293721
Denmark,DNK,2002,0.42492983
Denmark,DNK,2003,0.42199856
Denmark,DNK,2004,0.42111552
Denmark,DNK,2005,0.4314941
Denmark,DNK,2006,0.4319965
Denmark,DNK,2007,0.4226166
Denmark,DNK,2008,0.4376983
Denmark,DNK,2009,0.44105744
Denmark,DNK,2010,0.43699297
Denmark,DNK,2011,0.44879302
Denmark,DNK,2012,0.43263674
Denmark,DNK,2013,0.43226007
Denmark,DNK,2014,0.435013
Denmark,DNK,2015,0.41883343
Denmark,DNK,2016,0.42056903
Denmark,DNK,2017,0.4181898
Denmark,DNK,2018,0.4203671
Denmark,DNK,2019,0.4184198
Denmark,DNK,2020,0.4128436
Denmark,DNK,2021,0.40853378
Denmark,DNK,2022,0.40777525
Denmark,DNK,2023,0.4030299
Denmark,DNK,2024,0.39955315
Denmark,DNK,2025,0.39610916
Djibouti,DJI,-10000,0
Djibouti,DJI,-9000,0
Djibouti,DJI,-8000,0
Djibouti,DJI,-7000,0
Djibouti,DJI,-6000,0
Djibouti,DJI,-5000,0
Djibouti,DJI,-4000,0
Djibouti,DJI,-3000,0
Djibouti,DJI,-2000,0
Djibouti,DJI,-1000,0
Djibouti,DJI,0,0.27362454
Djibouti,DJI,100,0.26889
Djibouti,DJI,200,0.26398262
Djibouti,DJI,300,0.25888562
Djibouti,DJI,400,0.25357962
Djibouti,DJI,500,0.24804175
Djibouti,DJI,600,0.24224493
Djibouti,DJI,700,0.23615652
Djibouti,DJI,800,0.22973685
Djibouti,DJI,900,0.22293687
Djibouti,DJI,1000,0.21569465
Djibouti,DJI,1100,0.20793039
Djibouti,DJI,1200,0.19953847
Djibouti,DJI,1300,0.19037424
Djibouti,DJI,1400,0.1802309
Djibouti,DJI,1500,0.16879584
Djibouti,DJI,1600,0.15555747
Djibouti,DJI,1700,0.13957462
Djibouti,DJI,1710,0.1377629
Djibouti,DJI,1720,0.13590226
Djibouti,DJI,1730,0.13398921
Djibouti,DJI,1740,0.13201992
Djibouti,DJI,1750,0.12999004
Djibouti,DJI,1760,0.12789473
Djibouti,DJI,1770,0.1257284
Djibouti,DJI,1780,0.12348474
Djibouti,DJI,1790,0.121156424
Djibouti,DJI,1800,0.118735015
Djibouti,DJI,1810,0.11621062
Djibouti,DJI,1820,0.113571495
Djibouti,DJI,1830,0.11080366
Djibouti,DJI,1840,0.10789017
Djibouti,DJI,1850,0.104810216
Djibouti,DJI,1860,0.10153775
Djibouti,DJI,1870,0.098039545
Djibouti,DJI,1880,0.094272114
Djibouti,DJI,1890,0.09017679
Djibouti,DJI,1900,0.08567132
Djibouti,DJI,1910,0.0806344
Djibouti,DJI,1920,0.07487468
Djibouti,DJI,1930,0.06805892
Djibouti,DJI,1940,0.059508633
Djibouti,DJI,1950,0.04735939
Djibouti,DJI,1951,0.04575222
Djibouti,DJI,1952,0.04402344
Djibouti,DJI,1953,0.042147037
Djibouti,DJI,1954,0.040086787
Djibouti,DJI,1955,0.03778972
Djibouti,DJI,1956,0.035173226
Djibouti,DJI,1957,0.03209587
Djibouti,DJI,1958,0.02827786
Djibouti,DJI,1959,0.02299601
Djibouti,DJI,1960,0.011956573
Djibouti,DJI,1961,0.01129969
Djibouti,DJI,1962,0.01061526
Djibouti,DJI,1963,0.009937592
Djibouti,DJI,1964,0.009295149
Djibouti,DJI,1965,0.00869845
Djibouti,DJI,1966,0.008138948
Djibouti,DJI,1967,0.0076105236
Djibouti,DJI,1968,0.007119363
Djibouti,DJI,1969,0.0066716927
Djibouti,DJI,1970,0.0062633487
Djibouti,DJI,1971,0.0059041637
Djibouti,DJI,1972,0.00557961
Djibouti,DJI,1973,0.005247471
Djibouti,DJI,1974,0.0048737456
Djibouti,DJI,1975,0.0044606416
Djibouti,DJI,1976,0.004023238
Djibouti,DJI,1977,0.0036038763
Djibouti,DJI,1978,0.003246669
Djibouti,DJI,1979,0.0029754378
Djibouti,DJI,1980,0.0027858256
Djibouti,DJI,1981,0.0026671148
Djibouti,DJI,1982,0.0025955755
Djibouti,DJI,1983,0.0025393472
Djibouti,DJI,1984,0.002462951
Djibouti,DJI,1985,0.0023495522
Djibouti,DJI,1986,0.0022008931
Djibouti,DJI,1987,0.0020394428
Djibouti,DJI,1988,0.0018903627
Djibouti,DJI,1989,0.0017734773
Djibouti,DJI,1990,0.0016937726
Djibouti,DJI,1991,0.0024718049
Djibouti,DJI,1992,0.0024388102
Djibouti,DJI,1993,0.002425242
Djibouti,DJI,1994,0.0024101574
Djibouti,DJI,1995,0.0025381194
Djibouti,DJI,1996,0.0024856995
Djibouti,DJI,1997,0.002420747
Djibouti,DJI,1998,0.0023508254
Djibouti,DJI,1999,0.002285391
Djibouti,DJI,2000,0.002229704
Djibouti,DJI,2001,0.0021836713
Djibouti,DJI,2002,0.002144137
Djibouti,DJI,2003,0.0022409258
Djibouti,DJI,2004,0.0022056382
Djibouti,DJI,2005,0.0021704326
Djibouti,DJI,2006,0.0025119064
Djibouti,DJI,2007,0.002718056
Djibouti,DJI,2008,0.0023088122
Djibouti,DJI,2009,0.0023899432
Djibouti,DJI,2010,0.0027022392
Djibouti,DJI,2011,0.0032334917
Djibouti,DJI,2012,0.0031775394
Djibouti,DJI,2013,0.0031226024
Djibouti,DJI,2014,0.0030696234
Djibouti,DJI,2015,0.0030191478
Djibouti,DJI,2016,0.0029713488
Djibouti,DJI,2017,0.0029258556
Djibouti,DJI,2018,0.002882414
Djibouti,DJI,2019,0.0029421016
Djibouti,DJI,2020,0.0038961212
Djibouti,DJI,2021,0.0038412786
Djibouti,DJI,2022,0.0037879585
Djibouti,DJI,2023,0.0042534047
Djibouti,DJI,2024,0.0044983695
Djibouti,DJI,2025,0.004736807
Dominica,DMA,-8000,0
Dominica,DMA,-7000,0
Dominica,DMA,-6000,0
Dominica,DMA,-5000,0
Dominica,DMA,-4000,0
Dominica,DMA,-3000,0
Dominica,DMA,-2000,0
Dominica,DMA,-1000,0
Dominica,DMA,0,0
Dominica,DMA,100,0
Dominica,DMA,200,0
Dominica,DMA,300,0
Dominica,DMA,400,0
Dominica,DMA,500,0
Dominica,DMA,600,0
Dominica,DMA,700,0
Dominica,DMA,800,0
Dominica,DMA,900,0
Dominica,DMA,1000,0
Dominica,DMA,1100,0
Dominica,DMA,1200,0
Dominica,DMA,1300,0
Dominica,DMA,1400,0
Dominica,DMA,1500,0.68591446
Dominica,DMA,1600,0.6349183
Dominica,DMA,1700,0.5740715
Dominica,DMA,1710,0.5672382
Dominica,DMA,1720,0.56023604
Dominica,DMA,1730,0.5530544
Dominica,DMA,1740,0.5456812
Dominica,DMA,1750,0.53810316
Dominica,DMA,1760,0.53030545
Dominica,DMA,1770,0.5222714
Dominica,DMA,1780,0.5138906
Dominica,DMA,1790,0.50541687
Dominica,DMA,1800,0.49655077
Dominica,DMA,1810,0.4873563
Dominica,DMA,1820,0.47780114
Dominica,DMA,1830,0.46784768
Dominica,DMA,1840,0.4574517
Dominica,DMA,1850,0.44656035
Dominica,DMA,1860,0.43511024
Dominica,DMA,1870,0.42302346
Dominica,DMA,1880,0.41020346
Dominica,DMA,1890,0.39652777
Dominica,DMA,1900,0.38183746
Dominica,DMA,1910,0.36592048
Dominica,DMA,1920,0.34848332
Dominica,DMA,1930,0.32910112
Dominica,DMA,1940,0.30711943
Dominica,DMA,1950,0.2814395
Dominica,DMA,1951,0.27860153
Dominica,DMA,1952,0.27570456
Dominica,DMA,1953,0.2727454
Dominica,DMA,1954,0.26972058
Dominica,DMA,1955,0.26662633
Dominica,DMA,1956,0.26345858
Dominica,DMA,1957,0.26021275
Dominica,DMA,1958,0.25688383
Dominica,DMA,1959,0.25346637
Dominica,DMA,1960,0.24995418
Dominica,DMA,1961,0.2457727
Dominica,DMA,1962,0.25813946
Dominica,DMA,1963,0.25429925
Dominica,DMA,1964,0.2502894
Dominica,DMA,1965,0.24601002
Dominica,DMA,1966,0.24897517
Dominica,DMA,1967,0.24363495
Dominica,DMA,1968,0.23857096
Dominica,DMA,1969,0.23429868
Dominica,DMA,1970,0.23118328
Dominica,DMA,1971,0.22932234
Dominica,DMA,1972,0.22865865
Dominica,DMA,1973,0.22849679
Dominica,DMA,1974,0.22816353
Dominica,DMA,1975,0.22701192
Dominica,DMA,1976,0.2250154
Dominica,DMA,1977,0.22235367
Dominica,DMA,1978,0.21955533
Dominica,DMA,1979,0.21726254
Dominica,DMA,1980,0.21588509
Dominica,DMA,1981,0.21553257
Dominica,DMA,1982,0.21599951
Dominica,DMA,1983,0.21711224
Dominica,DMA,1984,0.21857029
Dominica,DMA,1985,0.22015905
Dominica,DMA,1986,0.22192122
Dominica,DMA,1987,0.22383016
Dominica,DMA,1988,0.22302139
Dominica,DMA,1989,0.22458662
Dominica,DMA,1990,0.22558723
Dominica,DMA,1991,0.22585472
Dominica,DMA,1992,0.22544737
Dominica,DMA,1993,0.22468755
Dominica,DMA,1994,0.22417441
Dominica,DMA,1995,0.21017823
Dominica,DMA,1996,0.21083702
Dominica,DMA,1997,0.21200514
Dominica,DMA,1998,0.21340162
Dominica,DMA,1999,0.2301502
Dominica,DMA,2000,0.17930913
Dominica,DMA,2001,0.17928135
Dominica,DMA,2002,0.17883371
Dominica,DMA,2003,0.17808862
Dominica,DMA,2004,0.17730516
Dominica,DMA,2005,0.17662498
Dominica,DMA,2006,0.1761223
Dominica,DMA,2007,0.17571582
Dominica,DMA,2008,0.17535892
Dominica,DMA,2009,0.17492527
Dominica,DMA,2010,0.11437959
Dominica,DMA,2011,0.11393004
Dominica,DMA,2012,0.113407955
Dominica,DMA,2013,0.11206298
Dominica,DMA,2014,0.111467935
Dominica,DMA,2015,0.1108699
Dominica,DMA,2016,0.110282674
Dominica,DMA,2017,0.10970006
Dominica,DMA,2018,0.109122016
Dominica,DMA,2019,0.10856761
Dominica,DMA,2020,0.10801585
Dominica,DMA,2021,0.10750426
Dominica,DMA,2022,0.107000336
Dominica,DMA,2023,0.106536545
Dominica,DMA,2024,0.10610913
Dominica,DMA,2025,0.105720066
Dominican Republic,DOM,-10000,0
Dominican Republic,DOM,-9000,0
Dominican Republic,DOM,-8000,0
Dominican Republic,DOM,-7000,0
Dominican Republic,DOM,-6000,0
Dominican Republic,DOM,-5000,0
Dominican Republic,DOM,-4000,0
Dominican Republic,DOM,-3000,0
Dominican Republic,DOM,-2000,0
Dominican Republic,DOM,-1000,0
Dominican Republic,DOM,0,0
Dominican Republic,DOM,100,0
Dominican Republic,DOM,200,0
Dominican Republic,DOM,300,0
Dominican Republic,DOM,400,0
Dominican Republic,DOM,500,0
Dominican Republic,DOM,600,0
Dominican Republic,DOM,700,0
Dominican Republic,DOM,800,0
Dominican Republic,DOM,900,0
Dominican Republic,DOM,1000,0
Dominican Republic,DOM,1100,0
Dominican Republic,DOM,1200,0
Dominican Republic,DOM,1300,0
Dominican Republic,DOM,1400,0
Dominican Republic,DOM,1500,0.31383497
Dominican Republic,DOM,1600,0.3110412
Dominican Republic,DOM,1700,0.30819628
Dominican Republic,DOM,1710,0.3079089
Dominican Republic,DOM,1720,0.307621
Dominican Republic,DOM,1730,0.30733255
Dominican Republic,DOM,1740,0.30704352
Dominican Republic,DOM,1750,0.30675393
Dominican Republic,DOM,1760,0.30646387
Dominican Republic,DOM,1770,0.30617318
Dominican Republic,DOM,1780,0.30588204
Dominican Republic,DOM,1790,0.3055902
Dominican Republic,DOM,1800,0.3052979
Dominican Republic,DOM,1810,0.305005
Dominican Republic,DOM,1820,0.30471158
Dominican Republic,DOM,1830,0.30441758
Dominican Republic,DOM,1840,0.304123
Dominican Republic,DOM,1850,0.30382782
Dominican Republic,DOM,1860,0.3035321
Dominican Republic,DOM,1870,0.30323583
Dominican Republic,DOM,1880,0.3029389
Dominican Republic,DOM,1890,0.30264145
Dominican Republic,DOM,1900,0.30234343
Dominican Republic,DOM,1910,0.30204475
Dominican Republic,DOM,1920,0.3017455
Dominican Republic,DOM,1930,0.30144572
Dominican Republic,DOM,1940,0.3011453
Dominican Republic,DOM,1950,0.30084422
Dominican Republic,DOM,1951,0.28996912
Dominican Republic,DOM,1952,0.2890606
Dominican Republic,DOM,1953,0.28872702
Dominican Republic,DOM,1954,0.2888773
Dominican Republic,DOM,1955,0.2894336
Dominican Republic,DOM,1956,0.2903351
Dominican Republic,DOM,1957,0.2915295
Dominican Republic,DOM,1958,0.29297614
Dominican Republic,DOM,1959,0.29464087
Dominican Republic,DOM,1960,0.29649237
Dominican Republic,DOM,1961,0.28843454
Dominican Republic,DOM,1962,0.2850529
Dominican Republic,DOM,1963,0.2818413
Dominican Republic,DOM,1964,0.27878746
Dominican Republic,DOM,1965,0.2758802
Dominican Republic,DOM,1966,0.27310926
Dominican Republic,DOM,1967,0.27046534
Dominican Republic,DOM,1968,0.26671645
Dominican Republic,DOM,1969,0.27030945
Dominican Republic,DOM,1970,0.26555377
Dominican Republic,DOM,1971,0.25842056
Dominican Republic,DOM,1972,0.25547412
Dominican Republic,DOM,1973,0.25461864
Dominican Republic,DOM,1974,0.2507455
Dominican Republic,DOM,1975,0.24909157
Dominican Republic,DOM,1976,0.25235036
Dominican Republic,DOM,1977,0.2507441
Dominican Republic,DOM,1978,0.24831703
Dominican Republic,DOM,1979,0.24602062
Dominican Republic,DOM,1980,0.24470608
Dominican Republic,DOM,1981,0.23991731
Dominican Republic,DOM,1982,0.23534334
Dominican Republic,DOM,1983,0.23016532
Dominican Republic,DOM,1984,0.22520988
Dominican Republic,DOM,1985,0.220463
Dominican Republic,DOM,1986,0.2169688
Dominican Republic,DOM,1987,0.21258022
Dominican Republic,DOM,1988,0.20836537
Dominican Republic,DOM,1989,0.20488273
Dominican Republic,DOM,1990,0.18772505
Dominican Republic,DOM,1991,0.18444158
Dominican Republic,DOM,1992,0.18126996
Dominican Republic,DOM,1993,0.17820497
Dominican Republic,DOM,1994,0.17524192
Dominican Republic,DOM,1995,0.17621827
Dominican Republic,DOM,1996,0.17325787
Dominican Republic,DOM,1997,0.16121514
Dominican Republic,DOM,1998,0.15992488
Dominican Republic,DOM,1999,0.15266378
Dominican Republic,DOM,2000,0.15604012
Dominican Republic,DOM,2001,0.15340364
Dominican Republic,DOM,2002,0.15085451
Dominican Republic,DOM,2003,0.13938169
Dominican Republic,DOM,2004,0.13514608
Dominican Republic,DOM,2005,0.13300718
Dominican Republic,DOM,2006,0.1309352
Dominican Republic,DOM,2007,0.12892702
Dominican Republic,DOM,2008,0.12489814
Dominican Republic,DOM,2009,0.12304009
Dominican Republic,DOM,2010,0.12123679
Dominican Republic,DOM,2011,0.11970464
Dominican Republic,DOM,2012,0.11377784
Dominican Republic,DOM,2013,0.11237539
Dominican Republic,DOM,2014,0.1110071
Dominican Republic,DOM,2015,0.116983175
Dominican Republic,DOM,2016,0.11559265
Dominican Republic,DOM,2017,0.11423478
Dominican Republic,DOM,2018,0.11290845
Dominican Republic,DOM,2019,0.11161257
Dominican Republic,DOM,2020,0.110346094
Dominican Republic,DOM,2021,0.109521285
Dominican Republic,DOM,2022,0.108708724
Dominican Republic,DOM,2023,0.10790812
Dominican Republic,DOM,2024,0.10711924
Dominican Republic,DOM,2025,0.106341794
East Timor,TLS,-10000,0
East Timor,TLS,-9000,0
East Timor,TLS,-8000,0
East Timor,TLS,-7000,0
East Timor,TLS,-6000,0
East Timor,TLS,-5000,0
East Timor,TLS,-4000,0
East Timor,TLS,-3000,0
East Timor,TLS,-2000,0
East Timor,TLS,-1000,0
East Timor,TLS,0,0.24937941
East Timor,TLS,100,0.2490228
East Timor,TLS,200,0.24871501
East Timor,TLS,300,0.24844955
East Timor,TLS,400,0.24822058
East Timor,TLS,500,0.24801406
East Timor,TLS,600,0.2478379
East Timor,TLS,700,0.24769655
East Timor,TLS,800,0.24757367
East Timor,TLS,900,0.24746704
East Timor,TLS,1000,0.24737476
East Timor,TLS,1100,0.24729492
East Timor,TLS,1200,0.24722598
East Timor,TLS,1300,0.24716648
East Timor,TLS,1400,0.24711561
East Timor,TLS,1500,0.2470712
East Timor,TLS,1600,0.24703299
East Timor,TLS,1700,0.24700005
East Timor,TLS,1710,0.24699703
East Timor,TLS,1720,0.24699402
East Timor,TLS,1730,0.24699108
East Timor,TLS,1740,0.2469882
East Timor,TLS,1750,0.24698535
East Timor,TLS,1760,0.24698254
East Timor,TLS,1770,0.24697976
East Timor,TLS,1780,0.24697705
East Timor,TLS,1790,0.24697436
East Timor,TLS,1800,0.24697171
East Timor,TLS,1810,0.24696909
East Timor,TLS,1820,0.24696656
East Timor,TLS,1830,0.246964
East Timor,TLS,1840,0.2469615
East Timor,TLS,1850,0.24695905
East Timor,TLS,1860,0.24695665
East Timor,TLS,1870,0.24695423
East Timor,TLS,1880,0.2469519
East Timor,TLS,1890,0.2469496
East Timor,TLS,1900,0.24694732
East Timor,TLS,1910,0.24694507
East Timor,TLS,1920,0.24694285
East Timor,TLS,1930,0.24670118
East Timor,TLS,1940,0.24693856
East Timor,TLS,1950,0.24693643
East Timor,TLS,1951,0.24693641
East Timor,TLS,1952,0.24693643
East Timor,TLS,1953,0.24693643
East Timor,TLS,1954,0.24693643
East Timor,TLS,1955,0.24693643
East Timor,TLS,1956,0.24693643
East Timor,TLS,1957,0.24693641
East Timor,TLS,1958,0.24693643
East Timor,TLS,1959,0.24693641
East Timor,TLS,1960,0.160016
East Timor,TLS,1961,0.1572188
East Timor,TLS,1962,0.15440826
East Timor,TLS,1963,0.15158722
East Timor,TLS,1964,0.14875805
East Timor,TLS,1965,0.14589062
East Timor,TLS,1966,0.1431957
East Timor,TLS,1967,0.14410463
East Timor,TLS,1968,0.14142637
East Timor,TLS,1969,0.14026454
East Timor,TLS,1970,0.15368725
East Timor,TLS,1971,0.15077823
East Timor,TLS,1972,0.15121132
East Timor,TLS,1973,0.1562922
East Timor,TLS,1974,0.15351677
East Timor,TLS,1975,0.15838012
East Timor,TLS,1976,0.16705053
East Timor,TLS,1977,0.17776085
East Timor,TLS,1978,0.1970866
East Timor,TLS,1979,0.21099943
East Timor,TLS,1980,0.22214301
East Timor,TLS,1981,0.22127795
East Timor,TLS,1982,0.2188246
East Timor,TLS,1983,0.21649487
East Timor,TLS,1984,0.21583241
East Timor,TLS,1985,0.21520174
East Timor,TLS,1986,0.21433666
East Timor,TLS,1987,0.21495584
East Timor,TLS,1988,0.21554597
East Timor,TLS,1989,0.21335603
East Timor,TLS,1990,0.22606625
East Timor,TLS,1991,0.23526971
East Timor,TLS,1992,0.22871263
East Timor,TLS,1993,0.22869202
East Timor,TLS,1994,0.22867249
East Timor,TLS,1995,0.22279106
East Timor,TLS,1996,0.22634266
East Timor,TLS,1997,0.2287473
East Timor,TLS,1998,0.2276031
East Timor,TLS,1999,0.22405013
East Timor,TLS,2000,0.22527693
East Timor,TLS,2001,0.2154374
East Timor,TLS,2002,0.20638432
East Timor,TLS,2003,0.19589525
East Timor,TLS,2004,0.1882352
East Timor,TLS,2005,0.18112217
East Timor,TLS,2006,0.17673814
East Timor,TLS,2007,0.17254396
East Timor,TLS,2008,0.17316182
East Timor,TLS,2009,0.17103058
East Timor,TLS,2010,0.16720697
East Timor,TLS,2011,0.1640593
East Timor,TLS,2012,0.16096169
East Timor,TLS,2013,0.15799434
East Timor,TLS,2014,0.15514918
East Timor,TLS,2015,0.15241882
East Timor,TLS,2016,0.14979646
East Timor,TLS,2017,0.1472758
East Timor,TLS,2018,0.14485107
East Timor,TLS,2019,0.14162889
East Timor,TLS,2020,0.13903332
East Timor,TLS,2021,0.13631853
East Timor,TLS,2022,0.13370784
East Timor,TLS,2023,0.13100328
East Timor,TLS,2024,0.12849268
East Timor,TLS,2025,0.12607303
Ecuador,ECU,-10000,0
Ecuador,ECU,-9000,0
Ecuador,ECU,-8000,0
Ecuador,ECU,-7000,0
Ecuador,ECU,-6000,0
Ecuador,ECU,-5000,0
Ecuador,ECU,-4000,0
Ecuador,ECU,-3000,0
Ecuador,ECU,-2000,0
Ecuador,ECU,-1000,0.49426436
Ecuador,ECU,0,0.48824748
Ecuador,ECU,100,0.48752314
Ecuador,ECU,200,0.48677233
Ecuador,ECU,300,0.48599374
Ecuador,ECU,400,0.48518574
Ecuador,ECU,500,0.48434657
Ecuador,ECU,600,0.48347422
Ecuador,ECU,700,0.48256642
Ecuador,ECU,800,0.48162043
Ecuador,ECU,900,0.48063323
Ecuador,ECU,1000,0.47960097
Ecuador,ECU,1100,0.47851938
Ecuador,ECU,1200,0.477383
Ecuador,ECU,1300,0.47618502
Ecuador,ECU,1400,0.4749169
Ecuador,ECU,1500,0.47356707
Ecuador,ECU,1600,0.4721196
Ecuador,ECU,1700,0.47055104
Ecuador,ECU,1710,0.47038627
Ecuador,ECU,1720,0.47021985
Ecuador,ECU,1730,0.4700518
Ecuador,ECU,1740,0.469882
Ecuador,ECU,1750,0.4697104
Ecuador,ECU,1760,0.46953702
Ecuador,ECU,1770,0.46936166
Ecuador,ECU,1780,0.46918434
Ecuador,ECU,1790,0.46900493
Ecuador,ECU,1800,0.46882334
Ecuador,ECU,1810,0.46863958
Ecuador,ECU,1820,0.46845338
Ecuador,ECU,1830,0.4682647
Ecuador,ECU,1840,0.46807352
Ecuador,ECU,1850,0.46787953
Ecuador,ECU,1860,0.4676827
Ecuador,ECU,1870,0.4674827
Ecuador,ECU,1880,0.46727943
Ecuador,ECU,1890,0.46707258
Ecuador,ECU,1900,0.46686184
Ecuador,ECU,1910,0.4666468
Ecuador,ECU,1920,0.46642688
Ecuador,ECU,1930,0.46620122
Ecuador,ECU,1940,0.46572655
Ecuador,ECU,1950,0.49022213
Ecuador,ECU,1951,0.4997669
Ecuador,ECU,1952,0.5024564
Ecuador,ECU,1953,0.5050075
Ecuador,ECU,1954,0.50741464
Ecuador,ECU,1955,0.50967914
Ecuador,ECU,1956,0.51182055
Ecuador,ECU,1957,0.5138607
Ecuador,ECU,1958,0.5158363
Ecuador,ECU,1959,0.51777756
Ecuador,ECU,1960,0.5197145
Ecuador,ECU,1961,0.536685
Ecuador,ECU,1962,0.5215162
Ecuador,ECU,1963,0.5087073
Ecuador,ECU,1964,0.4941692
Ecuador,ECU,1965,0.48189384
Ecuador,ECU,1966,0.4680258
Ecuador,ECU,1967,0.4563374
Ecuador,ECU,1968,0.44233844
Ecuador,ECU,1969,0.43136728
Ecuador,ECU,1970,0.4207474
Ecuador,ECU,1971,0.4104765
Ecuador,ECU,1972,0.40054685
Ecuador,ECU,1973,0.3909608
Ecuador,ECU,1974,0.3837777
Ecuador,ECU,1975,0.3699521
Ecuador,ECU,1976,0.35587937
Ecuador,ECU,1977,0.3437645
Ecuador,ECU,1978,0.33082587
Ecuador,ECU,1979,0.32035393
Ecuador,ECU,1980,0.3086588
Ecuador,ECU,1981,0.31063664
Ecuador,ECU,1982,0.3026353
Ecuador,ECU,1983,0.30152634
Ecuador,ECU,1984,0.30089244
Ecuador,ECU,1985,0.3006861
Ecuador,ECU,1986,0.29979813
Ecuador,ECU,1987,0.29839662
Ecuador,ECU,1988,0.29283792
Ecuador,ECU,1989,0.2859469
Ecuador,ECU,1990,0.286257
Ecuador,ECU,1991,0.28630176
Ecuador,ECU,1992,0.28209358
Ecuador,ECU,1993,0.27156836
Ecuador,ECU,1994,0.27115667
Ecuador,ECU,1995,0.26231182
Ecuador,ECU,1996,0.25600252
Ecuador,ECU,1997,0.2519079
Ecuador,ECU,1998,0.24696057
Ecuador,ECU,1999,0.24034795
Ecuador,ECU,2000,0.2358932
Ecuador,ECU,2001,0.21785213
Ecuador,ECU,2002,0.1988975
Ecuador,ECU,2003,0.1871388
Ecuador,ECU,2004,0.18675543
Ecuador,ECU,2005,0.18274172
Ecuador,ECU,2006,0.17512107
Ecuador,ECU,2007,0.17000514
Ecuador,ECU,2008,0.17303957
Ecuador,ECU,2009,0.17346351
Ecuador,ECU,2010,0.17260486
Ecuador,ECU,2011,0.16816187
Ecuador,ECU,2012,0.16631825
Ecuador,ECU,2013,0.17338966
Ecuador,ECU,2014,0.15400267
Ecuador,ECU,2015,0.16309707
Ecuador,ECU,2016,0.15301998
Ecuador,ECU,2017,0.15473972
Ecuador,ECU,2018,0.14653179
Ecuador,ECU,2019,0.14988245
Ecuador,ECU,2020,0.15176824
Ecuador,ECU,2021,0.14827427
Ecuador,ECU,2022,0.14035007
Ecuador,ECU,2023,0.14301543
Ecuador,ECU,2024,0.141594
Ecuador,ECU,2025,0.1401995
Egypt,EGY,-10000,0
Egypt,EGY,-9000,0
Egypt,EGY,-8000,0
Egypt,EGY,-7000,0
Egypt,EGY,-6000,0.096985385
Egypt,EGY,-5000,0.09661204
Egypt,EGY,-4000,0.0957829
Egypt,EGY,-3000,0.09531098
Egypt,EGY,-2000,0.0953204
Egypt,EGY,-1000,0.0953204
Egypt,EGY,0,0.0953204
Egypt,EGY,100,0.0953204
Egypt,EGY,200,0.095320396
Egypt,EGY,300,0.0953204
Egypt,EGY,400,0.0953204
Egypt,EGY,500,0.0953204
Egypt,EGY,600,0.0953204
Egypt,EGY,700,0.0953204
Egypt,EGY,800,0.0953204
Egypt,EGY,900,0.095320396
Egypt,EGY,1000,0.0953204
Egypt,EGY,1100,0.0953204
Egypt,EGY,1200,0.0953204
Egypt,EGY,1300,0.0953204
Egypt,EGY,1400,0.0953204
Egypt,EGY,1500,0.0953204
Egypt,EGY,1600,0.0953204
Egypt,EGY,1700,0.0953204
Egypt,EGY,1710,0.095320396
Egypt,EGY,1720,0.0953204
Egypt,EGY,1730,0.0953204
Egypt,EGY,1740,0.0953204
Egypt,EGY,1750,0.0953204
Egypt,EGY,1760,0.09532041
Egypt,EGY,1770,0.0953204
Egypt,EGY,1780,0.0953204
Egypt,EGY,1790,0.09532041
Egypt,EGY,1800,0.0953204
Egypt,EGY,1810,0.09532041
Egypt,EGY,1820,0.0953204
Egypt,EGY,1830,0.0953204
Egypt,EGY,1840,0.09532041
Egypt,EGY,1850,0.0953204
Egypt,EGY,1860,0.0891927
Egypt,EGY,1870,0.0891927
Egypt,EGY,1880,0.089192696
Egypt,EGY,1890,0.088448144
Egypt,EGY,1900,0.08838452
Egypt,EGY,1910,0.08899756
Egypt,EGY,1920,0.0965159
Egypt,EGY,1930,0.097545356
Egypt,EGY,1940,0.09401771
Egypt,EGY,1950,0.0953204
Egypt,EGY,1951,0.094897866
Egypt,EGY,1952,0.09451123
Egypt,EGY,1953,0.0941561
Egypt,EGY,1954,0.09382878
Egypt,EGY,1955,0.09352614
Egypt,EGY,1956,0.09324547
Egypt,EGY,1957,0.09298447
Egypt,EGY,1958,0.09274114
Egypt,EGY,1959,0.09251375
Egypt,EGY,1960,0.09230077
Egypt,EGY,1961,0.092558175
Egypt,EGY,1962,0.087875694
Egypt,EGY,1963,0.08503735
Egypt,EGY,1964,0.083335824
Egypt,EGY,1965,0.086539805
Egypt,EGY,1966,0.08770376
Egypt,EGY,1967,0.08609449
Egypt,EGY,1968,0.08391941
Egypt,EGY,1969,0.082853965
Egypt,EGY,1970,0.081121325
Egypt,EGY,1971,0.07952402
Egypt,EGY,1972,0.07784882
Egypt,EGY,1973,0.07615756
Egypt,EGY,1974,0.074187115
Egypt,EGY,1975,0.07208894
Egypt,EGY,1976,0.068098426
Egypt,EGY,1977,0.06422682
Egypt,EGY,1978,0.060469486
Egypt,EGY,1979,0.05687019
Egypt,EGY,1980,0.055443257
Egypt,EGY,1981,0.054581836
Egypt,EGY,1982,0.052722294
Egypt,EGY,1983,0.05115585
Egypt,EGY,1984,0.050303105
Egypt,EGY,1985,0.049736097
Egypt,EGY,1986,0.049740635
Egypt,EGY,1987,0.04799663
Egypt,EGY,1988,0.047316737
Egypt,EGY,1989,0.045905326
Egypt,EGY,1990,0.04612259
Egypt,EGY,1991,0.044985402
Egypt,EGY,1992,0.04990844
Egypt,EGY,1993,0.04920675
Egypt,EGY,1994,0.048205573
Egypt,EGY,1995,0.051524937
Egypt,EGY,1996,0.048917886
Egypt,EGY,1997,0.04905314
Egypt,EGY,1998,0.048378065
Egypt,EGY,1999,0.050752867
Egypt,EGY,2000,0.04707751
Egypt,EGY,2001,0.046864048
Egypt,EGY,2002,0.047168955
Egypt,EGY,2003,0.046078812
Egypt,EGY,2004,0.0461384
Egypt,EGY,2005,0.04588545
Egypt,EGY,2006,0.0452027
Egypt,EGY,2007,0.0444823
Egypt,EGY,2008,0.043753307
Egypt,EGY,2009,0.044734117
Egypt,EGY,2010,0.043646432
Egypt,EGY,2011,0.042118937
Egypt,EGY,2012,0.042102095
Egypt,EGY,2013,0.041628014
Egypt,EGY,2014,0.04061853
Egypt,EGY,2015,0.040618133
Egypt,EGY,2016,0.03924307
Egypt,EGY,2017,0.039562948
Egypt,EGY,2018,0.03909001
Egypt,EGY,2019,0.038961668
Egypt,EGY,2020,0.03874056
Egypt,EGY,2021,0.038873173
Egypt,EGY,2022,0.038687423
Egypt,EGY,2023,0.038787425
Egypt,EGY,2024,0.03877434
Egypt,EGY,2025,0.03876163
El Salvador,SLV,-10000,0
El Salvador,SLV,-9000,0
El Salvador,SLV,-8000,0
El Salvador,SLV,-7000,0
El Salvador,SLV,-6000,0
El Salvador,SLV,-5000,0
El Salvador,SLV,-4000,0
El Salvador,SLV,-3000,0
El Salvador,SLV,-2000,1.3850886
El Salvador,SLV,-1000,1.25771
El Salvador,SLV,0,1.0974364
El Salvador,SLV,100,1.0786381
El Salvador,SLV,200,1.0591599
El Salvador,SLV,300,1.0389367
El Salvador,SLV,400,1.0178934
El Salvador,SLV,500,0.9959414
El Salvador,SLV,600,0.972976
El Salvador,SLV,700,0.9488716
El Salvador,SLV,800,0.92347556
El Salvador,SLV,900,0.8966
El Salvador,SLV,1000,0.8680083
El Salvador,SLV,1100,0.83739746
El Salvador,SLV,1200,0.8043681
El Salvador,SLV,1300,0.76837724
El Salvador,SLV,1400,0.72865623
El Salvador,SLV,1500,0.6840561
El Salvador,SLV,1600,0.63273317
El Salvador,SLV,1700,0.5713722
El Salvador,SLV,1710,0.5644706
El Salvador,SLV,1720,0.55739594
El Salvador,SLV,1730,0.55013686
El Salvador,SLV,1740,0.5426811
El Salvador,SLV,1750,0.5350146
El Salvador,SLV,1760,0.52712184
El Salvador,SLV,1770,0.5189854
El Salvador,SLV,1780,0.5105855
El Salvador,SLV,1790,0.5018997
El Salvador,SLV,1800,0.4929024
El Salvador,SLV,1810,0.48356408
El Salvador,SLV,1820,0.47385046
El Salvador,SLV,1830,0.46372136
El Salvador,SLV,1840,0.4531293
El Salvador,SLV,1850,0.44201747
El Salvador,SLV,1860,0.43031698
El Salvador,SLV,1870,0.41794306
El Salvador,SLV,1880,0.40478954
El Salvador,SLV,1890,0.3907206
El Salvador,SLV,1900,0.3755583
El Salvador,SLV,1910,0.35906154
El Salvador,SLV,1920,0.34089127
El Salvador,SLV,1930,0.32054505
El Salvador,SLV,1940,0.2972246
El Salvador,SLV,1950,0.26952535
El Salvador,SLV,1951,0.26642546
El Salvador,SLV,1952,0.26325175
El Salvador,SLV,1953,0.2599996
El Salvador,SLV,1954,0.256664
El Salvador,SLV,1955,0.25323936
El Salvador,SLV,1956,0.2497195
El Salvador,SLV,1957,0.24609753
El Salvador,SLV,1958,0.24236567
El Salvador,SLV,1959,0.23851521
El Salvador,SLV,1960,0.23452385
El Salvador,SLV,1961,0.22789691
El Salvador,SLV,1962,0.22131053
El Salvador,SLV,1963,0.21649304
El Salvador,SLV,1964,0.2092412
El Salvador,SLV,1965,0.20200649
El Salvador,SLV,1966,0.19450457
El Salvador,SLV,1967,0.18766433
El Salvador,SLV,1968,0.18086448
El Salvador,SLV,1969,0.17549717
El Salvador,SLV,1970,0.17036495
El Salvador,SLV,1971,0.17737627
El Salvador,SLV,1972,0.17370865
El Salvador,SLV,1973,0.1712497
El Salvador,SLV,1974,0.16968219
El Salvador,SLV,1975,0.16824189
El Salvador,SLV,1976,0.16270337
El Salvador,SLV,1977,0.16138394
El Salvador,SLV,1978,0.16745804
El Salvador,SLV,1979,0.17545106
El Salvador,SLV,1980,0.17460234
El Salvador,SLV,1981,0.1631922
El Salvador,SLV,1982,0.15463307
El Salvador,SLV,1983,0.151638
El Salvador,SLV,1984,0.15163293
El Salvador,SLV,1985,0.15368207
El Salvador,SLV,1986,0.15567428
El Salvador,SLV,1987,0.15367804
El Salvador,SLV,1988,0.15565296
El Salvador,SLV,1989,0.15364465
El Salvador,SLV,1990,0.15411013
El Salvador,SLV,1991,0.15543029
El Salvador,SLV,1992,0.15757807
El Salvador,SLV,1993,0.15545736
El Salvador,SLV,1994,0.15400833
El Salvador,SLV,1995,0.15236923
El Salvador,SLV,1996,0.1438549
El Salvador,SLV,1997,0.14245126
El Salvador,SLV,1998,0.14708757
El Salvador,SLV,1999,0.15123868
El Salvador,SLV,2000,0.14947931
El Salvador,SLV,2001,0.14784898
El Salvador,SLV,2002,0.14549333
El Salvador,SLV,2003,0.14408153
El Salvador,SLV,2004,0.14854088
El Salvador,SLV,2005,0.13842385
El Salvador,SLV,2006,0.13835883
El Salvador,SLV,2007,0.14258938
El Salvador,SLV,2008,0.14218105
El Salvador,SLV,2009,0.14176355
El Salvador,SLV,2010,0.14133155
El Salvador,SLV,2011,0.14104384
El Salvador,SLV,2012,0.14074466
El Salvador,SLV,2013,0.14047234
El Salvador,SLV,2014,0.14016967
El Salvador,SLV,2015,0.13992937
El Salvador,SLV,2016,0.13960789
El Salvador,SLV,2017,0.13934366
El Salvador,SLV,2018,0.1389439
El Salvador,SLV,2019,0.13846564
El Salvador,SLV,2020,0.13799064
El Salvador,SLV,2021,0.13799004
El Salvador,SLV,2022,0.13798945
El Salvador,SLV,2023,0.13798885
El Salvador,SLV,2024,0.13798827
El Salvador,SLV,2025,0.13798764
Equatorial Guinea,GNQ,-10000,0
Equatorial Guinea,GNQ,-9000,0
Equatorial Guinea,GNQ,-8000,0
Equatorial Guinea,GNQ,-7000,0
Equatorial Guinea,GNQ,-6000,0
Equatorial Guinea,GNQ,-5000,0
Equatorial Guinea,GNQ,-4000,0
Equatorial Guinea,GNQ,-3000,0
Equatorial Guinea,GNQ,-2000,0
Equatorial Guinea,GNQ,-1000,0
Equatorial Guinea,GNQ,0,2.1059809
Equatorial Guinea,GNQ,100,2.1333413
Equatorial Guinea,GNQ,200,2.1594748
Equatorial Guinea,GNQ,300,2.1841664
Equatorial Guinea,GNQ,400,2.2071705
Equatorial Guinea,GNQ,500,2.2282054
Equatorial Guinea,GNQ,600,2.2469454
Equatorial Guinea,GNQ,700,2.2630115
Equatorial Guinea,GNQ,800,2.2759607
Equatorial Guinea,GNQ,900,2.2570562
Equatorial Guinea,GNQ,1000,2.2620373
Equatorial Guinea,GNQ,1100,2.5133982
Equatorial Guinea,GNQ,1200,2.7854376
Equatorial Guinea,GNQ,1300,2.0515158
Equatorial Guinea,GNQ,1400,1.9352314
Equatorial Guinea,GNQ,1500,1.8546041
Equatorial Guinea,GNQ,1600,1.8998659
Equatorial Guinea,GNQ,1700,1.9366763
Equatorial Guinea,GNQ,1710,1.9731219
Equatorial Guinea,GNQ,1720,2.0076995
Equatorial Guinea,GNQ,1730,2.0406754
Equatorial Guinea,GNQ,1740,2.072068
Equatorial Guinea,GNQ,1750,2.1018965
Equatorial Guinea,GNQ,1760,2.1301773
Equatorial Guinea,GNQ,1770,2.1569247
Equatorial Guinea,GNQ,1780,2.1821523
Equatorial Guinea,GNQ,1790,2.2042506
Equatorial Guinea,GNQ,1800,2.22809
Equatorial Guinea,GNQ,1810,2.2488177
Equatorial Guinea,GNQ,1820,2.26806
Equatorial Guinea,GNQ,1830,2.2858198
Equatorial Guinea,GNQ,1840,2.3020992
Equatorial Guinea,GNQ,1850,2.3168268
Equatorial Guinea,GNQ,1860,2.1632037
Equatorial Guinea,GNQ,1870,2.1437325
Equatorial Guinea,GNQ,1880,2.14516
Equatorial Guinea,GNQ,1890,2.1247878
Equatorial Guinea,GNQ,1900,2.1040175
Equatorial Guinea,GNQ,1910,2.0815568
Equatorial Guinea,GNQ,1920,2.0601635
Equatorial Guinea,GNQ,1930,2.077747
Equatorial Guinea,GNQ,1940,0.5832677
Equatorial Guinea,GNQ,1950,0.5765864
Equatorial Guinea,GNQ,1951,0.5757706
Equatorial Guinea,GNQ,1952,0.57496005
Equatorial Guinea,GNQ,1953,0.5741543
Equatorial Guinea,GNQ,1954,0.5733528
Equatorial Guinea,GNQ,1955,0.57255524
Equatorial Guinea,GNQ,1956,0.5717612
Equatorial Guinea,GNQ,1957,0.5709704
Equatorial Guinea,GNQ,1958,0.5701825
Equatorial Guinea,GNQ,1959,0.5693973
Equatorial Guinea,GNQ,1960,0.56861436
Equatorial Guinea,GNQ,1961,0.5605779
Equatorial Guinea,GNQ,1962,0.54504925
Equatorial Guinea,GNQ,1963,0.5330046
Equatorial Guinea,GNQ,1964,0.5159736
Equatorial Guinea,GNQ,1965,0.5012326
Equatorial Guinea,GNQ,1966,0.4809547
Equatorial Guinea,GNQ,1967,0.46341857
Equatorial Guinea,GNQ,1968,0.4445153
Equatorial Guinea,GNQ,1969,0.4340958
Equatorial Guinea,GNQ,1970,0.42708048
Equatorial Guinea,GNQ,1971,0.43059912
Equatorial Guinea,GNQ,1972,0.4370722
Equatorial Guinea,GNQ,1973,0.451466
Equatorial Guinea,GNQ,1974,0.46341205
Equatorial Guinea,GNQ,1975,0.4767949
Equatorial Guinea,GNQ,1976,0.48308054
Equatorial Guinea,GNQ,1977,0.48979405
Equatorial Guinea,GNQ,1978,0.48594007
Equatorial Guinea,GNQ,1979,0.4767567
Equatorial Guinea,GNQ,1980,0.45346278
Equatorial Guinea,GNQ,1981,0.42504033
Equatorial Guinea,GNQ,1982,0.38809553
Equatorial Guinea,GNQ,1983,0.3554903
Equatorial Guinea,GNQ,1984,0.31282425
Equatorial Guinea,GNQ,1985,0.29471666
Equatorial Guinea,GNQ,1986,0.28132075
Equatorial Guinea,GNQ,1987,0.2711456
Equatorial Guinea,GNQ,1988,0.26298
Equatorial Guinea,GNQ,1989,0.2555026
Equatorial Guinea,GNQ,1990,0.23847319
Equatorial Guinea,GNQ,1991,0.23106018
Equatorial Guinea,GNQ,1992,0.22594248
Equatorial Guinea,GNQ,1993,0.21427128
Equatorial Guinea,GNQ,1994,0.20703445
Equatorial Guinea,GNQ,1995,0.19979475
Equatorial Guinea,GNQ,1996,0.19445562
Equatorial Guinea,GNQ,1997,0.18896689
Equatorial Guinea,GNQ,1998,0.17808159
Equatorial Guinea,GNQ,1999,0.17108122
Equatorial Guinea,GNQ,2000,0.16431107
Equatorial Guinea,GNQ,2001,0.15777753
Equatorial Guinea,GNQ,2002,0.1514691
Equatorial Guinea,GNQ,2003,0.14531885
Equatorial Guinea,GNQ,2004,0.13926283
Equatorial Guinea,GNQ,2005,0.1332864
Equatorial Guinea,GNQ,2006,0.12741467
Equatorial Guinea,GNQ,2007,0.12171323
Equatorial Guinea,GNQ,2008,0.116234414
Equatorial Guinea,GNQ,2009,0.111031614
Equatorial Guinea,GNQ,2010,0.10612936
Equatorial Guinea,GNQ,2011,0.101544306
Equatorial Guinea,GNQ,2012,0.09733901
Equatorial Guinea,GNQ,2013,0.093468174
Equatorial Guinea,GNQ,2014,0.08989343
Equatorial Guinea,GNQ,2015,0.08658204
Equatorial Guinea,GNQ,2016,0.08350596
Equatorial Guinea,GNQ,2017,0.08064094
Equatorial Guinea,GNQ,2018,0.07796599
Equatorial Guinea,GNQ,2019,0.07546281
Equatorial Guinea,GNQ,2020,0.07311537
Equatorial Guinea,GNQ,2021,0.07209097
Equatorial Guinea,GNQ,2022,0.07109487
Equatorial Guinea,GNQ,2023,0.07012593
Equatorial Guinea,GNQ,2024,0.069183044
Equatorial Guinea,GNQ,2025,0.06826518
Eritrea,ERI,-10000,0
Eritrea,ERI,-9000,0
Eritrea,ERI,-8000,0
Eritrea,ERI,-7000,0
Eritrea,ERI,-6000,0
Eritrea,ERI,-5000,0
Eritrea,ERI,-4000,0
Eritrea,ERI,-3000,0
Eritrea,ERI,-2000,0
Eritrea,ERI,-1000,0
Eritrea,ERI,0,0.38881308
Eritrea,ERI,100,0.38734737
Eritrea,ERI,200,0.38587058
Eritrea,ERI,300,0.38438237
Eritrea,ERI,400,0.3828825
Eritrea,ERI,500,0.38137084
Eritrea,ERI,600,0.37984708
Eritrea,ERI,700,0.37831098
Eritrea,ERI,800,0.3767624
Eritrea,ERI,900,0.37520084
Eritrea,ERI,1000,0.37362623
Eritrea,ERI,1100,0.37203825
Eritrea,ERI,1200,0.3704366
Eritrea,ERI,1300,0.368821
Eritrea,ERI,1400,0.36719108
Eritrea,ERI,1500,0.36554652
Eritrea,ERI,1600,0.36388713
Eritrea,ERI,1700,0.36221242
Eritrea,ERI,1710,0.36204407
Eritrea,ERI,1720,0.36187556
Eritrea,ERI,1730,0.36170694
Eritrea,ERI,1740,0.36153817
Eritrea,ERI,1750,0.36136922
Eritrea,ERI,1760,0.3612001
Eritrea,ERI,1770,0.36103082
Eritrea,ERI,1780,0.36086142
Eritrea,ERI,1790,0.36069182
Eritrea,ERI,1800,0.36052203
Eritrea,ERI,1810,0.36035216
Eritrea,ERI,1820,0.36018208
Eritrea,ERI,1830,0.36001185
Eritrea,ERI,1840,0.35984144
Eritrea,ERI,1850,0.3596709
Eritrea,ERI,1860,0.3595002
Eritrea,ERI,1870,0.35932928
Eritrea,ERI,1880,0.35915825
Eritrea,ERI,1890,0.35898706
Eritrea,ERI,1900,0.3588157
Eritrea,ERI,1910,0.35864416
Eritrea,ERI,1920,0.35847247
Eritrea,ERI,1930,0.35830066
Eritrea,ERI,1940,0.3581286
Eritrea,ERI,1950,0.35795644
Eritrea,ERI,1951,0.35793918
Eritrea,ERI,1952,0.35792196
Eritrea,ERI,1953,0.3579047
Eritrea,ERI,1954,0.35788748
Eritrea,ERI,1955,0.35787028
Eritrea,ERI,1956,0.35785303
Eritrea,ERI,1957,0.35783577
Eritrea,ERI,1958,0.35781854
Eritrea,ERI,1959,0.35780132
Eritrea,ERI,1960,0.35778406
Eritrea,ERI,1961,0.34900603
Eritrea,ERI,1962,0.2987116
Eritrea,ERI,1963,0.29172438
Eritrea,ERI,1964,0.23963514
Eritrea,ERI,1965,0.24729751
Eritrea,ERI,1966,0.30653277
Eritrea,ERI,1967,0.2986494
Eritrea,ERI,1968,0.32760653
Eritrea,ERI,1969,0.3202325
Eritrea,ERI,1970,0.31183115
Eritrea,ERI,1971,0.32237282
Eritrea,ERI,1972,0.313758
Eritrea,ERI,1973,0.31651366
Eritrea,ERI,1974,0.3327199
Eritrea,ERI,1975,0.32370487
Eritrea,ERI,1976,0.31494248
Eritrea,ERI,1977,0.3155397
Eritrea,ERI,1978,0.30694848
Eritrea,ERI,1979,0.29846948
Eritrea,ERI,1980,0.29008108
Eritrea,ERI,1981,0.28190058
Eritrea,ERI,1982,0.27400288
Eritrea,ERI,1983,0.2663167
Eritrea,ERI,1984,0.25876036
Eritrea,ERI,1985,0.25134838
Eritrea,ERI,1986,0.24391009
Eritrea,ERI,1987,0.23663387
Eritrea,ERI,1988,0.23017861
Eritrea,ERI,1989,0.22527722
Eritrea,ERI,1990,0.2222714
Eritrea,ERI,1991,0.22127736
Eritrea,ERI,1992,0.22189572
Eritrea,ERI,1993,0.19617599
Eritrea,ERI,1994,0.19576973
Eritrea,ERI,1995,0.19599362
Eritrea,ERI,1996,0.1943446
Eritrea,ERI,1997,0.19143403
Eritrea,ERI,1998,0.18693176
Eritrea,ERI,1999,0.18440059
Eritrea,ERI,2000,0.17908877
Eritrea,ERI,2001,0.17415869
Eritrea,ERI,2002,0.16752325
Eritrea,ERI,2003,0.17909494
Eritrea,ERI,2004,0.19584186
Eritrea,ERI,2005,0.1975163
Eritrea,ERI,2006,0.20168144
Eritrea,ERI,2007,0.20938796
Eritrea,ERI,2008,0.19777878
Eritrea,ERI,2009,0.20052995
Eritrea,ERI,2010,0.20602265
Eritrea,ERI,2011,0.2092844
Eritrea,ERI,2012,0.2063915
Eritrea,ERI,2013,0.20523316
Eritrea,ERI,2014,0.20268945
Eritrea,ERI,2015,0.20114556
Eritrea,ERI,2016,0.19864397
Eritrea,ERI,2017,0.19642247
Eritrea,ERI,2018,0.1963479
Eritrea,ERI,2019,0.1954608
Eritrea,ERI,2020,0.19459935
Eritrea,ERI,2021,0.19203933
Eritrea,ERI,2022,0.18357792
Eritrea,ERI,2023,0.18256359
Eritrea,ERI,2024,0.1793416
Eritrea,ERI,2025,0.17628512
Estonia,EST,-10000,0
Estonia,EST,-9000,0
Estonia,EST,-8000,0
Estonia,EST,-7000,0
Estonia,EST,-6000,0
Estonia,EST,-5000,0
Estonia,EST,-4000,0
Estonia,EST,-3000,0
Estonia,EST,-2000,0.34045416
Estonia,EST,-1000,0.6809083
Estonia,EST,0,1.3618166
Estonia,EST,100,2.7236333
Estonia,EST,200,2.676188
Estonia,EST,300,2.6269987
Estonia,EST,400,2.575894
Estonia,EST,500,2.5226777
Estonia,EST,600,2.4671159
Estonia,EST,700,2.4089317
Estonia,EST,800,2.3477926
Estonia,EST,900,2.2832913
Estonia,EST,1000,2.2149246
Estonia,EST,1100,2.1420543
Estonia,EST,1200,2.0638573
Estonia,EST,1300,1.9792382
Estonia,EST,1400,1.8866895
Estonia,EST,1500,1.7840437
Estonia,EST,1600,1.6679934
Estonia,EST,1700,1.5330607
Estonia,EST,1710,1.5182014
Estonia,EST,1720,1.5030454
Estonia,EST,1730,1.4875773
Estonia,EST,1740,1.4717809
Estonia,EST,1750,1.4556378
Estonia,EST,1760,1.4391285
Estonia,EST,1770,1.4222316
Estonia,EST,1780,1.4049231
Estonia,EST,1790,1.3871776
Estonia,EST,1800,1.3689657
Estonia,EST,1810,1.3502561
Estonia,EST,1820,1.3310131
Estonia,EST,1830,1.3111972
Estonia,EST,1840,1.2907631
Estonia,EST,1850,1.2696611
Estonia,EST,1860,1.2478333
Estonia,EST,1870,1.2252136
Estonia,EST,1880,1.2017266
Estonia,EST,1890,1.1772836
Estonia,EST,1900,1.1517813
Estonia,EST,1910,1.1250968
Estonia,EST,1920,1.0970825
Estonia,EST,1930,1.0675594
Estonia,EST,1940,1.0363064
Estonia,EST,1950,1.0030451
Estonia,EST,1951,0.99959564
Estonia,EST,1952,0.9961222
Estonia,EST,1953,0.9926244
Estonia,EST,1954,0.98910165
Estonia,EST,1955,0.9855538
Estonia,EST,1956,0.9819756
Estonia,EST,1957,0.978376
Estonia,EST,1958,0.97474957
Estonia,EST,1959,0.97109604
Estonia,EST,1960,0.96741474
Estonia,EST,1961,0.95665985
Estonia,EST,1962,0.947431
Estonia,EST,1963,0.9290395
Estonia,EST,1964,0.91256195
Estonia,EST,1965,0.8998907
Estonia,EST,1966,0.8798607
Estonia,EST,1967,0.86904913
Estonia,EST,1968,0.8583113
Estonia,EST,1969,0.85071087
Estonia,EST,1970,0.8408967
Estonia,EST,1971,0.8313981
Estonia,EST,1972,0.8220961
Estonia,EST,1973,0.81263447
Estonia,EST,1974,0.8064811
Estonia,EST,1975,0.79668033
Estonia,EST,1976,0.7924962
Estonia,EST,1977,0.7883594
Estonia,EST,1978,0.7819098
Estonia,EST,1979,0.77553225
Estonia,EST,1980,0.7716152
Estonia,EST,1981,0.7667186
Estonia,EST,1982,0.76145434
Estonia,EST,1983,0.75659025
Estonia,EST,1984,0.75061494
Estonia,EST,1985,0.74581313
Estonia,EST,1986,0.7421098
Estonia,EST,1987,0.73851997
Estonia,EST,1988,0.73288286
Estonia,EST,1989,0.72388107
Estonia,EST,1990,0.71685416
Estonia,EST,1991,0.728653
Estonia,EST,1992,0.74298054
Estonia,EST,1993,0.72210157
Estonia,EST,1994,0.65548265
Estonia,EST,1995,0.61497414
Estonia,EST,1996,0.62801456
Estonia,EST,1997,0.637066
Estonia,EST,1998,0.6427241
Estonia,EST,1999,0.6289981
Estonia,EST,2000,0.62374634
Estonia,EST,2001,0.50960225
Estonia,EST,2002,0.46384725
Estonia,EST,2003,0.41355237
Estonia,EST,2004,0.39538497
Estonia,EST,2005,0.4479672
Estonia,EST,2006,0.42233196
Estonia,EST,2007,0.4520932
Estonia,EST,2008,0.4510705
Estonia,EST,2009,0.4504189
Estonia,EST,2010,0.48622814
Estonia,EST,2011,0.4772302
Estonia,EST,2012,0.46866277
Estonia,EST,2013,0.47937286
Estonia,EST,2014,0.491826
Estonia,EST,2015,0.50805056
Estonia,EST,2016,0.5245639
Estonia,EST,2017,0.5155732
Estonia,EST,2018,0.51935136
Estonia,EST,2019,0.5254021
Estonia,EST,2020,0.5276964
Estonia,EST,2021,0.5332348
Estonia,EST,2022,0.5395519
Estonia,EST,2023,0.5437673
Estonia,EST,2024,0.54875934
Estonia,EST,2025,0.55377054
Eswatini,SWZ,-10000,0
Eswatini,SWZ,-9000,0
Eswatini,SWZ,-8000,0
Eswatini,SWZ,-7000,0
Eswatini,SWZ,-6000,0
Eswatini,SWZ,-5000,0
Eswatini,SWZ,-4000,0
Eswatini,SWZ,-3000,0
Eswatini,SWZ,-2000,0
Eswatini,SWZ,-1000,0
Eswatini,SWZ,0,0
Eswatini,SWZ,100,0
Eswatini,SWZ,200,0
Eswatini,SWZ,300,0
Eswatini,SWZ,400,0
Eswatini,SWZ,500,0
Eswatini,SWZ,600,0
Eswatini,SWZ,700,0
Eswatini,SWZ,800,0
Eswatini,SWZ,900,0
Eswatini,SWZ,1000,0
Eswatini,SWZ,1100,0.37467518
Eswatini,SWZ,1200,0.3731199
Eswatini,SWZ,1300,0.37155157
Eswatini,SWZ,1400,0.36996987
Eswatini,SWZ,1500,0.36837453
Eswatini,SWZ,1600,0.3667653
Eswatini,SWZ,1700,0.36514178
Eswatini,SWZ,1710,0.36497864
Eswatini,SWZ,1720,0.36481532
Eswatini,SWZ,1730,0.3646519
Eswatini,SWZ,1740,0.3644883
Eswatini,SWZ,1750,0.36432454
Eswatini,SWZ,1760,0.3641607
Eswatini,SWZ,1770,0.36399662
Eswatini,SWZ,1780,0.36383247
Eswatini,SWZ,1790,0.36366814
Eswatini,SWZ,1800,0.36350366
Eswatini,SWZ,1810,0.36333907
Eswatini,SWZ,1820,0.3631743
Eswatini,SWZ,1830,0.36300936
Eswatini,SWZ,1840,0.36284432
Eswatini,SWZ,1850,0.36267906
Eswatini,SWZ,1860,0.36251366
Eswatini,SWZ,1870,0.36234817
Eswatini,SWZ,1880,0.3621825
Eswatini,SWZ,1890,0.36201668
Eswatini,SWZ,1900,0.36185068
Eswatini,SWZ,1910,0.36168453
Eswatini,SWZ,1920,0.3615183
Eswatini,SWZ,1930,0.36135185
Eswatini,SWZ,1940,0.36118525
Eswatini,SWZ,1950,0.36101854
Eswatini,SWZ,1951,0.36100182
Eswatini,SWZ,1952,0.36098513
Eswatini,SWZ,1953,0.36096844
Eswatini,SWZ,1954,0.36095175
Eswatini,SWZ,1955,0.36093506
Eswatini,SWZ,1956,0.3609184
Eswatini,SWZ,1957,0.3609017
Eswatini,SWZ,1958,0.360885
Eswatini,SWZ,1959,0.3608683
Eswatini,SWZ,1960,0.36085162
Eswatini,SWZ,1961,0.35249388
Eswatini,SWZ,1962,0.37195462
Eswatini,SWZ,1963,0.3530384
Eswatini,SWZ,1964,0.3529698
Eswatini,SWZ,1965,0.36266494
Eswatini,SWZ,1966,0.37638682
Eswatini,SWZ,1967,0.37680623
Eswatini,SWZ,1968,0.36954564
Eswatini,SWZ,1969,0.3505632
Eswatini,SWZ,1970,0.3410144
Eswatini,SWZ,1971,0.3314399
Eswatini,SWZ,1972,0.3621117
Eswatini,SWZ,1973,0.35144618
Eswatini,SWZ,1974,0.3150473
Eswatini,SWZ,1975,0.32880485
Eswatini,SWZ,1976,0.30944425
Eswatini,SWZ,1977,0.27812216
Eswatini,SWZ,1978,0.3418147
Eswatini,SWZ,1979,0.32459545
Eswatini,SWZ,1980,0.3132396
Eswatini,SWZ,1981,0.22856186
Eswatini,SWZ,1982,0.22057547
Eswatini,SWZ,1983,0.21418156
Eswatini,SWZ,1984,0.2632446
Eswatini,SWZ,1985,0.23259607
Eswatini,SWZ,1986,0.2233593
Eswatini,SWZ,1987,0.23085742
Eswatini,SWZ,1988,0.23736471
Eswatini,SWZ,1989,0.24499148
Eswatini,SWZ,1990,0.22289996
Eswatini,SWZ,1991,0.22018398
Eswatini,SWZ,1992,0.21080887
Eswatini,SWZ,1993,0.20562214
Eswatini,SWZ,1994,0.20174691
Eswatini,SWZ,1995,0.19775352
Eswatini,SWZ,1996,0.1935292
Eswatini,SWZ,1997,0.19024
Eswatini,SWZ,1998,0.18615821
Eswatini,SWZ,1999,0.18266517
Eswatini,SWZ,2000,0.17993948
Eswatini,SWZ,2001,0.17894973
Eswatini,SWZ,2002,0.17762482
Eswatini,SWZ,2003,0.17656925
Eswatini,SWZ,2004,0.17533398
Eswatini,SWZ,2005,0.1736185
Eswatini,SWZ,2006,0.17045748
Eswatini,SWZ,2007,0.16777433
Eswatini,SWZ,2008,0.16481188
Eswatini,SWZ,2009,0.16261885
Eswatini,SWZ,2010,0.16272418
Eswatini,SWZ,2011,0.16083574
Eswatini,SWZ,2012,0.15899064
Eswatini,SWZ,2013,0.15718737
Eswatini,SWZ,2014,0.15622987
Eswatini,SWZ,2015,0.15449722
Eswatini,SWZ,2016,0.15280259
Eswatini,SWZ,2017,0.15114473
Eswatini,SWZ,2018,0.15029319
Eswatini,SWZ,2019,0.14869718
Eswatini,SWZ,2020,0.14713472
Eswatini,SWZ,2021,0.14601709
Eswatini,SWZ,2022,0.14491631
Eswatini,SWZ,2023,0.143832
Eswatini,SWZ,2024,0.1427638
Eswatini,SWZ,2025,0.14171134
Ethiopia,ETH,-10000,0
Ethiopia,ETH,-9000,0
Ethiopia,ETH,-8000,0
Ethiopia,ETH,-7000,0
Ethiopia,ETH,-6000,0
Ethiopia,ETH,-5000,0
Ethiopia,ETH,-4000,0
Ethiopia,ETH,-3000,0
Ethiopia,ETH,-2000,0
Ethiopia,ETH,-1000,0
Ethiopia,ETH,0,0.52865946
Ethiopia,ETH,100,0.52865946
Ethiopia,ETH,200,0.52865946
Ethiopia,ETH,300,0.52865946
Ethiopia,ETH,400,0.5286595
Ethiopia,ETH,500,0.5286595
Ethiopia,ETH,600,0.5286595
Ethiopia,ETH,700,0.5286595
Ethiopia,ETH,800,0.52865946
Ethiopia,ETH,900,0.52865946
Ethiopia,ETH,1000,0.52865946
Ethiopia,ETH,1100,0.52865946
Ethiopia,ETH,1200,0.52865946
Ethiopia,ETH,1300,0.52865946
Ethiopia,ETH,1400,0.52865946
Ethiopia,ETH,1500,0.52865946
Ethiopia,ETH,1600,0.52865946
Ethiopia,ETH,1700,0.5286595
Ethiopia,ETH,1710,0.52865946
Ethiopia,ETH,1720,0.52865946
Ethiopia,ETH,1730,0.5286595
Ethiopia,ETH,1740,0.52865946
Ethiopia,ETH,1750,0.5286595
Ethiopia,ETH,1760,0.5286595
Ethiopia,ETH,1770,0.52865946
Ethiopia,ETH,1780,0.5286595
Ethiopia,ETH,1790,0.52865946
Ethiopia,ETH,1800,0.5286595
Ethiopia,ETH,1810,0.52865946
Ethiopia,ETH,1820,0.52865946
Ethiopia,ETH,1830,0.52865946
Ethiopia,ETH,1840,0.52865946
Ethiopia,ETH,1850,0.5286595
Ethiopia,ETH,1860,0.5286595
Ethiopia,ETH,1870,0.5286595
Ethiopia,ETH,1880,0.52865946
Ethiopia,ETH,1890,0.52865946
Ethiopia,ETH,1900,0.52865946
Ethiopia,ETH,1910,0.52865946
Ethiopia,ETH,1920,0.52865946
Ethiopia,ETH,1930,0.52865946
Ethiopia,ETH,1940,0.52865946
Ethiopia,ETH,1950,0.52865946
Ethiopia,ETH,1951,0.5286886
Ethiopia,ETH,1952,0.5286886
Ethiopia,ETH,1953,0.52868855
Ethiopia,ETH,1954,0.5286886
Ethiopia,ETH,1955,0.5286886
Ethiopia,ETH,1956,0.5286886
Ethiopia,ETH,1957,0.5286886
Ethiopia,ETH,1958,0.5286886
Ethiopia,ETH,1959,0.5286886
Ethiopia,ETH,1960,0.5286886
Ethiopia,ETH,1961,0.5286886
Ethiopia,ETH,1962,0.5334737
Ethiopia,ETH,1963,0.5281861
Ethiopia,ETH,1964,0.51239854
Ethiopia,ETH,1965,0.51643854
Ethiopia,ETH,1966,0.513623
Ethiopia,ETH,1967,0.506065
Ethiopia,ETH,1968,0.50222516
Ethiopia,ETH,1969,0.49956313
Ethiopia,ETH,1970,0.48618558
Ethiopia,ETH,1971,0.4821303
Ethiopia,ETH,1972,0.475565
Ethiopia,ETH,1973,0.462593
Ethiopia,ETH,1974,0.45215786
Ethiopia,ETH,1975,0.4422292
Ethiopia,ETH,1976,0.43449023
Ethiopia,ETH,1977,0.4298326
Ethiopia,ETH,1978,0.4250577
Ethiopia,ETH,1979,0.41974288
Ethiopia,ETH,1980,0.40853652
Ethiopia,ETH,1981,0.39318624
Ethiopia,ETH,1982,0.3769033
Ethiopia,ETH,1983,0.36018497
Ethiopia,ETH,1984,0.33862364
Ethiopia,ETH,1985,0.324311
Ethiopia,ETH,1986,0.30809057
Ethiopia,ETH,1987,0.29135534
Ethiopia,ETH,1988,0.27746332
Ethiopia,ETH,1989,0.26393214
Ethiopia,ETH,1990,0.25171298
Ethiopia,ETH,1991,0.24086188
Ethiopia,ETH,1992,0.23228496
Ethiopia,ETH,1993,0.19688806
Ethiopia,ETH,1994,0.18891914
Ethiopia,ETH,1995,0.18321449
Ethiopia,ETH,1996,0.17749934
Ethiopia,ETH,1997,0.17206644
Ethiopia,ETH,1998,0.16640085
Ethiopia,ETH,1999,0.16331978
Ethiopia,ETH,2000,0.15831713
Ethiopia,ETH,2001,0.15416342
Ethiopia,ETH,2002,0.14891373
Ethiopia,ETH,2003,0.15999693
Ethiopia,ETH,2004,0.17555918
Ethiopia,ETH,2005,0.17713434
Ethiopia,ETH,2006,0.18032816
Ethiopia,ETH,2007,0.18613486
Ethiopia,ETH,2008,0.17446679
Ethiopia,ETH,2009,0.17543499
Ethiopia,ETH,2010,0.17882009
Ethiopia,ETH,2011,0.18129691
Ethiopia,ETH,2012,0.17835627
Ethiopia,ETH,2013,0.17685898
Ethiopia,ETH,2014,0.17413788
Ethiopia,ETH,2015,0.17226554
Ethiopia,ETH,2016,0.16957083
Ethiopia,ETH,2017,0.16711631
Ethiopia,ETH,2018,0.16648552
Ethiopia,ETH,2019,0.16515999
Ethiopia,ETH,2020,0.16464083
Ethiopia,ETH,2021,0.1626499
Ethiopia,ETH,2022,0.15632826
Ethiopia,ETH,2023,0.15624921
Ethiopia,ETH,2024,0.15421636
Ethiopia,ETH,2025,0.15226191
Europe,OWID_EUR,-10000,0
Europe,OWID_EUR,-9000,0
Europe,OWID_EUR,-8000,0
Europe,OWID_EUR,-7000,0
Europe,OWID_EUR,-6000,0.06760204
Europe,OWID_EUR,-5000,0.46134335
Europe,OWID_EUR,-4000,0.8601764
Europe,OWID_EUR,-3000,1.2508565
Europe,OWID_EUR,-2000,1.1947526
Europe,OWID_EUR,-1000,1.1942672
Europe,OWID_EUR,0,1.0590168
Europe,OWID_EUR,100,1.0805371
Europe,OWID_EUR,200,1.0592157
Europe,OWID_EUR,300,1.0458834
Europe,OWID_EUR,400,1.0217835
Europe,OWID_EUR,500,0.9923538
Europe,OWID_EUR,600,0.9870333
Europe,OWID_EUR,700,0.9750921
Europe,OWID_EUR,800,1.008267
Europe,OWID_EUR,900,1.0788954
Europe,OWID_EUR,1000,1.1206709
Europe,OWID_EUR,1100,1.1885812
Europe,OWID_EUR,1200,1.1405106
Europe,OWID_EUR,1300,1.0093193
Europe,OWID_EUR,1400,1.0140388
Europe,OWID_EUR,1500,0.9686429
Europe,OWID_EUR,1600,0.89790726
Europe,OWID_EUR,1700,0.86157626
Europe,OWID_EUR,1710,0.8535766
Europe,OWID_EUR,1720,0.8536064
Europe,OWID_EUR,1730,0.8521349
Europe,OWID_EUR,1740,0.8507612
Europe,OWID_EUR,1750,0.84516853
Europe,OWID_EUR,1760,0.83755386
Europe,OWID_EUR,1770,0.8301699
Europe,OWID_EUR,1780,0.8227957
Europe,OWID_EUR,1790,0.81399506
Europe,OWID_EUR,1800,0.8064921
Europe,OWID_EUR,1810,0.80103195
Europe,OWID_EUR,1820,0.78421456
Europe,OWID_EUR,1830,0.7579539
Europe,OWID_EUR,1840,0.74804115
Europe,OWID_EUR,1850,0.7401569
Europe,OWID_EUR,1860,0.72842544
Europe,OWID_EUR,1870,0.7170067
Europe,OWID_EUR,1880,0.70562387
Europe,OWID_EUR,1890,0.6968121
Europe,OWID_EUR,1900,0.68425894
Europe,OWID_EUR,1910,0.68179256
Europe,OWID_EUR,1920,0.658279
Europe,OWID_EUR,1930,0.6483347
Europe,OWID_EUR,1940,0.6537594
Europe,OWID_EUR,1950,0.57869285
Europe,OWID_EUR,1951,0.57731676
Europe,OWID_EUR,1952,0.57609123
Europe,OWID_EUR,1953,0.5753079
Europe,OWID_EUR,1954,0.5741531
Europe,OWID_EUR,1955,0.5731225
Europe,OWID_EUR,1956,0.5720602
Europe,OWID_EUR,1957,0.5709829
Europe,OWID_EUR,1958,0.56981415
Europe,OWID_EUR,1959,0.56662464
Europe,OWID_EUR,1960,0.5640432
Europe,OWID_EUR,1961,0.5599636
Europe,OWID_EUR,1962,0.5546939
Europe,OWID_EUR,1963,0.546396
Europe,OWID_EUR,1964,0.5384051
Europe,OWID_EUR,1965,0.53186536
Europe,OWID_EUR,1966,0.52290887
Europe,OWID_EUR,1967,0.51814485
Europe,OWID_EUR,1968,0.5130417
Europe,OWID_EUR,1969,0.50976133
Europe,OWID_EUR,1970,0.5047692
Europe,OWID_EUR,1971,0.49801847
Europe,OWID_EUR,1972,0.4942048
Europe,OWID_EUR,1973,0.4902096
Europe,OWID_EUR,1974,0.488126
Europe,OWID_EUR,1975,0.48421362
Europe,OWID_EUR,1976,0.481519
Europe,OWID_EUR,1977,0.47915184
Europe,OWID_EUR,1978,0.47645107
Europe,OWID_EUR,1979,0.47284162
Europe,OWID_EUR,1980,0.4702115
Europe,OWID_EUR,1981,0.46823356
Europe,OWID_EUR,1982,0.466294
Europe,OWID_EUR,1983,0.4639986
Europe,OWID_EUR,1984,0.46219018
Europe,OWID_EUR,1985,0.46038324
Europe,OWID_EUR,1986,0.45852497
Europe,OWID_EUR,1987,0.4569365
Europe,OWID_EUR,1988,0.45366427
Europe,OWID_EUR,1989,0.44870624
Europe,OWID_EUR,1990,0.4455185
Europe,OWID_EUR,1991,0.44314072
Europe,OWID_EUR,1992,0.44041896
Europe,OWID_EUR,1993,0.43480197
Europe,OWID_EUR,1994,0.4316009
Europe,OWID_EUR,1995,0.42711782
Europe,OWID_EUR,1996,0.4255836
Europe,OWID_EUR,1997,0.4275395
Europe,OWID_EUR,1998,0.42387673
Europe,OWID_EUR,1999,0.42106566
Europe,OWID_EUR,2000,0.4187545
Europe,OWID_EUR,2001,0.4132223
Europe,OWID_EUR,2002,0.40954706
Europe,OWID_EUR,2003,0.40602317
Europe,OWID_EUR,2004,0.4044089
Europe,OWID_EUR,2005,0.40267086
Europe,OWID_EUR,2006,0.3998629
Europe,OWID_EUR,2007,0.39697725
Europe,OWID_EUR,2008,0.39731693
Europe,OWID_EUR,2009,0.39637908
Europe,OWID_EUR,2010,0.3945073
Europe,OWID_EUR,2011,0.39331448
Europe,OWID_EUR,2012,0.393415
Europe,OWID_EUR,2013,0.39150196
Europe,OWID_EUR,2014,0.3908073
Europe,OWID_EUR,2015,0.38968384
Europe,OWID_EUR,2016,0.39002535
Europe,OWID_EUR,2017,0.39072347
Europe,OWID_EUR,2018,0.3903688
Europe,OWID_EUR,2019,0.38653806
Europe,OWID_EUR,2020,0.38526177
Europe,OWID_EUR,2021,0.38506445
Europe,OWID_EUR,2022,0.38445356
Europe,OWID_EUR,2023,0.38423315
Europe,OWID_EUR,2024,0.38386717
Europe,OWID_EUR,2025,0.38350233
Europe (excl. Russia),,-10000,0
Europe (excl. Russia),,-9000,0
Europe (excl. Russia),,-8000,0
Europe (excl. Russia),,-7000,0
Europe (excl. Russia),,-6000,0.111048125
Europe (excl. Russia),,-5000,0.70331734
Europe (excl. Russia),,-4000,1.003381
Europe (excl. Russia),,-3000,1.2420828
Europe (excl. Russia),,-2000,1.1637542
Europe (excl. Russia),,-1000,1.175233
Europe (excl. Russia),,0,1.045693
Europe (excl. Russia),,100,1.0670798
Europe (excl. Russia),,200,1.0438707
Europe (excl. Russia),,300,1.0275337
Europe (excl. Russia),,400,0.9993919
Europe (excl. Russia),,500,0.96493214
Europe (excl. Russia),,600,0.95483345
Europe (excl. Russia),,700,0.94289404
Europe (excl. Russia),,800,0.97823256
Europe (excl. Russia),,900,1.0555334
Europe (excl. Russia),,1000,1.101133
Europe (excl. Russia),,1100,1.170602
Europe (excl. Russia),,1200,1.1146569
Europe (excl. Russia),,1300,0.9799577
Europe (excl. Russia),,1400,0.9731014
Europe (excl. Russia),,1500,0.9231349
Europe (excl. Russia),,1600,0.8460077
Europe (excl. Russia),,1700,0.8061527
Europe (excl. Russia),,1710,0.7854131
Europe (excl. Russia),,1720,0.7735775
Europe (excl. Russia),,1730,0.76119024
Europe (excl. Russia),,1740,0.75174147
Europe (excl. Russia),,1750,0.74205315
Europe (excl. Russia),,1760,0.73029864
Europe (excl. Russia),,1770,0.7190151
Europe (excl. Russia),,1780,0.7082615
Europe (excl. Russia),,1790,0.6963211
Europe (excl. Russia),,1800,0.6858222
Europe (excl. Russia),,1810,0.6787957
Europe (excl. Russia),,1820,0.66262496
Europe (excl. Russia),,1830,0.6368424
Europe (excl. Russia),,1840,0.61946505
Europe (excl. Russia),,1850,0.61002606
Europe (excl. Russia),,1860,0.5903549
Europe (excl. Russia),,1870,0.57698077
Europe (excl. Russia),,1880,0.5586472
Europe (excl. Russia),,1890,0.5417827
Europe (excl. Russia),,1900,0.5236797
Europe (excl. Russia),,1910,0.5023013
Europe (excl. Russia),,1920,0.48986667
Europe (excl. Russia),,1930,0.4712577
Europe (excl. Russia),,1940,0.45623943
Europe (excl. Russia),,1950,0.44555756
Europe (excl. Russia),,1951,0.44259503
Europe (excl. Russia),,1952,0.4397362
Europe (excl. Russia),,1953,0.4373584
Europe (excl. Russia),,1954,0.43449038
Europe (excl. Russia),,1955,0.43177557
Europe (excl. Russia),,1956,0.42905062
Europe (excl. Russia),,1957,0.42636362
Europe (excl. Russia),,1958,0.4236453
Europe (excl. Russia),,1959,0.42080772
Europe (excl. Russia),,1960,0.4139855
Europe (excl. Russia),,1961,0.41202822
Europe (excl. Russia),,1962,0.40788594
Europe (excl. Russia),,1963,0.40250698
Europe (excl. Russia),,1964,0.39677322
Europe (excl. Russia),,1965,0.3915741
Europe (excl. Russia),,1966,0.38546786
Europe (excl. Russia),,1967,0.38169748
Europe (excl. Russia),,1968,0.3774412
Europe (excl. Russia),,1969,0.3745381
Europe (excl. Russia),,1970,0.37027568
Europe (excl. Russia),,1971,0.36361146
Europe (excl. Russia),,1972,0.36059237
Europe (excl. Russia),,1973,0.35743517
Europe (excl. Russia),,1974,0.35565752
Europe (excl. Russia),,1975,0.35277086
Europe (excl. Russia),,1976,0.35068974
Europe (excl. Russia),,1977,0.34899482
Europe (excl. Russia),,1978,0.34760925
Europe (excl. Russia),,1979,0.34506062
Europe (excl. Russia),,1980,0.34295097
Europe (excl. Russia),,1981,0.34156266
Europe (excl. Russia),,1982,0.3403449
Europe (excl. Russia),,1983,0.33855754
Europe (excl. Russia),,1984,0.33774236
Europe (excl. Russia),,1985,0.3365552
Europe (excl. Russia),,1986,0.33527634
Europe (excl. Russia),,1987,0.334295
Europe (excl. Russia),,1988,0.33185938
Europe (excl. Russia),,1989,0.32839847
Europe (excl. Russia),,1990,0.3265219
Europe (excl. Russia),,1991,0.3238692
Europe (excl. Russia),,1992,0.32136446
Europe (excl. Russia),,1993,0.31882277
Europe (excl. Russia),,1994,0.31665742
Europe (excl. Russia),,1995,0.3130622
Europe (excl. Russia),,1996,0.3133619
Europe (excl. Russia),,1997,0.3131293
Europe (excl. Russia),,1998,0.3107487
Europe (excl. Russia),,1999,0.30895874
Europe (excl. Russia),,2000,0.30685627
Europe (excl. Russia),,2001,0.30078804
Europe (excl. Russia),,2002,0.29689685
Europe (excl. Russia),,2003,0.29408637
Europe (excl. Russia),,2004,0.29279044
Europe (excl. Russia),,2005,0.291263
Europe (excl. Russia),,2006,0.28815326
Europe (excl. Russia),,2007,0.284594
Europe (excl. Russia),,2008,0.28491318
Europe (excl. Russia),,2009,0.2837589
Europe (excl. Russia),,2010,0.2814063
Europe (excl. Russia),,2011,0.2801306
Europe (excl. Russia),,2012,0.28045908
Europe (excl. Russia),,2013,0.27829152
Europe (excl. Russia),,2014,0.27763456
Europe (excl. Russia),,2015,0.2764469
Europe (excl. Russia),,2016,0.27512822
Europe (excl. Russia),,2017,0.2743476
Europe (excl. Russia),,2018,0.2732794
Europe (excl. Russia),,2019,0.2733508
Europe (excl. Russia),,2020,0.27199075
Europe (excl. Russia),,2021,0.2717648
Europe (excl. Russia),,2022,0.27102917
Europe (excl. Russia),,2023,0.2707753
Europe (excl. Russia),,2024,0.27034226
Europe (excl. Russia),,2025,0.26991093
Falkland Islands,FLK,1400,0
Falkland Islands,FLK,1500,0
Falkland Islands,FLK,1600,0
Falkland Islands,FLK,1700,0
Falkland Islands,FLK,1710,0
Falkland Islands,FLK,1720,0
Falkland Islands,FLK,1730,0
Falkland Islands,FLK,1740,0
Falkland Islands,FLK,1750,0
Falkland Islands,FLK,1760,0
Falkland Islands,FLK,1770,0
Falkland Islands,FLK,1780,0
Falkland Islands,FLK,1790,0
Falkland Islands,FLK,1800,0
Falkland Islands,FLK,1810,0
Falkland Islands,FLK,1820,0
Falkland Islands,FLK,1830,0
Falkland Islands,FLK,1840,0
Falkland Islands,FLK,1850,0
Falkland Islands,FLK,1860,0
Falkland Islands,FLK,1870,0
Falkland Islands,FLK,1880,0
Falkland Islands,FLK,1890,0
Falkland Islands,FLK,1900,0
Falkland Islands,FLK,1910,0
Falkland Islands,FLK,1920,0
Falkland Islands,FLK,1930,0
Falkland Islands,FLK,1940,0
Falkland Islands,FLK,1950,0
Falkland Islands,FLK,1951,0
Falkland Islands,FLK,1952,0
Falkland Islands,FLK,1953,0
Falkland Islands,FLK,1954,0
Falkland Islands,FLK,1955,0
Falkland Islands,FLK,1956,0
Falkland Islands,FLK,1957,0
Falkland Islands,FLK,1958,0
Falkland Islands,FLK,1959,0
Falkland Islands,FLK,1960,0
Falkland Islands,FLK,1961,0
Falkland Islands,FLK,1962,0
Falkland Islands,FLK,1963,0
Falkland Islands,FLK,1964,0
Falkland Islands,FLK,1965,0
Falkland Islands,FLK,1966,0
Falkland Islands,FLK,1967,0
Falkland Islands,FLK,1968,0
Falkland Islands,FLK,1969,0
Falkland Islands,FLK,1970,0
Falkland Islands,FLK,1971,0
Falkland Islands,FLK,1972,0
Falkland Islands,FLK,1973,0
Falkland Islands,FLK,1974,0
Falkland Islands,FLK,1975,0
Falkland Islands,FLK,1976,0
Falkland Islands,FLK,1977,0
Falkland Islands,FLK,1978,0
Falkland Islands,FLK,1979,0
Falkland Islands,FLK,1980,0
Falkland Islands,FLK,1981,0
Falkland Islands,FLK,1982,0
Falkland Islands,FLK,1983,0
Falkland Islands,FLK,1984,0
Falkland Islands,FLK,1985,0
Falkland Islands,FLK,1986,0
Falkland Islands,FLK,1987,0
Falkland Islands,FLK,1988,0
Falkland Islands,FLK,1989,0
Falkland Islands,FLK,1990,0
Falkland Islands,FLK,1991,0
Falkland Islands,FLK,1992,0
Falkland Islands,FLK,1993,0
Falkland Islands,FLK,1994,0
Falkland Islands,FLK,1995,0
Falkland Islands,FLK,1996,0
Falkland Islands,FLK,1997,0
Falkland Islands,FLK,1998,0
Falkland Islands,FLK,1999,0
Falkland Islands,FLK,2000,0
Falkland Islands,FLK,2001,0
Falkland Islands,FLK,2002,0
Falkland Islands,FLK,2003,0
Falkland Islands,FLK,2004,0
Falkland Islands,FLK,2005,0
Falkland Islands,FLK,2006,0
Falkland Islands,FLK,2007,0
Falkland Islands,FLK,2008,0
Falkland Islands,FLK,2009,0
Falkland Islands,FLK,2010,0
Falkland Islands,FLK,2011,0
Falkland Islands,FLK,2012,0
Falkland Islands,FLK,2013,0
Falkland Islands,FLK,2014,0
Falkland Islands,FLK,2015,0
Falkland Islands,FLK,2016,0
Falkland Islands,FLK,2017,0
Falkland Islands,FLK,2018,0
Falkland Islands,FLK,2019,0
Falkland Islands,FLK,2020,0
Falkland Islands,FLK,2021,0
Falkland Islands,FLK,2022,0
Falkland Islands,FLK,2023,0
Falkland Islands,FLK,2024,0
Falkland Islands,FLK,2025,0
Faroe Islands,FRO,-10000,0
Faroe Islands,FRO,-9000,0
Faroe Islands,FRO,-8000,0
Faroe Islands,FRO,-7000,0
Faroe Islands,FRO,-6000,0
Faroe Islands,FRO,-5000,0
Faroe Islands,FRO,-4000,0
Faroe Islands,FRO,-3000,0
Faroe Islands,FRO,-2000,0
Faroe Islands,FRO,-1000,0
Faroe Islands,FRO,0,0
Faroe Islands,FRO,100,0
Faroe Islands,FRO,200,0
Faroe Islands,FRO,300,0
Faroe Islands,FRO,400,0
Faroe Islands,FRO,500,0
Faroe Islands,FRO,600,0
Faroe Islands,FRO,700,0
Faroe Islands,FRO,800,0
Faroe Islands,FRO,900,0
Faroe Islands,FRO,1000,0
Faroe Islands,FRO,1100,0
Faroe Islands,FRO,1200,0
Faroe Islands,FRO,1300,0
Faroe Islands,FRO,1400,0
Faroe Islands,FRO,1500,0
Faroe Islands,FRO,1600,0
Faroe Islands,FRO,1700,0
Faroe Islands,FRO,1710,0
Faroe Islands,FRO,1720,0
Faroe Islands,FRO,1730,0
Faroe Islands,FRO,1740,0
Faroe Islands,FRO,1750,0
Faroe Islands,FRO,1760,0
Faroe Islands,FRO,1770,0
Faroe Islands,FRO,1780,0
Faroe Islands,FRO,1790,0
Faroe Islands,FRO,1800,0
Faroe Islands,FRO,1810,0
Faroe Islands,FRO,1820,0
Faroe Islands,FRO,1830,0
Faroe Islands,FRO,1840,0
Faroe Islands,FRO,1850,0
Faroe Islands,FRO,1860,0
Faroe Islands,FRO,1870,0
Faroe Islands,FRO,1880,0
Faroe Islands,FRO,1890,0
Faroe Islands,FRO,1900,0
Faroe Islands,FRO,1910,0
Faroe Islands,FRO,1920,0
Faroe Islands,FRO,1930,0
Faroe Islands,FRO,1940,0
Faroe Islands,FRO,1950,0
Faroe Islands,FRO,1951,0
Faroe Islands,FRO,1952,0
Faroe Islands,FRO,1953,0
Faroe Islands,FRO,1954,0
Faroe Islands,FRO,1955,0
Faroe Islands,FRO,1956,0
Faroe Islands,FRO,1957,0
Faroe Islands,FRO,1958,0
Faroe Islands,FRO,1959,0
Faroe Islands,FRO,1960,0
Faroe Islands,FRO,1961,0
Faroe Islands,FRO,1962,0
Faroe Islands,FRO,1963,0
Faroe Islands,FRO,1964,0
Faroe Islands,FRO,1965,0
Faroe Islands,FRO,1966,0
Faroe Islands,FRO,1967,0
Faroe Islands,FRO,1968,0
Faroe Islands,FRO,1969,0
Faroe Islands,FRO,1970,0
Faroe Islands,FRO,1971,0
Faroe Islands,FRO,1972,0
Faroe Islands,FRO,1973,0
Faroe Islands,FRO,1974,0
Faroe Islands,FRO,1975,0
Faroe Islands,FRO,1976,0
Faroe Islands,FRO,1977,0
Faroe Islands,FRO,1978,0
Faroe Islands,FRO,1979,0
Faroe Islands,FRO,1980,0
Faroe Islands,FRO,1981,0
Faroe Islands,FRO,1982,0
Faroe Islands,FRO,1983,0
Faroe Islands,FRO,1984,0
Faroe Islands,FRO,1985,0
Faroe Islands,FRO,1986,0
Faroe Islands,FRO,1987,0
Faroe Islands,FRO,1988,0
Faroe Islands,FRO,1989,0
Faroe Islands,FRO,1990,0
Faroe Islands,FRO,1991,0
Faroe Islands,FRO,1992,0
Faroe Islands,FRO,1993,0
Faroe Islands,FRO,1994,0
Faroe Islands,FRO,1995,0
Faroe Islands,FRO,1996,0
Faroe Islands,FRO,1997,0
Faroe Islands,FRO,1998,0
Faroe Islands,FRO,1999,0
Faroe Islands,FRO,2000,0
Faroe Islands,FRO,2001,0
Faroe Islands,FRO,2002,0
Faroe Islands,FRO,2003,0
Faroe Islands,FRO,2004,0
Faroe Islands,FRO,2005,0
Faroe Islands,FRO,2006,0
Faroe Islands,FRO,2007,0
Faroe Islands,FRO,2008,0
Faroe Islands,FRO,2009,0
Faroe Islands,FRO,2010,0
Faroe Islands,FRO,2011,0
Faroe Islands,FRO,2012,0
Faroe Islands,FRO,2013,0
Faroe Islands,FRO,2014,0
Faroe Islands,FRO,2015,0
Faroe Islands,FRO,2016,0
Faroe Islands,FRO,2017,0
Faroe Islands,FRO,2018,0
Faroe Islands,FRO,2019,0
Faroe Islands,FRO,2020,0
Faroe Islands,FRO,2021,0
Faroe Islands,FRO,2022,0
Faroe Islands,FRO,2023,0
Faroe Islands,FRO,2024,0
Faroe Islands,FRO,2025,0
Fiji,FJI,-1000,0.33531547
Fiji,FJI,0,0.29700524
Fiji,FJI,100,0.2925936
Fiji,FJI,200,0.28804478
Fiji,FJI,300,0.28334755
Fiji,FJI,400,0.27848917
Fiji,FJI,500,0.2734551
Fiji,FJI,600,0.26822856
Fiji,FJI,700,0.26278993
Fiji,FJI,800,0.2570987
Fiji,FJI,900,0.25116602
Fiji,FJI,1000,0.24493824
Fiji,FJI,1100,0.23837583
Fiji,FJI,1200,0.23143019
Fiji,FJI,1300,0.22404008
Fiji,FJI,1400,0.21612692
Fiji,FJI,1500,0.20758718
Fiji,FJI,1600,0.19828433
Fiji,FJI,1700,0.18800929
Fiji,FJI,1710,0.18691832
Fiji,FJI,1720,0.1858144
Fiji,FJI,1730,0.18469726
Fiji,FJI,1740,0.18356639
Fiji,FJI,1750,0.18242146
Fiji,FJI,1760,0.18126196
Fiji,FJI,1770,0.18008742
Fiji,FJI,1780,0.17889737
Fiji,FJI,1790,0.17769128
Fiji,FJI,1800,0.17646858
Fiji,FJI,1810,0.17522867
Fiji,FJI,1820,0.17397098
Fiji,FJI,1830,0.17269486
Fiji,FJI,1840,0.17139956
Fiji,FJI,1850,0.17008443
Fiji,FJI,1860,0.1687486
Fiji,FJI,1870,0.1673913
Fiji,FJI,1880,0.1660116
Fiji,FJI,1890,0.16451378
Fiji,FJI,1900,0.16300881
Fiji,FJI,1910,0.20364188
Fiji,FJI,1920,0.24418136
Fiji,FJI,1930,0.28468946
Fiji,FJI,1940,0.323259
Fiji,FJI,1950,0.3604389
Fiji,FJI,1951,0.3642227
Fiji,FJI,1952,0.3680143
Fiji,FJI,1953,0.37181312
Fiji,FJI,1954,0.3756184
Fiji,FJI,1955,0.3794298
Fiji,FJI,1956,0.38324678
Fiji,FJI,1957,0.38706893
Fiji,FJI,1958,0.39089587
Fiji,FJI,1959,0.39472735
Fiji,FJI,1960,0.3985629
Fiji,FJI,1961,0.3849455
Fiji,FJI,1962,0.37165022
Fiji,FJI,1963,0.36139843
Fiji,FJI,1964,0.34986207
Fiji,FJI,1965,0.3286728
Fiji,FJI,1966,0.3199958
Fiji,FJI,1967,0.30814436
Fiji,FJI,1968,0.29721135
Fiji,FJI,1969,0.29085845
Fiji,FJI,1970,0.28471366
Fiji,FJI,1971,0.27863958
Fiji,FJI,1972,0.28029338
Fiji,FJI,1973,0.27455765
Fiji,FJI,1974,0.26905164
Fiji,FJI,1975,0.2725539
Fiji,FJI,1976,0.27568093
Fiji,FJI,1977,0.27868414
Fiji,FJI,1978,0.28157076
Fiji,FJI,1979,0.27622327
Fiji,FJI,1980,0.2710748
Fiji,FJI,1981,0.27244738
Fiji,FJI,1982,0.27375558
Fiji,FJI,1983,0.27500385
Fiji,FJI,1984,0.2761961
Fiji,FJI,1985,0.28444716
Fiji,FJI,1986,0.28307766
Fiji,FJI,1987,0.29580796
Fiji,FJI,1988,0.30841756
Fiji,FJI,1989,0.32090816
Fiji,FJI,1990,0.3332816
Fiji,FJI,1991,0.34406
Fiji,FJI,1992,0.33182812
Fiji,FJI,1993,0.3199037
Fiji,FJI,1994,0.3082753
Fiji,FJI,1995,0.29693207
Fiji,FJI,1996,0.28668115
Fiji,FJI,1997,0.27661902
Fiji,FJI,1998,0.26674053
Fiji,FJI,1999,0.25704074
Fiji,FJI,2000,0.24751483
Fiji,FJI,2001,0.2396538
Fiji,FJI,2002,0.23183449
Fiji,FJI,2003,0.22405662
Fiji,FJI,2004,0.21631981
Fiji,FJI,2005,0.2086238
Fiji,FJI,2006,0.19964959
Fiji,FJI,2007,0.1908385
Fiji,FJI,2008,0.18218614
Fiji,FJI,2009,0.17392519
Fiji,FJI,2010,0.17156446
Fiji,FJI,2011,0.16932867
Fiji,FJI,2012,0.1671296
Fiji,FJI,2013,0.16496637
Fiji,FJI,2014,0.1628381
Fiji,FJI,2015,0.16074394
Fiji,FJI,2016,0.15896092
Fiji,FJI,2017,0.15719993
Fiji,FJI,2018,0.15546057
Fiji,FJI,2019,0.1537424
Fiji,FJI,2020,0.15149857
Fiji,FJI,2021,0.14589861
Fiji,FJI,2022,0.14363885
Fiji,FJI,2023,0.14356111
Fiji,FJI,2024,0.14638846
Fiji,FJI,2025,0.1502083
Finland,FIN,-10000,0
Finland,FIN,-9000,0
Finland,FIN,-8000,0
Finland,FIN,-7000,0
Finland,FIN,-6000,0
Finland,FIN,-5000,0
Finland,FIN,-4000,0
Finland,FIN,-3000,0.009321462
Finland,FIN,-2000,0.008915531
Finland,FIN,-1000,1.3486986
Finland,FIN,0,1.2440761
Finland,FIN,100,1.2314459
Finland,FIN,200,1.2182754
Finland,FIN,300,1.2045094
Finland,FIN,400,1.1900836
Finland,FIN,500,1.1749225
Finland,FIN,600,1.1589358
Finland,FIN,700,1.142015
Finland,FIN,800,1.1240276
Finland,FIN,900,1.104809
Finland,FIN,1000,1.084152
Finland,FIN,1100,1.0617889
Finland,FIN,1200,1.0373659
Finland,FIN,1300,1.0103993
Finland,FIN,1400,0.98020273
Finland,FIN,1500,0.9457488
Finland,FIN,1600,0.9053911
Finland,FIN,1700,0.856211
Finland,FIN,1710,0.85062224
Finland,FIN,1720,0.84488255
Finland,FIN,1730,0.83898246
Finland,FIN,1740,0.8329116
Finland,FIN,1750,0.8266583
Finland,FIN,1760,0.82021004
Finland,FIN,1770,0.8135524
Finland,FIN,1780,0.80666924
Finland,FIN,1790,0.79954284
Finland,FIN,1800,0.79215294
Finland,FIN,1810,0.7844766
Finland,FIN,1820,0.7764874
Finland,FIN,1830,0.7681552
Finland,FIN,1840,0.75944495
Finland,FIN,1850,0.7503158
Finland,FIN,1860,0.7407194
Finland,FIN,1870,0.7305983
Finland,FIN,1880,0.719883
Finland,FIN,1890,0.708489
Finland,FIN,1900,0.6963111
Finland,FIN,1910,0.68321633
Finland,FIN,1920,0.6690331
Finland,FIN,1930,0.6535341
Finland,FIN,1940,0.6364078
Finland,FIN,1950,0.61721087
Finland,FIN,1951,0.6151543
Finland,FIN,1952,0.6130699
Finland,FIN,1953,0.6109567
Finland,FIN,1954,0.60881394
Finland,FIN,1955,0.6066406
Finland,FIN,1956,0.60443556
Finland,FIN,1957,0.60219795
Finland,FIN,1958,0.59992653
Finland,FIN,1959,0.5976202
Finland,FIN,1960,0.5952772
Finland,FIN,1961,0.5966478
Finland,FIN,1962,0.59572977
Finland,FIN,1963,0.5956773
Finland,FIN,1964,0.59570056
Finland,FIN,1965,0.5956927
Finland,FIN,1966,0.5968811
Finland,FIN,1967,0.5978617
Finland,FIN,1968,0.59775096
Finland,FIN,1969,0.56780726
Finland,FIN,1970,0.5581083
Finland,FIN,1971,0.55129564
Finland,FIN,1972,0.52960104
Finland,FIN,1973,0.5212332
Finland,FIN,1974,0.5216536
Finland,FIN,1975,0.5208183
Finland,FIN,1976,0.5214556
Finland,FIN,1977,0.5108201
Finland,FIN,1978,0.5075684
Finland,FIN,1979,0.5038947
Finland,FIN,1980,0.49628747
Finland,FIN,1981,0.49035898
Finland,FIN,1982,0.4820677
Finland,FIN,1983,0.4768892
Finland,FIN,1984,0.4700407
Finland,FIN,1985,0.46436226
Finland,FIN,1986,0.45972252
Finland,FIN,1987,0.46212435
Finland,FIN,1988,0.4539298
Finland,FIN,1989,0.45532888
Finland,FIN,1990,0.455435
Finland,FIN,1991,0.45937568
Finland,FIN,1992,0.45412245
Finland,FIN,1993,0.4502044
Finland,FIN,1994,0.45281526
Finland,FIN,1995,0.42014158
Finland,FIN,1996,0.41516015
Finland,FIN,1997,0.4146256
Finland,FIN,1998,0.42167082
Finland,FIN,1999,0.42253715
Finland,FIN,2000,0.42370835
Finland,FIN,2001,0.42351282
Finland,FIN,2002,0.42466405
Finland,FIN,2003,0.42523384
Finland,FIN,2004,0.42541817
Finland,FIN,2005,0.42727953
Finland,FIN,2006,0.42988527
Finland,FIN,2007,0.42719564
Finland,FIN,2008,0.4257341
Finland,FIN,2009,0.4236491
Finland,FIN,2010,0.42107952
Finland,FIN,2011,0.4183091
Finland,FIN,2012,0.41608158
Finland,FIN,2013,0.4094448
Finland,FIN,2014,0.40876085
Finland,FIN,2015,0.40897557
Finland,FIN,2016,0.40771988
Finland,FIN,2017,0.40514022
Finland,FIN,2018,0.40384147
Finland,FIN,2019,0.40237558
Finland,FIN,2020,0.4002108
Finland,FIN,2021,0.39841795
Finland,FIN,2022,0.3966396
Finland,FIN,2023,0.39499858
Finland,FIN,2024,0.39330056
Finland,FIN,2025,0.39161608
France,FRA,-10000,0
France,FRA,-9000,0
France,FRA,-8000,0
France,FRA,-7000,0
France,FRA,-6000,0
France,FRA,-5000,1.7572838
France,FRA,-4000,1.71755
France,FRA,-3000,1.6605862
France,FRA,-2000,1.600688
France,FRA,-1000,1.5163196
France,FRA,0,1.4055065
France,FRA,100,1.3874804
France,FRA,200,1.3743443
France,FRA,300,1.3568861
France,FRA,400,1.3381549
France,FRA,500,1.3198942
France,FRA,600,1.3005993
France,FRA,700,1.2822595
France,FRA,800,1.2626251
France,FRA,900,1.2429901
France,FRA,1000,1.2212368
France,FRA,1100,1.1979897
France,FRA,1200,1.1734169
France,FRA,1300,1.1416209
France,FRA,1400,1.1015241
France,FRA,1500,1.0656669
France,FRA,1600,1.0216852
France,FRA,1700,0.9569688
France,FRA,1710,0.95032275
France,FRA,1720,0.9435621
France,FRA,1730,0.9366632
France,FRA,1740,0.9295953
France,FRA,1750,0.92237
France,FRA,1760,0.91584134
France,FRA,1770,0.9090732
France,FRA,1780,0.9020641
France,FRA,1790,0.89477617
France,FRA,1800,0.8871961
France,FRA,1810,0.8709022
France,FRA,1820,0.8570651
France,FRA,1830,0.84544396
France,FRA,1840,0.8279028
France,FRA,1850,0.81056446
France,FRA,1860,0.781904
France,FRA,1870,0.7559216
France,FRA,1880,0.72999614
France,FRA,1890,0.700766
France,FRA,1900,0.664541
France,FRA,1910,0.63252145
France,FRA,1920,0.5994827
France,FRA,1930,0.56315225
France,FRA,1940,0.5463262
France,FRA,1950,0.5284413
France,FRA,1951,0.52500933
France,FRA,1952,0.52154565
France,FRA,1953,0.5180912
France,FRA,1954,0.5145184
France,FRA,1955,0.5110068
France,FRA,1956,0.5074896
France,FRA,1957,0.50395447
France,FRA,1958,0.50038236
France,FRA,1959,0.49698645
France,FRA,1960,0.46646336
France,FRA,1961,0.46038562
France,FRA,1962,0.45222744
France,FRA,1963,0.4443299
France,FRA,1964,0.4300989
France,FRA,1965,0.4194339
France,FRA,1966,0.40890312
France,FRA,1967,0.39779
France,FRA,1968,0.38490185
France,FRA,1969,0.38156268
France,FRA,1970,0.37550637
France,FRA,1971,0.3647737
France,FRA,1972,0.36103505
France,FRA,1973,0.35979298
France,FRA,1974,0.36080357
France,FRA,1975,0.3595426
France,FRA,1976,0.35382986
France,FRA,1977,0.3541089
France,FRA,1978,0.35513407
France,FRA,1979,0.35257265
France,FRA,1980,0.35008946
France,FRA,1981,0.34908757
France,FRA,1982,0.34925264
France,FRA,1983,0.34753472
France,FRA,1984,0.34790593
France,FRA,1985,0.3478937
France,FRA,1986,0.34718433
France,FRA,1987,0.348218
France,FRA,1988,0.33918196
France,FRA,1989,0.33528584
France,FRA,1990,0.3347512
France,FRA,1991,0.3341822
France,FRA,1992,0.33310083
France,FRA,1993,0.33488226
France,FRA,1994,0.3345093
France,FRA,1995,0.33429027
France,FRA,1996,0.33324876
France,FRA,1997,0.33278
France,FRA,1998,0.33211327
France,FRA,1999,0.3313471
France,FRA,2000,0.32996267
France,FRA,2001,0.32755557
France,FRA,2002,0.3257437
France,FRA,2003,0.3231548
France,FRA,2004,0.3212114
France,FRA,2005,0.31931278
France,FRA,2006,0.3165928
France,FRA,2007,0.31350482
France,FRA,2008,0.3110586
France,FRA,2009,0.30868828
France,FRA,2010,0.3073801
France,FRA,2011,0.30504346
France,FRA,2012,0.30327204
France,FRA,2013,0.30172098
France,FRA,2014,0.3003343
France,FRA,2015,0.3006723
France,FRA,2016,0.29876083
France,FRA,2017,0.29797485
France,FRA,2018,0.29720822
France,FRA,2019,0.28631264
France,FRA,2020,0.29666305
France,FRA,2021,0.29524592
France,FRA,2022,0.29207885
France,FRA,2023,0.2958094
France,FRA,2024,0.2970111
France,FRA,2025,0.2981998
French Guiana,GUF,-10000,0
French Guiana,GUF,-9000,0
French Guiana,GUF,-8000,0
French Guiana,GUF,-7000,0
French Guiana,GUF,-6000,0
French Guiana,GUF,-5000,0
French Guiana,GUF,-4000,0
French Guiana,GUF,-3000,0
French Guiana,GUF,-2000,0
French Guiana,GUF,-1000,0
French Guiana,GUF,0,0
French Guiana,GUF,100,1.0757333
French Guiana,GUF,200,1.0561119
French Guiana,GUF,300,1.0357331
French Guiana,GUF,400,1.0145191
French Guiana,GUF,500,0.99237865
French Guiana,GUF,600,0.9692037
French Guiana,GUF,700,0.944864
French Guiana,GUF,800,0.91920125
French Guiana,GUF,900,0.8920194
French Guiana,GUF,1000,0.8630718
French Guiana,GUF,1100,0.83203995
French Guiana,GUF,1200,0.7985026
French Guiana,GUF,1300,0.7618835
French Guiana,GUF,1400,0.72135866
French Guiana,GUF,1500,0.67568356
French Guiana,GUF,1600,0.62282395
French Guiana,GUF,1700,0.55904245
French Guiana,GUF,1710,0.5518159
French Guiana,GUF,1720,0.544395
French Guiana,GUF,1730,0.53676605
French Guiana,GUF,1740,0.5289138
French Guiana,GUF,1750,0.52082133
French Guiana,GUF,1760,0.5124692
French Guiana,GUF,1770,0.50383556
French Guiana,GUF,1780,0.49489543
French Guiana,GUF,1790,0.48562
French Guiana,GUF,1800,0.47597608
French Guiana,GUF,1810,0.4659247
French Guiana,GUF,1820,0.45541987
French Guiana,GUF,1830,0.44440666
French Guiana,GUF,1840,0.43281877
French Guiana,GUF,1850,0.42057472
French Guiana,GUF,1860,0.40757293
French Guiana,GUF,1870,0.39368412
French Guiana,GUF,1880,0.37873942
French Guiana,GUF,1890,0.36251187
French Guiana,GUF,1900,0.34468478
French Guiana,GUF,1910,0.324794
French Guiana,GUF,1920,0.30211326
French Guiana,GUF,1930,0.27539375
French Guiana,GUF,1940,0.24214545
French Guiana,GUF,1950,0.19582847
French Guiana,GUF,1951,0.18983325
French Guiana,GUF,1952,0.18343337
French Guiana,GUF,1953,0.17655274
French Guiana,GUF,1954,0.1690894
French Guiana,GUF,1955,0.16090176
French Guiana,GUF,1956,0.15178342
French Guiana,GUF,1957,0.14141408
French Guiana,GUF,1958,0.12924938
French Guiana,GUF,1959,0.11422504
French Guiana,GUF,1960,0.093656346
French Guiana,GUF,1961,0.09057698
French Guiana,GUF,1962,0.116356865
French Guiana,GUF,1963,0.08388089
French Guiana,GUF,1964,0.053637996
French Guiana,GUF,1965,0.05142446
French Guiana,GUF,1966,0.049233194
French Guiana,GUF,1967,0.047122024
French Guiana,GUF,1968,0.045136537
French Guiana,GUF,1969,0.043334126
French Guiana,GUF,1970,0.02086376
French Guiana,GUF,1971,0.040299017
French Guiana,GUF,1972,0.03900993
French Guiana,GUF,1973,0.037821483
French Guiana,GUF,1974,0.036683787
French Guiana,GUF,1975,0.053358946
French Guiana,GUF,1976,0.0517286
French Guiana,GUF,1977,0.050106894
French Guiana,GUF,1978,0.06458801
French Guiana,GUF,1979,0.062226787
French Guiana,GUF,1980,0.059721995
French Guiana,GUF,1981,0.057119194
French Guiana,GUF,1982,0.06810133
French Guiana,GUF,1983,0.06473917
French Guiana,GUF,1984,0.061303057
French Guiana,GUF,1985,0.05784426
French Guiana,GUF,1986,0.06526066
French Guiana,GUF,1987,0.061238237
French Guiana,GUF,1988,0.076756276
French Guiana,GUF,1989,0.09976148
French Guiana,GUF,1990,0.103641264
French Guiana,GUF,1991,0.0994357
French Guiana,GUF,1992,0.0959363
French Guiana,GUF,1993,0.100648016
French Guiana,GUF,1994,0.09760566
French Guiana,GUF,1995,0.09461427
French Guiana,GUF,1996,0.091699764
French Guiana,GUF,1997,0.088874914
French Guiana,GUF,1998,0.0859959
French Guiana,GUF,1999,0.07656235
French Guiana,GUF,2000,0.09806024
French Guiana,GUF,2001,0.09378883
French Guiana,GUF,2002,0.08943344
French Guiana,GUF,2003,0.08527921
French Guiana,GUF,2004,0.081599765
French Guiana,GUF,2005,0.078498326
French Guiana,GUF,2006,0.0787951
French Guiana,GUF,2007,0.07057684
French Guiana,GUF,2008,0.06787981
French Guiana,GUF,2009,0.06662751
French Guiana,GUF,2010,0.06490706
French Guiana,GUF,2011,0.061011896
French Guiana,GUF,2012,0.06505351
French Guiana,GUF,2013,0.07093313
French Guiana,GUF,2014,0.07225678
French Guiana,GUF,2015,0.072758354
French Guiana,GUF,2016,0.07022033
French Guiana,GUF,2017,0.06970443
French Guiana,GUF,2018,0.06840806
French Guiana,GUF,2019,0.06715903
French Guiana,GUF,2020,0.057417817
French Guiana,GUF,2021,0.053949412
French Guiana,GUF,2022,0.05361197
French Guiana,GUF,2023,0.04782619
French Guiana,GUF,2024,0.0440527
French Guiana,GUF,2025,0.04040203
Gabon,GAB,-10000,0
Gabon,GAB,-9000,0
Gabon,GAB,-8000,0
Gabon,GAB,-7000,0
Gabon,GAB,-6000,0
Gabon,GAB,-5000,0
Gabon,GAB,-4000,0
Gabon,GAB,-3000,0
Gabon,GAB,-2000,0
Gabon,GAB,-1000,0
Gabon,GAB,0,0.34475794
Gabon,GAB,100,0.34238526
Gabon,GAB,200,0.33997926
Gabon,GAB,300,0.33753866
Gabon,GAB,400,0.3350623
Gabon,GAB,500,0.33254874
Gabon,GAB,600,0.3299966
Gabon,GAB,700,0.32740438
Gabon,GAB,800,0.32477045
Gabon,GAB,900,0.32209307
Gabon,GAB,1000,0.31937045
Gabon,GAB,1100,0.3166006
Gabon,GAB,1200,0.31378138
Gabon,GAB,1300,0.3109106
Gabon,GAB,1400,0.3079858
Gabon,GAB,1500,0.30500436
Gabon,GAB,1600,0.30196348
Gabon,GAB,1700,0.29886007
Gabon,GAB,1710,0.29854617
Gabon,GAB,1720,0.2982316
Gabon,GAB,1730,0.29791635
Gabon,GAB,1740,0.29760048
Gabon,GAB,1750,0.29728392
Gabon,GAB,1760,0.29696664
Gabon,GAB,1770,0.29664874
Gabon,GAB,1780,0.29633015
Gabon,GAB,1790,0.29601085
Gabon,GAB,1800,0.29569086
Gabon,GAB,1810,0.29537016
Gabon,GAB,1820,0.2950488
Gabon,GAB,1830,0.29472673
Gabon,GAB,1840,0.29440394
Gabon,GAB,1850,0.29408044
Gabon,GAB,1860,0.29375625
Gabon,GAB,1870,0.2934313
Gabon,GAB,1880,0.29310566
Gabon,GAB,1890,0.2927793
Gabon,GAB,1900,0.29245222
Gabon,GAB,1910,0.2921244
Gabon,GAB,1920,0.2917958
Gabon,GAB,1930,0.29146647
Gabon,GAB,1940,0.2911364
Gabon,GAB,1950,0.2908056
Gabon,GAB,1951,0.2907725
Gabon,GAB,1952,0.29073936
Gabon,GAB,1953,0.29070622
Gabon,GAB,1954,0.29067305
Gabon,GAB,1955,0.29063994
Gabon,GAB,1956,0.2906068
Gabon,GAB,1957,0.2905736
Gabon,GAB,1958,0.29054043
Gabon,GAB,1959,0.29050726
Gabon,GAB,1960,0.29047406
Gabon,GAB,1961,0.2876031
Gabon,GAB,1962,0.31384486
Gabon,GAB,1963,0.3389732
Gabon,GAB,1964,0.3627415
Gabon,GAB,1965,0.38496858
Gabon,GAB,1966,0.40548736
Gabon,GAB,1967,0.4243233
Gabon,GAB,1968,0.44179523
Gabon,GAB,1969,0.45839185
Gabon,GAB,1970,0.47448137
Gabon,GAB,1971,0.49856165
Gabon,GAB,1972,0.5137631
Gabon,GAB,1973,0.5363252
Gabon,GAB,1974,0.5497129
Gabon,GAB,1975,0.5679405
Gabon,GAB,1976,0.60864455
Gabon,GAB,1977,0.62907535
Gabon,GAB,1978,0.6462924
Gabon,GAB,1979,0.6338427
Gabon,GAB,1980,0.6212637
Gabon,GAB,1981,0.6086248
Gabon,GAB,1982,0.5959406
Gabon,GAB,1983,0.5832178
Gabon,GAB,1984,0.57048595
Gabon,GAB,1985,0.5577742
Gabon,GAB,1986,0.54511756
Gabon,GAB,1987,0.5325804
Gabon,GAB,1988,0.52026826
Gabon,GAB,1989,0.50829786
Gabon,GAB,1990,0.49673814
Gabon,GAB,1991,0.48557436
Gabon,GAB,1992,0.47776598
Gabon,GAB,1993,0.46727884
Gabon,GAB,1994,0.4571804
Gabon,GAB,1995,0.4557436
Gabon,GAB,1996,0.44434708
Gabon,GAB,1997,0.43332714
Gabon,GAB,1998,0.42263478
Gabon,GAB,1999,0.41223446
Gabon,GAB,2000,0.40207225
Gabon,GAB,2001,0.39215407
Gabon,GAB,2002,0.3824139
Gabon,GAB,2003,0.37269998
Gabon,GAB,2004,0.3628487
Gabon,GAB,2005,0.3527837
Gabon,GAB,2006,0.34259754
Gabon,GAB,2007,0.33239454
Gabon,GAB,2008,0.32217938
Gabon,GAB,2009,0.31195763
Gabon,GAB,2010,0.30179062
Gabon,GAB,2011,0.29260892
Gabon,GAB,2012,0.28396943
Gabon,GAB,2013,0.27582547
Gabon,GAB,2014,0.2681356
Gabon,GAB,2015,0.2608629
Gabon,GAB,2016,0.2539743
Gabon,GAB,2017,0.24744013
Gabon,GAB,2018,0.24123375
Gabon,GAB,2019,0.23533112
Gabon,GAB,2020,0.22971042
Gabon,GAB,2021,0.22736402
Gabon,GAB,2022,0.22506507
Gabon,GAB,2023,0.22281216
Gabon,GAB,2024,0.2206039
Gabon,GAB,2025,0.21843897
Gambia,GMB,-10000,0
Gambia,GMB,-9000,0
Gambia,GMB,-8000,0
Gambia,GMB,-7000,0
Gambia,GMB,-6000,0
Gambia,GMB,-5000,0
Gambia,GMB,-4000,0
Gambia,GMB,-3000,0
Gambia,GMB,-2000,0
Gambia,GMB,-1000,0
Gambia,GMB,0,2.737606
Gambia,GMB,100,2.6903234
Gambia,GMB,200,2.6413171
Gambia,GMB,300,2.5904214
Gambia,GMB,400,2.5374436
Gambia,GMB,500,2.4821558
Gambia,GMB,600,2.424289
Gambia,GMB,700,2.363519
Gambia,GMB,800,2.2994523
Gambia,GMB,900,2.231602
Gambia,GMB,1000,2.1593535
Gambia,GMB,1100,2.0819175
Gambia,GMB,1200,1.9982477
Gambia,GMB,1300,1.906915
Gambia,GMB,1400,1.8058791
Gambia,GMB,1500,1.6920624
Gambia,GMB,1600,1.5604455
Gambia,GMB,1700,1.401841
Gambia,GMB,1710,1.3838894
Gambia,GMB,1720,1.3654599
Gambia,GMB,1730,1.3465189
Gambia,GMB,1740,1.3270292
Gambia,GMB,1750,1.3069497
Gambia,GMB,1760,1.2862337
Gambia,GMB,1770,1.2648278
Gambia,GMB,1780,1.2426718
Gambia,GMB,1790,1.2196963
Gambia,GMB,1800,1.1958209
Gambia,GMB,1810,1.1709521
Gambia,GMB,1820,1.1449795
Gambia,GMB,1830,1.1177719
Gambia,GMB,1840,1.0891712
Gambia,GMB,1850,1.0589838
Gambia,GMB,1860,1.0269697
Gambia,GMB,1870,0.99282455
Gambia,GMB,1880,0.95615387
Gambia,GMB,1890,0.9164315
Gambia,GMB,1900,0.8729301
Gambia,GMB,1910,0.8245982
Gambia,GMB,1920,0.76981986
Gambia,GMB,1930,0.70588875
Gambia,GMB,1940,0.6276392
Gambia,GMB,1950,0.5226436
Gambia,GMB,1951,0.5095692
Gambia,GMB,1952,0.49578705
Gambia,GMB,1953,0.4811928
Gambia,GMB,1954,0.46565518
Gambia,GMB,1955,0.44900513
Gambia,GMB,1956,0.4310191
Gambia,GMB,1957,0.41139194
Gambia,GMB,1958,0.38968858
Gambia,GMB,1959,0.36525398
Gambia,GMB,1960,0.33702245
Gambia,GMB,1961,0.3291421
Gambia,GMB,1962,0.3259257
Gambia,GMB,1963,0.3238475
Gambia,GMB,1964,0.32188323
Gambia,GMB,1965,0.3193127
Gambia,GMB,1966,0.31603703
Gambia,GMB,1967,0.31464744
Gambia,GMB,1968,0.30786586
Gambia,GMB,1969,0.30518726
Gambia,GMB,1970,0.29958528
Gambia,GMB,1971,0.29770052
Gambia,GMB,1972,0.2992378
Gambia,GMB,1973,0.30008513
Gambia,GMB,1974,0.34420547
Gambia,GMB,1975,0.3224135
Gambia,GMB,1976,0.3113296
Gambia,GMB,1977,0.31532192
Gambia,GMB,1978,0.31875682
Gambia,GMB,1979,0.2905203
Gambia,GMB,1980,0.2697028
Gambia,GMB,1981,0.29580548
Gambia,GMB,1982,0.31779826
Gambia,GMB,1983,0.2777621
Gambia,GMB,1984,0.2467537
Gambia,GMB,1985,0.2363078
Gambia,GMB,1986,0.23741536
Gambia,GMB,1987,0.23503809
Gambia,GMB,1988,0.24197853
Gambia,GMB,1989,0.21109065
Gambia,GMB,1990,0.20942226
Gambia,GMB,1991,0.21169193
Gambia,GMB,1992,0.17045721
Gambia,GMB,1993,0.16462407
Gambia,GMB,1994,0.17842865
Gambia,GMB,1995,0.17819911
Gambia,GMB,1996,0.17780484
Gambia,GMB,1997,0.18614233
Gambia,GMB,1998,0.18950096
Gambia,GMB,1999,0.19240099
Gambia,GMB,2000,0.19401808
Gambia,GMB,2001,0.1959866
Gambia,GMB,2002,0.19750653
Gambia,GMB,2003,0.19864215
Gambia,GMB,2004,0.19877404
Gambia,GMB,2005,0.19941781
Gambia,GMB,2006,0.20053373
Gambia,GMB,2007,0.2007646
Gambia,GMB,2008,0.23857905
Gambia,GMB,2009,0.2653151
Gambia,GMB,2010,0.2644073
Gambia,GMB,2011,0.25760597
Gambia,GMB,2012,0.2511458
Gambia,GMB,2013,0.24500169
Gambia,GMB,2014,0.23915103
Gambia,GMB,2015,0.23357327
Gambia,GMB,2016,0.22824979
Gambia,GMB,2017,0.2182803
Gambia,GMB,2018,0.21352224
Gambia,GMB,2019,0.2089672
Gambia,GMB,2020,0.2046024
Gambia,GMB,2021,0.20077334
Gambia,GMB,2022,0.19708493
Gambia,GMB,2023,0.19352962
Gambia,GMB,2024,0.19010028
Gambia,GMB,2025,0.18679039
Georgia,GEO,-10000,0
Georgia,GEO,-9000,0
Georgia,GEO,-8000,0
Georgia,GEO,-7000,0
Georgia,GEO,-6000,0.13811198
Georgia,GEO,-5000,0.41433597
Georgia,GEO,-4000,1.2430078
Georgia,GEO,-3000,3.7290235
Georgia,GEO,-2000,3.4595335
Georgia,GEO,-1000,3.139881
Georgia,GEO,0,2.73713
Georgia,GEO,100,2.689825
Georgia,GEO,200,2.640793
Georgia,GEO,300,2.5898685
Georgia,GEO,400,2.5368583
Georgia,GEO,500,2.481533
Georgia,GEO,600,2.423592
Georgia,GEO,700,2.3627815
Georgia,GEO,800,2.2986746
Georgia,GEO,900,2.2307756
Georgia,GEO,1000,2.1584694
Georgia,GEO,1100,2.0808647
Georgia,GEO,1200,1.9969553
Georgia,GEO,1300,1.9051971
Georgia,GEO,1400,1.80443
Georgia,GEO,1500,1.6903621
Georgia,GEO,1600,1.5587437
Georgia,GEO,1700,1.3997132
Georgia,GEO,1710,1.3817041
Georgia,GEO,1720,1.3632131
Georgia,GEO,1730,1.3442061
Georgia,GEO,1740,1.324646
Georgia,GEO,1750,1.3044904
Georgia,GEO,1760,1.2836921
Georgia,GEO,1770,1.262197
Georgia,GEO,1780,1.2399436
Georgia,GEO,1790,1.2168616
Georgia,GEO,1800,1.1928688
Georgia,GEO,1810,1.1678704
Georgia,GEO,1820,1.141753
Georgia,GEO,1830,1.1143829
Georgia,GEO,1840,1.0855978
Georgia,GEO,1850,1.0551996
Georgia,GEO,1860,1.022941
Georgia,GEO,1870,0.9885086
Georgia,GEO,1880,0.9514933
Georgia,GEO,1890,0.9113498
Georgia,GEO,1900,0.8673171
Georgia,GEO,1910,0.81829613
Georgia,GEO,1920,0.7625681
Georgia,GEO,1930,0.6972347
Georgia,GEO,1940,0.6166212
Georgia,GEO,1950,0.5065411
Georgia,GEO,1951,0.49258506
Georgia,GEO,1952,0.47779006
Georgia,GEO,1953,0.4620173
Georgia,GEO,1954,0.44508702
Georgia,GEO,1955,0.42676035
Georgia,GEO,1956,0.40670788
Georgia,GEO,1957,0.3844552
Georgia,GEO,1958,0.35927668
Georgia,GEO,1959,0.32996622
Georgia,GEO,1960,0.29424813
Georgia,GEO,1961,0.28924263
Georgia,GEO,1962,0.2848392
Georgia,GEO,1963,0.27779007
Georgia,GEO,1964,0.2713702
Georgia,GEO,1965,0.2661041
Georgia,GEO,1966,0.25866726
Georgia,GEO,1967,0.25400275
Georgia,GEO,1968,0.24956183
Georgia,GEO,1969,0.24641238
Georgia,GEO,1970,0.24310282
Georgia,GEO,1971,0.24090411
Georgia,GEO,1972,0.23874119
Georgia,GEO,1973,0.2365113
Georgia,GEO,1974,0.23522608
Georgia,GEO,1975,0.23285905
Georgia,GEO,1976,0.23140329
Georgia,GEO,1977,0.2299669
Georgia,GEO,1978,0.22786188
Georgia,GEO,1979,0.22578447
Georgia,GEO,1980,0.22442912
Georgia,GEO,1981,0.22272736
Georgia,GEO,1982,0.2209271
Georgia,GEO,1983,0.219251
Georgia,GEO,1984,0.21726091
Georgia,GEO,1985,0.21561837
Georgia,GEO,1986,0.21432184
Georgia,GEO,1987,0.21306317
Georgia,GEO,1988,0.21121949
Georgia,GEO,1989,0.20841314
Georgia,GEO,1990,0.20618275
Georgia,GEO,1991,0.20917659
Georgia,GEO,1992,0.21286997
Georgia,GEO,1993,0.21586199
Georgia,GEO,1994,0.21894485
Georgia,GEO,1995,0.21265393
Georgia,GEO,1996,0.2130054
Georgia,GEO,1997,0.21518795
Georgia,GEO,1998,0.21783872
Georgia,GEO,1999,0.22035287
Georgia,GEO,2000,0.22377846
Georgia,GEO,2001,0.22655521
Georgia,GEO,2002,0.2293963
Georgia,GEO,2003,0.23252214
Georgia,GEO,2004,0.12183392
Georgia,GEO,2005,0.12955086
Georgia,GEO,2006,0.12982772
Georgia,GEO,2007,0.1303336
Georgia,GEO,2008,0.13039087
Georgia,GEO,2009,0.12747885
Georgia,GEO,2010,0.1194786
Georgia,GEO,2011,0.11601662
Georgia,GEO,2012,0.11488692
Georgia,GEO,2013,0.1272991
Georgia,GEO,2014,0.1113736
Georgia,GEO,2015,0.112582915
Georgia,GEO,2016,0.107550696
Georgia,GEO,2017,0.10591901
Georgia,GEO,2018,0.10393514
Georgia,GEO,2019,0.10409609
Georgia,GEO,2020,0.105927855
Georgia,GEO,2021,0.081063405
Georgia,GEO,2022,0.08224303
Georgia,GEO,2023,0.083027534
Georgia,GEO,2024,0.08398169
Georgia,GEO,2025,0.08494635
Germany,DEU,-10000,0
Germany,DEU,-9000,0
Germany,DEU,-8000,0
Germany,DEU,-7000,0
Germany,DEU,-6000,0
Germany,DEU,-5000,0.05578054
Germany,DEU,-4000,0.14574869
Germany,DEU,-3000,0.22251716
Germany,DEU,-2000,0.33938512
Germany,DEU,-1000,0.5155846
Germany,DEU,0,0.79462636
Germany,DEU,100,0.6622769
Germany,DEU,200,0.5519313
Germany,DEU,300,0.45954993
Germany,DEU,400,0.38260758
Germany,DEU,500,0.31816506
Germany,DEU,600,0.26446
Germany,DEU,700,0.2538816
Germany,DEU,800,0.48823383
Germany,DEU,900,0.9403011
Germany,DEU,1000,1.1333996
Germany,DEU,1100,1.586752
Germany,DEU,1200,1.7189473
Germany,DEU,1300,1.4104265
Germany,DEU,1400,1.037494
Germany,DEU,1500,0.96967655
Germany,DEU,1600,0.79338
Germany,DEU,1700,0.67132133
Germany,DEU,1710,0.6583779
Germany,DEU,1720,0.6471119
Germany,DEU,1730,0.637214
Germany,DEU,1740,0.6284464
Germany,DEU,1750,0.62062293
Germany,DEU,1760,0.59634
Germany,DEU,1770,0.5744866
Germany,DEU,1780,0.5547155
Germany,DEU,1790,0.5367427
Germany,DEU,1800,0.52033335
Germany,DEU,1810,0.5181116
Germany,DEU,1820,0.5160713
Germany,DEU,1830,0.4752642
Germany,DEU,1840,0.4435138
Germany,DEU,1850,0.42318597
Germany,DEU,1860,0.40495393
Germany,DEU,1870,0.38019776
Germany,DEU,1880,0.3501814
Germany,DEU,1890,0.32663742
Germany,DEU,1900,0.291748
Germany,DEU,1910,0.2472845
Germany,DEU,1920,0.2501543
Germany,DEU,1930,0.22917375
Germany,DEU,1940,0.20903832
Germany,DEU,1950,0.20401749
Germany,DEU,1951,0.20092866
Germany,DEU,1952,0.19781324
Germany,DEU,1953,0.19475445
Germany,DEU,1954,0.1917381
Germany,DEU,1955,0.18874595
Germany,DEU,1956,0.18575579
Germany,DEU,1957,0.18274227
Germany,DEU,1958,0.17967913
Germany,DEU,1959,0.17654227
Germany,DEU,1960,0.17331743
Germany,DEU,1961,0.1721133
Germany,DEU,1962,0.17037383
Germany,DEU,1963,0.16865999
Germany,DEU,1964,0.16730534
Germany,DEU,1965,0.16582318
Germany,DEU,1966,0.16453531
Germany,DEU,1967,0.16192073
Germany,DEU,1968,0.16064708
Germany,DEU,1969,0.15946661
Germany,DEU,1970,0.15770051
Germany,DEU,1971,0.15782557
Germany,DEU,1972,0.15829399
Germany,DEU,1973,0.15831709
Germany,DEU,1974,0.15865801
Germany,DEU,1975,0.15901148
Germany,DEU,1976,0.1598416
Germany,DEU,1977,0.15996012
Germany,DEU,1978,0.16032112
Germany,DEU,1979,0.16024892
Germany,DEU,1980,0.16004889
Germany,DEU,1981,0.15988672
Germany,DEU,1982,0.15969843
Germany,DEU,1983,0.15976623
Germany,DEU,1984,0.15973139
Germany,DEU,1985,0.1599539
Germany,DEU,1986,0.1592971
Germany,DEU,1987,0.15833832
Germany,DEU,1988,0.15776844
Germany,DEU,1989,0.15721536
Germany,DEU,1990,0.15694435
Germany,DEU,1991,0.14820904
Germany,DEU,1992,0.14592925
Germany,DEU,1993,0.14741963
Germany,DEU,1994,0.1479417
Germany,DEU,1995,0.1472126
Germany,DEU,1996,0.14709853
Germany,DEU,1997,0.1468993
Germany,DEU,1998,0.14732113
Germany,DEU,1999,0.1463318
Germany,DEU,2000,0.14596453
Germany,DEU,2001,0.14590889
Germany,DEU,2002,0.14554928
Germany,DEU,2003,0.14591824
Germany,DEU,2004,0.14666297
Germany,DEU,2005,0.14661911
Germany,DEU,2006,0.14624316
Germany,DEU,2007,0.1464607
Germany,DEU,2008,0.147237
Germany,DEU,2009,0.14748065
Germany,DEU,2010,0.1463508
Germany,DEU,2011,0.14678523
Germany,DEU,2012,0.14635691
Germany,DEU,2013,0.14693747
Germany,DEU,2014,0.14698301
Germany,DEU,2015,0.14710864
Germany,DEU,2016,0.146978
Germany,DEU,2017,0.14714763
Germany,DEU,2018,0.14709622
Germany,DEU,2019,0.14537014
Germany,DEU,2020,0.14481713
Germany,DEU,2021,0.14492923
Germany,DEU,2022,0.14506604
Germany,DEU,2023,0.14480028
Germany,DEU,2024,0.14470069
Germany,DEU,2025,0.14460091
Ghana,GHA,-10000,0
Ghana,GHA,-9000,0
Ghana,GHA,-8000,0
Ghana,GHA,-7000,0
Ghana,GHA,-6000,0
Ghana,GHA,-5000,0
Ghana,GHA,-4000,0
Ghana,GHA,-3000,0
Ghana,GHA,-2000,0
Ghana,GHA,-1000,0
Ghana,GHA,0,0
Ghana,GHA,100,0
Ghana,GHA,200,0
Ghana,GHA,300,0
Ghana,GHA,400,0
Ghana,GHA,500,0
Ghana,GHA,600,0
Ghana,GHA,700,0
Ghana,GHA,800,0.28366902
Ghana,GHA,900,0.4964208
Ghana,GHA,1000,0.49638772
Ghana,GHA,1100,0.49635467
Ghana,GHA,1200,0.49632138
Ghana,GHA,1300,0.49628788
Ghana,GHA,1400,0.4962549
Ghana,GHA,1500,0.49622175
Ghana,GHA,1600,0.49618924
Ghana,GHA,1700,0.4961561
Ghana,GHA,1710,0.49615282
Ghana,GHA,1720,0.49614945
Ghana,GHA,1730,0.49614617
Ghana,GHA,1740,0.49614286
Ghana,GHA,1750,0.49613956
Ghana,GHA,1760,0.49613628
Ghana,GHA,1770,0.4961329
Ghana,GHA,1780,0.4961296
Ghana,GHA,1790,0.49612626
Ghana,GHA,1800,0.496123
Ghana,GHA,1810,0.49611968
Ghana,GHA,1820,0.49611637
Ghana,GHA,1830,0.49611306
Ghana,GHA,1840,0.49610972
Ghana,GHA,1850,0.49610642
Ghana,GHA,1860,0.49610317
Ghana,GHA,1870,0.49609983
Ghana,GHA,1880,0.49609652
Ghana,GHA,1890,0.49609315
Ghana,GHA,1900,0.49608985
Ghana,GHA,1910,0.49608654
Ghana,GHA,1920,0.49608323
Ghana,GHA,1930,0.49607992
Ghana,GHA,1940,0.49607667
Ghana,GHA,1950,0.49607328
Ghana,GHA,1951,0.49607295
Ghana,GHA,1952,0.49607265
Ghana,GHA,1953,0.4960723
Ghana,GHA,1954,0.496072
Ghana,GHA,1955,0.49607167
Ghana,GHA,1956,0.49607134
Ghana,GHA,1957,0.49607098
Ghana,GHA,1958,0.49607065
Ghana,GHA,1959,0.49607036
Ghana,GHA,1960,0.49607
Ghana,GHA,1961,0.48059145
Ghana,GHA,1962,0.46574226
Ghana,GHA,1963,0.45184237
Ghana,GHA,1964,0.43922177
Ghana,GHA,1965,0.4279851
Ghana,GHA,1966,0.41819838
Ghana,GHA,1967,0.40955916
Ghana,GHA,1968,0.40141004
Ghana,GHA,1969,0.39298126
Ghana,GHA,1970,0.38385558
Ghana,GHA,1971,0.37384138
Ghana,GHA,1972,0.36329317
Ghana,GHA,1973,0.35293698
Ghana,GHA,1974,0.34359697
Ghana,GHA,1975,0.34583047
Ghana,GHA,1976,0.33920383
Ghana,GHA,1977,0.33366406
Ghana,GHA,1978,0.3380173
Ghana,GHA,1979,0.3317291
Ghana,GHA,1980,0.32401323
Ghana,GHA,1981,0.314816
Ghana,GHA,1982,0.32137588
Ghana,GHA,1983,0.30970672
Ghana,GHA,1984,0.31483635
Ghana,GHA,1985,0.3120422
Ghana,GHA,1986,0.302191
Ghana,GHA,1987,0.3005621
Ghana,GHA,1988,0.29911476
Ghana,GHA,1989,0.29057443
Ghana,GHA,1990,0.2890296
Ghana,GHA,1991,0.28724334
Ghana,GHA,1992,0.27936116
Ghana,GHA,1993,0.27679166
Ghana,GHA,1994,0.2755635
Ghana,GHA,1995,0.2804218
Ghana,GHA,1996,0.2851223
Ghana,GHA,1997,0.30098566
Ghana,GHA,1998,0.29895306
Ghana,GHA,1999,0.29679865
Ghana,GHA,2000,0.29443294
Ghana,GHA,2001,0.29185337
Ghana,GHA,2002,0.28910735
Ghana,GHA,2003,0.28622556
Ghana,GHA,2004,0.28325096
Ghana,GHA,2005,0.28022096
Ghana,GHA,2006,0.2771433
Ghana,GHA,2007,0.274035
Ghana,GHA,2008,0.2709479
Ghana,GHA,2009,0.2679396
Ghana,GHA,2010,0.2663535
Ghana,GHA,2011,0.26388603
Ghana,GHA,2012,0.26152995
Ghana,GHA,2013,0.25927803
Ghana,GHA,2014,0.25712335
Ghana,GHA,2015,0.2550599
Ghana,GHA,2016,0.2530819
Ghana,GHA,2017,0.2511842
Ghana,GHA,2018,0.24936195
Ghana,GHA,2019,0.2476108
Ghana,GHA,2020,0.24592663
Ghana,GHA,2021,0.24131031
Ghana,GHA,2022,0.23686408
Ghana,GHA,2023,0.2351768
Ghana,GHA,2024,0.23241533
Ghana,GHA,2025,0.22975029
Greece,GRC,-10000,0
Greece,GRC,-9000,0
Greece,GRC,-8000,0
Greece,GRC,-7000,0
Greece,GRC,-6000,0.4775831
Greece,GRC,-5000,0.47758308
Greece,GRC,-4000,0.47758308
Greece,GRC,-3000,0.47776976
Greece,GRC,-2000,0.47776666
Greece,GRC,-1000,0.47776788
Greece,GRC,0,0.47776344
Greece,GRC,100,0.47776344
Greece,GRC,200,0.47776344
Greece,GRC,300,0.47776625
Greece,GRC,400,0.47776634
Greece,GRC,500,0.4777681
Greece,GRC,600,0.47776836
Greece,GRC,700,0.47776833
Greece,GRC,800,0.47776747
Greece,GRC,900,0.4777677
Greece,GRC,1000,0.47776788
Greece,GRC,1100,0.47776788
Greece,GRC,1200,0.47776815
Greece,GRC,1300,0.47776765
Greece,GRC,1400,0.47776747
Greece,GRC,1500,0.4777679
Greece,GRC,1600,0.4777698
Greece,GRC,1700,0.4777698
Greece,GRC,1710,0.4777698
Greece,GRC,1720,0.47776973
Greece,GRC,1730,0.4777698
Greece,GRC,1740,0.4777698
Greece,GRC,1750,0.47776976
Greece,GRC,1760,0.47776976
Greece,GRC,1770,0.4777698
Greece,GRC,1780,0.47776976
Greece,GRC,1790,0.4777698
Greece,GRC,1800,0.4777698
Greece,GRC,1810,0.4777698
Greece,GRC,1820,0.4777698
Greece,GRC,1830,0.4777698
Greece,GRC,1840,0.4777698
Greece,GRC,1850,0.4777698
Greece,GRC,1860,0.4777698
Greece,GRC,1870,0.4777698
Greece,GRC,1880,0.4777698
Greece,GRC,1890,0.4777698
Greece,GRC,1900,0.4777698
Greece,GRC,1910,0.4777698
Greece,GRC,1920,0.4777698
Greece,GRC,1930,0.47776976
Greece,GRC,1940,0.4777698
Greece,GRC,1950,0.47776976
Greece,GRC,1951,0.47340807
Greece,GRC,1952,0.46955383
Greece,GRC,1953,0.49008644
Greece,GRC,1954,0.48026606
Greece,GRC,1955,0.47746748
Greece,GRC,1956,0.47379884
Greece,GRC,1957,0.4735714
Greece,GRC,1958,0.4744321
Greece,GRC,1959,0.47190076
Greece,GRC,1960,0.44730353
Greece,GRC,1961,0.44514984
Greece,GRC,1962,0.44344187
Greece,GRC,1963,0.464772
Greece,GRC,1964,0.45721385
Greece,GRC,1965,0.45606747
Greece,GRC,1966,0.4537834
Greece,GRC,1967,0.4544519
Greece,GRC,1968,0.45577314
Greece,GRC,1969,0.4534014
Greece,GRC,1970,0.45151183
Greece,GRC,1971,0.4475146
Greece,GRC,1972,0.4435875
Greece,GRC,1973,0.43781695
Greece,GRC,1974,0.43381825
Greece,GRC,1975,0.42745605
Greece,GRC,1976,0.42135188
Greece,GRC,1977,0.4154044
Greece,GRC,1978,0.4168386
Greece,GRC,1979,0.41225153
Greece,GRC,1980,0.40705195
Greece,GRC,1981,0.4072834
Greece,GRC,1982,0.40484798
Greece,GRC,1983,0.39999688
Greece,GRC,1984,0.4003672
Greece,GRC,1985,0.39549875
Greece,GRC,1986,0.39330494
Greece,GRC,1987,0.39123067
Greece,GRC,1988,0.38967162
Greece,GRC,1989,0.39148775
Greece,GRC,1990,0.3904335
Greece,GRC,1991,0.38430196
Greece,GRC,1992,0.38031784
Greece,GRC,1993,0.3745017
Greece,GRC,1994,0.37087885
Greece,GRC,1995,0.3658247
Greece,GRC,1996,0.36321244
Greece,GRC,1997,0.35979447
Greece,GRC,1998,0.35743204
Greece,GRC,1999,0.35427004
Greece,GRC,2000,0.35078424
Greece,GRC,2001,0.34935242
Greece,GRC,2002,0.34757262
Greece,GRC,2003,0.34616318
Greece,GRC,2004,0.337497
Greece,GRC,2005,0.33756363
Greece,GRC,2006,0.331778
Greece,GRC,2007,0.3288745
Greece,GRC,2008,0.3272266
Greece,GRC,2009,0.3255009
Greece,GRC,2010,0.326075
Greece,GRC,2011,0.32552207
Greece,GRC,2012,0.32320923
Greece,GRC,2013,0.31887758
Greece,GRC,2014,0.2926866
Greece,GRC,2015,0.29250467
Greece,GRC,2016,0.28163037
Greece,GRC,2017,0.26897243
Greece,GRC,2018,0.257727
Greece,GRC,2019,0.28158146
Greece,GRC,2020,0.24594516
Greece,GRC,2021,0.24874982
Greece,GRC,2022,0.24886091
Greece,GRC,2023,0.23168083
Greece,GRC,2024,0.22176345
Greece,GRC,2025,0.21183719
Greenland,GRL,1000,0
Greenland,GRL,1100,0
Greenland,GRL,1200,0
Greenland,GRL,1300,0
Greenland,GRL,1400,0
Greenland,GRL,1500,0
Greenland,GRL,1600,0
Greenland,GRL,1700,0
Greenland,GRL,1710,0
Greenland,GRL,1720,0
Greenland,GRL,1730,0
Greenland,GRL,1740,0
Greenland,GRL,1750,0
Greenland,GRL,1760,0
Greenland,GRL,1770,0
Greenland,GRL,1780,0
Greenland,GRL,1790,0
Greenland,GRL,1800,0
Greenland,GRL,1810,0
Greenland,GRL,1820,0
Greenland,GRL,1830,0
Greenland,GRL,1840,0
Greenland,GRL,1850,0
Greenland,GRL,1860,0
Greenland,GRL,1870,0
Greenland,GRL,1880,0
Greenland,GRL,1890,0
Greenland,GRL,1900,0
Greenland,GRL,1910,0
Greenland,GRL,1920,0
Greenland,GRL,1930,0
Greenland,GRL,1940,0
Greenland,GRL,1950,0
Greenland,GRL,1951,0
Greenland,GRL,1952,0
Greenland,GRL,1953,0
Greenland,GRL,1954,0
Greenland,GRL,1955,0
Greenland,GRL,1956,0
Greenland,GRL,1957,0
Greenland,GRL,1958,0
Greenland,GRL,1959,0
Greenland,GRL,1960,0
Greenland,GRL,1961,0
Greenland,GRL,1962,0
Greenland,GRL,1963,0
Greenland,GRL,1964,0
Greenland,GRL,1965,0
Greenland,GRL,1966,0
Greenland,GRL,1967,0
Greenland,GRL,1968,0
Greenland,GRL,1969,0
Greenland,GRL,1970,0
Greenland,GRL,1971,0
Greenland,GRL,1972,0
Greenland,GRL,1973,0
Greenland,GRL,1974,0
Greenland,GRL,1975,0
Greenland,GRL,1976,0
Greenland,GRL,1977,0
Greenland,GRL,1978,0
Greenland,GRL,1979,0
Greenland,GRL,1980,0
Greenland,GRL,1981,0
Greenland,GRL,1982,0
Greenland,GRL,1983,0
Greenland,GRL,1984,0
Greenland,GRL,1985,0
Greenland,GRL,1986,0
Greenland,GRL,1987,0
Greenland,GRL,1988,0
Greenland,GRL,1989,0
Greenland,GRL,1990,0
Greenland,GRL,1991,0
Greenland,GRL,1992,0
Greenland,GRL,1993,0
Greenland,GRL,1994,0
Greenland,GRL,1995,0
Greenland,GRL,1996,0
Greenland,GRL,1997,0
Greenland,GRL,1998,0
Greenland,GRL,1999,0
Greenland,GRL,2000,0
Greenland,GRL,2001,0
Greenland,GRL,2002,0
Greenland,GRL,2003,0
Greenland,GRL,2004,0
Greenland,GRL,2005,0
Greenland,GRL,2006,0
Greenland,GRL,2007,0
Greenland,GRL,2008,0
Greenland,GRL,2009,0
Greenland,GRL,2010,0
Greenland,GRL,2011,0
Greenland,GRL,2012,0
Greenland,GRL,2013,0
Greenland,GRL,2014,0
Greenland,GRL,2015,0
Greenland,GRL,2016,0
Greenland,GRL,2017,0
Greenland,GRL,2018,0
Greenland,GRL,2019,0
Greenland,GRL,2020,0
Greenland,GRL,2021,0
Greenland,GRL,2022,0
Greenland,GRL,2023,0
Greenland,GRL,2024,0
Greenland,GRL,2025,0
Grenada,GRD,-10000,0
Grenada,GRD,-9000,0
Grenada,GRD,-8000,0
Grenada,GRD,-7000,0
Grenada,GRD,-6000,0
Grenada,GRD,-5000,0
Grenada,GRD,-4000,0
Grenada,GRD,-3000,0
Grenada,GRD,-2000,0
Grenada,GRD,-1000,0
Grenada,GRD,0,0
Grenada,GRD,100,0
Grenada,GRD,200,0
Grenada,GRD,300,0
Grenada,GRD,400,0
Grenada,GRD,500,0
Grenada,GRD,600,0
Grenada,GRD,700,0
Grenada,GRD,800,0
Grenada,GRD,900,0
Grenada,GRD,1000,0
Grenada,GRD,1100,0
Grenada,GRD,1200,0
Grenada,GRD,1300,0
Grenada,GRD,1400,0
Grenada,GRD,1500,0.25564492
Grenada,GRD,1600,0.24958366
Grenada,GRD,1700,0.24320477
Grenada,GRD,1710,0.24254824
Grenada,GRD,1720,0.24188815
Grenada,GRD,1730,0.2412244
Grenada,GRD,1740,0.24055699
Grenada,GRD,1750,0.23988585
Grenada,GRD,1760,0.23921093
Grenada,GRD,1770,0.2385322
Grenada,GRD,1780,0.2378496
Grenada,GRD,1790,0.23716299
Grenada,GRD,1800,0.23647244
Grenada,GRD,1810,0.23577783
Grenada,GRD,1820,0.2350791
Grenada,GRD,1830,0.23437616
Grenada,GRD,1840,0.23366901
Grenada,GRD,1850,0.23295757
Grenada,GRD,1860,0.23224173
Grenada,GRD,1870,0.23152143
Grenada,GRD,1880,0.23079665
Grenada,GRD,1890,0.23006727
Grenada,GRD,1900,0.22933327
Grenada,GRD,1910,0.22859451
Grenada,GRD,1920,0.22785094
Grenada,GRD,1930,0.22710252
Grenada,GRD,1940,0.22634913
Grenada,GRD,1950,0.2441352
Grenada,GRD,1951,0.24405281
Grenada,GRD,1952,0.2439704
Grenada,GRD,1953,0.24388787
Grenada,GRD,1954,0.24380533
Grenada,GRD,1955,0.24372275
Grenada,GRD,1956,0.24364007
Grenada,GRD,1957,0.24355736
Grenada,GRD,1958,0.24347459
Grenada,GRD,1959,0.24339175
Grenada,GRD,1960,0.24330886
Grenada,GRD,1961,0.23960029
Grenada,GRD,1962,0.23658018
Grenada,GRD,1963,0.23423591
Grenada,GRD,1964,0.232453
Grenada,GRD,1965,0.23118728
Grenada,GRD,1966,0.23047087
Grenada,GRD,1967,0.23026215
Grenada,GRD,1968,0.23048785
Grenada,GRD,1969,0.23094065
Grenada,GRD,1970,0.23156676
Grenada,GRD,1971,0.23215929
Grenada,GRD,1972,0.22052808
Grenada,GRD,1973,0.2212441
Grenada,GRD,1974,0.2223794
Grenada,GRD,1975,0.22407283
Grenada,GRD,1976,0.22655037
Grenada,GRD,1977,0.229698
Grenada,GRD,1978,0.21964283
Grenada,GRD,1979,0.2208952
Grenada,GRD,1980,0.19395058
Grenada,GRD,1981,0.19059502
Grenada,GRD,1982,0.18543759
Grenada,GRD,1983,0.17984654
Grenada,GRD,1984,0.17536312
Grenada,GRD,1985,0.14974971
Grenada,GRD,1986,0.14939532
Grenada,GRD,1987,0.13896213
Grenada,GRD,1988,0.14082985
Grenada,GRD,1989,0.14256425
Grenada,GRD,1990,0.14343193
Grenada,GRD,1991,0.13124616
Grenada,GRD,1992,0.13024156
Grenada,GRD,1993,0.12877493
Grenada,GRD,1994,0.12734991
Grenada,GRD,1995,0.114791095
Grenada,GRD,1996,0.11417498
Grenada,GRD,1997,0.11380689
Grenada,GRD,1998,0.11359682
Grenada,GRD,1999,0.12479268
Grenada,GRD,2000,0.12457531
Grenada,GRD,2001,0.13559344
Grenada,GRD,2002,0.1352601
Grenada,GRD,2003,0.12365537
Grenada,GRD,2004,0.123316884
Grenada,GRD,2005,0.08942976
Grenada,GRD,2006,0.08916128
Grenada,GRD,2007,0.088879816
Grenada,GRD,2008,0.08858563
Grenada,GRD,2009,0.0993091
Grenada,GRD,2010,0.098947644
Grenada,GRD,2011,0.09857285
Grenada,GRD,2012,0.07637268
Grenada,GRD,2013,0.07606404
Grenada,GRD,2014,0.0757415
Grenada,GRD,2015,0.07541322
Grenada,GRD,2016,0.07506608
Grenada,GRD,2017,0.07471242
Grenada,GRD,2018,0.07435795
Grenada,GRD,2019,0.07402588
Grenada,GRD,2020,0.0681006
Grenada,GRD,2021,0.06781954
Grenada,GRD,2022,0.06756777
Grenada,GRD,2023,0.06733186
Grenada,GRD,2024,0.06712663
Grenada,GRD,2025,0.06695034
Guadeloupe,GLP,-10000,0
Guadeloupe,GLP,-9000,0
Guadeloupe,GLP,-8000,0
Guadeloupe,GLP,-7000,0
Guadeloupe,GLP,-6000,0
Guadeloupe,GLP,-5000,0
Guadeloupe,GLP,-4000,0
Guadeloupe,GLP,-3000,0
Guadeloupe,GLP,-2000,0
Guadeloupe,GLP,-1000,0
Guadeloupe,GLP,0,0
Guadeloupe,GLP,100,0
Guadeloupe,GLP,200,0
Guadeloupe,GLP,300,0
Guadeloupe,GLP,400,0
Guadeloupe,GLP,500,0
Guadeloupe,GLP,600,0
Guadeloupe,GLP,700,0
Guadeloupe,GLP,800,0
Guadeloupe,GLP,900,0
Guadeloupe,GLP,1000,0
Guadeloupe,GLP,1100,0
Guadeloupe,GLP,1200,0
Guadeloupe,GLP,1300,0
Guadeloupe,GLP,1400,0
Guadeloupe,GLP,1500,0.22600396
Guadeloupe,GLP,1600,0.21692972
Guadeloupe,GLP,1700,0.20702527
Guadeloupe,GLP,1710,0.20598143
Guadeloupe,GLP,1720,0.20492692
Guadeloupe,GLP,1730,0.20386143
Guadeloupe,GLP,1740,0.20278467
Guadeloupe,GLP,1750,0.20169638
Guadeloupe,GLP,1760,0.2005962
Guadeloupe,GLP,1770,0.19948381
Guadeloupe,GLP,1780,0.1983589
Guadeloupe,GLP,1790,0.19722104
Guadeloupe,GLP,1800,0.19606994
Guadeloupe,GLP,1810,0.19490513
Guadeloupe,GLP,1820,0.19372626
Guadeloupe,GLP,1830,0.19253285
Guadeloupe,GLP,1840,0.19132446
Guadeloupe,GLP,1850,0.1901006
Guadeloupe,GLP,1860,0.1888608
Guadeloupe,GLP,1870,0.18760449
Guadeloupe,GLP,1880,0.18633112
Guadeloupe,GLP,1890,0.18504012
Guadeloupe,GLP,1900,0.18373083
Guadeloupe,GLP,1910,0.18240263
Guadeloupe,GLP,1920,0.18105477
Guadeloupe,GLP,1930,0.17968656
Guadeloupe,GLP,1940,0.17829719
Guadeloupe,GLP,1950,0.1768858
Guadeloupe,GLP,1951,0.17674343
Guadeloupe,GLP,1952,0.17660081
Guadeloupe,GLP,1953,0.17645797
Guadeloupe,GLP,1954,0.1763149
Guadeloupe,GLP,1955,0.1761716
Guadeloupe,GLP,1956,0.17602806
Guadeloupe,GLP,1957,0.17588428
Guadeloupe,GLP,1958,0.17574027
Guadeloupe,GLP,1959,0.17559603
Guadeloupe,GLP,1960,0.17545155
Guadeloupe,GLP,1961,0.17155607
Guadeloupe,GLP,1962,0.16835421
Guadeloupe,GLP,1963,0.16564508
Guadeloupe,GLP,1964,0.16319147
Guadeloupe,GLP,1965,0.16083306
Guadeloupe,GLP,1966,0.15853405
Guadeloupe,GLP,1967,0.15635552
Guadeloupe,GLP,1968,0.15434797
Guadeloupe,GLP,1969,0.15260956
Guadeloupe,GLP,1970,0.15805349
Guadeloupe,GLP,1971,0.15686521
Guadeloupe,GLP,1972,0.1559111
Guadeloupe,GLP,1973,0.1484436
Guadeloupe,GLP,1974,0.12778442
Guadeloupe,GLP,1975,0.12751827
Guadeloupe,GLP,1976,0.13078041
Guadeloupe,GLP,1977,0.1308092
Guadeloupe,GLP,1978,0.13077083
Guadeloupe,GLP,1979,0.12707946
Guadeloupe,GLP,1980,0.12627813
Guadeloupe,GLP,1981,0.1216843
Guadeloupe,GLP,1982,0.11027409
Guadeloupe,GLP,1983,0.10209848
Guadeloupe,GLP,1984,0.10032504
Guadeloupe,GLP,1985,0.095498055
Guadeloupe,GLP,1986,0.09384082
Guadeloupe,GLP,1987,0.089238256
Guadeloupe,GLP,1988,0.08483313
Guadeloupe,GLP,1989,0.08931567
Guadeloupe,GLP,1990,0.08245925
Guadeloupe,GLP,1991,0.08438749
Guadeloupe,GLP,1992,0.083660424
Guadeloupe,GLP,1993,0.083036155
Guadeloupe,GLP,1994,0.076911554
Guadeloupe,GLP,1995,0.076250866
Guadeloupe,GLP,1996,0.06740624
Guadeloupe,GLP,1997,0.06667532
Guadeloupe,GLP,1998,0.06856914
Guadeloupe,GLP,1999,0.06522837
Guadeloupe,GLP,2000,0.06460494
Guadeloupe,GLP,2001,0.06406574
Guadeloupe,GLP,2002,0.06359953
Guadeloupe,GLP,2003,0.0631847
Guadeloupe,GLP,2004,0.06028328
Guadeloupe,GLP,2005,0.057420943
Guadeloupe,GLP,2006,0.059551027
Guadeloupe,GLP,2007,0.061909072
Guadeloupe,GLP,2008,0.06132678
Guadeloupe,GLP,2009,0.060322788
Guadeloupe,GLP,2010,0.059407007
Guadeloupe,GLP,2011,0.058488782
Guadeloupe,GLP,2012,0.058063768
Guadeloupe,GLP,2013,0.05764489
Guadeloupe,GLP,2014,0.06006996
Guadeloupe,GLP,2015,0.060816836
Guadeloupe,GLP,2016,0.0608537
Guadeloupe,GLP,2017,0.059987113
Guadeloupe,GLP,2018,0.059155583
Guadeloupe,GLP,2019,0.057422284
Guadeloupe,GLP,2020,0.049168743
Guadeloupe,GLP,2021,0.051572874
Guadeloupe,GLP,2022,0.051402424
Guadeloupe,GLP,2023,0.04756831
Guadeloupe,GLP,2024,0.04558103
Guadeloupe,GLP,2025,0.043608803
Guatemala,GTM,-10000,0
Guatemala,GTM,-9000,0
Guatemala,GTM,-8000,0
Guatemala,GTM,-7000,0
Guatemala,GTM,-6000,0
Guatemala,GTM,-5000,0
Guatemala,GTM,-4000,0
Guatemala,GTM,-3000,0
Guatemala,GTM,-2000,1.389254
Guatemala,GTM,-1000,1.2633678
Guatemala,GTM,0,1.1056519
Guatemala,GTM,100,1.0872178
Guatemala,GTM,200,1.0681355
Guatemala,GTM,300,1.0483186
Guatemala,GTM,400,1.0277474
Guatemala,GTM,500,1.0063295
Guatemala,GTM,600,0.983958
Guatemala,GTM,700,0.96051896
Guatemala,GTM,800,0.9358757
Guatemala,GTM,900,0.9098684
Guatemala,GTM,1000,0.882275
Guatemala,GTM,1100,0.8528344
Guatemala,GTM,1200,0.8212073
Guatemala,GTM,1300,0.78693604
Guatemala,GTM,1400,0.74938726
Guatemala,GTM,1500,0.70764357
Guatemala,GTM,1600,0.66029465
Guatemala,GTM,1700,0.60495657
Guatemala,GTM,1710,0.59883946
Guatemala,GTM,1720,0.5925948
Guatemala,GTM,1730,0.5862156
Guatemala,GTM,1740,0.57969457
Guatemala,GTM,1750,0.5730234
Guatemala,GTM,1760,0.5661931
Guatemala,GTM,1770,0.55919397
Guatemala,GTM,1780,0.5520151
Guatemala,GTM,1790,0.5446445
Guatemala,GTM,1800,0.5370688
Guatemala,GTM,1810,0.52927303
Guatemala,GTM,1820,0.5212407
Guatemala,GTM,1830,0.5129529
Guatemala,GTM,1840,0.5043883
Guatemala,GTM,1850,0.49552235
Guatemala,GTM,1860,0.48632735
Guatemala,GTM,1870,0.47677088
Guatemala,GTM,1880,0.46681508
Guatemala,GTM,1890,0.45641547
Guatemala,GTM,1900,0.44551915
Guatemala,GTM,1910,0.43406188
Guatemala,GTM,1920,0.4219657
Guatemala,GTM,1930,0.40913308
Guatemala,GTM,1940,0.39544067
Guatemala,GTM,1950,0.380728
Guatemala,GTM,1951,0.37919298
Guatemala,GTM,1952,0.37764546
Guatemala,GTM,1953,0.37608507
Guatemala,GTM,1954,0.37451163
Guatemala,GTM,1955,0.37292492
Guatemala,GTM,1956,0.37132457
Guatemala,GTM,1957,0.3697103
Guatemala,GTM,1958,0.3680818
Guatemala,GTM,1959,0.36643878
Guatemala,GTM,1960,0.36478087
Guatemala,GTM,1961,0.35423186
Guatemala,GTM,1962,0.34451485
Guatemala,GTM,1963,0.3351097
Guatemala,GTM,1964,0.325967
Guatemala,GTM,1965,0.3170616
Guatemala,GTM,1966,0.30838874
Guatemala,GTM,1967,0.30190235
Guatemala,GTM,1968,0.293696
Guatemala,GTM,1969,0.28396243
Guatemala,GTM,1970,0.2766022
Guatemala,GTM,1971,0.2693548
Guatemala,GTM,1972,0.2659231
Guatemala,GTM,1973,0.26423
Guatemala,GTM,1974,0.26081935
Guatemala,GTM,1975,0.2545958
Guatemala,GTM,1976,0.25306043
Guatemala,GTM,1977,0.25467384
Guatemala,GTM,1978,0.24877752
Guatemala,GTM,1979,0.24288838
Guatemala,GTM,1980,0.24027045
Guatemala,GTM,1981,0.23531812
Guatemala,GTM,1982,0.2330558
Guatemala,GTM,1983,0.22746179
Guatemala,GTM,1984,0.22193496
Guatemala,GTM,1985,0.21662463
Guatemala,GTM,1986,0.21152788
Guatemala,GTM,1987,0.20661855
Guatemala,GTM,1988,0.20186427
Guatemala,GTM,1989,0.19722743
Guatemala,GTM,1990,0.19268523
Guatemala,GTM,1991,0.18822621
Guatemala,GTM,1992,0.18385868
Guatemala,GTM,1993,0.1891597
Guatemala,GTM,1994,0.18776487
Guatemala,GTM,1995,0.18350406
Guatemala,GTM,1996,0.17939875
Guatemala,GTM,1997,0.18400969
Guatemala,GTM,1998,0.18833788
Guatemala,GTM,1999,0.19234662
Guatemala,GTM,2000,0.19601497
Guatemala,GTM,2001,0.19934216
Guatemala,GTM,2002,0.2023598
Guatemala,GTM,2003,0.20511183
Guatemala,GTM,2004,0.1851226
Guatemala,GTM,2005,0.17112058
Guatemala,GTM,2006,0.17586017
Guatemala,GTM,2007,0.1829888
Guatemala,GTM,2008,0.18020365
Guatemala,GTM,2009,0.17397061
Guatemala,GTM,2010,0.16884002
Guatemala,GTM,2011,0.16488917
Guatemala,GTM,2012,0.16043004
Guatemala,GTM,2013,0.15568459
Guatemala,GTM,2014,0.15677097
Guatemala,GTM,2015,0.16511256
Guatemala,GTM,2016,0.16324973
Guatemala,GTM,2017,0.16145128
Guatemala,GTM,2018,0.1597139
Guatemala,GTM,2019,0.15803452
Guatemala,GTM,2020,0.15635322
Guatemala,GTM,2021,0.15380853
Guatemala,GTM,2022,0.15134536
Guatemala,GTM,2023,0.14976531
Guatemala,GTM,2024,0.14788067
Guatemala,GTM,2025,0.14605363
Guinea,GIN,-10000,0
Guinea,GIN,-9000,0
Guinea,GIN,-8000,0
Guinea,GIN,-7000,0
Guinea,GIN,-6000,0
Guinea,GIN,-5000,0
Guinea,GIN,-4000,0
Guinea,GIN,-3000,0
Guinea,GIN,-2000,0
Guinea,GIN,-1000,0
Guinea,GIN,0,0
Guinea,GIN,100,0
Guinea,GIN,200,0
Guinea,GIN,300,0
Guinea,GIN,400,0
Guinea,GIN,500,0
Guinea,GIN,600,0
Guinea,GIN,700,0
Guinea,GIN,800,0.49178043
Guinea,GIN,900,0.86061573
Guinea,GIN,1000,0.86272633
Guinea,GIN,1100,0.86482656
Guinea,GIN,1200,0.8669167
Guinea,GIN,1300,0.8689968
Guinea,GIN,1400,0.8710669
Guinea,GIN,1500,0.87312734
Guinea,GIN,1600,0.87517816
Guinea,GIN,1700,0.87721926
Guinea,GIN,1710,0.8774228
Guinea,GIN,1720,0.87762636
Guinea,GIN,1730,0.8778298
Guinea,GIN,1740,0.878033
Guinea,GIN,1750,0.87823623
Guinea,GIN,1760,0.87843937
Guinea,GIN,1770,0.87864244
Guinea,GIN,1780,0.87884533
Guinea,GIN,1790,0.8790482
Guinea,GIN,1800,0.8792509
Guinea,GIN,1810,0.8794536
Guinea,GIN,1820,0.8796562
Guinea,GIN,1830,0.8798587
Guinea,GIN,1840,0.88006103
Guinea,GIN,1850,0.88026327
Guinea,GIN,1860,0.88046545
Guinea,GIN,1870,0.8806677
Guinea,GIN,1880,0.88086957
Guinea,GIN,1890,0.8810715
Guinea,GIN,1900,0.8812733
Guinea,GIN,1910,0.88147503
Guinea,GIN,1920,0.8816767
Guinea,GIN,1930,0.88187814
Guinea,GIN,1940,0.88207966
Guinea,GIN,1950,0.88228095
Guinea,GIN,1951,0.88230115
Guinea,GIN,1952,0.88232124
Guinea,GIN,1953,0.8823414
Guinea,GIN,1954,0.88236153
Guinea,GIN,1955,0.8823817
Guinea,GIN,1956,0.88240176
Guinea,GIN,1957,0.8824219
Guinea,GIN,1958,0.882442
Guinea,GIN,1959,0.88246214
Guinea,GIN,1960,0.8824823
Guinea,GIN,1961,0.8688229
Guinea,GIN,1962,0.8543178
Guinea,GIN,1963,0.83824396
Guinea,GIN,1964,0.8237883
Guinea,GIN,1965,0.810123
Guinea,GIN,1966,0.7984565
Guinea,GIN,1967,0.7850903
Guinea,GIN,1968,0.77067435
Guinea,GIN,1969,0.75511473
Guinea,GIN,1970,0.74524206
Guinea,GIN,1971,0.74070555
Guinea,GIN,1972,0.73596627
Guinea,GIN,1973,0.73166203
Guinea,GIN,1974,0.72720224
Guinea,GIN,1975,0.72430056
Guinea,GIN,1976,0.7239363
Guinea,GIN,1977,0.7199867
Guinea,GIN,1978,0.71549356
Guinea,GIN,1979,0.7144874
Guinea,GIN,1980,0.7059413
Guinea,GIN,1981,0.6935638
Guinea,GIN,1982,0.67812896
Guinea,GIN,1983,0.66345924
Guinea,GIN,1984,0.64744544
Guinea,GIN,1985,0.6320587
Guinea,GIN,1986,0.6087808
Guinea,GIN,1987,0.5917142
Guinea,GIN,1988,0.58270276
Guinea,GIN,1989,0.55940247
Guinea,GIN,1990,0.5399865
Guinea,GIN,1991,0.5146632
Guinea,GIN,1992,0.4912232
Guinea,GIN,1993,0.46481857
Guinea,GIN,1994,0.44442147
Guinea,GIN,1995,0.42467368
Guinea,GIN,1996,0.4123686
Guinea,GIN,1997,0.4024056
Guinea,GIN,1998,0.39580303
Guinea,GIN,1999,0.38836902
Guinea,GIN,2000,0.38190833
Guinea,GIN,2001,0.3748126
Guinea,GIN,2002,0.37183878
Guinea,GIN,2003,0.36677572
Guinea,GIN,2004,0.36036444
Guinea,GIN,2005,0.35428798
Guinea,GIN,2006,0.35429105
Guinea,GIN,2007,0.35953367
Guinea,GIN,2008,0.36616912
Guinea,GIN,2009,0.34721914
Guinea,GIN,2010,0.4367969
Guinea,GIN,2011,0.43397132
Guinea,GIN,2012,0.47015384
Guinea,GIN,2013,0.47049713
Guinea,GIN,2014,0.4978664
Guinea,GIN,2015,0.5091349
Guinea,GIN,2016,0.5102073
Guinea,GIN,2017,0.5190071
Guinea,GIN,2018,0.5257701
Guinea,GIN,2019,0.5154441
Guinea,GIN,2020,0.5330702
Guinea,GIN,2021,0.5367613
Guinea,GIN,2022,0.5370459
Guinea,GIN,2023,0.54325217
Guinea,GIN,2024,0.54770285
Guinea,GIN,2025,0.55204356
Guinea-Bissau,GNB,-10000,0
Guinea-Bissau,GNB,-9000,0
Guinea-Bissau,GNB,-8000,0
Guinea-Bissau,GNB,-7000,0
Guinea-Bissau,GNB,-6000,0
Guinea-Bissau,GNB,-5000,0
Guinea-Bissau,GNB,-4000,0
Guinea-Bissau,GNB,-3000,0
Guinea-Bissau,GNB,-2000,0
Guinea-Bissau,GNB,-1000,0
Guinea-Bissau,GNB,0,0.4597622
Guinea-Bissau,GNB,100,0.45932314
Guinea-Bissau,GNB,200,0.4588833
Guinea-Bissau,GNB,300,0.45844254
Guinea-Bissau,GNB,400,0.45800096
Guinea-Bissau,GNB,500,0.45755854
Guinea-Bissau,GNB,600,0.45711526
Guinea-Bissau,GNB,700,0.4566711
Guinea-Bissau,GNB,800,0.45622608
Guinea-Bissau,GNB,900,0.4557802
Guinea-Bissau,GNB,1000,0.45533344
Guinea-Bissau,GNB,1100,0.4548851
Guinea-Bissau,GNB,1200,0.4544358
Guinea-Bissau,GNB,1300,0.45398673
Guinea-Bissau,GNB,1400,0.45353672
Guinea-Bissau,GNB,1500,0.45308572
Guinea-Bissau,GNB,1600,0.4526343
Guinea-Bissau,GNB,1700,0.4521813
Guinea-Bissau,GNB,1710,0.45213598
Guinea-Bissau,GNB,1720,0.4520906
Guinea-Bissau,GNB,1730,0.4520452
Guinea-Bissau,GNB,1740,0.45199987
Guinea-Bissau,GNB,1750,0.45195448
Guinea-Bissau,GNB,1760,0.45190912
Guinea-Bissau,GNB,1770,0.45186368
Guinea-Bissau,GNB,1780,0.45181826
Guinea-Bissau,GNB,1790,0.45177284
Guinea-Bissau,GNB,1800,0.45172745
Guinea-Bissau,GNB,1810,0.4516819
Guinea-Bissau,GNB,1820,0.4516365
Guinea-Bissau,GNB,1830,0.45159107
Guinea-Bissau,GNB,1840,0.45154557
Guinea-Bissau,GNB,1850,0.45150012
Guinea-Bissau,GNB,1860,0.45145467
Guinea-Bissau,GNB,1870,0.45140913
Guinea-Bissau,GNB,1880,0.45136362
Guinea-Bissau,GNB,1890,0.4513181
Guinea-Bissau,GNB,1900,0.45127258
Guinea-Bissau,GNB,1910,0.45122707
Guinea-Bissau,GNB,1920,0.45118153
Guinea-Bissau,GNB,1930,0.45113596
Guinea-Bissau,GNB,1940,0.45109043
Guinea-Bissau,GNB,1950,0.45104483
Guinea-Bissau,GNB,1951,0.45104027
Guinea-Bissau,GNB,1952,0.4510357
Guinea-Bissau,GNB,1953,0.45103115
Guinea-Bissau,GNB,1954,0.45102662
Guinea-Bissau,GNB,1955,0.45102206
Guinea-Bissau,GNB,1956,0.45101747
Guinea-Bissau,GNB,1957,0.4510129
Guinea-Bissau,GNB,1958,0.45100838
Guinea-Bissau,GNB,1959,0.45100382
Guinea-Bissau,GNB,1960,0.45099926
Guinea-Bissau,GNB,1961,0.44593087
Guinea-Bissau,GNB,1962,0.44129154
Guinea-Bissau,GNB,1963,0.43670455
Guinea-Bissau,GNB,1964,0.43170315
Guinea-Bissau,GNB,1965,0.42601317
Guinea-Bissau,GNB,1966,0.41964608
Guinea-Bissau,GNB,1967,0.42764106
Guinea-Bissau,GNB,1968,0.420146
Guinea-Bissau,GNB,1969,0.41240776
Guinea-Bissau,GNB,1970,0.4045927
Guinea-Bissau,GNB,1971,0.39655438
Guinea-Bissau,GNB,1972,0.38840714
Guinea-Bissau,GNB,1973,0.38742265
Guinea-Bissau,GNB,1974,0.38754398
Guinea-Bissau,GNB,1975,0.38280216
Guinea-Bissau,GNB,1976,0.38002643
Guinea-Bissau,GNB,1977,0.38004255
Guinea-Bissau,GNB,1978,0.3792034
Guinea-Bissau,GNB,1979,0.37856704
Guinea-Bissau,GNB,1980,0.37834612
Guinea-Bissau,GNB,1981,0.38059834
Guinea-Bissau,GNB,1982,0.3879097
Guinea-Bissau,GNB,1983,0.38987815
Guinea-Bissau,GNB,1984,0.41054976
Guinea-Bissau,GNB,1985,0.4091121
Guinea-Bissau,GNB,1986,0.36348802
Guinea-Bissau,GNB,1987,0.34971815
Guinea-Bissau,GNB,1988,0.33135143
Guinea-Bissau,GNB,1989,0.36114594
Guinea-Bissau,GNB,1990,0.3625479
Guinea-Bissau,GNB,1991,0.3538526
Guinea-Bissau,GNB,1992,0.34531426
Guinea-Bissau,GNB,1993,0.35551262
Guinea-Bissau,GNB,1994,0.35652032
Guinea-Bissau,GNB,1995,0.35704172
Guinea-Bissau,GNB,1996,0.35546046
Guinea-Bissau,GNB,1997,0.38737777
Guinea-Bissau,GNB,1998,0.3808603
Guinea-Bissau,GNB,1999,0.41612262
Guinea-Bissau,GNB,2000,0.44078767
Guinea-Bissau,GNB,2001,0.43234304
Guinea-Bissau,GNB,2002,0.40896064
Guinea-Bissau,GNB,2003,0.393581
Guinea-Bissau,GNB,2004,0.3924923
Guinea-Bissau,GNB,2005,0.38382488
Guinea-Bissau,GNB,2006,0.37517634
Guinea-Bissau,GNB,2007,0.366539
Guinea-Bissau,GNB,2008,0.35790473
Guinea-Bissau,GNB,2009,0.3492706
Guinea-Bissau,GNB,2010,0.36298263
Guinea-Bissau,GNB,2011,0.356028
Guinea-Bissau,GNB,2012,0.34933484
Guinea-Bissau,GNB,2013,0.34288865
Guinea-Bissau,GNB,2014,0.3366761
Guinea-Bissau,GNB,2015,0.33068466
Guinea-Bissau,GNB,2016,0.3336724
Guinea-Bissau,GNB,2017,0.32796088
Guinea-Bissau,GNB,2018,0.33082196
Guinea-Bissau,GNB,2019,0.34540263
Guinea-Bissau,GNB,2020,0.34372526
Guinea-Bissau,GNB,2021,0.25644243
Guinea-Bissau,GNB,2022,0.25573733
Guinea-Bissau,GNB,2023,0.26178205
Guinea-Bissau,GNB,2024,0.26513892
Guinea-Bissau,GNB,2025,0.26842788
Guyana,GUY,-10000,0
Guyana,GUY,-9000,0
Guyana,GUY,-8000,0
Guyana,GUY,-7000,0
Guyana,GUY,-6000,0
Guyana,GUY,-5000,0
Guyana,GUY,-4000,0
Guyana,GUY,-3000,0
Guyana,GUY,-2000,0
Guyana,GUY,-1000,1.2941971
Guyana,GUY,0,1.1496983
Guyana,GUY,100,1.1331183
Guyana,GUY,200,1.1160381
Guyana,GUY,300,1.0984188
Guyana,GUY,400,1.0802152
Guyana,GUY,500,1.0613766
Guyana,GUY,600,1.0418442
Guyana,GUY,700,1.0215508
Guyana,GUY,800,1.0004174
Guyana,GUY,900,0.9783512
Guyana,GUY,1000,0.955242
Guyana,GUY,1100,0.930957
Guyana,GUY,1200,0.90533435
Guyana,GUY,1300,0.87817305
Guyana,GUY,1400,0.8492187
Guyana,GUY,1500,0.8181427
Guyana,GUY,1600,0.7845076
Guyana,GUY,1700,0.7477107
Guyana,GUY,1710,0.7438268
Guyana,GUY,1720,0.7399019
Guyana,GUY,1730,0.735935
Guyana,GUY,1740,0.7319248
Guyana,GUY,1750,0.72787005
Guyana,GUY,1760,0.72376984
Guyana,GUY,1770,0.71962255
Guyana,GUY,1780,0.71542686
Guyana,GUY,1790,0.7111814
Guyana,GUY,1800,0.7068846
Guyana,GUY,1810,0.7025351
Guyana,GUY,1820,0.69813085
Guyana,GUY,1830,0.6936704
Guyana,GUY,1840,0.6891518
Guyana,GUY,1850,0.6845732
Guyana,GUY,1860,0.6799325
Guyana,GUY,1870,0.6752275
Guyana,GUY,1880,0.6704562
Guyana,GUY,1890,0.6656158
Guyana,GUY,1900,0.6607041
Guyana,GUY,1910,0.65571815
Guyana,GUY,1920,0.6506553
Guyana,GUY,1930,0.6455124
Guyana,GUY,1940,0.6402862
Guyana,GUY,1950,0.6349732
Guyana,GUY,1951,0.634437
Guyana,GUY,1952,0.63389987
Guyana,GUY,1953,0.6333619
Guyana,GUY,1954,0.6328109
Guyana,GUY,1955,0.63227284
Guyana,GUY,1956,0.63173336
Guyana,GUY,1957,0.63119304
Guyana,GUY,1958,0.63065183
Guyana,GUY,1959,0.6301144
Guyana,GUY,1960,0.6295698
Guyana,GUY,1961,0.61092126
Guyana,GUY,1962,0.59378016
Guyana,GUY,1963,0.5782436
Guyana,GUY,1964,0.56440043
Guyana,GUY,1965,0.552259
Guyana,GUY,1966,0.5492678
Guyana,GUY,1967,0.5400439
Guyana,GUY,1968,0.5348716
Guyana,GUY,1969,0.5274921
Guyana,GUY,1970,0.52770895
Guyana,GUY,1971,0.5212391
Guyana,GUY,1972,0.519428
Guyana,GUY,1973,0.5164978
Guyana,GUY,1974,0.51094604
Guyana,GUY,1975,0.5081512
Guyana,GUY,1976,0.50506055
Guyana,GUY,1977,0.5019954
Guyana,GUY,1978,0.49939945
Guyana,GUY,1979,0.49786112
Guyana,GUY,1980,0.49776557
Guyana,GUY,1981,0.49914804
Guyana,GUY,1982,0.5018479
Guyana,GUY,1983,0.5057248
Guyana,GUY,1984,0.5144353
Guyana,GUY,1985,0.52005255
Guyana,GUY,1986,0.52917594
Guyana,GUY,1987,0.5364974
Guyana,GUY,1988,0.5438255
Guyana,GUY,1989,0.5527057
Guyana,GUY,1990,0.5569689
Guyana,GUY,1991,0.55874354
Guyana,GUY,1992,0.55836695
Guyana,GUY,1993,0.5568723
Guyana,GUY,1994,0.5557669
Guyana,GUY,1995,0.5586932
Guyana,GUY,1996,0.5620383
Guyana,GUY,1997,0.56549156
Guyana,GUY,1998,0.5698631
Guyana,GUY,1999,0.57433885
Guyana,GUY,2000,0.57965267
Guyana,GUY,2001,0.58559304
Guyana,GUY,2002,0.5883725
Guyana,GUY,2003,0.5908779
Guyana,GUY,2004,0.5935252
Guyana,GUY,2005,0.5965698
Guyana,GUY,2006,0.5976426
Guyana,GUY,2007,0.5990289
Guyana,GUY,2008,0.6002792
Guyana,GUY,2009,0.6007813
Guyana,GUY,2010,0.60008895
Guyana,GUY,2011,0.5978682
Guyana,GUY,2012,0.5956637
Guyana,GUY,2013,0.5934755
Guyana,GUY,2014,0.59130335
Guyana,GUY,2015,0.589147
Guyana,GUY,2016,0.5870063
Guyana,GUY,2017,0.5848811
Guyana,GUY,2018,0.58277124
Guyana,GUY,2019,0.58067656
Guyana,GUY,2020,0.5785969
Guyana,GUY,2021,0.5798884
Guyana,GUY,2022,0.5798884
Guyana,GUY,2023,0.58027583
Guyana,GUY,2024,0.58066326
Guyana,GUY,2025,0.58105075
Haiti,HTI,-10000,0
Haiti,HTI,-9000,0
Haiti,HTI,-8000,0
Haiti,HTI,-7000,0
Haiti,HTI,-6000,0
Haiti,HTI,-5000,0
Haiti,HTI,-4000,0
Haiti,HTI,-3000,0
Haiti,HTI,-2000,0
Haiti,HTI,-1000,0
Haiti,HTI,0,0
Haiti,HTI,100,0
Haiti,HTI,200,0
Haiti,HTI,300,0
Haiti,HTI,400,0
Haiti,HTI,500,0
Haiti,HTI,600,0
Haiti,HTI,700,0
Haiti,HTI,800,0
Haiti,HTI,900,0
Haiti,HTI,1000,0
Haiti,HTI,1100,0
Haiti,HTI,1200,0
Haiti,HTI,1300,0
Haiti,HTI,1400,0
Haiti,HTI,1500,0.6935905
Haiti,HTI,1600,0.64392793
Haiti,HTI,1700,0.5851313
Haiti,HTI,1710,0.5785677
Haiti,HTI,1720,0.57185173
Haiti,HTI,1730,0.5649742
Haiti,HTI,1740,0.55792487
Haiti,HTI,1750,0.5506929
Haiti,HTI,1760,0.54326576
Haiti,HTI,1770,0.53562987
Haiti,HTI,1780,0.52776974
Haiti,HTI,1790,0.5196683
Haiti,HTI,1800,0.51130605
Haiti,HTI,1810,0.5026609
Haiti,HTI,1820,0.49370772
Haiti,HTI,1830,0.4844175
Haiti,HTI,1840,0.47475654
Haiti,HTI,1850,0.4646856
Haiti,HTI,1860,0.45415804
Haiti,HTI,1870,0.44311842
Haiti,HTI,1880,0.4314995
Haiti,HTI,1890,0.41921866
Haiti,HTI,1900,0.40617278
Haiti,HTI,1910,0.39223033
Haiti,HTI,1920,0.3772192
Haiti,HTI,1930,0.3609076
Haiti,HTI,1940,0.34297106
Haiti,HTI,1950,0.3358914
Haiti,HTI,1951,0.32078704
Haiti,HTI,1952,0.31861293
Haiti,HTI,1953,0.31640875
Haiti,HTI,1954,0.31417343
Haiti,HTI,1955,0.31190577
Haiti,HTI,1956,0.3096047
Haiti,HTI,1957,0.30726892
Haiti,HTI,1958,0.30489707
Haiti,HTI,1959,0.30248773
Haiti,HTI,1960,0.30003938
Haiti,HTI,1961,0.29416507
Haiti,HTI,1962,0.2896142
Haiti,HTI,1963,0.28510648
Haiti,HTI,1964,0.28065464
Haiti,HTI,1965,0.2762733
Haiti,HTI,1966,0.27194592
Haiti,HTI,1967,0.2676846
Haiti,HTI,1968,0.26355058
Haiti,HTI,1969,0.2596162
Haiti,HTI,1970,0.25591242
Haiti,HTI,1971,0.2524433
Haiti,HTI,1972,0.22228785
Haiti,HTI,1973,0.21831785
Haiti,HTI,1974,0.21454279
Haiti,HTI,1975,0.21068576
Haiti,HTI,1976,0.20713045
Haiti,HTI,1977,0.20312954
Haiti,HTI,1978,0.20089719
Haiti,HTI,1979,0.19672075
Haiti,HTI,1980,0.19336118
Haiti,HTI,1981,0.1890466
Haiti,HTI,1982,0.18471044
Haiti,HTI,1983,0.18042572
Haiti,HTI,1984,0.17627276
Haiti,HTI,1985,0.1723005
Haiti,HTI,1986,0.1685167
Haiti,HTI,1987,0.16490349
Haiti,HTI,1988,0.1614478
Haiti,HTI,1989,0.15813003
Haiti,HTI,1990,0.15493542
Haiti,HTI,1991,0.15186258
Haiti,HTI,1992,0.14620328
Haiti,HTI,1993,0.14341287
Haiti,HTI,1994,0.14332414
Haiti,HTI,1995,0.14066845
Haiti,HTI,1996,0.13809462
Haiti,HTI,1997,0.14792989
Haiti,HTI,1998,0.14530514
Haiti,HTI,1999,0.14278239
Haiti,HTI,2000,0.140364
Haiti,HTI,2001,0.13574816
Haiti,HTI,2002,0.13356374
Haiti,HTI,2003,0.13145359
Haiti,HTI,2004,0.12939763
Haiti,HTI,2005,0.13817814
Haiti,HTI,2006,0.13603336
Haiti,HTI,2007,0.1339348
Haiti,HTI,2008,0.13189039
Haiti,HTI,2009,0.13461357
Haiti,HTI,2010,0.14940572
Haiti,HTI,2011,0.15030162
Haiti,HTI,2012,0.15019965
Haiti,HTI,2013,0.15290992
Haiti,HTI,2014,0.1513447
Haiti,HTI,2015,0.14981118
Haiti,HTI,2016,0.14830846
Haiti,HTI,2017,0.14143859
Haiti,HTI,2018,0.13866569
Haiti,HTI,2019,0.1186113
Haiti,HTI,2020,0.117467426
Haiti,HTI,2021,0.117037386
Haiti,HTI,2022,0.116168655
Haiti,HTI,2023,0.10819957
Haiti,HTI,2024,0.10394339
Haiti,HTI,2025,0.099749036
Honduras,HND,-10000,0
Honduras,HND,-9000,0
Honduras,HND,-8000,0
Honduras,HND,-7000,0
Honduras,HND,-6000,0
Honduras,HND,-5000,0
Honduras,HND,-4000,0
Honduras,HND,-3000,0
Honduras,HND,-2000,0
Honduras,HND,-1000,0
Honduras,HND,0,1.187394
Honduras,HND,100,1.1717321
Honduras,HND,200,1.1556396
Honduras,HND,300,1.1390862
Honduras,HND,400,1.1220372
Honduras,HND,500,1.1044538
Honduras,HND,600,1.086275
Honduras,HND,700,1.0674902
Honduras,HND,800,1.0480176
Honduras,HND,900,1.0277652
Honduras,HND,1000,1.0067182
Honduras,HND,1100,0.9847595
Honduras,HND,1200,0.96175635
Honduras,HND,1300,0.93759495
Honduras,HND,1400,0.91211957
Honduras,HND,1500,0.88513565
Honduras,HND,1600,0.8563978
Honduras,HND,1700,0.8255899
Honduras,HND,1710,0.82238024
Honduras,HND,1720,0.8191454
Honduras,HND,1730,0.8158846
Honduras,HND,1740,0.81259775
Honduras,HND,1750,0.809284
Honduras,HND,1760,0.8059429
Honduras,HND,1770,0.80257386
Honduras,HND,1780,0.79917634
Honduras,HND,1790,0.7957496
Honduras,HND,1800,0.7922932
Honduras,HND,1810,0.7888063
Honduras,HND,1820,0.7852883
Honduras,HND,1830,0.7817385
Honduras,HND,1840,0.77815616
Honduras,HND,1850,0.77454054
Honduras,HND,1860,0.77089083
Honduras,HND,1870,0.7672063
Honduras,HND,1880,0.76348597
Honduras,HND,1890,0.759729
Honduras,HND,1900,0.7559346
Honduras,HND,1910,0.7521016
Honduras,HND,1920,0.7481537
Honduras,HND,1930,0.7425674
Honduras,HND,1940,0.7385557
Honduras,HND,1950,0.73427004
Honduras,HND,1951,0.7337727
Honduras,HND,1952,0.73328114
Honduras,HND,1953,0.73279464
Honduras,HND,1954,0.73231274
Honduras,HND,1955,0.7318351
Honduras,HND,1956,0.7313613
Honduras,HND,1957,0.73089105
Honduras,HND,1958,0.7304238
Honduras,HND,1959,0.7299595
Honduras,HND,1960,0.72949785
Honduras,HND,1961,0.7094893
Honduras,HND,1962,0.69473124
Honduras,HND,1963,0.67793053
Honduras,HND,1964,0.6613599
Honduras,HND,1965,0.644956
Honduras,HND,1966,0.630788
Honduras,HND,1967,0.6167034
Honduras,HND,1968,0.6008031
Honduras,HND,1969,0.5833403
Honduras,HND,1970,0.570074
Honduras,HND,1971,0.555221
Honduras,HND,1972,0.55120355
Honduras,HND,1973,0.5384153
Honduras,HND,1974,0.5244604
Honduras,HND,1975,0.5212198
Honduras,HND,1976,0.51631045
Honduras,HND,1977,0.5231025
Honduras,HND,1978,0.5106341
Honduras,HND,1979,0.49506193
Honduras,HND,1980,0.48001146
Honduras,HND,1981,0.46732244
Honduras,HND,1982,0.45450854
Honduras,HND,1983,0.44112185
Honduras,HND,1984,0.42967212
Honduras,HND,1985,0.41720632
Honduras,HND,1986,0.4065776
Honduras,HND,1987,0.39477184
Honduras,HND,1988,0.3833934
Honduras,HND,1989,0.37761885
Honduras,HND,1990,0.36886933
Honduras,HND,1991,0.36275664
Honduras,HND,1992,0.3550366
Honduras,HND,1993,0.3748902
Honduras,HND,1994,0.3599964
Honduras,HND,1995,0.34310767
Honduras,HND,1996,0.3338346
Honduras,HND,1997,0.3124321
Honduras,HND,1998,0.3042109
Honduras,HND,1999,0.2887302
Honduras,HND,2000,0.21974881
Honduras,HND,2001,0.21435754
Honduras,HND,2002,0.20904493
Honduras,HND,2003,0.20540118
Honduras,HND,2004,0.20082368
Honduras,HND,2005,0.19757582
Honduras,HND,2006,0.19450729
Honduras,HND,2007,0.19030407
Honduras,HND,2008,0.18223935
Honduras,HND,2009,0.17955717
Honduras,HND,2010,0.18365805
Honduras,HND,2011,0.18568428
Honduras,HND,2012,0.18767507
Honduras,HND,2013,0.18604891
Honduras,HND,2014,0.18445069
Honduras,HND,2015,0.18287969
Honduras,HND,2016,0.18133526
Honduras,HND,2017,0.18327911
Honduras,HND,2018,0.18244372
Honduras,HND,2019,0.18094102
Honduras,HND,2020,0.17946285
Honduras,HND,2021,0.17987192
Honduras,HND,2022,0.17763588
Honduras,HND,2023,0.17623556
Honduras,HND,2024,0.17486916
Honduras,HND,2025,0.17353556
Hong Kong,HKG,-10000,0
Hong Kong,HKG,-9000,0
Hong Kong,HKG,-8000,0
Hong Kong,HKG,-7000,0
Hong Kong,HKG,-6000,0
Hong Kong,HKG,-5000,0
Hong Kong,HKG,-4000,0
Hong Kong,HKG,-3000,0
Hong Kong,HKG,-2000,0
Hong Kong,HKG,-1000,0
Hong Kong,HKG,0,0
Hong Kong,HKG,100,0
Hong Kong,HKG,200,0
Hong Kong,HKG,300,0
Hong Kong,HKG,400,0
Hong Kong,HKG,500,0
Hong Kong,HKG,600,0
Hong Kong,HKG,700,0
Hong Kong,HKG,800,0
Hong Kong,HKG,900,0
Hong Kong,HKG,1000,0
Hong Kong,HKG,1100,0
Hong Kong,HKG,1200,0
Hong Kong,HKG,1300,0
Hong Kong,HKG,1400,0
Hong Kong,HKG,1500,0
Hong Kong,HKG,1600,0
Hong Kong,HKG,1700,0
Hong Kong,HKG,1710,0
Hong Kong,HKG,1720,0
Hong Kong,HKG,1730,0
Hong Kong,HKG,1740,0
Hong Kong,HKG,1750,0
Hong Kong,HKG,1760,0
Hong Kong,HKG,1770,0
Hong Kong,HKG,1780,0
Hong Kong,HKG,1790,0
Hong Kong,HKG,1800,0
Hong Kong,HKG,1810,0
Hong Kong,HKG,1820,0
Hong Kong,HKG,1830,0
Hong Kong,HKG,1840,0
Hong Kong,HKG,1850,0
Hong Kong,HKG,1860,0
Hong Kong,HKG,1870,0
Hong Kong,HKG,1880,0
Hong Kong,HKG,1890,0
Hong Kong,HKG,1900,0
Hong Kong,HKG,1910,0
Hong Kong,HKG,1920,0
Hong Kong,HKG,1930,0
Hong Kong,HKG,1940,0
Hong Kong,HKG,1950,0
Hong Kong,HKG,1951,0
Hong Kong,HKG,1952,0
Hong Kong,HKG,1953,0
Hong Kong,HKG,1954,0
Hong Kong,HKG,1955,0
Hong Kong,HKG,1956,0
Hong Kong,HKG,1957,0
Hong Kong,HKG,1958,0
Hong Kong,HKG,1959,0
Hong Kong,HKG,1960,0
Hong Kong,HKG,1961,0
Hong Kong,HKG,1962,0
Hong Kong,HKG,1963,0
Hong Kong,HKG,1964,0
Hong Kong,HKG,1965,0
Hong Kong,HKG,1966,0
Hong Kong,HKG,1967,0
Hong Kong,HKG,1968,0
Hong Kong,HKG,1969,0
Hong Kong,HKG,1970,0
Hong Kong,HKG,1971,0
Hong Kong,HKG,1972,0
Hong Kong,HKG,1973,0
Hong Kong,HKG,1974,0
Hong Kong,HKG,1975,0
Hong Kong,HKG,1976,0
Hong Kong,HKG,1977,0
Hong Kong,HKG,1978,0
Hong Kong,HKG,1979,0
Hong Kong,HKG,1980,0
Hong Kong,HKG,1981,0
Hong Kong,HKG,1982,0
Hong Kong,HKG,1983,0
Hong Kong,HKG,1984,0
Hong Kong,HKG,1985,0
Hong Kong,HKG,1986,0
Hong Kong,HKG,1987,0
Hong Kong,HKG,1988,0
Hong Kong,HKG,1989,0
Hong Kong,HKG,1990,0
Hong Kong,HKG,1991,0
Hong Kong,HKG,1992,0
Hong Kong,HKG,1993,0
Hong Kong,HKG,1994,0
Hong Kong,HKG,1995,0
Hong Kong,HKG,1996,0
Hong Kong,HKG,1997,0
Hong Kong,HKG,1998,0
Hong Kong,HKG,1999,0
Hong Kong,HKG,2000,0
Hong Kong,HKG,2001,0
Hong Kong,HKG,2002,0
Hong Kong,HKG,2003,0
Hong Kong,HKG,2004,0
Hong Kong,HKG,2005,0
Hong Kong,HKG,2006,0
Hong Kong,HKG,2007,0
Hong Kong,HKG,2008,0
Hong Kong,HKG,2009,0
Hong Kong,HKG,2010,0
Hong Kong,HKG,2011,0
Hong Kong,HKG,2012,0
Hong Kong,HKG,2013,0
Hong Kong,HKG,2014,0
Hong Kong,HKG,2015,0
Hong Kong,HKG,2016,0
Hong Kong,HKG,2017,0
Hong Kong,HKG,2018,0
Hong Kong,HKG,2019,0
Hong Kong,HKG,2020,0
Hong Kong,HKG,2021,0
Hong Kong,HKG,2022,0
Hong Kong,HKG,2023,0
Hong Kong,HKG,2024,0
Hong Kong,HKG,2025,0
Hungary,HUN,-10000,0
Hungary,HUN,-9000,0
Hungary,HUN,-8000,0
Hungary,HUN,-7000,0
Hungary,HUN,-6000,1.0593971
Hungary,HUN,-5000,1.9445143
Hungary,HUN,-4000,1.8855727
Hungary,HUN,-3000,1.8181813
Hungary,HUN,-2000,1.7390032
Hungary,HUN,-1000,1.6420555
Hungary,HUN,0,1.5146765
Hungary,HUN,100,1.4992992
Hungary,HUN,200,1.4832639
Hungary,HUN,300,1.4665034
Hungary,HUN,400,1.4489399
Hungary,HUN,500,1.430481
Hungary,HUN,600,1.4110171
Hungary,HUN,700,1.3904159
Hungary,HUN,800,1.368516
Hungary,HUN,900,1.3451173
Hungary,HUN,1000,1.3199673
Hungary,HUN,1100,1.2927399
Hungary,HUN,1200,1.2630044
Hungary,HUN,1300,1.2301708
Hungary,HUN,1400,1.1934077
Hungary,HUN,1500,1.1514593
Hungary,HUN,1600,1.1023237
Hungary,HUN,1700,1.0424465
Hungary,HUN,1710,1.0356419
Hungary,HUN,1720,1.0286537
Hungary,HUN,1730,1.0214704
Hungary,HUN,1740,1.0140792
Hungary,HUN,1750,1.0064657
Hungary,HUN,1760,0.99861485
Hungary,HUN,1770,0.9905089
Hungary,HUN,1780,0.98212874
Hungary,HUN,1790,0.9734523
Hungary,HUN,1800,0.964455
Hungary,HUN,1810,0.9551089
Hungary,HUN,1820,0.945382
Hungary,HUN,1830,0.92899173
Hungary,HUN,1840,0.9135571
Hungary,HUN,1850,0.89818436
Hungary,HUN,1860,0.8824187
Hungary,HUN,1870,0.8573887
Hungary,HUN,1880,0.83349967
Hungary,HUN,1890,0.8031174
Hungary,HUN,1900,0.7686288
Hungary,HUN,1910,0.7423958
Hungary,HUN,1920,0.7256481
Hungary,HUN,1930,0.7093408
Hungary,HUN,1940,0.6841028
Hungary,HUN,1950,0.6248677
Hungary,HUN,1951,0.625032
Hungary,HUN,1952,0.6229141
Hungary,HUN,1953,0.620767
Hungary,HUN,1954,0.6185898
Hungary,HUN,1955,0.6163815
Hungary,HUN,1956,0.6141411
Hungary,HUN,1957,0.61186755
Hungary,HUN,1958,0.60955966
Hungary,HUN,1959,0.6072163
Hungary,HUN,1960,0.60483617
Hungary,HUN,1961,0.6022882
Hungary,HUN,1962,0.60207397
Hungary,HUN,1963,0.60239524
Hungary,HUN,1964,0.6037875
Hungary,HUN,1965,0.60496545
Hungary,HUN,1966,0.6042158
Hungary,HUN,1967,0.60250235
Hungary,HUN,1968,0.60111016
Hungary,HUN,1969,0.6001463
Hungary,HUN,1970,0.5990754
Hungary,HUN,1971,0.5973619
Hungary,HUN,1972,0.5959697
Hungary,HUN,1973,0.59489876
Hungary,HUN,1974,0.58932996
Hungary,HUN,1975,0.5884732
Hungary,HUN,1976,0.585903
Hungary,HUN,1977,0.58065546
Hungary,HUN,1978,0.5770143
Hungary,HUN,1979,0.5733732
Hungary,HUN,1980,0.57112426
Hungary,HUN,1981,0.56941074
Hungary,HUN,1982,0.5674831
Hungary,HUN,1983,0.5667335
Hungary,HUN,1984,0.56641215
Hungary,HUN,1985,0.5668405
Hungary,HUN,1986,0.56641215
Hungary,HUN,1987,0.56641215
Hungary,HUN,1988,0.566198
Hungary,HUN,1989,0.566198
Hungary,HUN,1990,0.5663051
Hungary,HUN,1991,0.566198
Hungary,HUN,1992,0.53246385
Hungary,HUN,1993,0.53257096
Hungary,HUN,1994,0.53267807
Hungary,HUN,1995,0.5387823
Hungary,HUN,1996,0.5393178
Hungary,HUN,1997,0.5404958
Hungary,HUN,1998,0.5402816
Hungary,HUN,1999,0.53963906
Hungary,HUN,2000,0.5143652
Hungary,HUN,2001,0.5144723
Hungary,HUN,2002,0.51254463
Hungary,HUN,2003,0.5143652
Hungary,HUN,2004,0.5144723
Hungary,HUN,2005,0.5146865
Hungary,HUN,2006,0.5134014
Hungary,HUN,2007,0.512973
Hungary,HUN,2008,0.5119021
Hungary,HUN,2009,0.511795
Hungary,HUN,2010,0.4904836
Hungary,HUN,2011,0.48822424
Hungary,HUN,2012,0.48630223
Hungary,HUN,2013,0.4757235
Hungary,HUN,2014,0.47429016
Hungary,HUN,2015,0.4723441
Hungary,HUN,2016,0.4699961
Hungary,HUN,2017,0.4680833
Hungary,HUN,2018,0.46597883
Hungary,HUN,2019,0.46316895
Hungary,HUN,2020,0.4300735
Hungary,HUN,2021,0.4419657
Hungary,HUN,2022,0.44466612
Hungary,HUN,2023,0.43261075
Hungary,HUN,2024,0.4276351
Hungary,HUN,2025,0.42263442
Iceland,ISL,-10000,0
Iceland,ISL,-9000,0
Iceland,ISL,-8000,0
Iceland,ISL,-7000,0
Iceland,ISL,-6000,0
Iceland,ISL,-5000,0
Iceland,ISL,-4000,0
Iceland,ISL,-3000,0
Iceland,ISL,-2000,0
Iceland,ISL,-1000,0
Iceland,ISL,0,0
Iceland,ISL,100,0
Iceland,ISL,200,0
Iceland,ISL,300,0
Iceland,ISL,400,0
Iceland,ISL,500,0
Iceland,ISL,600,0
Iceland,ISL,700,0
Iceland,ISL,800,0
Iceland,ISL,900,0.66439694
Iceland,ISL,1000,0.66623664
Iceland,ISL,1100,0.6680662
Iceland,ISL,1200,0.66988575
Iceland,ISL,1300,0.67169553
Iceland,ISL,1400,0.67349553
Iceland,ISL,1500,0.675286
Iceland,ISL,1600,0.67706704
Iceland,ISL,1700,0.67883873
Iceland,ISL,1710,0.67901546
Iceland,ISL,1720,0.67919195
Iceland,ISL,1730,0.67936844
Iceland,ISL,1740,0.6795448
Iceland,ISL,1750,0.6797212
Iceland,ISL,1760,0.6798973
Iceland,ISL,1770,0.6800735
Iceland,ISL,1780,0.68024945
Iceland,ISL,1790,0.6804254
Iceland,ISL,1800,0.68060124
Iceland,ISL,1810,0.6807771
Iceland,ISL,1820,0.6809526
Iceland,ISL,1830,0.68112826
Iceland,ISL,1840,0.6813037
Iceland,ISL,1850,0.68147904
Iceland,ISL,1860,0.68165433
Iceland,ISL,1870,0.6818296
Iceland,ISL,1880,0.68200475
Iceland,ISL,1890,0.68217975
Iceland,ISL,1900,0.6823546
Iceland,ISL,1910,0.68252957
Iceland,ISL,1920,0.68270427
Iceland,ISL,1930,0.6828789
Iceland,ISL,1940,0.68305355
Iceland,ISL,1950,0.683228
Iceland,ISL,1951,0.6832454
Iceland,ISL,1952,0.6832629
Iceland,ISL,1953,0.68328035
Iceland,ISL,1954,0.6832978
Iceland,ISL,1955,0.6833152
Iceland,ISL,1956,0.68333274
Iceland,ISL,1957,0.6833501
Iceland,ISL,1958,0.6833676
Iceland,ISL,1959,0.683385
Iceland,ISL,1960,0.6834024
Iceland,ISL,1961,0.6697064
Iceland,ISL,1962,0.6567749
Iceland,ISL,1963,0.64473146
Iceland,ISL,1964,0.6337872
Iceland,ISL,1965,0.6239828
Iceland,ISL,1966,0.61541617
Iceland,ISL,1967,0.60789967
Iceland,ISL,1968,0.60099465
Iceland,ISL,1969,0.5941359
Iceland,ISL,1970,0.59190124
Iceland,ISL,1971,0.58895373
Iceland,ISL,1972,0.5860827
Iceland,ISL,1973,0.5832851
Iceland,ISL,1974,0.58055824
Iceland,ISL,1975,0.57789946
Iceland,ISL,1976,0.57712376
Iceland,ISL,1977,0.58086497
Iceland,ISL,1978,0.5800764
Iceland,ISL,1979,0.579302
Iceland,ISL,1980,0.58292425
Iceland,ISL,1981,0.57623756
Iceland,ISL,1982,0.57398593
Iceland,ISL,1983,0.5675494
Iceland,ISL,1984,0.5612556
Iceland,ISL,1985,0.5550999
Iceland,ISL,1986,0.55310416
Iceland,ISL,1987,0.5470992
Iceland,ISL,1988,0.54122317
Iceland,ISL,1989,0.53547204
Iceland,ISL,1990,0.5337666
Iceland,ISL,1991,0.52850425
Iceland,ISL,1992,0.52334464
Iceland,ISL,1993,0.51447386
Iceland,ISL,1994,0.5095474
Iceland,ISL,1995,0.5047144
Iceland,ISL,1996,0.49588415
Iceland,ISL,1997,0.48723158
Iceland,ISL,1998,0.47149763
Iceland,ISL,1999,0.46325624
Iceland,ISL,2000,0.45873192
Iceland,ISL,2001,0.45371956
Iceland,ISL,2002,0.44881555
Iceland,ISL,2003,0.4440164
Iceland,ISL,2004,0.43931884
Iceland,ISL,2005,0.4347196
Iceland,ISL,2006,0.427972
Iceland,ISL,2007,0.40836304
Iceland,ISL,2008,0.40221536
Iceland,ISL,2009,0.3930801
Iceland,ISL,2010,0.38421178
Iceland,ISL,2011,0.37600368
Iceland,ISL,2012,0.36743122
Iceland,ISL,2013,0.36209527
Iceland,ISL,2014,0.3569121
Iceland,ISL,2015,0.3512946
Iceland,ISL,2016,0.34640598
Iceland,ISL,2017,0.34165156
Iceland,ISL,2018,0.3370259
Iceland,ISL,2019,0.33252382
Iceland,ISL,2020,0.32814044
Iceland,ISL,2021,0.3242304
Iceland,ISL,2022,0.3204125
Iceland,ISL,2023,0.3166834
Iceland,ISL,2024,0.31304017
Iceland,ISL,2025,0.30947977
India,IND,-10000,0
India,IND,-9000,0
India,IND,-8000,0
India,IND,-7000,0
India,IND,-6000,0
India,IND,-5000,0
India,IND,-4000,0.0178913
India,IND,-3000,0.01771416
India,IND,-2000,0.09429396
India,IND,-1000,0.23269172
India,IND,0,0.26863763
India,IND,100,0.26597783
India,IND,200,0.26334438
India,IND,300,0.260737
India,IND,400,0.25815547
India,IND,500,0.2555995
India,IND,600,0.25306877
India,IND,700,0.25056314
India,IND,800,0.24808232
India,IND,900,0.24562606
India,IND,1000,0.24319409
India,IND,1100,0.24078625
India,IND,1200,0.23840223
India,IND,1300,0.23604181
India,IND,1400,0.23370478
India,IND,1500,0.23139088
India,IND,1600,0.22909991
India,IND,1700,0.22683159
India,IND,1710,0.23860262
India,IND,1720,0.25110325
India,IND,1730,0.2643784
India,IND,1740,0.27847624
India,IND,1750,0.29344812
India,IND,1760,0.3093486
India,IND,1770,0.32623613
India,IND,1780,0.34417284
India,IND,1790,0.363225
India,IND,1800,0.38346335
India,IND,1810,0.40496323
India,IND,1820,0.43615234
India,IND,1830,0.44509774
India,IND,1840,0.48762992
India,IND,1850,0.47913203
India,IND,1860,0.4621305
India,IND,1870,0.44681284
India,IND,1880,0.45136634
India,IND,1890,0.42129737
India,IND,1900,0.4201053
India,IND,1910,0.45914325
India,IND,1920,0.46440122
India,IND,1930,0.45305198
India,IND,1940,0.42465052
India,IND,1950,0.39690495
India,IND,1951,0.3936482
India,IND,1952,0.3901158
India,IND,1953,0.38637486
India,IND,1954,0.38247597
India,IND,1955,0.37845442
India,IND,1956,0.37433115
India,IND,1957,0.37011504
India,IND,1958,0.36580583
India,IND,1959,0.36139786
India,IND,1960,0.35688764
India,IND,1961,0.3498711
India,IND,1962,0.34588498
India,IND,1963,0.3381466
India,IND,1964,0.33137926
India,IND,1965,0.3252088
India,IND,1966,0.31907588
India,IND,1967,0.314534
India,IND,1968,0.30942428
India,IND,1969,0.30266038
India,IND,1970,0.29711068
India,IND,1971,0.28904822
India,IND,1972,0.28296795
India,IND,1973,0.2782202
India,IND,1974,0.272702
India,IND,1975,0.26723465
India,IND,1976,0.2610426
India,IND,1977,0.25481516
India,IND,1978,0.25063297
India,IND,1979,0.2452219
India,IND,1980,0.23934732
India,IND,1981,0.23406854
India,IND,1982,0.22913592
India,IND,1983,0.22369783
India,IND,1984,0.21992692
India,IND,1985,0.21509391
India,IND,1986,0.21039201
India,IND,1987,0.2061707
India,IND,1988,0.20137663
India,IND,1989,0.19788279
India,IND,1990,0.19399005
India,IND,1991,0.19012623
India,IND,1992,0.18614379
India,IND,1993,0.18280672
India,IND,1994,0.1793436
India,IND,1995,0.17554203
India,IND,1996,0.17195582
India,IND,1997,0.16945569
India,IND,1998,0.16640943
India,IND,1999,0.16364089
India,IND,2000,0.16087271
India,IND,2001,0.1580482
India,IND,2002,0.15572812
India,IND,2003,0.15308686
India,IND,2004,0.15082483
India,IND,2005,0.14835186
India,IND,2006,0.1460055
India,IND,2007,0.14367773
India,IND,2008,0.14179052
India,IND,2009,0.14007197
India,IND,2010,0.13773617
India,IND,2011,0.13602853
India,IND,2012,0.13424166
India,IND,2013,0.13258468
India,IND,2014,0.13091815
India,IND,2015,0.12924391
India,IND,2016,0.12757312
India,IND,2017,0.125703
India,IND,2018,0.12410116
India,IND,2019,0.12255269
India,IND,2020,0.12066339
India,IND,2021,0.11945425
India,IND,2022,0.11826909
India,IND,2023,0.116860464
India,IND,2024,0.11558001
India,IND,2025,0.114324205
Indonesia,IDN,-10000,0
Indonesia,IDN,-9000,0
Indonesia,IDN,-8000,0
Indonesia,IDN,-7000,0
Indonesia,IDN,-6000,0
Indonesia,IDN,-5000,0
Indonesia,IDN,-4000,0.00029885522
Indonesia,IDN,-3000,0.00029885522
Indonesia,IDN,-2000,0.06764471
Indonesia,IDN,-1000,0.0833787
Indonesia,IDN,0,0.10145412
Indonesia,IDN,100,0.11257156
Indonesia,IDN,200,0.124921076
Indonesia,IDN,300,0.13905358
Indonesia,IDN,400,0.15483375
Indonesia,IDN,500,0.17158432
Indonesia,IDN,600,0.19060767
Indonesia,IDN,700,0.21205972
Indonesia,IDN,800,0.23529239
Indonesia,IDN,900,0.26130325
Indonesia,IDN,1000,0.29068813
Indonesia,IDN,1100,0.32291096
Indonesia,IDN,1200,0.35852468
Indonesia,IDN,1300,0.39894897
Indonesia,IDN,1400,0.4433599
Indonesia,IDN,1500,0.4664396
Indonesia,IDN,1600,0.48234135
Indonesia,IDN,1700,0.49461544
Indonesia,IDN,1710,0.505105
Indonesia,IDN,1720,0.5154406
Indonesia,IDN,1730,0.5257733
Indonesia,IDN,1740,0.53640306
Indonesia,IDN,1750,0.5474951
Indonesia,IDN,1760,0.55851525
Indonesia,IDN,1770,0.5699745
Indonesia,IDN,1780,0.5816721
Indonesia,IDN,1790,0.59392256
Indonesia,IDN,1800,0.60565865
Indonesia,IDN,1810,0.57702243
Indonesia,IDN,1820,0.54938346
Indonesia,IDN,1830,0.52324003
Indonesia,IDN,1840,0.4983681
Indonesia,IDN,1850,0.47461352
Indonesia,IDN,1860,0.4519155
Indonesia,IDN,1870,0.43051648
Indonesia,IDN,1880,0.41030586
Indonesia,IDN,1890,0.3906332
Indonesia,IDN,1900,0.37751362
Indonesia,IDN,1910,0.3398662
Indonesia,IDN,1920,0.31317228
Indonesia,IDN,1930,0.29326043
Indonesia,IDN,1940,0.27783924
Indonesia,IDN,1950,0.294012
Indonesia,IDN,1951,0.29023054
Indonesia,IDN,1952,0.28613722
Indonesia,IDN,1953,0.28175944
Indonesia,IDN,1954,0.2771336
Indonesia,IDN,1955,0.27230215
Indonesia,IDN,1956,0.26731265
Indonesia,IDN,1957,0.26222026
Indonesia,IDN,1958,0.25707155
Indonesia,IDN,1959,0.25191596
Indonesia,IDN,1960,0.24678822
Indonesia,IDN,1961,0.2403634
Indonesia,IDN,1962,0.23637882
Indonesia,IDN,1963,0.23277666
Indonesia,IDN,1964,0.22796707
Indonesia,IDN,1965,0.2246885
Indonesia,IDN,1966,0.22053069
Indonesia,IDN,1967,0.21593194
Indonesia,IDN,1968,0.21427602
Indonesia,IDN,1969,0.21250917
Indonesia,IDN,1970,0.20829402
Indonesia,IDN,1971,0.20528178
Indonesia,IDN,1972,0.20229903
Indonesia,IDN,1973,0.19873247
Indonesia,IDN,1974,0.19524816
Indonesia,IDN,1975,0.19303706
Indonesia,IDN,1976,0.18995275
Indonesia,IDN,1977,0.18709311
Indonesia,IDN,1978,0.18499695
Indonesia,IDN,1979,0.1846969
Indonesia,IDN,1980,0.18372744
Indonesia,IDN,1981,0.18274081
Indonesia,IDN,1982,0.18158819
Indonesia,IDN,1983,0.17936763
Indonesia,IDN,1984,0.1798382
Indonesia,IDN,1985,0.18628377
Indonesia,IDN,1986,0.19368896
Indonesia,IDN,1987,0.20039028
Indonesia,IDN,1988,0.20170493
Indonesia,IDN,1989,0.19634989
Indonesia,IDN,1990,0.19804214
Indonesia,IDN,1991,0.18159418
Indonesia,IDN,1992,0.17727068
Indonesia,IDN,1993,0.17840944
Indonesia,IDN,1994,0.17541188
Indonesia,IDN,1995,0.17853457
Indonesia,IDN,1996,0.17952862
Indonesia,IDN,1997,0.1770763
Indonesia,IDN,1998,0.1755157
Indonesia,IDN,1999,0.17860879
Indonesia,IDN,2000,0.17894153
Indonesia,IDN,2001,0.17851606
Indonesia,IDN,2002,0.17489639
Indonesia,IDN,2003,0.17399184
Indonesia,IDN,2004,0.17006275
Indonesia,IDN,2005,0.16873638
Indonesia,IDN,2006,0.16670114
Indonesia,IDN,2007,0.16768318
Indonesia,IDN,2008,0.1702749
Indonesia,IDN,2009,0.1733003
Indonesia,IDN,2010,0.17533693
Indonesia,IDN,2011,0.17854775
Indonesia,IDN,2012,0.18002747
Indonesia,IDN,2013,0.18204647
Indonesia,IDN,2014,0.185275
Indonesia,IDN,2015,0.18596584
Indonesia,IDN,2016,0.1885772
Indonesia,IDN,2017,0.18757118
Indonesia,IDN,2018,0.186852
Indonesia,IDN,2019,0.18691218
Indonesia,IDN,2020,0.1871283
Indonesia,IDN,2021,0.18738118
Indonesia,IDN,2022,0.18795621
Indonesia,IDN,2023,0.18668336
Indonesia,IDN,2024,0.18890445
Indonesia,IDN,2025,0.18936366
Iran,IRN,-10000,0
Iran,IRN,-9000,0
Iran,IRN,-8000,0.4119851
Iran,IRN,-7000,0.9443948
Iran,IRN,-6000,1.0744057
Iran,IRN,-5000,1.7059122
Iran,IRN,-4000,1.6324073
Iran,IRN,-3000,1.5510634
Iran,IRN,-2000,1.4593219
Iran,IRN,-1000,1.3528786
Iran,IRN,0,1.2236438
Iran,IRN,100,1.2089021
Iran,IRN,200,1.1937424
Iran,IRN,300,1.1780932
Iran,IRN,400,1.1619381
Iran,IRN,500,1.1452304
Iran,IRN,600,1.1278838
Iran,IRN,700,1.1099308
Iran,IRN,800,1.0912088
Iran,IRN,900,1.0716442
Iran,IRN,1000,1.0511296
Iran,IRN,1100,1.0295321
Iran,IRN,1200,1.0066459
Iran,IRN,1300,0.98225534
Iran,IRN,1400,0.95606595
Iran,IRN,1500,0.92758155
Iran,IRN,1600,0.8960894
Iran,IRN,1700,0.8603141
Iran,IRN,1710,0.85633457
Iran,IRN,1720,0.85245246
Iran,IRN,1730,0.8484126
Iran,IRN,1740,0.8442941
Iran,IRN,1750,0.84009194
Iran,IRN,1760,0.83580023
Iran,IRN,1770,0.8314126
Iran,IRN,1780,0.8269218
Iran,IRN,1790,0.8223196
Iran,IRN,1800,0.8175966
Iran,IRN,1810,0.8127417
Iran,IRN,1820,0.80774206
Iran,IRN,1830,0.80251586
Iran,IRN,1840,0.797206
Iran,IRN,1850,0.79168975
Iran,IRN,1860,0.78594565
Iran,IRN,1870,0.7799225
Iran,IRN,1880,0.7735959
Iran,IRN,1890,0.76690906
Iran,IRN,1900,0.7597833
Iran,IRN,1910,0.75210613
Iran,IRN,1920,0.7437045
Iran,IRN,1930,0.7342866
Iran,IRN,1940,0.7232598
Iran,IRN,1950,0.7091751
Iran,IRN,1951,0.7074854
Iran,IRN,1952,0.7056925
Iran,IRN,1953,0.7038212
Iran,IRN,1954,0.7017827
Iran,IRN,1955,0.6995633
Iran,IRN,1956,0.6971045
Iran,IRN,1957,0.6943099
Iran,IRN,1958,0.69098693
Iran,IRN,1959,0.6866958
Iran,IRN,1960,0.67929834
Iran,IRN,1961,0.67930233
Iran,IRN,1962,0.66272444
Iran,IRN,1963,0.6482145
Iran,IRN,1964,0.63394547
Iran,IRN,1965,0.619913
Iran,IRN,1966,0.60410565
Iran,IRN,1967,0.59084773
Iran,IRN,1968,0.5770737
Iran,IRN,1969,0.5643746
Iran,IRN,1970,0.55060655
Iran,IRN,1971,0.55002
Iran,IRN,1972,0.55581886
Iran,IRN,1973,0.5624244
Iran,IRN,1974,0.53103983
Iran,IRN,1975,0.5013239
Iran,IRN,1976,0.46981063
Iran,IRN,1977,0.447011
Iran,IRN,1978,0.40997493
Iran,IRN,1979,0.42512175
Iran,IRN,1980,0.35547513
Iran,IRN,1981,0.35557166
Iran,IRN,1982,0.35614
Iran,IRN,1983,0.35103545
Iran,IRN,1984,0.34600154
Iran,IRN,1985,0.34131062
Iran,IRN,1986,0.3362956
Iran,IRN,1987,0.33161756
Iran,IRN,1988,0.32745716
Iran,IRN,1989,0.3139339
Iran,IRN,1990,0.30070758
Iran,IRN,1991,0.32225034
Iran,IRN,1992,0.3282354
Iran,IRN,1993,0.32277203
Iran,IRN,1994,0.3182733
Iran,IRN,1995,0.30836725
Iran,IRN,1996,0.29293436
Iran,IRN,1997,0.29338175
Iran,IRN,1998,0.28026673
Iran,IRN,1999,0.2535474
Iran,IRN,2000,0.26358163
Iran,IRN,2001,0.26342565
Iran,IRN,2002,0.26327243
Iran,IRN,2003,0.26312277
Iran,IRN,2004,0.262977
Iran,IRN,2005,0.2628357
Iran,IRN,2006,0.26280826
Iran,IRN,2007,0.24054852
Iran,IRN,2008,0.23810144
Iran,IRN,2009,0.23333225
Iran,IRN,2010,0.22867087
Iran,IRN,2011,0.22415234
Iran,IRN,2012,0.21974552
Iran,IRN,2013,0.21542443
Iran,IRN,2014,0.21309295
Iran,IRN,2015,0.20856568
Iran,IRN,2016,0.20635574
Iran,IRN,2017,0.20298386
Iran,IRN,2018,0.19973645
Iran,IRN,2019,0.2148573
Iran,IRN,2020,0.21315223
Iran,IRN,2021,0.21218391
Iran,IRN,2022,0.21075732
Iran,IRN,2023,0.21007343
Iran,IRN,2024,0.20913221
Iran,IRN,2025,0.20820335
Iraq,IRQ,-10000,0
Iraq,IRQ,-9000,0
Iraq,IRQ,-8000,0.2495301
Iraq,IRQ,-7000,1.1143031
Iraq,IRQ,-6000,1.7779043
Iraq,IRQ,-5000,1.7111046
Iraq,IRQ,-4000,1.6379387
Iraq,IRQ,-3000,1.5567212
Iraq,IRQ,-2000,1.4648464
Iraq,IRQ,-1000,1.3579239
Iraq,IRQ,0,1.2274431
Iraq,IRQ,100,1.2124997
Iraq,IRQ,200,1.1971081
Iraq,IRQ,300,1.1812313
Iraq,IRQ,400,1.1648266
Iraq,IRQ,500,1.1478451
Iraq,IRQ,600,1.1302298
Iraq,IRQ,700,1.1119134
Iraq,IRQ,800,1.0927957
Iraq,IRQ,900,1.0728408
Iraq,IRQ,1000,1.0518653
Iraq,IRQ,1100,1.029756
Iraq,IRQ,1200,1.0063093
Iraq,IRQ,1300,0.9812814
Iraq,IRQ,1400,0.9543323
Iraq,IRQ,1500,0.9249745
Iraq,IRQ,1600,0.8924581
Iraq,IRQ,1700,0.8555033
Iraq,IRQ,1710,0.8514839
Iraq,IRQ,1720,0.84739316
Iraq,IRQ,1730,0.843227
Iraq,IRQ,1740,0.8389811
Iraq,IRQ,1750,0.8346502
Iraq,IRQ,1760,0.830229
Iraq,IRQ,1770,0.82571113
Iraq,IRQ,1780,0.8210894
Iraq,IRQ,1790,0.81635606
Iraq,IRQ,1800,0.8115018
Iraq,IRQ,1810,0.8065162
Iraq,IRQ,1820,0.8013868
Iraq,IRQ,1830,0.7960993
Iraq,IRQ,1840,0.7906363
Iraq,IRQ,1850,0.78497726
Iraq,IRQ,1860,0.7790965
Iraq,IRQ,1870,0.77296215
Iraq,IRQ,1880,0.76653343
Iraq,IRQ,1890,0.7597563
Iraq,IRQ,1900,0.7525569
Iraq,IRQ,1910,0.74482954
Iraq,IRQ,1920,0.73641217
Iraq,IRQ,1930,0.71383727
Iraq,IRQ,1940,0.7209606
Iraq,IRQ,1950,0.69965947
Iraq,IRQ,1951,0.6932363
Iraq,IRQ,1952,0.68697
Iraq,IRQ,1953,0.6808132
Iraq,IRQ,1954,0.67471623
Iraq,IRQ,1955,0.668623
Iraq,IRQ,1956,0.662466
Iraq,IRQ,1957,0.6561546
Iraq,IRQ,1958,0.64955163
Iraq,IRQ,1959,0.64240247
Iraq,IRQ,1960,0.63394475
Iraq,IRQ,1961,0.6287329
Iraq,IRQ,1962,0.6196067
Iraq,IRQ,1963,0.60971636
Iraq,IRQ,1964,0.5989757
Iraq,IRQ,1965,0.58740705
Iraq,IRQ,1966,0.56928754
Iraq,IRQ,1967,0.556586
Iraq,IRQ,1968,0.5382973
Iraq,IRQ,1969,0.52057385
Iraq,IRQ,1970,0.503429
Iraq,IRQ,1971,0.48575884
Iraq,IRQ,1972,0.48385975
Iraq,IRQ,1973,0.46840826
Iraq,IRQ,1974,0.4627312
Iraq,IRQ,1975,0.44850302
Iraq,IRQ,1976,0.43406406
Iraq,IRQ,1977,0.4205258
Iraq,IRQ,1978,0.41583145
Iraq,IRQ,1979,0.40736824
Iraq,IRQ,1980,0.39574975
Iraq,IRQ,1981,0.38601097
Iraq,IRQ,1982,0.37750193
Iraq,IRQ,1983,0.36864802
Iraq,IRQ,1984,0.36019987
Iraq,IRQ,1985,0.3530994
Iraq,IRQ,1986,0.34559882
Iraq,IRQ,1987,0.3375248
Iraq,IRQ,1988,0.33282876
Iraq,IRQ,1989,0.30774733
Iraq,IRQ,1990,0.30102855
Iraq,IRQ,1991,0.31353274
Iraq,IRQ,1992,0.29936
Iraq,IRQ,1993,0.30696917
Iraq,IRQ,1994,0.27150008
Iraq,IRQ,1995,0.2513773
Iraq,IRQ,1996,0.24283318
Iraq,IRQ,1997,0.21458913
Iraq,IRQ,1998,0.2073138
Iraq,IRQ,1999,0.1944381
Iraq,IRQ,2000,0.18862027
Iraq,IRQ,2001,0.18283354
Iraq,IRQ,2002,0.18568183
Iraq,IRQ,2003,0.18067189
Iraq,IRQ,2004,0.17592518
Iraq,IRQ,2005,0.17690407
Iraq,IRQ,2006,0.17681313
Iraq,IRQ,2007,0.17672756
Iraq,IRQ,2008,0.13991506
Iraq,IRQ,2009,0.124962814
Iraq,IRQ,2010,0.13324244
Iraq,IRQ,2011,0.13964911
Iraq,IRQ,2012,0.1364068
Iraq,IRQ,2013,0.14138067
Iraq,IRQ,2014,0.14921325
Iraq,IRQ,2015,0.14546429
Iraq,IRQ,2016,0.14297633
Iraq,IRQ,2017,0.14008169
Iraq,IRQ,2018,0.13747633
Iraq,IRQ,2019,0.13498993
Iraq,IRQ,2020,0.13261454
Iraq,IRQ,2021,0.13024867
Iraq,IRQ,2022,0.1279871
Iraq,IRQ,2023,0.12582308
Iraq,IRQ,2024,0.12375045
Iraq,IRQ,2025,0.12176353
Ireland,IRL,-10000,0
Ireland,IRL,-9000,0
Ireland,IRL,-8000,0
Ireland,IRL,-7000,0
Ireland,IRL,-6000,0
Ireland,IRL,-5000,0
Ireland,IRL,-4000,1.5814315
Ireland,IRL,-3000,1.4859251
Ireland,IRL,-2000,1.3762532
Ireland,IRL,-1000,1.2455982
Ireland,IRL,0,1.0796264
Ireland,IRL,100,1.0599921
Ireland,IRL,200,1.039602
Ireland,IRL,300,1.0183793
Ireland,IRL,400,0.996233
Ireland,IRL,500,0.97305566
Ireland,IRL,600,0.9487183
Ireland,IRL,700,0.9230639
Ireland,IRL,800,0.89589816
Ireland,IRL,900,0.8669767
Ireland,IRL,1000,0.8359852
Ireland,IRL,1100,0.80250776
Ireland,IRL,1200,0.76597565
Ireland,IRL,1300,0.7255797
Ireland,IRL,1400,0.68010724
Ireland,IRL,1500,0.62757057
Ireland,IRL,1600,0.56436044
Ireland,IRL,1700,0.48250765
Ireland,IRL,1710,0.47265553
Ireland,IRL,1720,0.4623746
Ireland,IRL,1730,0.45161492
Ireland,IRL,1740,0.4403166
Ireland,IRL,1750,0.42840657
Ireland,IRL,1760,0.41579476
Ireland,IRL,1770,0.40236765
Ireland,IRL,1780,0.38797903
Ireland,IRL,1790,0.3724328
Ireland,IRL,1800,0.35547155
Ireland,IRL,1810,0.33670875
Ireland,IRL,1820,0.31559122
Ireland,IRL,1830,0.29118994
Ireland,IRL,1840,0.26183137
Ireland,IRL,1850,0.2618398
Ireland,IRL,1860,0.23871791
Ireland,IRL,1870,0.2155947
Ireland,IRL,1880,0.25223663
Ireland,IRL,1890,0.24903516
Ireland,IRL,1900,0.24583367
Ireland,IRL,1910,0.24263215
Ireland,IRL,1920,0.24049656
Ireland,IRL,1930,0.23836096
Ireland,IRL,1940,0.23622532
Ireland,IRL,1950,0.23408972
Ireland,IRL,1951,0.23387615
Ireland,IRL,1952,0.2336626
Ireland,IRL,1953,0.23344903
Ireland,IRL,1954,0.23323548
Ireland,IRL,1955,0.2330219
Ireland,IRL,1956,0.23280835
Ireland,IRL,1957,0.2325948
Ireland,IRL,1958,0.23238122
Ireland,IRL,1959,0.23216765
Ireland,IRL,1960,0.23195411
Ireland,IRL,1961,0.23212454
Ireland,IRL,1962,0.23002194
Ireland,IRL,1963,0.21802323
Ireland,IRL,1964,0.20671925
Ireland,IRL,1965,0.19940872
Ireland,IRL,1966,0.17969611
Ireland,IRL,1967,0.18410397
Ireland,IRL,1968,0.18360904
Ireland,IRL,1969,0.1774235
Ireland,IRL,1970,0.18142386
Ireland,IRL,1971,0.1799595
Ireland,IRL,1972,0.16885588
Ireland,IRL,1973,0.15724379
Ireland,IRL,1974,0.15090182
Ireland,IRL,1975,0.14430961
Ireland,IRL,1976,0.14702275
Ireland,IRL,1977,0.15338011
Ireland,IRL,1978,0.15234149
Ireland,IRL,1979,0.15337984
Ireland,IRL,1980,0.16171983
Ireland,IRL,1981,0.15350337
Ireland,IRL,1982,0.14811602
Ireland,IRL,1983,0.14171341
Ireland,IRL,1984,0.14567861
Ireland,IRL,1985,0.14238593
Ireland,IRL,1986,0.13129504
Ireland,IRL,1987,0.12346854
Ireland,IRL,1988,0.11882508
Ireland,IRL,1989,0.11700762
Ireland,IRL,1990,0.11139573
Ireland,IRL,1991,0.11036315
Ireland,IRL,1992,0.11032176
Ireland,IRL,1993,0.1128502
Ireland,IRL,1994,0.11119999
Ireland,IRL,1995,0.10943313
Ireland,IRL,1996,0.11052084
Ireland,IRL,1997,0.11523344
Ireland,IRL,1998,0.11968847
Ireland,IRL,1999,0.12382436
Ireland,IRL,2000,0.12733918
Ireland,IRL,2001,0.13076533
Ireland,IRL,2002,0.13082553
Ireland,IRL,2003,0.13167645
Ireland,IRL,2004,0.12683019
Ireland,IRL,2005,0.11670845
Ireland,IRL,2006,0.10923532
Ireland,IRL,2007,0.106512554
Ireland,IRL,2008,0.10877388
Ireland,IRL,2009,0.101922825
Ireland,IRL,2010,0.09527704
Ireland,IRL,2011,0.098575175
Ireland,IRL,2012,0.10270146
Ireland,IRL,2013,0.1000111
Ireland,IRL,2014,0.09730624
Ireland,IRL,2015,0.09396015
Ireland,IRL,2016,0.09481168
Ireland,IRL,2017,0.09402094
Ireland,IRL,2018,0.09122503
Ireland,IRL,2019,0.08887533
Ireland,IRL,2020,0.088350736
Ireland,IRL,2021,0.08594908
Ireland,IRL,2022,0.08709938
Ireland,IRL,2023,0.0849272
Ireland,IRL,2024,0.08382764
Ireland,IRL,2025,0.08274794
Israel,ISR,-10000,0
Israel,ISR,-9000,0
Israel,ISR,-8000,1.0526313
Israel,ISR,-7000,1.0686879
Israel,ISR,-6000,1.0297567
Israel,ISR,-5000,0.9471575
Israel,ISR,-4000,0.88151276
Israel,ISR,-3000,0.8241556
Israel,ISR,-2000,0.7677533
Israel,ISR,-1000,0.7049517
Israel,ISR,0,0.6258206
Israel,ISR,100,0.6551822
Israel,ISR,200,0.60478073
Israel,ISR,300,0.5021777
Israel,ISR,400,0.5642633
Israel,ISR,500,0.60457647
Israel,ISR,600,0.59268695
Israel,ISR,700,0.55628794
Israel,ISR,800,0.5173682
Israel,ISR,900,0.49801117
Israel,ISR,1000,0.47740304
Israel,ISR,1100,0.46875826
Israel,ISR,1200,0.45824102
Israel,ISR,1300,0.44559044
Israel,ISR,1400,0.40335956
Israel,ISR,1500,0.4019627
Israel,ISR,1600,0.37940973
Israel,ISR,1700,0.3401045
Israel,ISR,1710,0.33085194
Israel,ISR,1720,0.3215299
Israel,ISR,1730,0.31210142
Israel,ISR,1740,0.30255353
Israel,ISR,1750,0.292879
Israel,ISR,1760,0.28307483
Israel,ISR,1770,0.27314225
Israel,ISR,1780,0.26308563
Israel,ISR,1790,0.2529126
Israel,ISR,1800,0.24263325
Israel,ISR,1810,0.23536384
Israel,ISR,1820,0.22882567
Israel,ISR,1830,0.22225103
Israel,ISR,1840,0.21562167
Israel,ISR,1850,0.20891604
Israel,ISR,1860,0.20210816
Israel,ISR,1870,0.1981452
Israel,ISR,1880,0.19384855
Israel,ISR,1890,0.18915612
Israel,ISR,1900,0.18398291
Israel,ISR,1910,0.17820704
Israel,ISR,1920,0.1682428
Israel,ISR,1930,0.15469487
Israel,ISR,1940,0.1462861
Israel,ISR,1950,0.13099784
Israel,ISR,1951,0.13372637
Israel,ISR,1952,0.13505505
Israel,ISR,1953,0.1353821
Israel,ISR,1954,0.13502198
Israel,ISR,1955,0.13417758
Israel,ISR,1956,0.13291736
Israel,ISR,1957,0.13117038
Israel,ISR,1958,0.12886916
Israel,ISR,1959,0.12579377
Israel,ISR,1960,0.12078779
Israel,ISR,1961,0.12136672
Israel,ISR,1962,0.11523668
Israel,ISR,1963,0.116056934
Israel,ISR,1964,0.11322704
Israel,ISR,1965,0.10757986
Israel,ISR,1966,0.10870159
Israel,ISR,1967,0.107520826
Israel,ISR,1968,0.10552204
Israel,ISR,1969,0.104235016
Israel,ISR,1970,0.10278556
Israel,ISR,1971,0.10033462
Israel,ISR,1972,0.097165674
Israel,ISR,1973,0.09623288
Israel,ISR,1974,0.09442924
Israel,ISR,1975,0.09046727
Israel,ISR,1976,0.08608259
Israel,ISR,1977,0.08420447
Israel,ISR,1978,0.08224271
Israel,ISR,1979,0.08035067
Israel,ISR,1980,0.07849274
Israel,ISR,1981,0.07779414
Israel,ISR,1982,0.07653343
Israel,ISR,1983,0.072615094
Israel,ISR,1984,0.07317302
Israel,ISR,1985,0.0717982
Israel,ISR,1986,0.07142649
Israel,ISR,1987,0.06973442
Israel,ISR,1988,0.06806821
Israel,ISR,1989,0.06625481
Israel,ISR,1990,0.065202154
Israel,ISR,1991,0.06305859
Israel,ISR,1992,0.06058939
Israel,ISR,1993,0.058376312
Israel,ISR,1994,0.056524914
Israel,ISR,1995,0.05375751
Israel,ISR,1996,0.050961554
Israel,ISR,1997,0.049361438
Israel,ISR,1998,0.047863033
Israel,ISR,1999,0.046394076
Israel,ISR,2000,0.045833223
Israel,ISR,2001,0.045058876
Israel,ISR,2002,0.044896685
Israel,ISR,2003,0.042743593
Israel,ISR,2004,0.03803585
Israel,ISR,2005,0.037325755
Israel,ISR,2006,0.035710685
Israel,ISR,2007,0.035630193
Israel,ISR,2008,0.03440076
Israel,ISR,2009,0.03407395
Israel,ISR,2010,0.032254864
Israel,ISR,2011,0.031965278
Israel,ISR,2012,0.031934474
Israel,ISR,2013,0.03068513
Israel,ISR,2014,0.0313116
Israel,ISR,2015,0.030282227
Israel,ISR,2016,0.029435094
Israel,ISR,2017,0.03543218
Israel,ISR,2018,0.03466018
Israel,ISR,2019,0.033548996
Israel,ISR,2020,0.033022143
Israel,ISR,2021,0.032187223
Israel,ISR,2022,0.03118587
Israel,ISR,2023,0.030536927
Israel,ISR,2024,0.029812517
Israel,ISR,2025,0.029115755
Italy,ITA,-10000,0
Italy,ITA,-9000,0
Italy,ITA,-8000,0
Italy,ITA,-7000,0
Italy,ITA,-6000,0.05167616
Italy,ITA,-5000,0.3813
Italy,ITA,-4000,0.47830263
Italy,ITA,-3000,0.59898776
Italy,ITA,-2000,0.7574575
Italy,ITA,-1000,0.9468223
Italy,ITA,0,1.1401179
Italy,ITA,100,1.1286755
Italy,ITA,200,1.1191118
Italy,ITA,300,1.1114547
Italy,ITA,400,1.0753038
Italy,ITA,500,1.0487283
Italy,ITA,600,1.0221736
Italy,ITA,700,0.9978205
Italy,ITA,800,0.97376424
Italy,ITA,900,0.95009565
Italy,ITA,1000,0.9270189
Italy,ITA,1100,0.90452147
Italy,ITA,1200,0.8825703
Italy,ITA,1300,0.86114746
Italy,ITA,1400,0.840022
Italy,ITA,1500,0.81955963
Italy,ITA,1600,0.79970443
Italy,ITA,1700,0.78019917
Italy,ITA,1710,0.7611669
Italy,ITA,1720,0.7425998
Italy,ITA,1730,0.7244853
Italy,ITA,1740,0.7068127
Italy,ITA,1750,0.6895711
Italy,ITA,1760,0.67274994
Italy,ITA,1770,0.65633893
Italy,ITA,1780,0.6403282
Italy,ITA,1790,0.6247082
Italy,ITA,1800,0.60946894
Italy,ITA,1810,0.59460133
Italy,ITA,1820,0.58009636
Italy,ITA,1830,0.5659514
Italy,ITA,1840,0.5521512
Italy,ITA,1850,0.5386869
Italy,ITA,1860,0.5255399
Italy,ITA,1870,0.5127185
Italy,ITA,1880,0.5001472
Italy,ITA,1890,0.4878614
Italy,ITA,1900,0.476935
Italy,ITA,1910,0.44750997
Italy,ITA,1920,0.4041685
Italy,ITA,1930,0.3796052
Italy,ITA,1940,0.35538632
Italy,ITA,1950,0.3356643
Italy,ITA,1951,0.33274314
Italy,ITA,1952,0.3301
Italy,ITA,1953,0.3277547
Italy,ITA,1954,0.32568237
Italy,ITA,1955,0.32384282
Italy,ITA,1956,0.32217616
Italy,ITA,1957,0.32059345
Italy,ITA,1958,0.31900695
Italy,ITA,1959,0.31730518
Italy,ITA,1960,0.3130822
Italy,ITA,1961,0.31086642
Italy,ITA,1962,0.30772963
Italy,ITA,1963,0.30235404
Italy,ITA,1964,0.29912657
Italy,ITA,1965,0.29546505
Italy,ITA,1966,0.2924629
Italy,ITA,1967,0.28955278
Italy,ITA,1968,0.287232
Italy,ITA,1969,0.28170058
Italy,ITA,1970,0.27848142
Italy,ITA,1971,0.22992727
Italy,ITA,1972,0.22644283
Italy,ITA,1973,0.22362946
Italy,ITA,1974,0.22324856
Italy,ITA,1975,0.22245537
Italy,ITA,1976,0.22207932
Italy,ITA,1977,0.2207987
Italy,ITA,1978,0.22151414
Italy,ITA,1979,0.22119212
Italy,ITA,1980,0.22033769
Italy,ITA,1981,0.2195124
Italy,ITA,1982,0.21880879
Italy,ITA,1983,0.2157546
Italy,ITA,1984,0.21474658
Italy,ITA,1985,0.21239562
Italy,ITA,1986,0.21193048
Italy,ITA,1987,0.21133664
Italy,ITA,1988,0.20972715
Italy,ITA,1989,0.20944428
Italy,ITA,1990,0.20947951
Italy,ITA,1991,0.20725149
Italy,ITA,1992,0.20325571
Italy,ITA,1993,0.19877104
Italy,ITA,1994,0.19454616
Italy,ITA,1995,0.19077852
Italy,ITA,1996,0.19222477
Italy,ITA,1997,0.19181485
Italy,ITA,1998,0.19476967
Italy,ITA,1999,0.19966055
Italy,ITA,2000,0.19685578
Italy,ITA,2001,0.19357203
Italy,ITA,2002,0.18838008
Italy,ITA,2003,0.1811586
Italy,ITA,2004,0.17991039
Italy,ITA,2005,0.1756356
Italy,ITA,2006,0.16784109
Italy,ITA,2007,0.16348888
Italy,ITA,2008,0.16866687
Italy,ITA,2009,0.16019748
Italy,ITA,2010,0.16227153
Italy,ITA,2011,0.15508774
Italy,ITA,2012,0.15980645
Italy,ITA,2013,0.1512945
Italy,ITA,2014,0.15125802
Italy,ITA,2015,0.14945453
Italy,ITA,2016,0.15052822
Italy,ITA,2017,0.15107359
Italy,ITA,2018,0.14953277
Italy,ITA,2019,0.1517008
Italy,ITA,2020,0.15201044
Italy,ITA,2021,0.1515735
Italy,ITA,2022,0.1532866
Italy,ITA,2023,0.15429962
Italy,ITA,2024,0.15529501
Italy,ITA,2025,0.15628964
Jamaica,JAM,-3000,0
Jamaica,JAM,-2000,0
Jamaica,JAM,-1000,0
Jamaica,JAM,0,0
Jamaica,JAM,100,0
Jamaica,JAM,200,0
Jamaica,JAM,300,0
Jamaica,JAM,400,0
Jamaica,JAM,500,0
Jamaica,JAM,600,0
Jamaica,JAM,700,0
Jamaica,JAM,800,0
Jamaica,JAM,900,0
Jamaica,JAM,1000,0
Jamaica,JAM,1100,0
Jamaica,JAM,1200,0
Jamaica,JAM,1300,0
Jamaica,JAM,1400,0
Jamaica,JAM,1500,0.21172239
Jamaica,JAM,1600,0.20397319
Jamaica,JAM,1700,0.19558571
Jamaica,JAM,1710,0.19470651
Jamaica,JAM,1720,0.19381933
Jamaica,JAM,1730,0.19292392
Jamaica,JAM,1740,0.19202015
Jamaica,JAM,1750,0.19110781
Jamaica,JAM,1760,0.19018663
Jamaica,JAM,1770,0.18925646
Jamaica,JAM,1780,0.18831703
Jamaica,JAM,1790,0.18736817
Jamaica,JAM,1800,0.18640958
Jamaica,JAM,1810,0.18544103
Jamaica,JAM,1820,0.18446226
Jamaica,JAM,1830,0.18347302
Jamaica,JAM,1840,0.18247297
Jamaica,JAM,1850,0.18146183
Jamaica,JAM,1860,0.1804393
Jamaica,JAM,1870,0.17940503
Jamaica,JAM,1880,0.17835872
Jamaica,JAM,1890,0.17729998
Jamaica,JAM,1900,0
Jamaica,JAM,1910,0.028251154
Jamaica,JAM,1920,0.056502305
Jamaica,JAM,1930,0.08475346
Jamaica,JAM,1940,0.11300462
Jamaica,JAM,1950,0.14125578
Jamaica,JAM,1951,0.1440809
Jamaica,JAM,1952,0.14690602
Jamaica,JAM,1953,0.14970954
Jamaica,JAM,1954,0.15253097
Jamaica,JAM,1955,0.15535612
Jamaica,JAM,1956,0.15818118
Jamaica,JAM,1957,0.16097732
Jamaica,JAM,1958,0.16380273
Jamaica,JAM,1959,0.16662818
Jamaica,JAM,1960,0.16945373
Jamaica,JAM,1961,0.16714019
Jamaica,JAM,1962,0.16460389
Jamaica,JAM,1963,0.16198196
Jamaica,JAM,1964,0.15944757
Jamaica,JAM,1965,0.14799938
Jamaica,JAM,1966,0.14600557
Jamaica,JAM,1967,0.14416042
Jamaica,JAM,1968,0.14237852
Jamaica,JAM,1969,0.14054841
Jamaica,JAM,1970,0.133272
Jamaica,JAM,1971,0.13126877
Jamaica,JAM,1972,0.12917936
Jamaica,JAM,1973,0.12708692
Jamaica,JAM,1974,0.12509486
Jamaica,JAM,1975,0.123263374
Jamaica,JAM,1976,0.12162398
Jamaica,JAM,1977,0.12013694
Jamaica,JAM,1978,0.11870427
Jamaica,JAM,1979,0.11252346
Jamaica,JAM,1980,0.11094475
Jamaica,JAM,1981,0.10919857
Jamaica,JAM,1982,0.102886274
Jamaica,JAM,1983,0.096760035
Jamaica,JAM,1984,0.09528153
Jamaica,JAM,1985,0.09407185
Jamaica,JAM,1986,0.09315245
Jamaica,JAM,1987,0.09246498
Jamaica,JAM,1988,0.091914296
Jamaica,JAM,1989,0.09137275
Jamaica,JAM,1990,0.090337515
Jamaica,JAM,1991,0.09248174
Jamaica,JAM,1992,0.095718384
Jamaica,JAM,1993,0.11008343
Jamaica,JAM,1994,0.10782743
Jamaica,JAM,1995,0.10560497
Jamaica,JAM,1996,0.10342346
Jamaica,JAM,1997,0.10049888
Jamaica,JAM,1998,0.09764022
Jamaica,JAM,1999,0.0960136
Jamaica,JAM,2000,0.09409341
Jamaica,JAM,2001,0.093385495
Jamaica,JAM,2002,0.090892136
Jamaica,JAM,2003,0.09032056
Jamaica,JAM,2004,0.08904948
Jamaica,JAM,2005,0.086712286
Jamaica,JAM,2006,0.08622227
Jamaica,JAM,2007,0.08466977
Jamaica,JAM,2008,0.0788496
Jamaica,JAM,2009,0.077387184
Jamaica,JAM,2010,0.06825902
Jamaica,JAM,2011,0.067929044
Jamaica,JAM,2012,0.06763497
Jamaica,JAM,2013,0.06723501
Jamaica,JAM,2014,0.06687099
Jamaica,JAM,2015,0.066507466
Jamaica,JAM,2016,0.066462606
Jamaica,JAM,2017,0.066417806
Jamaica,JAM,2018,0.06637306
Jamaica,JAM,2019,0.06632838
Jamaica,JAM,2020,0.06628376
Jamaica,JAM,2021,0.06618241
Jamaica,JAM,2022,0.066081375
Jamaica,JAM,2023,0.06598065
Jamaica,JAM,2024,0.065880224
Jamaica,JAM,2025,0.06578011
Japan,JPN,-10000,0
Japan,JPN,-9000,0
Japan,JPN,-8000,0
Japan,JPN,-7000,0
Japan,JPN,-6000,0
Japan,JPN,-5000,0
Japan,JPN,-4000,0
Japan,JPN,-3000,0
Japan,JPN,-2000,0
Japan,JPN,-1000,0.19020304
Japan,JPN,0,0.16685773
Japan,JPN,100,0.16413723
Japan,JPN,200,0.16132341
Japan,JPN,300,0.15840787
Japan,JPN,400,0.15538086
Japan,JPN,500,0.15223108
Japan,JPN,600,0.14894526
Japan,JPN,700,0.14
Japan,JPN,800,0.14
Japan,JPN,900,0.15
Japan,JPN,1000,0.16
Japan,JPN,1100,0.16
Japan,JPN,1200,0.12521113
Japan,JPN,1300,0.12026548
Japan,JPN,1400,0.11487574
Japan,JPN,1500,0.10892635
Japan,JPN,1600,0.10224462
Japan,JPN,1700,0.09455255
Japan,JPN,1710,0.09371161
Japan,JPN,1720,0.092855304
Japan,JPN,1730,0.09198289
Japan,JPN,1740,0.09109363
Japan,JPN,1750,0.09018665
Japan,JPN,1760,0.08926105
Japan,JPN,1770,0.088315845
Japan,JPN,1780,0.087349966
Japan,JPN,1790,0.086362235
Japan,JPN,1800,0.085351385
Japan,JPN,1810,0.08431601
Japan,JPN,1820,0.08325455
Japan,JPN,1830,0.082165316
Japan,JPN,1840,0.08104641
Japan,JPN,1850,0.079895735
Japan,JPN,1860,0.07871091
Japan,JPN,1870,0.07748932
Japan,JPN,1880,0.076227926
Japan,JPN,1890,0.07492335
Japan,JPN,1900,0.073571704
Japan,JPN,1910,0.07216846
Japan,JPN,1920,0.07070843
Japan,JPN,1930,0.069185466
Japan,JPN,1940,0.06759234
Japan,JPN,1950,0.065920345
Japan,JPN,1951,0.06574842
Japan,JPN,1952,0.0655756
Japan,JPN,1953,0.06540185
Japan,JPN,1954,0.06522718
Japan,JPN,1955,0.06505157
Japan,JPN,1956,0.064875
Japan,JPN,1957,0.06469747
Japan,JPN,1958,0.06451896
Japan,JPN,1959,0.06433946
Japan,JPN,1960,0.06415894
Japan,JPN,1961,0.06355696
Japan,JPN,1962,0.0630638
Japan,JPN,1963,0.06245464
Japan,JPN,1964,0.06192246
Japan,JPN,1965,0.06098713
Japan,JPN,1966,0.06020375
Japan,JPN,1967,0.05889703
Japan,JPN,1968,0.057745516
Japan,JPN,1969,0.055579215
Japan,JPN,1970,0.055239115
Japan,JPN,1971,0.05410824
Japan,JPN,1972,0.05298353
Japan,JPN,1973,0.052067623
Japan,JPN,1974,0.051216986
Japan,JPN,1975,0.05029416
Japan,JPN,1976,0.049503975
Japan,JPN,1977,0.048869867
Japan,JPN,1978,0.048247136
Japan,JPN,1979,0.047644176
Japan,JPN,1980,0.047112234
Japan,JPN,1981,0.046620462
Japan,JPN,1982,0.046161033
Japan,JPN,1983,0.045716383
Japan,JPN,1984,0.04527781
Japan,JPN,1985,0.044828534
Japan,JPN,1986,0.044485893
Japan,JPN,1987,0.044170633
Japan,JPN,1988,0.043816518
Japan,JPN,1989,0.04334188
Japan,JPN,1990,0.04288711
Japan,JPN,1991,0.042412978
Japan,JPN,1992,0.041942287
Japan,JPN,1993,0.04145882
Japan,JPN,1994,0.040978838
Japan,JPN,1995,0.04047017
Japan,JPN,1996,0.040037375
Japan,JPN,1997,0.039598282
Japan,JPN,1998,0.039168905
Japan,JPN,1999,0.038781065
Japan,JPN,2000,0.038418613
Japan,JPN,2001,0.038083557
Japan,JPN,2002,0.03780478
Japan,JPN,2003,0.037550382
Japan,JPN,2004,0.037336126
Japan,JPN,2005,0.037122324
Japan,JPN,2006,0.03694782
Japan,JPN,2007,0.036773387
Japan,JPN,2008,0.036591135
Japan,JPN,2009,0.036432672
Japan,JPN,2010,0.036297992
Japan,JPN,2011,0.03609426
Japan,JPN,2012,0.036048457
Japan,JPN,2013,0.036010467
Japan,JPN,2014,0.03590086
Japan,JPN,2015,0.035775036
Japan,JPN,2016,0.03562496
Japan,JPN,2017,0.035458513
Japan,JPN,2018,0.03531558
Japan,JPN,2019,0.035180252
Japan,JPN,2020,0.03502853
Japan,JPN,2021,0.0349676
Japan,JPN,2022,0.03489817
Japan,JPN,2023,0.034829862
Japan,JPN,2024,0.034761067
Japan,JPN,2025,0.034691777
Jordan,JOR,-10000,0
Jordan,JOR,-9000,0
Jordan,JOR,-8000,0.5348499
Jordan,JOR,-7000,1.819415
Jordan,JOR,-6000,1.7503697
Jordan,JOR,-5000,1.67534
Jordan,JOR,-4000,1.5928389
Jordan,JOR,-3000,1.5006804
Jordan,JOR,-2000,1.3954287
Jordan,JOR,-1000,1.2711312
Jordan,JOR,0,1.1157475
Jordan,JOR,100,1.0976743
Jordan,JOR,200,1.0789766
Jordan,JOR,300,1.059597
Jordan,JOR,400,1.0394678
Jordan,JOR,500,1.0185145
Jordan,JOR,600,0.99664235
Jordan,JOR,700,0.9737434
Jordan,JOR,800,0.94968593
Jordan,JOR,900,0.9243086
Jordan,JOR,1000,0.8974104
Jordan,JOR,1100,0.86873543
Jordan,JOR,1200,0.83794963
Jordan,JOR,1300,0.8046041
Jordan,JOR,1400,0.7680692
Jordan,JOR,1500,0.72741634
Jordan,JOR,1600,0.6811712
Jordan,JOR,1700,0.62672174
Jordan,JOR,1710,0.6206577
Jordan,JOR,1720,0.6144544
Jordan,JOR,1730,0.608103
Jordan,JOR,1740,0.6015936
Jordan,JOR,1750,0.59491533
Jordan,JOR,1760,0.58805573
Jordan,JOR,1770,0.58100086
Jordan,JOR,1780,0.5737349
Jordan,JOR,1790,0.5662397
Jordan,JOR,1800,0.5584946
Jordan,JOR,1810,0.55047536
Jordan,JOR,1820,0.5421537
Jordan,JOR,1830,0.533496
Jordan,JOR,1840,0.5244622
Jordan,JOR,1850,0.51500314
Jordan,JOR,1860,0.5050582
Jordan,JOR,1870,0.4945511
Jordan,JOR,1880,0.48338282
Jordan,JOR,1890,0.47142178
Jordan,JOR,1900,0.4584865
Jordan,JOR,1910,0.44431397
Jordan,JOR,1920,0.42849883
Jordan,JOR,1930,0.41035643
Jordan,JOR,1940,0.3885554
Jordan,JOR,1950,0.359742
Jordan,JOR,1951,0.3561578
Jordan,JOR,1952,0.3523716
Jordan,JOR,1953,0.3483483
Jordan,JOR,1954,0.34404138
Jordan,JOR,1955,0.33938706
Jordan,JOR,1956,0.33429292
Jordan,JOR,1957,0.3286145
Jordan,JOR,1958,0.3220976
Jordan,JOR,1959,0.31417584
Jordan,JOR,1960,0.3021325
Jordan,JOR,1961,0.3021325
Jordan,JOR,1962,0.2931468
Jordan,JOR,1963,0.2830453
Jordan,JOR,1964,0.27327392
Jordan,JOR,1965,0.25755832
Jordan,JOR,1966,0.24016318
Jordan,JOR,1967,0.22287318
Jordan,JOR,1968,0.20623249
Jordan,JOR,1969,0.19191755
Jordan,JOR,1970,0.18267359
Jordan,JOR,1971,0.177441
Jordan,JOR,1972,0.17416818
Jordan,JOR,1973,0.16950159
Jordan,JOR,1974,0.1666484
Jordan,JOR,1975,0.1624563
Jordan,JOR,1976,0.15872487
Jordan,JOR,1977,0.15473163
Jordan,JOR,1978,0.15233342
Jordan,JOR,1979,0.14961633
Jordan,JOR,1980,0.14660518
Jordan,JOR,1981,0.13652064
Jordan,JOR,1982,0.13360882
Jordan,JOR,1983,0.13338308
Jordan,JOR,1984,0.09587505
Jordan,JOR,1985,0.11657182
Jordan,JOR,1986,0.114428245
Jordan,JOR,1987,0.11973966
Jordan,JOR,1988,0.117954694
Jordan,JOR,1989,0.10895383
Jordan,JOR,1990,0.07296007
Jordan,JOR,1991,0.060794916
Jordan,JOR,1992,0.086714275
Jordan,JOR,1993,0.0748355
Jordan,JOR,1994,0.067084976
Jordan,JOR,1995,0.07371055
Jordan,JOR,1996,0.05815224
Jordan,JOR,1997,0.059209988
Jordan,JOR,1998,0.05915175
Jordan,JOR,1999,0.058251467
Jordan,JOR,2000,0.05759156
Jordan,JOR,2001,0.056794245
Jordan,JOR,2002,0.056228235
Jordan,JOR,2003,0.05120677
Jordan,JOR,2004,0.05630823
Jordan,JOR,2005,0.050730046
Jordan,JOR,2006,0.050081227
Jordan,JOR,2007,0.03895977
Jordan,JOR,2008,0.03940752
Jordan,JOR,2009,0.047024168
Jordan,JOR,2010,0.04207054
Jordan,JOR,2011,0.040924583
Jordan,JOR,2012,0.04625561
Jordan,JOR,2013,0.04675301
Jordan,JOR,2014,0.046602085
Jordan,JOR,2015,0.04432913
Jordan,JOR,2016,0.04455674
Jordan,JOR,2017,0.0355642
Jordan,JOR,2018,0.03666192
Jordan,JOR,2019,0.037696093
Jordan,JOR,2020,0.035906125
Jordan,JOR,2021,0.034355022
Jordan,JOR,2022,0.0359253
Jordan,JOR,2023,0.03472468
Jordan,JOR,2024,0.034304667
Jordan,JOR,2025,0.033902183
Kazakhstan,KAZ,-10000,0
Kazakhstan,KAZ,-9000,0
Kazakhstan,KAZ,-8000,0
Kazakhstan,KAZ,-7000,0
Kazakhstan,KAZ,-6000,0
Kazakhstan,KAZ,-5000,0
Kazakhstan,KAZ,-4000,0.36624902
Kazakhstan,KAZ,-3000,1.1258237
Kazakhstan,KAZ,-2000,1.3657256
Kazakhstan,KAZ,-1000,1.5528154
Kazakhstan,KAZ,0,1.7677774
Kazakhstan,KAZ,100,2.1935134
Kazakhstan,KAZ,200,2.723722
Kazakhstan,KAZ,300,3.3839355
Kazakhstan,KAZ,400,4.2059073
Kazakhstan,KAZ,500,5.2291536
Kazakhstan,KAZ,600,6.5028505
Kazakhstan,KAZ,700,8.090052
Kazakhstan,KAZ,800,10.065393
Kazakhstan,KAZ,900,10.180862
Kazakhstan,KAZ,1000,10.302752
Kazakhstan,KAZ,1100,10.431036
Kazakhstan,KAZ,1200,10.565709
Kazakhstan,KAZ,1300,9.806206
Kazakhstan,KAZ,1400,9.04521
Kazakhstan,KAZ,1500,8.379354
Kazakhstan,KAZ,1600,7.5917096
Kazakhstan,KAZ,1700,6.985838
Kazakhstan,KAZ,1710,7.2960052
Kazakhstan,KAZ,1720,7.620651
Kazakhstan,KAZ,1730,7.960494
Kazakhstan,KAZ,1740,8.316295
Kazakhstan,KAZ,1750,8.688851
Kazakhstan,KAZ,1760,9.079008
Kazakhstan,KAZ,1770,9.487654
Kazakhstan,KAZ,1780,9.915725
Kazakhstan,KAZ,1790,10.364214
Kazakhstan,KAZ,1800,10.834166
Kazakhstan,KAZ,1810,11.326681
Kazakhstan,KAZ,1820,11.842929
Kazakhstan,KAZ,1830,12.384137
Kazakhstan,KAZ,1840,12.951609
Kazakhstan,KAZ,1850,13.546719
Kazakhstan,KAZ,1860,14.170923
Kazakhstan,KAZ,1870,14.825759
Kazakhstan,KAZ,1880,11.917297
Kazakhstan,KAZ,1890,10.438452
Kazakhstan,KAZ,1900,7.9593706
Kazakhstan,KAZ,1910,6.519699
Kazakhstan,KAZ,1920,4.9647517
Kazakhstan,KAZ,1930,4.5798182
Kazakhstan,KAZ,1940,2.689541
Kazakhstan,KAZ,1950,3.908393
Kazakhstan,KAZ,1951,3.9671812
Kazakhstan,KAZ,1952,3.9812872
Kazakhstan,KAZ,1953,3.9643703
Kazakhstan,KAZ,1954,3.9285693
Kazakhstan,KAZ,1955,3.8834038
Kazakhstan,KAZ,1956,3.8355737
Kazakhstan,KAZ,1957,3.7893193
Kazakhstan,KAZ,1958,3.7470226
Kazakhstan,KAZ,1959,3.7097855
Kazakhstan,KAZ,1960,3.6782832
Kazakhstan,KAZ,1961,3.5316513
Kazakhstan,KAZ,1962,3.4054189
Kazakhstan,KAZ,1963,3.261617
Kazakhstan,KAZ,1964,3.140076
Kazakhstan,KAZ,1965,3.0455785
Kazakhstan,KAZ,1966,2.9393795
Kazakhstan,KAZ,1967,2.8749716
Kazakhstan,KAZ,1968,2.8180254
Kazakhstan,KAZ,1969,2.7747285
Kazakhstan,KAZ,1970,2.7250571
Kazakhstan,KAZ,1971,2.6807578
Kazakhstan,KAZ,1972,2.6378033
Kazakhstan,KAZ,1973,2.595016
Kazakhstan,KAZ,1974,2.563395
Kazakhstan,KAZ,1975,2.520761
Kazakhstan,KAZ,1976,2.4942148
Kazakhstan,KAZ,1977,2.4682443
Kazakhstan,KAZ,1978,2.4354823
Kazakhstan,KAZ,1979,2.4034154
Kazakhstan,KAZ,1980,2.3793902
Kazakhstan,KAZ,1981,2.3540986
Kazakhstan,KAZ,1982,2.328042
Kazakhstan,KAZ,1983,2.3035598
Kazakhstan,KAZ,1984,2.2760422
Kazakhstan,KAZ,1985,2.2524192
Kazakhstan,KAZ,1986,2.2323074
Kazakhstan,KAZ,1987,2.21279
Kazakhstan,KAZ,1988,2.1874077
Kazakhstan,KAZ,1989,2.1523058
Kazakhstan,KAZ,1990,2.1234064
Kazakhstan,KAZ,1991,2.1390421
Kazakhstan,KAZ,1992,2.1611245
Kazakhstan,KAZ,1993,2.1762815
Kazakhstan,KAZ,1994,2.1704214
Kazakhstan,KAZ,1995,2.1889338
Kazakhstan,KAZ,1996,2.1070263
Kazakhstan,KAZ,1997,2.1039648
Kazakhstan,KAZ,1998,2.1046724
Kazakhstan,KAZ,1999,2.1250288
Kazakhstan,KAZ,2000,2.0255458
Kazakhstan,KAZ,2001,1.9657588
Kazakhstan,KAZ,2002,1.8925456
Kazakhstan,KAZ,2003,1.8869128
Kazakhstan,KAZ,2004,1.8903503
Kazakhstan,KAZ,2005,1.8902225
Kazakhstan,KAZ,2006,1.872658
Kazakhstan,KAZ,2007,1.8535744
Kazakhstan,KAZ,2008,1.8256822
Kazakhstan,KAZ,2009,1.812353
Kazakhstan,KAZ,2010,1.797058
Kazakhstan,KAZ,2011,1.8104458
Kazakhstan,KAZ,2012,1.8030167
Kazakhstan,KAZ,2013,1.7899443
Kazakhstan,KAZ,2014,1.7731884
Kazakhstan,KAZ,2015,1.7745256
Kazakhstan,KAZ,2016,1.7462897
Kazakhstan,KAZ,2017,1.7307581
Kazakhstan,KAZ,2018,1.7167321
Kazakhstan,KAZ,2019,1.6926786
Kazakhstan,KAZ,2020,1.6875703
Kazakhstan,KAZ,2021,1.6836268
Kazakhstan,KAZ,2022,1.6731915
Kazakhstan,KAZ,2023,1.6614628
Kazakhstan,KAZ,2024,1.6520387
Kazakhstan,KAZ,2025,1.6427292
Kenya,KEN,-10000,0
Kenya,KEN,-9000,0
Kenya,KEN,-8000,0
Kenya,KEN,-7000,0
Kenya,KEN,-6000,0
Kenya,KEN,-5000,0
Kenya,KEN,-4000,0
Kenya,KEN,-3000,0
Kenya,KEN,-2000,0
Kenya,KEN,-1000,0
Kenya,KEN,0,0
Kenya,KEN,100,0
Kenya,KEN,200,0
Kenya,KEN,300,0
Kenya,KEN,400,0
Kenya,KEN,500,0
Kenya,KEN,600,0
Kenya,KEN,700,0
Kenya,KEN,800,0
Kenya,KEN,900,0
Kenya,KEN,1000,0.44937944
Kenya,KEN,1100,0.44937944
Kenya,KEN,1200,0.44937947
Kenya,KEN,1300,0.4493795
Kenya,KEN,1400,0.44937944
Kenya,KEN,1500,0.44937944
Kenya,KEN,1600,0.44937947
Kenya,KEN,1700,0.44937944
Kenya,KEN,1710,0.4493795
Kenya,KEN,1720,0.44937947
Kenya,KEN,1730,0.44937944
Kenya,KEN,1740,0.4493794
Kenya,KEN,1750,0.44937944
Kenya,KEN,1760,0.44937947
Kenya,KEN,1770,0.44937947
Kenya,KEN,1780,0.44937947
Kenya,KEN,1790,0.44937944
Kenya,KEN,1800,0.44937944
Kenya,KEN,1810,0.44937947
Kenya,KEN,1820,0.44937947
Kenya,KEN,1830,0.4493795
Kenya,KEN,1840,0.44937944
Kenya,KEN,1850,0.44937947
Kenya,KEN,1860,0.44937947
Kenya,KEN,1870,0.44937947
Kenya,KEN,1880,0.44937947
Kenya,KEN,1890,0.44937947
Kenya,KEN,1900,0.44937944
Kenya,KEN,1910,0.44937944
Kenya,KEN,1920,0.44937947
Kenya,KEN,1930,0.44937947
Kenya,KEN,1940,0.44937947
Kenya,KEN,1950,0.44937947
Kenya,KEN,1951,0.44937947
Kenya,KEN,1952,0.44937947
Kenya,KEN,1953,0.44937944
Kenya,KEN,1954,0.44937947
Kenya,KEN,1955,0.44937947
Kenya,KEN,1956,0.44937947
Kenya,KEN,1957,0.44937944
Kenya,KEN,1958,0.44937944
Kenya,KEN,1959,0.44937944
Kenya,KEN,1960,0.44937947
Kenya,KEN,1961,0.4457391
Kenya,KEN,1962,0.43287566
Kenya,KEN,1963,0.4202229
Kenya,KEN,1964,0.40779454
Kenya,KEN,1965,0.3955962
Kenya,KEN,1966,0.38363716
Kenya,KEN,1967,0.37190732
Kenya,KEN,1968,0.36037797
Kenya,KEN,1969,0.349018
Kenya,KEN,1970,0.33781672
Kenya,KEN,1971,0.32678756
Kenya,KEN,1972,0.31595814
Kenya,KEN,1973,0.30535337
Kenya,KEN,1974,0.29499945
Kenya,KEN,1975,0.3167582
Kenya,KEN,1976,0.30564338
Kenya,KEN,1977,0.2945976
Kenya,KEN,1978,0.27569136
Kenya,KEN,1979,0.26601171
Kenya,KEN,1980,0.25660798
Kenya,KEN,1981,0.24749048
Kenya,KEN,1982,0.23868968
Kenya,KEN,1983,0.2302436
Kenya,KEN,1984,0.21822864
Kenya,KEN,1985,0.2539286
Kenya,KEN,1986,0.246202
Kenya,KEN,1987,0.24089366
Kenya,KEN,1988,0.24336578
Kenya,KEN,1989,0.25281695
Kenya,KEN,1990,0.23276405
Kenya,KEN,1991,0.23004988
Kenya,KEN,1992,0.23096362
Kenya,KEN,1993,0.21518952
Kenya,KEN,1994,0.22382694
Kenya,KEN,1995,0.21708544
Kenya,KEN,1996,0.18394974
Kenya,KEN,1997,0.1840505
Kenya,KEN,1998,0.17471632
Kenya,KEN,1999,0.18390355
Kenya,KEN,2000,0.17267692
Kenya,KEN,2001,0.17137209
Kenya,KEN,2002,0.16613472
Kenya,KEN,2003,0.16331266
Kenya,KEN,2004,0.16228114
Kenya,KEN,2005,0.15817672
Kenya,KEN,2006,0.15529504
Kenya,KEN,2007,0.15460445
Kenya,KEN,2008,0.15061918
Kenya,KEN,2009,0.15171911
Kenya,KEN,2010,0.15220895
Kenya,KEN,2011,0.16123289
Kenya,KEN,2012,0.16503358
Kenya,KEN,2013,0.16246706
Kenya,KEN,2014,0.15786913
Kenya,KEN,2015,0.1538611
Kenya,KEN,2016,0.15351322
Kenya,KEN,2017,0.14313935
Kenya,KEN,2018,0.14922644
Kenya,KEN,2019,0.14744098
Kenya,KEN,2020,0.13962989
Kenya,KEN,2021,0.13845234
Kenya,KEN,2022,0.13300444
Kenya,KEN,2023,0.12970673
Kenya,KEN,2024,0.1261075
Kenya,KEN,2025,0.12263687
Kuwait,KWT,-10000,0
Kuwait,KWT,-9000,0
Kuwait,KWT,-8000,0
Kuwait,KWT,-7000,0
Kuwait,KWT,-6000,0
Kuwait,KWT,-5000,0
Kuwait,KWT,-4000,0
Kuwait,KWT,-3000,0
Kuwait,KWT,-2000,0
Kuwait,KWT,-1000,0
Kuwait,KWT,0,0
Kuwait,KWT,100,0
Kuwait,KWT,200,0
Kuwait,KWT,300,0
Kuwait,KWT,400,0
Kuwait,KWT,500,0
Kuwait,KWT,600,0
Kuwait,KWT,700,0
Kuwait,KWT,800,0
Kuwait,KWT,900,0
Kuwait,KWT,1000,0
Kuwait,KWT,1100,0
Kuwait,KWT,1200,0
Kuwait,KWT,1300,0
Kuwait,KWT,1400,0
Kuwait,KWT,1500,0
Kuwait,KWT,1600,0
Kuwait,KWT,1700,0
Kuwait,KWT,1710,0
Kuwait,KWT,1720,0
Kuwait,KWT,1730,0
Kuwait,KWT,1740,0
Kuwait,KWT,1750,0
Kuwait,KWT,1760,0
Kuwait,KWT,1770,0
Kuwait,KWT,1780,0
Kuwait,KWT,1790,0
Kuwait,KWT,1800,0
Kuwait,KWT,1810,0.4646758
Kuwait,KWT,1820,0.45411137
Kuwait,KWT,1830,0.44303098
Kuwait,KWT,1840,0.43136686
Kuwait,KWT,1850,0.4190353
Kuwait,KWT,1860,0.40593177
Kuwait,KWT,1870,0.39192286
Kuwait,KWT,1880,0.37683374
Kuwait,KWT,1890,0.36042848
Kuwait,KWT,1900,0.3423762
Kuwait,KWT,1910,0.32218835
Kuwait,KWT,1920,0.29909322
Kuwait,KWT,1930,0.27174428
Kuwait,KWT,1940,0.23739058
Kuwait,KWT,1950,0.18841727
Kuwait,KWT,1951,0.18191493
Kuwait,KWT,1952,0.17491122
Kuwait,KWT,1953,0.16729662
Kuwait,KWT,1954,0.15891756
Kuwait,KWT,1955,0.14954728
Kuwait,KWT,1956,0.13882756
Kuwait,KWT,1957,0.12613347
Kuwait,KWT,1958,0.110188216
Kuwait,KWT,1959,0.087457545
Kuwait,KWT,1960,0.0037089512
Kuwait,KWT,1961,0.0033185547
Kuwait,KWT,1962,0.0029559913
Kuwait,KWT,1963,0.002632334
Kuwait,KWT,1964,0.002351641
Kuwait,KWT,1965,0.0021116915
Kuwait,KWT,1966,0.0019052845
Kuwait,KWT,1967,0.0017270949
Kuwait,KWT,1968,0.0015750587
Kuwait,KWT,1969,0.0014469079
Kuwait,KWT,1970,0.0013391058
Kuwait,KWT,1971,0.0012373723
Kuwait,KWT,1972,0.001150005
Kuwait,KWT,1973,0.0010741616
Kuwait,KWT,1974,0.001007703
Kuwait,KWT,1975,0.000948989
Kuwait,KWT,1976,0.0008941385
Kuwait,KWT,1977,0.0008452821
Kuwait,KWT,1978,0.0008014882
Kuwait,KWT,1979,0.0007620087
Kuwait,KWT,1980,0.0007262359
Kuwait,KWT,1981,0.0013793227
Kuwait,KWT,1982,0.0013131881
Kuwait,KWT,1983,0.0012531054
Kuwait,KWT,1984,0.00179742
Kuwait,KWT,1985,0.0017220764
Kuwait,KWT,1986,0.002208476
Kuwait,KWT,1987,0.0021272923
Kuwait,KWT,1988,0.002564832
Kuwait,KWT,1989,0.0024770056
Kuwait,KWT,1990,0.002394995
Kuwait,KWT,1991,0.0025053467
Kuwait,KWT,1992,0.0026263585
Kuwait,KWT,1993,0.0033115847
Kuwait,KWT,1994,0.0034886433
Kuwait,KWT,1995,0.0036857051
Kuwait,KWT,1996,0.004140821
Kuwait,KWT,1997,0.0039930157
Kuwait,KWT,1998,0.0038553984
Kuwait,KWT,1999,0.004259372
Kuwait,KWT,2000,0.0061830617
Kuwait,KWT,2001,0.0074796868
Kuwait,KWT,2002,0.0072461064
Kuwait,KWT,2003,0.0070266738
Kuwait,KWT,2004,0.0063654636
Kuwait,KWT,2005,0.006183707
Kuwait,KWT,2006,0.0059358315
Kuwait,KWT,2007,0.0061147087
Kuwait,KWT,2008,0.005887791
Kuwait,KWT,2009,0.005866349
Kuwait,KWT,2010,0.005846389
Kuwait,KWT,2011,0.005847983
Kuwait,KWT,2012,0.005505397
Kuwait,KWT,2013,0.0058843344
Kuwait,KWT,2014,0.0052345023
Kuwait,KWT,2015,0.004239836
Kuwait,KWT,2016,0.0043139933
Kuwait,KWT,2017,0.0046246154
Kuwait,KWT,2018,0.0040998487
Kuwait,KWT,2019,0.0040005557
Kuwait,KWT,2020,0.0039059585
Kuwait,KWT,2021,0.003820479
Kuwait,KWT,2022,0.0037386606
Kuwait,KWT,2023,0.0036602733
Kuwait,KWT,2024,0.0035851053
Kuwait,KWT,2025,0.0035129627
Kyrgyzstan,KGZ,-10000,0
Kyrgyzstan,KGZ,-9000,0
Kyrgyzstan,KGZ,-8000,0
Kyrgyzstan,KGZ,-7000,0
Kyrgyzstan,KGZ,-6000,0
Kyrgyzstan,KGZ,-5000,0
Kyrgyzstan,KGZ,-4000,0
Kyrgyzstan,KGZ,-3000,0
Kyrgyzstan,KGZ,-2000,1.4175152
Kyrgyzstan,KGZ,-1000,1.3014419
Kyrgyzstan,KGZ,0,1.1598656
Kyrgyzstan,KGZ,100,1.1436849
Kyrgyzstan,KGZ,200,1.1270329
Kyrgyzstan,KGZ,300,1.1098737
Kyrgyzstan,KGZ,400,1.0921668
Kyrgyzstan,KGZ,500,1.0738665
Kyrgyzstan,KGZ,600,1.0549201
Kyrgyzstan,KGZ,700,1.0352676
Kyrgyzstan,KGZ,800,1.0148393
Kyrgyzstan,KGZ,900,0.99355364
Kyrgyzstan,KGZ,1000,0.9713146
Kyrgyzstan,KGZ,1100,0.9480078
Kyrgyzstan,KGZ,1200,0.9234948
Kyrgyzstan,KGZ,1300,0.89760655
Kyrgyzstan,KGZ,1400,0.8701321
Kyrgyzstan,KGZ,1500,0.8408035
Kyrgyzstan,KGZ,1600,0.80927235
Kyrgyzstan,KGZ,1700,0.77507174
Kyrgyzstan,KGZ,1710,0.771482
Kyrgyzstan,KGZ,1720,0.7678584
Kyrgyzstan,KGZ,1730,0.7642004
Kyrgyzstan,KGZ,1740,0.7605069
Kyrgyzstan,KGZ,1750,0.75677735
Kyrgyzstan,KGZ,1760,0.7530106
Kyrgyzstan,KGZ,1770,0.7492057
Kyrgyzstan,KGZ,1780,0.7453618
Kyrgyzstan,KGZ,1790,0.74147785
Kyrgyzstan,KGZ,1800,0.73755294
Kyrgyzstan,KGZ,1810,0.7335856
Kyrgyzstan,KGZ,1820,0.729575
Kyrgyzstan,KGZ,1830,0.7255197
Kyrgyzstan,KGZ,1840,0.7214186
Kyrgyzstan,KGZ,1850,0.7172704
Kyrgyzstan,KGZ,1860,0.71307355
Kyrgyzstan,KGZ,1870,0.7088268
Kyrgyzstan,KGZ,1880,0.7045285
Kyrgyzstan,KGZ,1890,0.700177
Kyrgyzstan,KGZ,1900,0.69577086
Kyrgyzstan,KGZ,1910,0.69130814
Kyrgyzstan,KGZ,1920,0.6867871
Kyrgyzstan,KGZ,1930,0.68220574
Kyrgyzstan,KGZ,1940,0.67756194
Kyrgyzstan,KGZ,1950,0.6728537
Kyrgyzstan,KGZ,1951,0.6723792
Kyrgyzstan,KGZ,1952,0.671904
Kyrgyzstan,KGZ,1953,0.67142826
Kyrgyzstan,KGZ,1954,0.6709518
Kyrgyzstan,KGZ,1955,0.6704746
Kyrgyzstan,KGZ,1956,0.6699968
Kyrgyzstan,KGZ,1957,0.66951823
Kyrgyzstan,KGZ,1958,0.669039
Kyrgyzstan,KGZ,1959,0.66855913
Kyrgyzstan,KGZ,1960,0.66807854
Kyrgyzstan,KGZ,1961,0.64672273
Kyrgyzstan,KGZ,1962,0.6263607
Kyrgyzstan,KGZ,1963,0.60043937
Kyrgyzstan,KGZ,1964,0.57674885
Kyrgyzstan,KGZ,1965,0.5565935
Kyrgyzstan,KGZ,1966,0.5330175
Kyrgyzstan,KGZ,1967,0.5160697
Kyrgyzstan,KGZ,1968,0.50021935
Kyrgyzstan,KGZ,1969,0.48733476
Kyrgyzstan,KGZ,1970,0.47432503
Kyrgyzstan,KGZ,1971,0.4636412
Kyrgyzstan,KGZ,1972,0.45341092
Kyrgyzstan,KGZ,1973,0.44341502
Kyrgyzstan,KGZ,1974,0.43550903
Kyrgyzstan,KGZ,1975,0.4259027
Kyrgyzstan,KGZ,1976,0.41776612
Kyrgyzstan,KGZ,1977,0.40994123
Kyrgyzstan,KGZ,1978,0.40119994
Kyrgyzstan,KGZ,1979,0.39278108
Kyrgyzstan,KGZ,1980,0.38586223
Kyrgyzstan,KGZ,1981,0.37812015
Kyrgyzstan,KGZ,1982,0.37048152
Kyrgyzstan,KGZ,1983,0.36330518
Kyrgyzstan,KGZ,1984,0.35585123
Kyrgyzstan,KGZ,1985,0.34919474
Kyrgyzstan,KGZ,1986,0.34285694
Kyrgyzstan,KGZ,1987,0.3367844
Kyrgyzstan,KGZ,1988,0.32999074
Kyrgyzstan,KGZ,1989,0.32191366
Kyrgyzstan,KGZ,1990,0.31494215
Kyrgyzstan,KGZ,1991,0.31213462
Kyrgyzstan,KGZ,1992,0.31026778
Kyrgyzstan,KGZ,1993,0.31464085
Kyrgyzstan,KGZ,1994,0.3123484
Kyrgyzstan,KGZ,1995,0.3100954
Kyrgyzstan,KGZ,1996,0.30548733
Kyrgyzstan,KGZ,1997,0.30102035
Kyrgyzstan,KGZ,1998,0.29689607
Kyrgyzstan,KGZ,1999,0.29391843
Kyrgyzstan,KGZ,2000,0.28719336
Kyrgyzstan,KGZ,2001,0.2835678
Kyrgyzstan,KGZ,2002,0.28277332
Kyrgyzstan,KGZ,2003,0.28178474
Kyrgyzstan,KGZ,2004,0.27980796
Kyrgyzstan,KGZ,2005,0.26892057
Kyrgyzstan,KGZ,2006,0.26576486
Kyrgyzstan,KGZ,2007,0.26233166
Kyrgyzstan,KGZ,2008,0.25930113
Kyrgyzstan,KGZ,2009,0.25607225
Kyrgyzstan,KGZ,2010,0.25315776
Kyrgyzstan,KGZ,2011,0.2508195
Kyrgyzstan,KGZ,2012,0.24863514
Kyrgyzstan,KGZ,2013,0.24681911
Kyrgyzstan,KGZ,2014,0.24489173
Kyrgyzstan,KGZ,2015,0.24264123
Kyrgyzstan,KGZ,2016,0.24192113
Kyrgyzstan,KGZ,2017,0.23977214
Kyrgyzstan,KGZ,2018,0.23787014
Kyrgyzstan,KGZ,2019,0.23562129
Kyrgyzstan,KGZ,2020,0.23359975
Kyrgyzstan,KGZ,2021,0.23232141
Kyrgyzstan,KGZ,2022,0.23095535
Kyrgyzstan,KGZ,2023,0.22966641
Kyrgyzstan,KGZ,2024,0.2283813
Kyrgyzstan,KGZ,2025,0.22710997
Laos,LAO,-10000,0
Laos,LAO,-9000,0
Laos,LAO,-8000,0
Laos,LAO,-7000,0
Laos,LAO,-6000,0
Laos,LAO,-5000,0
Laos,LAO,-4000,0
Laos,LAO,-3000,0
Laos,LAO,-2000,0
Laos,LAO,-1000,0
Laos,LAO,0,0.14968795
Laos,LAO,100,0.14941537
Laos,LAO,200,0.14918016
Laos,LAO,300,0.14897723
Laos,LAO,400,0.14880224
Laos,LAO,500,0.14865136
Laos,LAO,600,0.14852129
Laos,LAO,700,0.14840923
Laos,LAO,800,0.14831266
Laos,LAO,900,0.14822945
Laos,LAO,1000,0.14815779
Laos,LAO,1100,0.14809605
Laos,LAO,1200,0.1480429
Laos,LAO,1300,0.14799713
Laos,LAO,1400,0.14795768
Laos,LAO,1500,0.14792375
Laos,LAO,1600,0.14789453
Laos,LAO,1700,0.14786938
Laos,LAO,1710,0.14786705
Laos,LAO,1720,0.14786477
Laos,LAO,1730,0.14786252
Laos,LAO,1740,0.14786032
Laos,LAO,1750,0.14785814
Laos,LAO,1760,0.14785598
Laos,LAO,1770,0.14785387
Laos,LAO,1780,0.1478518
Laos,LAO,1790,0.14784972
Laos,LAO,1800,0.14784771
Laos,LAO,1810,0.14784573
Laos,LAO,1820,0.14784376
Laos,LAO,1830,0.14784183
Laos,LAO,1840,0.14783992
Laos,LAO,1850,0.14783804
Laos,LAO,1860,0.1478362
Laos,LAO,1870,0.14783436
Laos,LAO,1880,0.14771377
Laos,LAO,1890,0.15652741
Laos,LAO,1900,0.1653411
Laos,LAO,1910,0.17415477
Laos,LAO,1920,0.18296845
Laos,LAO,1930,0.21551985
Laos,LAO,1940,0.2480713
Laos,LAO,1950,0.2806227
Laos,LAO,1951,0.28297284
Laos,LAO,1952,0.28532296
Laos,LAO,1953,0.28767315
Laos,LAO,1954,0.29002327
Laos,LAO,1955,0.2923734
Laos,LAO,1956,0.29472357
Laos,LAO,1957,0.2970737
Laos,LAO,1958,0.29942384
Laos,LAO,1959,0.30177394
Laos,LAO,1960,0.30647424
Laos,LAO,1961,0.29949182
Laos,LAO,1962,0.2926449
Laos,LAO,1963,0.28592178
Laos,LAO,1964,0.27931318
Laos,LAO,1965,0.2728119
Laos,LAO,1966,0.27058095
Laos,LAO,1967,0.26432565
Laos,LAO,1968,0.26204097
Laos,LAO,1969,0.25644606
Laos,LAO,1970,0.25182003
Laos,LAO,1971,0.247181
Laos,LAO,1972,0.25160828
Laos,LAO,1973,0.25237206
Laos,LAO,1974,0.25410923
Laos,LAO,1975,0.25247818
Laos,LAO,1976,0.2532148
Laos,LAO,1977,0.25329196
Laos,LAO,1978,0.25273386
Laos,LAO,1979,0.2518763
Laos,LAO,1980,0.2491842
Laos,LAO,1981,0.24388076
Laos,LAO,1982,0.24030581
Laos,LAO,1983,0.23546475
Laos,LAO,1984,0.23281161
Laos,LAO,1985,0.22890799
Laos,LAO,1986,0.22306895
Laos,LAO,1987,0.21730031
Laos,LAO,1988,0.21386069
Laos,LAO,1989,0.20864546
Laos,LAO,1990,0.20513241
Laos,LAO,1991,0.19986305
Laos,LAO,1992,0.1948802
Laos,LAO,1993,0.18994153
Laos,LAO,1994,0.19039175
Laos,LAO,1995,0.18769114
Laos,LAO,1996,0.18369216
Laos,LAO,1997,0.18585537
Laos,LAO,1998,0.18401493
Laos,LAO,1999,0.18378295
Laos,LAO,2000,0.18826194
Laos,LAO,2001,0.19447419
Laos,LAO,2002,0.19957854
Laos,LAO,2003,0.20452322
Laos,LAO,2004,0.2093156
Laos,LAO,2005,0.21465789
Laos,LAO,2006,0.22078261
Laos,LAO,2007,0.22554255
Laos,LAO,2008,0.23065913
Laos,LAO,2009,0.24020748
Laos,LAO,2010,0.24215153
Laos,LAO,2011,0.24451602
Laos,LAO,2012,0.24689145
Laos,LAO,2013,0.25663415
Laos,LAO,2014,0.26040286
Laos,LAO,2015,0.26080865
Laos,LAO,2016,0.2593151
Laos,LAO,2017,0.24620226
Laos,LAO,2018,0.23725261
Laos,LAO,2019,0.2259134
Laos,LAO,2020,0.21521087
Laos,LAO,2021,0.21284884
Laos,LAO,2022,0.21820484
Laos,LAO,2023,0.20740451
Laos,LAO,2024,0.20288679
Laos,LAO,2025,0.19845845
Latvia,LVA,-10000,0
Latvia,LVA,-9000,0
Latvia,LVA,-8000,0
Latvia,LVA,-7000,0
Latvia,LVA,-6000,0
Latvia,LVA,-5000,0
Latvia,LVA,-4000,0
Latvia,LVA,-3000,0
Latvia,LVA,-2000,0.33895147
Latvia,LVA,-1000,0.67790294
Latvia,LVA,0,1.3558059
Latvia,LVA,100,2.711612
Latvia,LVA,200,2.66361
Latvia,LVA,300,2.6138124
Latvia,LVA,400,2.5620418
Latvia,LVA,500,2.5080898
Latvia,LVA,600,2.4517107
Latvia,LVA,700,2.3926127
Latvia,LVA,800,2.330441
Latvia,LVA,900,2.2647626
Latvia,LVA,1000,2.1950362
Latvia,LVA,1100,2.120574
Latvia,LVA,1200,2.0404794
Latvia,LVA,1300,1.9535489
Latvia,LVA,1400,1.8581059
Latvia,LVA,1500,1.751699
Latvia,LVA,1600,1.6305062
Latvia,LVA,1700,1.4879879
Latvia,LVA,1710,1.4721597
Latvia,LVA,1720,1.4559834
Latvia,LVA,1730,1.4394397
Latvia,LVA,1740,1.4225067
Latvia,LVA,1750,1.4051605
Latvia,LVA,1760,1.3873754
Latvia,LVA,1770,1.369122
Latvia,LVA,1780,1.3503687
Latvia,LVA,1790,1.3310795
Latvia,LVA,1800,1.3112142
Latvia,LVA,1810,1.2907281
Latvia,LVA,1820,1.2695704
Latvia,LVA,1830,1.2476828
Latvia,LVA,1840,1.224999
Latvia,LVA,1850,1.2014425
Latvia,LVA,1860,1.1769241
Latvia,LVA,1870,1.1513395
Latvia,LVA,1880,1.1245642
Latvia,LVA,1890,1.0964493
Latvia,LVA,1900,1.0668133
Latvia,LVA,1910,1.0354326
Latvia,LVA,1920,1.0020249
Latvia,LVA,1930,0.9662273
Latvia,LVA,1940,0.9275604
Latvia,LVA,1950,0.8853691
Latvia,LVA,1951,0.88092345
Latvia,LVA,1952,0.8764325
Latvia,LVA,1953,0.8718949
Latvia,LVA,1954,0.86730975
Latvia,LVA,1955,0.86267555
Latvia,LVA,1956,0.8579909
Latvia,LVA,1957,0.8532546
Latvia,LVA,1958,0.84846526
Latvia,LVA,1959,0.8436211
Latvia,LVA,1960,0.8387206
Latvia,LVA,1961,0.8278078
Latvia,LVA,1962,0.8188252
Latvia,LVA,1963,0.80244035
Latvia,LVA,1964,0.788068
Latvia,LVA,1965,0.7772238
Latvia,LVA,1966,0.7602919
Latvia,LVA,1967,0.7515987
Latvia,LVA,1968,0.7431439
Latvia,LVA,1969,0.73744875
Latvia,LVA,1970,0.7298007
Latvia,LVA,1971,0.7243643
Latvia,LVA,1972,0.71899915
Latvia,LVA,1973,0.7133966
Latvia,LVA,1974,0.7106127
Latvia,LVA,1975,0.70452994
Latvia,LVA,1976,0.7016132
Latvia,LVA,1977,0.698723
Latvia,LVA,1978,0.69376576
Latvia,LVA,1979,0.68885314
Latvia,LVA,1980,0.6861095
Latvia,LVA,1981,0.6829205
Latvia,LVA,1982,0.6793761
Latvia,LVA,1983,0.67616135
Latvia,LVA,1984,0.6719253
Latvia,LVA,1985,0.6687123
Latvia,LVA,1986,0.66482383
Latvia,LVA,1987,0.6610497
Latvia,LVA,1988,0.65545696
Latvia,LVA,1989,0.64687246
Latvia,LVA,1990,0.6400713
Latvia,LVA,1991,0.6484355
Latvia,LVA,1992,0.65891355
Latvia,LVA,1993,0.6681456
Latvia,LVA,1994,0.6887115
Latvia,LVA,1995,0.41370815
Latvia,LVA,1996,0.4355093
Latvia,LVA,1997,0.44666812
Latvia,LVA,1998,0.44113627
Latvia,LVA,1999,0.41514355
Latvia,LVA,2000,0.41174486
Latvia,LVA,2001,0.40944108
Latvia,LVA,2002,0.41857994
Latvia,LVA,2003,0.41457996
Latvia,LVA,2004,0.43981764
Latvia,LVA,2005,0.47928283
Latvia,LVA,2006,0.53075725
Latvia,LVA,2007,0.52448606
Latvia,LVA,2008,0.517716
Latvia,LVA,2009,0.5188369
Latvia,LVA,2010,0.5239647
Latvia,LVA,2011,0.5220036
Latvia,LVA,2012,0.53538054
Latvia,LVA,2013,0.5540251
Latvia,LVA,2014,0.5596597
Latvia,LVA,2015,0.57493246
Latvia,LVA,2016,0.60833275
Latvia,LVA,2017,0.6151255
Latvia,LVA,2018,0.62348557
Latvia,LVA,2019,0.64167315
Latvia,LVA,2020,0.6553409
Latvia,LVA,2021,0.6604576
Latvia,LVA,2022,0.65022415
Latvia,LVA,2023,0.6546664
Latvia,LVA,2024,0.6545454
Latvia,LVA,2025,0.65442735
Lebanon,LBN,-10000,0
Lebanon,LBN,-9000,0
Lebanon,LBN,-8000,0
Lebanon,LBN,-7000,0.91325986
Lebanon,LBN,-6000,1.4696877
Lebanon,LBN,-5000,1.3876908
Lebanon,LBN,-4000,1.3056881
Lebanon,LBN,-3000,1.2200645
Lebanon,LBN,-2000,1.1269181
Lebanon,LBN,-1000,0.99139
Lebanon,LBN,0,0.79865515
Lebanon,LBN,100,0.7530449
Lebanon,LBN,200,0.7117696
Lebanon,LBN,300,0.67415184
Lebanon,LBN,400,0.6903331
Lebanon,LBN,500,0.70921844
Lebanon,LBN,600,0.73114115
Lebanon,LBN,700,0.75645965
Lebanon,LBN,800,0.75371754
Lebanon,LBN,900,0.7332665
Lebanon,LBN,1000,0.7115765
Lebanon,LBN,1100,0.6867483
Lebanon,LBN,1200,0.6601079
Lebanon,LBN,1300,0.6312222
Lebanon,LBN,1400,0.6028288
Lebanon,LBN,1500,0.5668962
Lebanon,LBN,1600,0.5247132
Lebanon,LBN,1700,0.47845784
Lebanon,LBN,1710,0.47374907
Lebanon,LBN,1720,0.46844733
Lebanon,LBN,1730,0.46299988
Lebanon,LBN,1740,0.45739576
Lebanon,LBN,1750,0.4516226
Lebanon,LBN,1760,0.4456667
Lebanon,LBN,1770,0.4395122
Lebanon,LBN,1780,0.433141
Lebanon,LBN,1790,0.42653257
Lebanon,LBN,1800,0.41966292
Lebanon,LBN,1810,0.4125042
Lebanon,LBN,1820,0.4050235
Lebanon,LBN,1830,0.39539188
Lebanon,LBN,1840,0.38569275
Lebanon,LBN,1850,0.37559366
Lebanon,LBN,1860,0.3650188
Lebanon,LBN,1870,0.35387415
Lebanon,LBN,1880,0.3408555
Lebanon,LBN,1890,0.3288418
Lebanon,LBN,1900,0.31478724
Lebanon,LBN,1910,0.30029306
Lebanon,LBN,1920,0.28361815
Lebanon,LBN,1930,0.2633658
Lebanon,LBN,1940,0.23967576
Lebanon,LBN,1950,0.2085586
Lebanon,LBN,1951,0.2046822
Lebanon,LBN,1952,0.20054856
Lebanon,LBN,1953,0.19612832
Lebanon,LBN,1954,0.19137412
Lebanon,LBN,1955,0.18621269
Lebanon,LBN,1956,0.1805281
Lebanon,LBN,1957,0.17412613
Lebanon,LBN,1958,0.16663827
Lebanon,LBN,1959,0.15714625
Lebanon,LBN,1960,0.14051233
Lebanon,LBN,1961,0.14051233
Lebanon,LBN,1962,0.14023963
Lebanon,LBN,1963,0.13602152
Lebanon,LBN,1964,0.13717374
Lebanon,LBN,1965,0.14146787
Lebanon,LBN,1966,0.13853553
Lebanon,LBN,1967,0.14069968
Lebanon,LBN,1968,0.1429244
Lebanon,LBN,1969,0.14218418
Lebanon,LBN,1970,0.14144048
Lebanon,LBN,1971,0.13787962
Lebanon,LBN,1972,0.13469683
Lebanon,LBN,1973,0.13368249
Lebanon,LBN,1974,0.12713052
Lebanon,LBN,1975,0.12102202
Lebanon,LBN,1976,0.1189632
Lebanon,LBN,1977,0.11691309
Lebanon,LBN,1978,0.114512645
Lebanon,LBN,1979,0.112122305
Lebanon,LBN,1980,0.10759721
Lebanon,LBN,1981,0.10583676
Lebanon,LBN,1982,0.10515751
Lebanon,LBN,1983,0.10448694
Lebanon,LBN,1984,0.10382486
Lebanon,LBN,1985,0.103517324
Lebanon,LBN,1986,0.103412755
Lebanon,LBN,1987,0.10433874
Lebanon,LBN,1988,0.10388979
Lebanon,LBN,1989,0.10344468
Lebanon,LBN,1990,0.1033422
Lebanon,LBN,1991,0.100183845
Lebanon,LBN,1992,0.0969149
Lebanon,LBN,1993,0.09385275
Lebanon,LBN,1994,0.091275744
Lebanon,LBN,1995,0.0891417
Lebanon,LBN,1996,0.09028222
Lebanon,LBN,1997,0.08998975
Lebanon,LBN,1998,0.089699246
Lebanon,LBN,1999,0.071809955
Lebanon,LBN,2000,0.07207254
Lebanon,LBN,2001,0.06905953
Lebanon,LBN,2002,0.07001876
Lebanon,LBN,2003,0.07043912
Lebanon,LBN,2004,0.06966981
Lebanon,LBN,2005,0.06976217
Lebanon,LBN,2006,0.068186626
Lebanon,LBN,2007,0.06714673
Lebanon,LBN,2008,0.06319297
Lebanon,LBN,2009,0.062664896
Lebanon,LBN,2010,0.056710787
Lebanon,LBN,2011,0.05887441
Lebanon,LBN,2012,0.06007508
Lebanon,LBN,2013,0.06010255
Lebanon,LBN,2014,0.060129624
Lebanon,LBN,2015,0.060384177
Lebanon,LBN,2016,0.06131387
Lebanon,LBN,2017,0.061403748
Lebanon,LBN,2018,0.06057993
Lebanon,LBN,2019,0.06010428
Lebanon,LBN,2020,0.061010294
Lebanon,LBN,2021,0.061101403
Lebanon,LBN,2022,0.06075643
Lebanon,LBN,2023,0.06117242
Lebanon,LBN,2024,0.06133639
Lebanon,LBN,2025,0.061498545
Lesotho,LSO,-10000,0
Lesotho,LSO,-9000,0
Lesotho,LSO,-8000,0
Lesotho,LSO,-7000,0
Lesotho,LSO,-6000,0
Lesotho,LSO,-5000,0
Lesotho,LSO,-4000,0
Lesotho,LSO,-3000,0
Lesotho,LSO,-2000,0
Lesotho,LSO,-1000,0
Lesotho,LSO,0,0
Lesotho,LSO,100,0
Lesotho,LSO,200,0
Lesotho,LSO,300,0
Lesotho,LSO,400,0
Lesotho,LSO,500,0
Lesotho,LSO,600,0
Lesotho,LSO,700,0
Lesotho,LSO,800,0
Lesotho,LSO,900,0
Lesotho,LSO,1000,0
Lesotho,LSO,1100,0.4303268
Lesotho,LSO,1200,0.42959076
Lesotho,LSO,1300,0.42885217
Lesotho,LSO,1400,0.42811105
Lesotho,LSO,1500,0.4273673
Lesotho,LSO,1600,0.426621
Lesotho,LSO,1700,0.42587206
Lesotho,LSO,1710,0.42579702
Lesotho,LSO,1720,0.42572197
Lesotho,LSO,1730,0.4256469
Lesotho,LSO,1740,0.42557174
Lesotho,LSO,1750,0.42549667
Lesotho,LSO,1760,0.42542148
Lesotho,LSO,1770,0.42534626
Lesotho,LSO,1780,0.425271
Lesotho,LSO,1790,0.42519578
Lesotho,LSO,1800,0.4251205
Lesotho,LSO,1810,0.42504516
Lesotho,LSO,1820,0.42496988
Lesotho,LSO,1830,0.4248945
Lesotho,LSO,1840,0.4248191
Lesotho,LSO,1850,0.4247437
Lesotho,LSO,1860,0.42466825
Lesotho,LSO,1870,0.42459282
Lesotho,LSO,1880,0.4245173
Lesotho,LSO,1890,0.4244418
Lesotho,LSO,1900,0.42436624
Lesotho,LSO,1910,0.4242907
Lesotho,LSO,1920,0.42421505
Lesotho,LSO,1930,0.42413947
Lesotho,LSO,1940,0.42406383
Lesotho,LSO,1950,0.42398813
Lesotho,LSO,1951,0.42398056
Lesotho,LSO,1952,0.423973
Lesotho,LSO,1953,0.4239654
Lesotho,LSO,1954,0.42395782
Lesotho,LSO,1955,0.42395025
Lesotho,LSO,1956,0.4239427
Lesotho,LSO,1957,0.42393515
Lesotho,LSO,1958,0.42392755
Lesotho,LSO,1959,0.42391998
Lesotho,LSO,1960,0.4239124
Lesotho,LSO,1961,0.41663685
Lesotho,LSO,1962,0.40355033
Lesotho,LSO,1963,0.3961511
Lesotho,LSO,1964,0.39090565
Lesotho,LSO,1965,0.38343927
Lesotho,LSO,1966,0.38122004
Lesotho,LSO,1967,0.37364438
Lesotho,LSO,1968,0.37115818
Lesotho,LSO,1969,0.36363098
Lesotho,LSO,1970,0.36009875
Lesotho,LSO,1971,0.34520268
Lesotho,LSO,1972,0.33353773
Lesotho,LSO,1973,0.32659078
Lesotho,LSO,1974,0.31943622
Lesotho,LSO,1975,0.3267761
Lesotho,LSO,1976,0.3043087
Lesotho,LSO,1977,0.24116306
Lesotho,LSO,1978,0.2356533
Lesotho,LSO,1979,0.24203725
Lesotho,LSO,1980,0.22593385
Lesotho,LSO,1981,0.22475421
Lesotho,LSO,1982,0.21200192
Lesotho,LSO,1983,0.20348275
Lesotho,LSO,1984,0.20870718
Lesotho,LSO,1985,0.20921184
Lesotho,LSO,1986,0.19401798
Lesotho,LSO,1987,0.21632819
Lesotho,LSO,1988,0.22125292
Lesotho,LSO,1989,0.19352521
Lesotho,LSO,1990,0.20013243
Lesotho,LSO,1991,0.1976119
Lesotho,LSO,1992,0.20154506
Lesotho,LSO,1993,0.19642876
Lesotho,LSO,1994,0.18992563
Lesotho,LSO,1995,0.18394887
Lesotho,LSO,1996,0.1824008
Lesotho,LSO,1997,0.18172248
Lesotho,LSO,1998,0.17965399
Lesotho,LSO,1999,0.1777872
Lesotho,LSO,2000,0.17873397
Lesotho,LSO,2001,0.1770986
Lesotho,LSO,2002,0.15980554
Lesotho,LSO,2003,0.15849042
Lesotho,LSO,2004,0.16238065
Lesotho,LSO,2005,0.16773161
Lesotho,LSO,2006,0.15618148
Lesotho,LSO,2007,0.16596991
Lesotho,LSO,2008,0.18100634
Lesotho,LSO,2009,0.16788752
Lesotho,LSO,2010,0.15013923
Lesotho,LSO,2011,0.14239366
Lesotho,LSO,2012,0.1290425
Lesotho,LSO,2013,0.11301435
Lesotho,LSO,2014,0.12277375
Lesotho,LSO,2015,0.09822613
Lesotho,LSO,2016,0.15545428
Lesotho,LSO,2017,0.18096387
Lesotho,LSO,2018,0.18599409
Lesotho,LSO,2019,0.18429965
Lesotho,LSO,2020,0.18276015
Lesotho,LSO,2021,0.18159932
Lesotho,LSO,2022,0.18045312
Lesotho,LSO,2023,0.17927161
Lesotho,LSO,2024,0.17812955
Lesotho,LSO,2025,0.17700161
Liberia,LBR,-10000,0
Liberia,LBR,-9000,0
Liberia,LBR,-8000,0
Liberia,LBR,-7000,0
Liberia,LBR,-6000,0
Liberia,LBR,-5000,0
Liberia,LBR,-4000,0
Liberia,LBR,-3000,0
Liberia,LBR,-2000,0
Liberia,LBR,-1000,0
Liberia,LBR,0,0
Liberia,LBR,100,0
Liberia,LBR,200,0
Liberia,LBR,300,0
Liberia,LBR,400,0
Liberia,LBR,500,0
Liberia,LBR,600,0
Liberia,LBR,700,0
Liberia,LBR,800,0.27297217
Liberia,LBR,900,0.51864713
Liberia,LBR,1000,0.5188121
Liberia,LBR,1100,0.518977
Liberia,LBR,1200,0.51914173
Liberia,LBR,1300,0.5193063
Liberia,LBR,1400,0.5194703
Liberia,LBR,1500,0.51963365
Liberia,LBR,1600,0.5197996
Liberia,LBR,1700,0.5199638
Liberia,LBR,1710,0.5199802
Liberia,LBR,1720,0.5199967
Liberia,LBR,1730,0.52001303
Liberia,LBR,1740,0.5200295
Liberia,LBR,1750,0.5200459
Liberia,LBR,1760,0.52006227
Liberia,LBR,1770,0.5200787
Liberia,LBR,1780,0.52009505
Liberia,LBR,1790,0.52011156
Liberia,LBR,1800,0.5201279
Liberia,LBR,1810,0.52014434
Liberia,LBR,1820,0.52016073
Liberia,LBR,1830,0.5201771
Liberia,LBR,1840,0.5201935
Liberia,LBR,1850,0.5202099
Liberia,LBR,1860,0.5202263
Liberia,LBR,1870,0.52024275
Liberia,LBR,1880,0.52025914
Liberia,LBR,1890,0.52027553
Liberia,LBR,1900,0.5202919
Liberia,LBR,1910,0.5203083
Liberia,LBR,1920,0.5203247
Liberia,LBR,1930,0.52034116
Liberia,LBR,1940,0.52035755
Liberia,LBR,1950,0.52037394
Liberia,LBR,1951,0.52037555
Liberia,LBR,1952,0.52037716
Liberia,LBR,1953,0.5203788
Liberia,LBR,1954,0.52038044
Liberia,LBR,1955,0.52038205
Liberia,LBR,1956,0.5203837
Liberia,LBR,1957,0.5203854
Liberia,LBR,1958,0.520387
Liberia,LBR,1959,0.52038866
Liberia,LBR,1960,0.5203903
Liberia,LBR,1961,0.50917655
Liberia,LBR,1962,0.49637756
Liberia,LBR,1963,0.48542473
Liberia,LBR,1964,0.47208953
Liberia,LBR,1965,0.4613032
Liberia,LBR,1966,0.44823334
Liberia,LBR,1967,0.43761477
Liberia,LBR,1968,0.42555055
Liberia,LBR,1969,0.41502583
Liberia,LBR,1970,0.403098
Liberia,LBR,1971,0.3926563
Liberia,LBR,1972,0.38226938
Liberia,LBR,1973,0.3719315
Liberia,LBR,1974,0.36163226
Liberia,LBR,1975,0.3513818
Liberia,LBR,1976,0.34144592
Liberia,LBR,1977,0.33478853
Liberia,LBR,1978,0.32519296
Liberia,LBR,1979,0.31529146
Liberia,LBR,1980,0.305034
Liberia,LBR,1981,0.2942595
Liberia,LBR,1982,0.28545415
Liberia,LBR,1983,0.2781858
Liberia,LBR,1984,0.27141076
Liberia,LBR,1985,0.26818028
Liberia,LBR,1986,0.27113774
Liberia,LBR,1987,0.2752139
Liberia,LBR,1988,0.27712473
Liberia,LBR,1989,0.2814886
Liberia,LBR,1990,0.23840949
Liberia,LBR,1991,0.24268699
Liberia,LBR,1992,0.2471908
Liberia,LBR,1993,0.249969
Liberia,LBR,1994,0.24839969
Liberia,LBR,1995,0.24114026
Liberia,LBR,1996,0.22818765
Liberia,LBR,1997,0.22048202
Liberia,LBR,1998,0.21951643
Liberia,LBR,1999,0.21576014
Liberia,LBR,2000,0.21147351
Liberia,LBR,2001,0.20393617
Liberia,LBR,2002,0.19916007
Liberia,LBR,2003,0.19574916
Liberia,LBR,2004,0.19361456
Liberia,LBR,2005,0.18857916
Liberia,LBR,2006,0.18217699
Liberia,LBR,2007,0.17506744
Liberia,LBR,2008,0.1719905
Liberia,LBR,2009,0.17053528
Liberia,LBR,2010,0.16524282
Liberia,LBR,2011,0.16906853
Liberia,LBR,2012,0.1633802
Liberia,LBR,2013,0.15702836
Liberia,LBR,2014,0.15115193
Liberia,LBR,2015,0.14364733
Liberia,LBR,2016,0.13864598
Liberia,LBR,2017,0.13398118
Liberia,LBR,2018,0.12962005
Liberia,LBR,2019,0.12553388
Liberia,LBR,2020,0.12169747
Liberia,LBR,2021,0.11793832
Liberia,LBR,2022,0.11440444
Liberia,LBR,2023,0.11107619
Liberia,LBR,2024,0.107936114
Liberia,LBR,2025,0.10496869
Libya,LBY,-10000,0
Libya,LBY,-9000,0
Libya,LBY,-8000,0
Libya,LBY,-7000,0
Libya,LBY,-6000,0
Libya,LBY,-5000,0
Libya,LBY,-4000,0
Libya,LBY,-3000,0
Libya,LBY,-2000,0.69294393
Libya,LBY,-1000,0.692944
Libya,LBY,0,1.2381766
Libya,LBY,100,1.2381768
Libya,LBY,200,1.2381767
Libya,LBY,300,1.2381768
Libya,LBY,400,1.2381766
Libya,LBY,500,1.2381767
Libya,LBY,600,1.2381767
Libya,LBY,700,1.2381766
Libya,LBY,800,1.2381768
Libya,LBY,900,1.2381767
Libya,LBY,1000,1.2381767
Libya,LBY,1100,1.2381766
Libya,LBY,1200,1.238176
Libya,LBY,1300,1.2381766
Libya,LBY,1400,1.2381766
Libya,LBY,1500,1.2381767
Libya,LBY,1600,1.2381768
Libya,LBY,1700,1.2381768
Libya,LBY,1710,1.238177
Libya,LBY,1720,1.2381768
Libya,LBY,1730,1.2381768
Libya,LBY,1740,1.238177
Libya,LBY,1750,1.2381768
Libya,LBY,1760,1.2381768
Libya,LBY,1770,1.238177
Libya,LBY,1780,1.2381768
Libya,LBY,1790,1.2381768
Libya,LBY,1800,1.238177
Libya,LBY,1810,1.238177
Libya,LBY,1820,1.238177
Libya,LBY,1830,1.2381768
Libya,LBY,1840,1.238177
Libya,LBY,1850,1.238177
Libya,LBY,1860,1.2381768
Libya,LBY,1870,1.238177
Libya,LBY,1880,1.238177
Libya,LBY,1890,1.2381768
Libya,LBY,1900,1.238177
Libya,LBY,1910,1.3375723
Libya,LBY,1920,1.3375725
Libya,LBY,1930,1.3375723
Libya,LBY,1940,1.3375725
Libya,LBY,1950,1.3375725
Libya,LBY,1951,1.3375723
Libya,LBY,1952,1.3375723
Libya,LBY,1953,1.3375725
Libya,LBY,1954,1.3375725
Libya,LBY,1955,1.3375723
Libya,LBY,1956,1.3375723
Libya,LBY,1957,1.3375723
Libya,LBY,1958,1.3375723
Libya,LBY,1959,1.3375723
Libya,LBY,1960,1.3375725
Libya,LBY,1961,1.3375723
Libya,LBY,1962,1.2931751
Libya,LBY,1963,1.2452538
Libya,LBY,1964,1.2044698
Libya,LBY,1965,1.1630703
Libya,LBY,1966,1.1278757
Libya,LBY,1967,1.0917373
Libya,LBY,1968,1.0621251
Libya,LBY,1969,1.0317928
Libya,LBY,1970,1.0032823
Libya,LBY,1971,0.9614837
Libya,LBY,1972,0.92022914
Libya,LBY,1973,0.88420534
Libya,LBY,1974,0.8494553
Libya,LBY,1975,0.81901807
Libya,LBY,1976,0.7893382
Libya,LBY,1977,0.7632902
Libya,LBY,1978,0.7394227
Libya,LBY,1979,0.715102
Libya,LBY,1980,0.6933727
Libya,LBY,1981,0.6731995
Libya,LBY,1982,0.65488154
Libya,LBY,1983,0.6394694
Libya,LBY,1984,0.62405723
Libya,LBY,1985,0.61007917
Libya,LBY,1986,0.5957441
Libya,LBY,1987,0.5813521
Libya,LBY,1988,0.5663782
Libya,LBY,1989,0.55344635
Libya,LBY,1990,0.54240656
Libya,LBY,1991,0.51283354
Libya,LBY,1992,0.48643476
Libya,LBY,1993,0.4616589
Libya,LBY,1994,0.44131368
Libya,LBY,1995,0.42865506
Libya,LBY,1996,0.43764472
Libya,LBY,1997,0.41912314
Libya,LBY,1998,0.3654023
Libya,LBY,1999,0.351149
Libya,LBY,2000,0.3379641
Libya,LBY,2001,0.337999
Libya,LBY,2002,0.33803353
Libya,LBY,2003,0.33806795
Libya,LBY,2004,0.3278809
Libya,LBY,2005,0.32791448
Libya,LBY,2006,0.32794806
Libya,LBY,2007,0.32798162
Libya,LBY,2008,0.32801518
Libya,LBY,2009,0.3280487
Libya,LBY,2010,0.3227323
Libya,LBY,2011,0.31721005
Libya,LBY,2012,0.3124818
Libya,LBY,2013,0.30731183
Libya,LBY,2014,0.30157462
Libya,LBY,2015,0.29674494
Libya,LBY,2016,0.2920675
Libya,LBY,2017,0.28753525
Libya,LBY,2018,0.2831415
Libya,LBY,2019,0.27887997
Libya,LBY,2020,0.27474487
Libya,LBY,2021,0.2716752
Libya,LBY,2022,0.26867333
Libya,LBY,2023,0.2657371
Libya,LBY,2024,0.26286432
Libya,LBY,2025,0.260053
Liechtenstein,LIE,-10000,0
Liechtenstein,LIE,-9000,0
Liechtenstein,LIE,-8000,0
Liechtenstein,LIE,-7000,0
Liechtenstein,LIE,-6000,0
Liechtenstein,LIE,-5000,0
Liechtenstein,LIE,-4000,0.49757203
Liechtenstein,LIE,-3000,1.4927161
Liechtenstein,LIE,-2000,1.3852825
Liechtenstein,LIE,-1000,1.2579576
Liechtenstein,LIE,0,1.0977807
Liechtenstein,LIE,100,1.0789924
Liechtenstein,LIE,200,1.0595261
Liechtenstein,LIE,300,1.0393169
Liechtenstein,LIE,400,1.0182897
Liechtenstein,LIE,500,0.99635607
Liechtenstein,LIE,600,0.9734119
Liechtenstein,LIE,700,0.94933176
Liechtenstein,LIE,800,0.92396396
Liechtenstein,LIE,900,0.897121
Liechtenstein,LIE,1000,0.86856776
Liechtenstein,LIE,1100,0.83800244
Liechtenstein,LIE,1200,0.8050283
Liechtenstein,LIE,1300,0.769106
Liechtenstein,LIE,1400,0.7294726
Liechtenstein,LIE,1500,0.6849892
Liechtenstein,LIE,1600,0.6338287
Liechtenstein,LIE,1700,0.57272637
Liechtenstein,LIE,1710,0.56585914
Liechtenstein,LIE,1720,0.5588209
Liechtenstein,LIE,1730,0.5516009
Liechtenstein,LIE,1740,0.54418665
Liechtenstein,LIE,1750,0.53656477
Liechtenstein,LIE,1760,0.52871996
Liechtenstein,LIE,1770,0.5206352
Liechtenstein,LIE,1780,0.5122912
Liechtenstein,LIE,1790,0.50366616
Liechtenstein,LIE,1800,0.4947351
Liechtenstein,LIE,1810,0.48546946
Liechtenstein,LIE,1820,0.47583592
Liechtenstein,LIE,1830,0.46579567
Liechtenstein,LIE,1840,0.45530283
Liechtenstein,LIE,1850,0.44430274
Liechtenstein,LIE,1860,0.43272918
Liechtenstein,LIE,1870,0.42050105
Liechtenstein,LIE,1880,0.4075171
Liechtenstein,LIE,1890,0.39364845
Liechtenstein,LIE,1900,0.37872693
Liechtenstein,LIE,1910,0.36252677
Liechtenstein,LIE,1920,0.34473276
Liechtenstein,LIE,1930,0.32488352
Liechtenstein,LIE,1940,0.30225775
Liechtenstein,LIE,1950,0.27561694
Liechtenstein,LIE,1951,0.27265534
Liechtenstein,LIE,1952,0.26962796
Liechtenstein,LIE,1953,0.26653105
Liechtenstein,LIE,1954,0.2633604
Liechtenstein,LIE,1955,0.26011154
Liechtenstein,LIE,1956,0.25677946
Liechtenstein,LIE,1957,0.25335854
Liechtenstein,LIE,1958,0.24984267
Liechtenstein,LIE,1959,0.246225
Liechtenstein,LIE,1960,0.24249773
Liechtenstein,LIE,1961,0.23677045
Liechtenstein,LIE,1962,0.2313476
Liechtenstein,LIE,1963,0.22575912
Liechtenstein,LIE,1964,0.2201431
Liechtenstein,LIE,1965,0.21448871
Liechtenstein,LIE,1966,0.20884457
Liechtenstein,LIE,1967,0.20313849
Liechtenstein,LIE,1968,0.19766752
Liechtenstein,LIE,1969,0.19263183
Liechtenstein,LIE,1970,0.18810251
Liechtenstein,LIE,1971,0.18411121
Liechtenstein,LIE,1972,0.18057875
Liechtenstein,LIE,1973,0.1772814
Liechtenstein,LIE,1974,0.17405683
Liechtenstein,LIE,1975,0.17070672
Liechtenstein,LIE,1976,0.16718215
Liechtenstein,LIE,1977,0.16366611
Liechtenstein,LIE,1978,0.16024357
Liechtenstein,LIE,1979,0.15718946
Liechtenstein,LIE,1980,0.15464316
Liechtenstein,LIE,1981,0.15253203
Liechtenstein,LIE,1982,0.150858
Liechtenstein,LIE,1983,0.1494489
Liechtenstein,LIE,1984,0.14808781
Liechtenstein,LIE,1985,0.1467513
Liechtenstein,LIE,1986,0.14532772
Liechtenstein,LIE,1987,0.14387454
Liechtenstein,LIE,1988,0.14237408
Liechtenstein,LIE,1989,0.14081037
Liechtenstein,LIE,1990,0.13914496
Liechtenstein,LIE,1991,0.13741927
Liechtenstein,LIE,1992,0.135607
Liechtenstein,LIE,1993,0.1336943
Liechtenstein,LIE,1994,0.13173062
Liechtenstein,LIE,1995,0.12973113
Liechtenstein,LIE,1996,0.12769353
Liechtenstein,LIE,1997,0.12563603
Liechtenstein,LIE,1998,0.1236285
Liechtenstein,LIE,1999,0.12179526
Liechtenstein,LIE,2000,0.120170645
Liechtenstein,LIE,2001,0.115826674
Liechtenstein,LIE,2002,0.0990652
Liechtenstein,LIE,2003,0.09440285
Liechtenstein,LIE,2004,0.08989479
Liechtenstein,LIE,2005,0.08550442
Liechtenstein,LIE,2006,0.08120815
Liechtenstein,LIE,2007,0.07700583
Liechtenstein,LIE,2008,0.072873585
Liechtenstein,LIE,2009,0.06878041
Liechtenstein,LIE,2010,0.06471683
Liechtenstein,LIE,2011,0.060666226
Liechtenstein,LIE,2012,0.056642495
Liechtenstein,LIE,2013,0.05266873
Liechtenstein,LIE,2014,0.04929027
Liechtenstein,LIE,2015,0.04839184
Liechtenstein,LIE,2016,0.04725747
Liechtenstein,LIE,2017,0.046147354
Liechtenstein,LIE,2018,0.045603458
Liechtenstein,LIE,2019,0.045047387
Liechtenstein,LIE,2020,0.04476646
Liechtenstein,LIE,2021,0.044486728
Liechtenstein,LIE,2022,0.044205952
Liechtenstein,LIE,2023,0.043842714
Liechtenstein,LIE,2024,0.043532055
Liechtenstein,LIE,2025,0.04321855
Lithuania,LTU,-10000,0
Lithuania,LTU,-9000,0
Lithuania,LTU,-8000,0
Lithuania,LTU,-7000,0
Lithuania,LTU,-6000,0
Lithuania,LTU,-5000,0
Lithuania,LTU,-4000,0
Lithuania,LTU,-3000,0
Lithuania,LTU,-2000,0.34253842
Lithuania,LTU,-1000,0.68507683
Lithuania,LTU,0,1.3701537
Lithuania,LTU,100,2.740307
Lithuania,LTU,200,2.6936228
Lithuania,LTU,300,2.6452618
Lithuania,LTU,400,2.5950642
Lithuania,LTU,500,2.542846
Lithuania,LTU,600,2.4883902
Lithuania,LTU,700,2.4314408
Lithuania,LTU,800,2.3716903
Lithuania,LTU,900,2.3087676
Lithuania,LTU,1000,2.2422144
Lithuania,LTU,1100,2.171457
Lithuania,LTU,1200,2.0957603
Lithuania,LTU,1300,2.014161
Lithuania,LTU,1400,1.9253533
Lithuania,LTU,1500,1.8274968
Lithuania,LTU,1600,1.717861
Lithuania,LTU,1700,1.5920972
Lithuania,LTU,1710,1.5783833
Lithuania,LTU,1720,1.5644269
Lithuania,LTU,1730,1.5502172
Lithuania,LTU,1740,1.5357418
Lithuania,LTU,1750,1.5209883
Lithuania,LTU,1760,1.5059431
Lithuania,LTU,1770,1.4905909
Lithuania,LTU,1780,1.4749157
Lithuania,LTU,1790,1.4589005
Lithuania,LTU,1800,1.4425253
Lithuania,LTU,1810,1.4257698
Lithuania,LTU,1820,1.4086109
Lithuania,LTU,1830,1.3910236
Lithuania,LTU,1840,1.3729796
Lithuania,LTU,1850,1.3544488
Lithuania,LTU,1860,1.3353964
Lithuania,LTU,1870,1.3157843
Lithuania,LTU,1880,1.2955695
Lithuania,LTU,1890,1.2747034
Lithuania,LTU,1900,1.2531308
Lithuania,LTU,1910,1.2307886
Lithuania,LTU,1920,1.2076046
Lithuania,LTU,1930,1.1834944
Lithuania,LTU,1940,1.1583598
Lithuania,LTU,1950,1.1320841
Lithuania,LTU,1951,1.1293887
Lithuania,LTU,1952,1.1266804
Lithuania,LTU,1953,1.123959
Lithuania,LTU,1954,1.1212242
Lithuania,LTU,1955,1.1184763
Lithuania,LTU,1956,1.1157146
Lithuania,LTU,1957,1.1129391
Lithuania,LTU,1958,1.1101497
Lithuania,LTU,1959,1.1073464
Lithuania,LTU,1960,1.1045288
Lithuania,LTU,1961,1.0899507
Lithuania,LTU,1962,1.0770757
Lithuania,LTU,1963,1.0539429
Lithuania,LTU,1964,1.03333
Lithuania,LTU,1965,1.0174538
Lithuania,LTU,1966,0.9937837
Lithuania,LTU,1967,0.9809769
Lithuania,LTU,1968,0.968485
Lithuania,LTU,1969,0.9594761
Lithuania,LTU,1970,0.94773334
Lithuania,LTU,1971,0.9372157
Lithuania,LTU,1972,0.9269114
Lithuania,LTU,1973,0.9164196
Lithuania,LTU,1974,0.90965164
Lithuania,LTU,1975,0.89876294
Lithuania,LTU,1976,0.89205825
Lithuania,LTU,1977,0.88545847
Lithuania,LTU,1978,0.8763172
Lithuania,LTU,1979,0.86731684
Lithuania,LTU,1980,0.8611208
Lithuania,LTU,1981,0.85524005
Lithuania,LTU,1982,0.84896094
Lithuania,LTU,1983,0.8431396
Lithuania,LTU,1984,0.8360913
Lithuania,LTU,1985,0.8303615
Lithuania,LTU,1986,0.8245551
Lithuania,LTU,1987,0.8189162
Lithuania,LTU,1988,0.811052
Lithuania,LTU,1989,0.79951966
Lithuania,LTU,1990,0.790226
Lithuania,LTU,1991,0.79309225
Lithuania,LTU,1992,0.79827195
Lithuania,LTU,1993,0.78587055
Lithuania,LTU,1994,0.7220393
Lithuania,LTU,1995,0.80157524
Lithuania,LTU,1996,0.80759555
Lithuania,LTU,1997,0.81649804
Lithuania,LTU,1998,0.8258114
Lithuania,LTU,1999,0.8497258
Lithuania,LTU,2000,0.83456475
Lithuania,LTU,2001,0.48059642
Lithuania,LTU,2002,0.48524138
Lithuania,LTU,2003,0.45456392
Lithuania,LTU,2004,0.48045158
Lithuania,LTU,2005,0.569802
Lithuania,LTU,2006,0.5635029
Lithuania,LTU,2007,0.5521039
Lithuania,LTU,2008,0.5620947
Lithuania,LTU,2009,0.62279356
Lithuania,LTU,2010,0.6493239
Lithuania,LTU,2011,0.66962606
Lithuania,LTU,2012,0.69531053
Lithuania,LTU,2013,0.7074994
Lithuania,LTU,2014,0.729146
Lithuania,LTU,2015,0.67767316
Lithuania,LTU,2016,0.67140913
Lithuania,LTU,2017,0.6623374
Lithuania,LTU,2018,0.6687667
Lithuania,LTU,2019,0.70153785
Lithuania,LTU,2020,0.71633756
Lithuania,LTU,2021,0.7290424
Lithuania,LTU,2022,0.73638725
Lithuania,LTU,2023,0.7599029
Lithuania,LTU,2024,0.7767603
Lithuania,LTU,2025,0.79376775
Luxembourg,LUX,-10000,0
Luxembourg,LUX,-9000,0
Luxembourg,LUX,-8000,0
Luxembourg,LUX,-7000,0
Luxembourg,LUX,-6000,0
Luxembourg,LUX,-5000,0
Luxembourg,LUX,-4000,0.4974713
Luxembourg,LUX,-3000,1.492414
Luxembourg,LUX,-2000,1.3848814
Luxembourg,LUX,-1000,1.2574103
Luxembourg,LUX,0,1.0969819
Luxembourg,LUX,100,1.0781572
Luxembourg,LUX,200,1.0586512
Luxembourg,LUX,300,1.0383987
Luxembourg,LUX,400,1.0173239
Luxembourg,LUX,500,0.9953376
Luxembourg,LUX,600,0.97233456
Luxembourg,LUX,700,0.9481884
Luxembourg,LUX,800,0.9227454
Luxembourg,LUX,900,0.89581627
Luxembourg,LUX,1000,0.86716276
Luxembourg,LUX,1100,0.8364792
Luxembourg,LUX,1200,0.8033625
Luxembourg,LUX,1300,0.767264
Luxembourg,LUX,1400,0.72740597
Luxembourg,LUX,1500,0.68262345
Luxembourg,LUX,1600,0.6310389
Luxembourg,LUX,1700,0.5692745
Luxembourg,LUX,1710,0.5623191
Luxembourg,LUX,1720,0.5551872
Luxembourg,LUX,1730,0.54786724
Luxembourg,LUX,1740,0.5403462
Luxembourg,LUX,1750,0.5326099
Luxembourg,LUX,1760,0.52464193
Luxembourg,LUX,1770,0.5164243
Luxembourg,LUX,1780,0.50793654
Luxembourg,LUX,1790,0.49915516
Luxembourg,LUX,1800,0.49005345
Luxembourg,LUX,1810,0.48060054
Luxembourg,LUX,1820,0.47076032
Luxembourg,LUX,1830,0.46049058
Luxembourg,LUX,1840,0.44974115
Luxembourg,LUX,1850,0.4384517
Luxembourg,LUX,1860,0.42654887
Luxembourg,LUX,1870,0.41394183
Luxembourg,LUX,1880,0.40051627
Luxembourg,LUX,1890,0.38612467
Luxembourg,LUX,1900,0.370572
Luxembourg,LUX,1910,0.35359117
Luxembourg,LUX,1920,0.33480105
Luxembourg,LUX,1930,0.31362548
Luxembourg,LUX,1940,0.28912368
Luxembourg,LUX,1950,0.25956854
Luxembourg,LUX,1951,0.25622076
Luxembourg,LUX,1952,0.2527831
Luxembourg,LUX,1953,0.24924931
Luxembourg,LUX,1954,0.24561237
Luxembourg,LUX,1955,0.24186444
Luxembourg,LUX,1956,0.23799658
Luxembourg,LUX,1957,0.23399873
Luxembourg,LUX,1958,0.22985944
Luxembourg,LUX,1959,0.2255654
Luxembourg,LUX,1960,0.22110136
Luxembourg,LUX,1961,0.21911421
Luxembourg,LUX,1962,0.21605453
Luxembourg,LUX,1963,0.21295394
Luxembourg,LUX,1964,0.21002898
Luxembourg,LUX,1965,0.2074438
Luxembourg,LUX,1966,0.20523301
Luxembourg,LUX,1967,0.2031261
Luxembourg,LUX,1968,0.20155898
Luxembourg,LUX,1969,0.20012946
Luxembourg,LUX,1970,0.19849929
Luxembourg,LUX,1971,0.19588238
Luxembourg,LUX,1972,0.19332357
Luxembourg,LUX,1973,0.1906313
Luxembourg,LUX,1974,0.18799752
Luxembourg,LUX,1975,0.18542033
Luxembourg,LUX,1976,0.18432924
Luxembourg,LUX,1977,0.18287538
Luxembourg,LUX,1978,0.18124588
Luxembourg,LUX,1979,0.17907527
Luxembourg,LUX,1980,0.14178976
Luxembourg,LUX,1981,0.14104277
Luxembourg,LUX,1982,0.1404803
Luxembourg,LUX,1983,0.14046593
Luxembourg,LUX,1984,0.14099742
Luxembourg,LUX,1985,0.1411641
Luxembourg,LUX,1986,0.1402361
Luxembourg,LUX,1987,0.13932255
Luxembourg,LUX,1988,0.13842313
Luxembourg,LUX,1989,0.13771363
Luxembourg,LUX,1990,0.1364906
Luxembourg,LUX,1991,0.13377127
Luxembourg,LUX,1992,0.14439051
Luxembourg,LUX,1993,0.14415585
Luxembourg,LUX,1994,0.15866785
Luxembourg,LUX,1995,0.14576915
Luxembourg,LUX,1996,0.14192012
Luxembourg,LUX,1997,0.14145617
Luxembourg,LUX,1998,0.14021936
Luxembourg,LUX,1999,0.13839485
Luxembourg,LUX,2000,0.1446643
Luxembourg,LUX,2001,0.14323644
Luxembourg,LUX,2002,0.1418365
Luxembourg,LUX,2003,0.14046365
Luxembourg,LUX,2004,0.13911712
Luxembourg,LUX,2005,0.13560894
Luxembourg,LUX,2006,0.13269208
Luxembourg,LUX,2007,0.13199317
Luxembourg,LUX,2008,0.13132311
Luxembourg,LUX,2009,0.12732263
Luxembourg,LUX,2010,0.12503745
Luxembourg,LUX,2011,0.12331219
Luxembourg,LUX,2012,0.12225327
Luxembourg,LUX,2013,0.120009124
Luxembourg,LUX,2014,0.118445106
Luxembourg,LUX,2015,0.116947934
Luxembourg,LUX,2016,0.11345655
Luxembourg,LUX,2017,0.11208332
Luxembourg,LUX,2018,0.11056339
Luxembourg,LUX,2019,0.10866881
Luxembourg,LUX,2020,0.107387036
Luxembourg,LUX,2021,0.106481224
Luxembourg,LUX,2022,0.10418929
Luxembourg,LUX,2023,0.10315984
Luxembourg,LUX,2024,0.10182576
Luxembourg,LUX,2025,0.10052653
Madagascar,MDG,-10000,0
Madagascar,MDG,-9000,0
Madagascar,MDG,-8000,0
Madagascar,MDG,-7000,0
Madagascar,MDG,-6000,0
Madagascar,MDG,-5000,0
Madagascar,MDG,-4000,0
Madagascar,MDG,-3000,0
Madagascar,MDG,-2000,0
Madagascar,MDG,-1000,0
Madagascar,MDG,0,0
Madagascar,MDG,100,0
Madagascar,MDG,200,0
Madagascar,MDG,300,0
Madagascar,MDG,400,0
Madagascar,MDG,500,0
Madagascar,MDG,600,0
Madagascar,MDG,700,0
Madagascar,MDG,800,0
Madagascar,MDG,900,0
Madagascar,MDG,1000,0.43209484
Madagascar,MDG,1100,0.43209487
Madagascar,MDG,1200,0.43209487
Madagascar,MDG,1300,0.43209487
Madagascar,MDG,1400,0.43209487
Madagascar,MDG,1500,0.43209487
Madagascar,MDG,1600,0.43209484
Madagascar,MDG,1700,0.43209487
Madagascar,MDG,1710,0.4320948
Madagascar,MDG,1720,0.43209484
Madagascar,MDG,1730,0.4320949
Madagascar,MDG,1740,0.43209484
Madagascar,MDG,1750,0.43209487
Madagascar,MDG,1760,0.43209484
Madagascar,MDG,1770,0.43209487
Madagascar,MDG,1780,0.43209487
Madagascar,MDG,1790,0.43209484
Madagascar,MDG,1800,0.43209487
Madagascar,MDG,1810,0.4320948
Madagascar,MDG,1820,0.43209484
Madagascar,MDG,1830,0.43209487
Madagascar,MDG,1840,0.43209484
Madagascar,MDG,1850,0.43209487
Madagascar,MDG,1860,0.43209487
Madagascar,MDG,1870,0.43209484
Madagascar,MDG,1880,0.43209487
Madagascar,MDG,1890,0.43209484
Madagascar,MDG,1900,0.43209484
Madagascar,MDG,1910,0.43209487
Madagascar,MDG,1920,0.43209487
Madagascar,MDG,1930,0.43209484
Madagascar,MDG,1940,0.43209484
Madagascar,MDG,1950,0.43209484
Madagascar,MDG,1951,0.4106388
Madagascar,MDG,1952,0.41063884
Madagascar,MDG,1953,0.41063884
Madagascar,MDG,1954,0.41063884
Madagascar,MDG,1955,0.41063884
Madagascar,MDG,1956,0.41063884
Madagascar,MDG,1957,0.41063887
Madagascar,MDG,1958,0.41063884
Madagascar,MDG,1959,0.41063887
Madagascar,MDG,1960,0.41063887
Madagascar,MDG,1961,0.41063887
Madagascar,MDG,1962,0.4054178
Madagascar,MDG,1963,0.4000861
Madagascar,MDG,1964,0.39465517
Madagascar,MDG,1965,0.3891342
Madagascar,MDG,1966,0.38353696
Madagascar,MDG,1967,0.37786946
Madagascar,MDG,1968,0.37212494
Madagascar,MDG,1969,0.36707732
Madagascar,MDG,1970,0.36038473
Madagascar,MDG,1971,0.3536628
Madagascar,MDG,1972,0.34837085
Madagascar,MDG,1973,0.341611
Madagascar,MDG,1974,0.33692813
Madagascar,MDG,1975,0.36513904
Madagascar,MDG,1976,0.35556933
Madagascar,MDG,1977,0.36620903
Madagascar,MDG,1978,0.3645104
Madagascar,MDG,1979,0.35656634
Madagascar,MDG,1980,0.3487617
Madagascar,MDG,1981,0.34275797
Madagascar,MDG,1982,0.33571115
Madagascar,MDG,1983,0.32985136
Madagascar,MDG,1984,0.3230796
Madagascar,MDG,1985,0.31748414
Madagascar,MDG,1986,0.3110474
Madagascar,MDG,1987,0.30428952
Madagascar,MDG,1988,0.29856482
Madagascar,MDG,1989,0.29240394
Madagascar,MDG,1990,0.28667173
Madagascar,MDG,1991,0.2805033
Madagascar,MDG,1992,0.27395397
Madagascar,MDG,1993,0.27533516
Madagascar,MDG,1994,0.26632905
Madagascar,MDG,1995,0.25824836
Madagascar,MDG,1996,0.25031132
Madagascar,MDG,1997,0.24324195
Madagascar,MDG,1998,0.23567082
Madagascar,MDG,1999,0.2290198
Madagascar,MDG,2000,0.22198536
Madagascar,MDG,2001,0.21831466
Madagascar,MDG,2002,0.2117492
Madagascar,MDG,2003,0.20545001
Madagascar,MDG,2004,0.19940461
Madagascar,MDG,2005,0.19632733
Madagascar,MDG,2006,0.19067526
Madagascar,MDG,2007,0.18524691
Madagascar,MDG,2008,0.18003178
Madagascar,MDG,2009,0.17501962
Madagascar,MDG,2010,0.17379703
Madagascar,MDG,2011,0.16978207
Madagascar,MDG,2012,0.16594844
Madagascar,MDG,2013,0.16228409
Madagascar,MDG,2014,0.15877809
Madagascar,MDG,2015,0.15542036
Madagascar,MDG,2016,0.15220173
Madagascar,MDG,2017,0.14911368
Madagascar,MDG,2018,0.14614846
Madagascar,MDG,2019,0.14329885
Madagascar,MDG,2020,0.14055826
Madagascar,MDG,2021,0.13713863
Madagascar,MDG,2022,0.13388145
Madagascar,MDG,2023,0.13077539
Madagascar,MDG,2024,0.1278102
Madagascar,MDG,2025,0.124976486
Malawi,MWI,-10000,0
Malawi,MWI,-9000,0
Malawi,MWI,-8000,0
Malawi,MWI,-7000,0
Malawi,MWI,-6000,0
Malawi,MWI,-5000,0
Malawi,MWI,-4000,0
Malawi,MWI,-3000,0
Malawi,MWI,-2000,0
Malawi,MWI,-1000,0
Malawi,MWI,0,0
Malawi,MWI,100,0
Malawi,MWI,200,0
Malawi,MWI,300,0
Malawi,MWI,400,0
Malawi,MWI,500,0
Malawi,MWI,600,0
Malawi,MWI,700,0
Malawi,MWI,800,0
Malawi,MWI,900,0
Malawi,MWI,1000,0.34948713
Malawi,MWI,1100,0.34948713
Malawi,MWI,1200,0.34948713
Malawi,MWI,1300,0.34948713
Malawi,MWI,1400,0.34948713
Malawi,MWI,1500,0.34948713
Malawi,MWI,1600,0.34948713
Malawi,MWI,1700,0.34948713
Malawi,MWI,1710,0.34948713
Malawi,MWI,1720,0.34948713
Malawi,MWI,1730,0.3494871
Malawi,MWI,1740,0.34948716
Malawi,MWI,1750,0.34948716
Malawi,MWI,1760,0.3494871
Malawi,MWI,1770,0.34948713
Malawi,MWI,1780,0.34948716
Malawi,MWI,1790,0.34948716
Malawi,MWI,1800,0.34948716
Malawi,MWI,1810,0.34948713
Malawi,MWI,1820,0.34948713
Malawi,MWI,1830,0.34948716
Malawi,MWI,1840,0.34948713
Malawi,MWI,1850,0.3494871
Malawi,MWI,1860,0.34948713
Malawi,MWI,1870,0.3494871
Malawi,MWI,1880,0.34948713
Malawi,MWI,1890,0.34948716
Malawi,MWI,1900,0.34948713
Malawi,MWI,1910,0.34948716
Malawi,MWI,1920,0.34948713
Malawi,MWI,1930,0.34948713
Malawi,MWI,1940,0.34948716
Malawi,MWI,1950,0.34948713
Malawi,MWI,1951,0.36294731
Malawi,MWI,1952,0.3629473
Malawi,MWI,1953,0.3629473
Malawi,MWI,1954,0.36294731
Malawi,MWI,1955,0.36294731
Malawi,MWI,1956,0.36294734
Malawi,MWI,1957,0.36294731
Malawi,MWI,1958,0.3629473
Malawi,MWI,1959,0.3629473
Malawi,MWI,1960,0.3629473
Malawi,MWI,1961,0.36756527
Malawi,MWI,1962,0.38579035
Malawi,MWI,1963,0.38996744
Malawi,MWI,1964,0.39359978
Malawi,MWI,1965,0.43437842
Malawi,MWI,1966,0.43601394
Malawi,MWI,1967,0.41412434
Malawi,MWI,1968,0.4271676
Malawi,MWI,1969,0.42747822
Malawi,MWI,1970,0.40554133
Malawi,MWI,1971,0.426544
Malawi,MWI,1972,0.42534277
Malawi,MWI,1973,0.42365927
Malawi,MWI,1974,0.41235495
Malawi,MWI,1975,0.39109674
Malawi,MWI,1976,0.37985554
Malawi,MWI,1977,0.36872286
Malawi,MWI,1978,0.36646405
Malawi,MWI,1979,0.35581052
Malawi,MWI,1980,0.3228905
Malawi,MWI,1981,0.33030063
Malawi,MWI,1982,0.33773094
Malawi,MWI,1983,0.31525102
Malawi,MWI,1984,0.3117782
Malawi,MWI,1985,0.30023137
Malawi,MWI,1986,0.2970373
Malawi,MWI,1987,0.27955344
Malawi,MWI,1988,0.26340362
Malawi,MWI,1989,0.2556442
Malawi,MWI,1990,0.2519721
Malawi,MWI,1991,0.25723064
Malawi,MWI,1992,0.24975033
Malawi,MWI,1993,0.24908113
Malawi,MWI,1994,0.22762126
Malawi,MWI,1995,0.24522942
Malawi,MWI,1996,0.25025252
Malawi,MWI,1997,0.24851033
Malawi,MWI,1998,0.25502712
Malawi,MWI,1999,0.25623947
Malawi,MWI,2000,0.25316072
Malawi,MWI,2001,0.25479093
Malawi,MWI,2002,0.24804991
Malawi,MWI,2003,0.2537148
Malawi,MWI,2004,0.24692258
Malawi,MWI,2005,0.25537375
Malawi,MWI,2006,0.25578472
Malawi,MWI,2007,0.24817626
Malawi,MWI,2008,0.25120464
Malawi,MWI,2009,0.24703352
Malawi,MWI,2010,0.24394596
Malawi,MWI,2011,0.23584424
Malawi,MWI,2012,0.22826336
Malawi,MWI,2013,0.22480507
Malawi,MWI,2014,0.2242698
Malawi,MWI,2015,0.22084501
Malawi,MWI,2016,0.21767095
Malawi,MWI,2017,0.21461856
Malawi,MWI,2018,0.21178332
Malawi,MWI,2019,0.20904563
Malawi,MWI,2020,0.20649788
Malawi,MWI,2021,0.20348455
Malawi,MWI,2022,0.19754292
Malawi,MWI,2023,0.19512829
Malawi,MWI,2024,0.19186035
Malawi,MWI,2025,0.18876788
Malaysia,MYS,-10000,0
Malaysia,MYS,-9000,0
Malaysia,MYS,-8000,0
Malaysia,MYS,-7000,0
Malaysia,MYS,-6000,0
Malaysia,MYS,-5000,0
Malaysia,MYS,-4000,0
Malaysia,MYS,-3000,0
Malaysia,MYS,-2000,0
Malaysia,MYS,-1000,0
Malaysia,MYS,0,0
Malaysia,MYS,100,0.31759104
Malaysia,MYS,200,0.3174102
Malaysia,MYS,300,0.31725416
Malaysia,MYS,400,0.31711963
Malaysia,MYS,500,0.3170036
Malaysia,MYS,600,0.31690225
Malaysia,MYS,700,0.3168168
Malaysia,MYS,800,0.31674287
Malaysia,MYS,900,0.31667894
Malaysia,MYS,1000,0.31662387
Malaysia,MYS,1100,0.31657648
Malaysia,MYS,1200,0.31653565
Malaysia,MYS,1300,0.31650046
Malaysia,MYS,1400,0.31646356
Malaysia,MYS,1500,0.3164389
Malaysia,MYS,1600,0.31642166
Malaysia,MYS,1700,0.31640232
Malaysia,MYS,1710,0.31640056
Malaysia,MYS,1720,0.3163988
Malaysia,MYS,1730,0.31639704
Malaysia,MYS,1740,0.31639534
Malaysia,MYS,1750,0.31639367
Malaysia,MYS,1760,0.31639203
Malaysia,MYS,1770,0.31639042
Malaysia,MYS,1780,0.31638882
Malaysia,MYS,1790,0.31638724
Malaysia,MYS,1800,0.3163857
Malaysia,MYS,1810,0.3163841
Malaysia,MYS,1820,0.31638265
Malaysia,MYS,1830,0.31638116
Malaysia,MYS,1840,0.3163797
Malaysia,MYS,1850,0.31637824
Malaysia,MYS,1860,0.3163768
Malaysia,MYS,1870,0.31637543
Malaysia,MYS,1880,0.3162827
Malaysia,MYS,1890,0.42279914
Malaysia,MYS,1900,0.42160285
Malaysia,MYS,1910,0.46077994
Malaysia,MYS,1920,0.56488264
Malaysia,MYS,1930,0.4546662
Malaysia,MYS,1940,0.42615616
Malaysia,MYS,1950,0.50215876
Malaysia,MYS,1951,0.4884355
Malaysia,MYS,1952,0.47471225
Malaysia,MYS,1953,0.46098906
Malaysia,MYS,1954,0.44726565
Malaysia,MYS,1955,0.43354234
Malaysia,MYS,1956,0.41981426
Malaysia,MYS,1957,0.40608898
Malaysia,MYS,1958,0.39236292
Malaysia,MYS,1959,0.37863275
Malaysia,MYS,1960,0.35118505
Malaysia,MYS,1961,0.34027404
Malaysia,MYS,1962,0.33680788
Malaysia,MYS,1963,0.33995292
Malaysia,MYS,1964,0.33617258
Malaysia,MYS,1965,0.34306848
Malaysia,MYS,1966,0.33473384
Malaysia,MYS,1967,0.33232048
Malaysia,MYS,1968,0.3364966
Malaysia,MYS,1969,0.3335583
Malaysia,MYS,1970,0.33745337
Malaysia,MYS,1971,0.33474818
Malaysia,MYS,1972,0.33634785
Malaysia,MYS,1973,0.33441517
Malaysia,MYS,1974,0.33089092
Malaysia,MYS,1975,0.33339474
Malaysia,MYS,1976,0.33197805
Malaysia,MYS,1977,0.33416265
Malaysia,MYS,1978,0.33837464
Malaysia,MYS,1979,0.33868784
Malaysia,MYS,1980,0.33673206
Malaysia,MYS,1981,0.33643797
Malaysia,MYS,1982,0.3317228
Malaysia,MYS,1983,0.32956025
Malaysia,MYS,1984,0.32198155
Malaysia,MYS,1985,0.3265696
Malaysia,MYS,1986,0.33533433
Malaysia,MYS,1987,0.34653395
Malaysia,MYS,1988,0.3547118
Malaysia,MYS,1989,0.36387706
Malaysia,MYS,1990,0.35590887
Malaysia,MYS,1991,0.34827036
Malaysia,MYS,1992,0.33968326
Malaysia,MYS,1993,0.33528218
Malaysia,MYS,1994,0.33187112
Malaysia,MYS,1995,0.32262218
Malaysia,MYS,1996,0.31402662
Malaysia,MYS,1997,0.30615437
Malaysia,MYS,1998,0.29814252
Malaysia,MYS,1999,0.29122502
Malaysia,MYS,2000,0.28416476
Malaysia,MYS,2001,0.27813956
Malaysia,MYS,2002,0.2757353
Malaysia,MYS,2003,0.27296433
Malaysia,MYS,2004,0.26783428
Malaysia,MYS,2005,0.26242688
Malaysia,MYS,2006,0.25565115
Malaysia,MYS,2007,0.25248173
Malaysia,MYS,2008,0.24982607
Malaysia,MYS,2009,0.24820274
Malaysia,MYS,2010,0.25014246
Malaysia,MYS,2011,0.2511001
Malaysia,MYS,2012,0.25739482
Malaysia,MYS,2013,0.26119593
Malaysia,MYS,2014,0.2657178
Malaysia,MYS,2015,0.2701057
Malaysia,MYS,2016,0.26617354
Malaysia,MYS,2017,0.26234376
Malaysia,MYS,2018,0.25862262
Malaysia,MYS,2019,0.25500557
Malaysia,MYS,2020,0.25148827
Malaysia,MYS,2021,0.24831079
Malaysia,MYS,2022,0.2452126
Malaysia,MYS,2023,0.24219076
Malaysia,MYS,2024,0.2392425
Malaysia,MYS,2025,0.23636514
Mali,MLI,-10000,0
Mali,MLI,-9000,0
Mali,MLI,-8000,0
Mali,MLI,-7000,0
Mali,MLI,-6000,0
Mali,MLI,-5000,0
Mali,MLI,-4000,0
Mali,MLI,-3000,0
Mali,MLI,-2000,0
Mali,MLI,-1000,0
Mali,MLI,0,0.3299745
Mali,MLI,100,0.3299745
Mali,MLI,200,0.32997447
Mali,MLI,300,0.3299745
Mali,MLI,400,0.3299745
Mali,MLI,500,0.32997447
Mali,MLI,600,0.3299745
Mali,MLI,700,0.3299745
Mali,MLI,800,0.3299745
Mali,MLI,900,0.32997447
Mali,MLI,1000,0.32997447
Mali,MLI,1100,0.32997447
Mali,MLI,1200,0.32997447
Mali,MLI,1300,0.32997447
Mali,MLI,1400,0.3299745
Mali,MLI,1500,0.3299745
Mali,MLI,1600,0.32997447
Mali,MLI,1700,0.32997447
Mali,MLI,1710,0.3299745
Mali,MLI,1720,0.32997447
Mali,MLI,1730,0.32997453
Mali,MLI,1740,0.3299745
Mali,MLI,1750,0.32997447
Mali,MLI,1760,0.32997447
Mali,MLI,1770,0.32997447
Mali,MLI,1780,0.32997447
Mali,MLI,1790,0.3299745
Mali,MLI,1800,0.32997447
Mali,MLI,1810,0.32997447
Mali,MLI,1820,0.32997447
Mali,MLI,1830,0.32997447
Mali,MLI,1840,0.3299745
Mali,MLI,1850,0.32997447
Mali,MLI,1860,0.3299745
Mali,MLI,1870,0.3299745
Mali,MLI,1880,0.32997447
Mali,MLI,1890,0.32997447
Mali,MLI,1900,0.32997447
Mali,MLI,1910,0.32997447
Mali,MLI,1920,0.3299745
Mali,MLI,1930,0.3299745
Mali,MLI,1940,0.3299745
Mali,MLI,1950,0.32997447
Mali,MLI,1951,0.31903705
Mali,MLI,1952,0.31903702
Mali,MLI,1953,0.31903702
Mali,MLI,1954,0.31903702
Mali,MLI,1955,0.31903705
Mali,MLI,1956,0.31903705
Mali,MLI,1957,0.31903705
Mali,MLI,1958,0.31903705
Mali,MLI,1959,0.31903702
Mali,MLI,1960,0.31903702
Mali,MLI,1961,0.31903705
Mali,MLI,1962,0.31646228
Mali,MLI,1963,0.31387752
Mali,MLI,1964,0.31124222
Mali,MLI,1965,0.30852205
Mali,MLI,1966,0.30554348
Mali,MLI,1967,0.30282855
Mali,MLI,1968,0.29891875
Mali,MLI,1969,0.29480952
Mali,MLI,1970,0.2988715
Mali,MLI,1971,0.29415026
Mali,MLI,1972,0.28922525
Mali,MLI,1973,0.28419867
Mali,MLI,1974,0.2870446
Mali,MLI,1975,0.28971297
Mali,MLI,1976,0.31485093
Mali,MLI,1977,0.30912933
Mali,MLI,1978,0.30374914
Mali,MLI,1979,0.29899755
Mali,MLI,1980,0.29336572
Mali,MLI,1981,0.28793374
Mali,MLI,1982,0.28195682
Mali,MLI,1983,0.27612287
Mali,MLI,1984,0.27074215
Mali,MLI,1985,0.26851758
Mali,MLI,1986,0.2647337
Mali,MLI,1987,0.26103908
Mali,MLI,1988,0.25951236
Mali,MLI,1989,0.25548974
Mali,MLI,1990,0.2513825
Mali,MLI,1991,0.24767368
Mali,MLI,1992,0.254052
Mali,MLI,1993,0.34704405
Mali,MLI,1994,0.34960604
Mali,MLI,1995,0.35598078
Mali,MLI,1996,0.47175497
Mali,MLI,1997,0.45975438
Mali,MLI,1998,0.44794074
Mali,MLI,1999,0.43605784
Mali,MLI,2000,0.42534024
Mali,MLI,2001,0.41352105
Mali,MLI,2002,0.43345913
Mali,MLI,2003,0.50703335
Mali,MLI,2004,0.40768546
Mali,MLI,2005,0.44949657
Mali,MLI,2006,0.44053617
Mali,MLI,2007,0.43566626
Mali,MLI,2008,0.4378891
Mali,MLI,2009,0.43926093
Mali,MLI,2010,0.41870686
Mali,MLI,2011,0.41677493
Mali,MLI,2012,0.41580757
Mali,MLI,2013,0.4144615
Mali,MLI,2014,0.41221526
Mali,MLI,2015,0.40955177
Mali,MLI,2016,0.41329885
Mali,MLI,2017,0.4110718
Mali,MLI,2018,0.41132566
Mali,MLI,2019,0.41190994
Mali,MLI,2020,0.4113659
Mali,MLI,2021,0.41147098
Mali,MLI,2022,0.4028714
Mali,MLI,2023,0.40397426
Mali,MLI,2024,0.40208218
Mali,MLI,2025,0.40027928
Malta,MLT,-10000,0
Malta,MLT,-9000,0
Malta,MLT,-8000,0
Malta,MLT,-7000,0
Malta,MLT,-6000,0
Malta,MLT,-5000,0
Malta,MLT,-4000,0
Malta,MLT,-3000,0
Malta,MLT,-2000,0
Malta,MLT,-1000,0
Malta,MLT,0,0
Malta,MLT,100,0.28632945
Malta,MLT,200,0.28218272
Malta,MLT,300,0.27791044
Malta,MLT,400,0.27350256
Malta,MLT,500,0.26894784
Malta,MLT,600,0.26423338
Malta,MLT,700,0.2593444
Malta,MLT,800,0.25426382
Malta,MLT,900,0.24897166
Malta,MLT,1000,0.24344441
Malta,MLT,1100,0.23765408
Malta,MLT,1200,0.23156695
Malta,MLT,1300,0.22514178
Malta,MLT,1400,0.21832731
Malta,MLT,1500,0.21105865
Malta,MLT,1600,0.20325156
Malta,MLT,1700,0.19479366
Malta,MLT,1710,0.19390658
Malta,MLT,1720,0.19301131
Malta,MLT,1730,0.19210765
Malta,MLT,1740,0.19119543
Malta,MLT,1750,0.19027439
Malta,MLT,1760,0.18934436
Malta,MLT,1770,0.18840511
Malta,MLT,1780,0.1874564
Malta,MLT,1790,0.18649799
Malta,MLT,1800,0.1855296
Malta,MLT,1810,0.18455105
Malta,MLT,1820,0.18356197
Malta,MLT,1830,0.18256211
Malta,MLT,1840,0.21710005
Malta,MLT,1850,0.20668793
Malta,MLT,1860,0.18917644
Malta,MLT,1870,0.17419447
Malta,MLT,1880,0.16136418
Malta,MLT,1890,0.15025026
Malta,MLT,1900,0.13900188
Malta,MLT,1910,0.1228565
Malta,MLT,1920,0.10877589
Malta,MLT,1930,0.09728686
Malta,MLT,1940,0.08485302
Malta,MLT,1950,0.07131582
Malta,MLT,1951,0.06996209
Malta,MLT,1952,0.06860837
Malta,MLT,1953,0.067254655
Malta,MLT,1954,0.06590093
Malta,MLT,1955,0.06454721
Malta,MLT,1956,0.063193485
Malta,MLT,1957,0.061839767
Malta,MLT,1958,0.06048605
Malta,MLT,1959,0.05913233
Malta,MLT,1960,0.057778604
Malta,MLT,1961,0.05752379
Malta,MLT,1962,0.05396277
Malta,MLT,1963,0.050402116
Malta,MLT,1964,0.046935428
Malta,MLT,1965,0.043611124
Malta,MLT,1966,0.043531526
Malta,MLT,1967,0.043544795
Malta,MLT,1968,0.04361656
Malta,MLT,1969,0.04369347
Malta,MLT,1970,0.043738246
Malta,MLT,1971,0.044129457
Malta,MLT,1972,0.04452773
Malta,MLT,1973,0.044933263
Malta,MLT,1974,0.045346245
Malta,MLT,1975,0.042497825
Malta,MLT,1976,0.041927345
Malta,MLT,1977,0.04455443
Malta,MLT,1978,0.043971978
Malta,MLT,1979,0.043404553
Malta,MLT,1980,0.03979076
Malta,MLT,1981,0.039251897
Malta,MLT,1982,0.03872743
Malta,MLT,1983,0.038216792
Malta,MLT,1984,0.037719447
Malta,MLT,1985,0.03723488
Malta,MLT,1986,0.036846735
Malta,MLT,1987,0.0364666
Malta,MLT,1988,0.036094226
Malta,MLT,1989,0.035729382
Malta,MLT,1990,0.03537184
Malta,MLT,1991,0.035008874
Malta,MLT,1992,0.034653284
Malta,MLT,1993,0.034304846
Malta,MLT,1994,0.033963345
Malta,MLT,1995,0.028454948
Malta,MLT,1996,0.028296197
Malta,MLT,1997,0.025581101
Malta,MLT,1998,0.022895962
Malta,MLT,1999,0.02277033
Malta,MLT,2000,0.022646068
Malta,MLT,2001,0.02501282
Malta,MLT,2002,0.024865108
Malta,MLT,2003,0.025707895
Malta,MLT,2004,0.024574855
Malta,MLT,2005,0.022721998
Malta,MLT,2006,0.022642115
Malta,MLT,2007,0.022562794
Malta,MLT,2008,0.022484025
Malta,MLT,2009,0.022405805
Malta,MLT,2010,0.024801027
Malta,MLT,2011,0.024702167
Malta,MLT,2012,0.024532637
Malta,MLT,2013,0.024269553
Malta,MLT,2014,0.024173953
Malta,MLT,2015,0.024079107
Malta,MLT,2016,0.024336684
Malta,MLT,2017,0.024241941
Malta,MLT,2018,0.024147931
Malta,MLT,2019,0.02405465
Malta,MLT,2020,0.021030307
Malta,MLT,2021,0.020147141
Malta,MLT,2022,0.020095298
Malta,MLT,2023,0.018341722
Malta,MLT,2024,0.017177476
Malta,MLT,2025,0.016019175
Martinique,MTQ,-4000,0
Martinique,MTQ,-3000,0
Martinique,MTQ,-2000,0
Martinique,MTQ,-1000,0
Martinique,MTQ,0,0
Martinique,MTQ,100,0
Martinique,MTQ,200,0
Martinique,MTQ,300,0
Martinique,MTQ,400,0
Martinique,MTQ,500,0
Martinique,MTQ,600,0
Martinique,MTQ,700,0
Martinique,MTQ,800,0
Martinique,MTQ,900,0
Martinique,MTQ,1000,0
Martinique,MTQ,1100,0
Martinique,MTQ,1200,0
Martinique,MTQ,1300,0
Martinique,MTQ,1400,0
Martinique,MTQ,1500,0.17331856
Martinique,MTQ,1600,0.16088943
Martinique,MTQ,1700,0.14616977
Martinique,MTQ,1710,0.1445262
Martinique,MTQ,1720,0.14284433
Martinique,MTQ,1730,0.14112194
Martinique,MTQ,1740,0.13935643
Martinique,MTQ,1750,0.13754502
Martinique,MTQ,1760,0.13568458
Martinique,MTQ,1770,0.13377169
Martinique,MTQ,1780,0.13180247
Martinique,MTQ,1790,0.12977257
Martinique,MTQ,1800,0.12767711
Martinique,MTQ,1810,0.12551051
Martinique,MTQ,1820,0.12326642
Martinique,MTQ,1830,0.12093749
Martinique,MTQ,1840,0.11851523
Martinique,MTQ,1850,0.11598968
Martinique,MTQ,1860,0.11334909
Martinique,MTQ,1870,0.110579394
Martinique,MTQ,1880,0.10766352
Martinique,MTQ,1890,0.10458053
Martinique,MTQ,1900,0.10130418
Martinique,MTQ,1910,0.09780098
Martinique,MTQ,1920,0.09402704
Martinique,MTQ,1930,0.08992309
Martinique,MTQ,1940,0.08540587
Martinique,MTQ,1950,0.080352396
Martinique,MTQ,1951,0.07981097
Martinique,MTQ,1952,0.079262085
Martinique,MTQ,1953,0.07870549
Martinique,MTQ,1954,0.07814091
Martinique,MTQ,1955,0.077568054
Martinique,MTQ,1956,0.07698661
Martinique,MTQ,1957,0.07639625
Martinique,MTQ,1958,0.07579662
Martinique,MTQ,1959,0.07518734
Martinique,MTQ,1960,0.07456804
Martinique,MTQ,1961,0.07279408
Martinique,MTQ,1962,0.071194164
Martinique,MTQ,1963,0.06977811
Martinique,MTQ,1964,0.06854434
Martinique,MTQ,1965,0.06749655
Martinique,MTQ,1966,0.06980293
Martinique,MTQ,1967,0.07849195
Martinique,MTQ,1968,0.07783846
Martinique,MTQ,1969,0.07732301
Martinique,MTQ,1970,0.07692047
Martinique,MTQ,1971,0.07660886
Martinique,MTQ,1972,0.076382525
Martinique,MTQ,1973,0.070143975
Martinique,MTQ,1974,0.07010656
Martinique,MTQ,1975,0.070156604
Martinique,MTQ,1976,0.070300706
Martinique,MTQ,1977,0.064379655
Martinique,MTQ,1978,0.06455857
Martinique,MTQ,1979,0.0677071
Martinique,MTQ,1980,0.061452616
Martinique,MTQ,1981,0.05810522
Martinique,MTQ,1982,0.057672754
Martinique,MTQ,1983,0.057124816
Martinique,MTQ,1984,0.05949424
Martinique,MTQ,1985,0.05590274
Martinique,MTQ,1986,0.058183003
Martinique,MTQ,1987,0.060385954
Martinique,MTQ,1988,0.05686406
Martinique,MTQ,1989,0.053469915
Martinique,MTQ,1990,0.05579594
Martinique,MTQ,1991,0.04710446
Martinique,MTQ,1992,0.046863586
Martinique,MTQ,1993,0.046654977
Martinique,MTQ,1994,0.05460781
Martinique,MTQ,1995,0.054239936
Martinique,MTQ,1996,0.05646406
Martinique,MTQ,1997,0.05856453
Martinique,MTQ,1998,0.06058004
Martinique,MTQ,1999,0.059966575
Martinique,MTQ,2000,0.054263007
Martinique,MTQ,2001,0.053849883
Martinique,MTQ,2002,0.05350523
Martinique,MTQ,2003,0.05323086
Martinique,MTQ,2004,0.04797689
Martinique,MTQ,2005,0.045334682
Martinique,MTQ,2006,0.042760305
Martinique,MTQ,2007,0.04552577
Martinique,MTQ,2008,0.045579653
Martinique,MTQ,2009,0.045178745
Martinique,MTQ,2010,0.044567116
Martinique,MTQ,2011,0.043527216
Martinique,MTQ,2012,0.04375055
Martinique,MTQ,2013,0.04446791
Martinique,MTQ,2014,0.041473296
Martinique,MTQ,2015,0.042931885
Martinique,MTQ,2016,0.042421963
Martinique,MTQ,2017,0.03619998
Martinique,MTQ,2018,0.037712235
Martinique,MTQ,2019,0.03733912
Martinique,MTQ,2020,0.03776275
Martinique,MTQ,2021,0.037518624
Martinique,MTQ,2022,0.040053483
Martinique,MTQ,2023,0.03964113
Martinique,MTQ,2024,0.040180255
Martinique,MTQ,2025,0.04071643
Mauritania,MRT,-10000,0
Mauritania,MRT,-9000,0
Mauritania,MRT,-8000,0
Mauritania,MRT,-7000,0
Mauritania,MRT,-6000,0
Mauritania,MRT,-5000,0
Mauritania,MRT,-4000,0
Mauritania,MRT,-3000,0
Mauritania,MRT,-2000,0
Mauritania,MRT,-1000,0
Mauritania,MRT,0,0
Mauritania,MRT,100,0
Mauritania,MRT,200,0
Mauritania,MRT,300,0
Mauritania,MRT,400,0
Mauritania,MRT,500,0
Mauritania,MRT,600,0
Mauritania,MRT,700,0
Mauritania,MRT,800,0
Mauritania,MRT,900,0
Mauritania,MRT,1000,0.30004904
Mauritania,MRT,1100,0.3130162
Mauritania,MRT,1200,0.32523867
Mauritania,MRT,1300,0.34612405
Mauritania,MRT,1400,0.3752072
Mauritania,MRT,1500,0.39057618
Mauritania,MRT,1600,0.44393504
Mauritania,MRT,1700,0.49461415
Mauritania,MRT,1710,0.50421965
Mauritania,MRT,1720,0.5133878
Mauritania,MRT,1730,0.52214783
Mauritania,MRT,1740,0.53052646
Mauritania,MRT,1750,0.5385479
Mauritania,MRT,1760,0.54623467
Mauritania,MRT,1770,0.5536072
Mauritania,MRT,1780,0.56068444
Mauritania,MRT,1790,0.5674837
Mauritania,MRT,1800,0.5740211
Mauritania,MRT,1810,0.5803116
Mauritania,MRT,1820,0.5863687
Mauritania,MRT,1830,0.59220517
Mauritania,MRT,1840,0.59783304
Mauritania,MRT,1850,0.6032632
Mauritania,MRT,1860,0.5854778
Mauritania,MRT,1870,0.5682168
Mauritania,MRT,1880,0.5514812
Mauritania,MRT,1890,0.5299417
Mauritania,MRT,1900,0.45608956
Mauritania,MRT,1910,0.40061927
Mauritania,MRT,1920,0.36253121
Mauritania,MRT,1930,0.35545075
Mauritania,MRT,1940,0.3485018
Mauritania,MRT,1950,0.33702892
Mauritania,MRT,1951,0.3346428
Mauritania,MRT,1952,0.33258078
Mauritania,MRT,1953,0.33040854
Mauritania,MRT,1954,0.32805783
Mauritania,MRT,1955,0.3255009
Mauritania,MRT,1956,0.3227529
Mauritania,MRT,1957,0.31984493
Mauritania,MRT,1958,0.31684545
Mauritania,MRT,1959,0.31382728
Mauritania,MRT,1960,0.31084794
Mauritania,MRT,1961,0.3079434
Mauritania,MRT,1962,0.29915297
Mauritania,MRT,1963,0.2916425
Mauritania,MRT,1964,0.28325072
Mauritania,MRT,1965,0.27508172
Mauritania,MRT,1966,0.26713654
Mauritania,MRT,1967,0.2594181
Mauritania,MRT,1968,0.25192535
Mauritania,MRT,1969,0.2536157
Mauritania,MRT,1970,0.24630465
Mauritania,MRT,1971,0.20540443
Mauritania,MRT,1972,0.1995039
Mauritania,MRT,1973,0.18341944
Mauritania,MRT,1974,0.15493366
Mauritania,MRT,1975,0.14750445
Mauritania,MRT,1976,0.14550473
Mauritania,MRT,1977,0.14209302
Mauritania,MRT,1978,0.13531151
Mauritania,MRT,1979,0.13349423
Mauritania,MRT,1980,0.13948765
Mauritania,MRT,1981,0.14819112
Mauritania,MRT,1982,0.15628548
Mauritania,MRT,1983,0.16381621
Mauritania,MRT,1984,0.16560857
Mauritania,MRT,1985,0.17231068
Mauritania,MRT,1986,0.17857002
Mauritania,MRT,1987,0.18438943
Mauritania,MRT,1988,0.1898011
Mauritania,MRT,1989,0.19482863
Mauritania,MRT,1990,0.19998474
Mauritania,MRT,1991,0.19949959
Mauritania,MRT,1992,0.19986355
Mauritania,MRT,1993,0.20001619
Mauritania,MRT,1994,0.20340979
Mauritania,MRT,1995,0.19766966
Mauritania,MRT,1996,0.19188368
Mauritania,MRT,1997,0.18611129
Mauritania,MRT,1998,0.18044418
Mauritania,MRT,1999,0.17498174
Mauritania,MRT,2000,0.1697801
Mauritania,MRT,2001,0.16482899
Mauritania,MRT,2002,0.16009626
Mauritania,MRT,2003,0.15555483
Mauritania,MRT,2004,0.1511734
Mauritania,MRT,2005,0.14692912
Mauritania,MRT,2006,0.14282626
Mauritania,MRT,2007,0.13885915
Mauritania,MRT,2008,0.1349947
Mauritania,MRT,2009,0.13119155
Mauritania,MRT,2010,0.13295491
Mauritania,MRT,2011,0.12991464
Mauritania,MRT,2012,0.12701073
Mauritania,MRT,2013,0.12423342
Mauritania,MRT,2014,0.12157496
Mauritania,MRT,2015,0.11902747
Mauritania,MRT,2016,0.11658496
Mauritania,MRT,2017,0.11424043
Mauritania,MRT,2018,0.1119885
Mauritania,MRT,2019,0.109823704
Mauritania,MRT,2020,0.10774101
Mauritania,MRT,2021,0.1058641
Mauritania,MRT,2022,0.10405148
Mauritania,MRT,2023,0.10229988
Mauritania,MRT,2024,0.10060628
Mauritania,MRT,2025,0.09896784
Mauritius,MUS,1700,0.35996926
Mauritius,MUS,1710,0.3576451
Mauritius,MUS,1720,0.35529035
Mauritius,MUS,1730,0.35290387
Mauritius,MUS,1740,0.35048476
Mauritius,MUS,1750,0.34803176
Mauritius,MUS,1760,0.34554368
Mauritius,MUS,1770,0.34301925
Mauritius,MUS,1780,0.3404571
Mauritius,MUS,1790,0.3378558
Mauritius,MUS,1800,0.3352138
Mauritius,MUS,1810,0.33252952
Mauritius,MUS,1820,0.32980117
Mauritius,MUS,1830,0.32702687
Mauritius,MUS,1840,0.26507482
Mauritius,MUS,1850,0.17069526
Mauritius,MUS,1860,0.09943623
Mauritius,MUS,1870,0.096765555
Mauritius,MUS,1880,0.08362294
Mauritius,MUS,1890,0.079937115
Mauritius,MUS,1900,0.07844345
Mauritius,MUS,1910,0.076575585
Mauritius,MUS,1920,0.07260124
Mauritius,MUS,1930,0.0665886
Mauritius,MUS,1940,0.043303456
Mauritius,MUS,1950,0.039063502
Mauritius,MUS,1951,0.038929135
Mauritius,MUS,1952,0.037767842
Mauritius,MUS,1953,0.036492568
Mauritius,MUS,1954,0.03523045
Mauritius,MUS,1955,0.034005407
Mauritius,MUS,1956,0.032826826
Mauritius,MUS,1957,0.031695727
Mauritius,MUS,1958,0.030606339
Mauritius,MUS,1959,0.029549628
Mauritius,MUS,1960,0.028518967
Mauritius,MUS,1961,0.027514614
Mauritius,MUS,1962,0.026543695
Mauritius,MUS,1963,0.025506932
Mauritius,MUS,1964,0.024537435
Mauritius,MUS,1965,0.02364259
Mauritius,MUS,1966,0.022817513
Mauritius,MUS,1967,0.022056822
Mauritius,MUS,1968,0.021427047
Mauritius,MUS,1969,0.020826973
Mauritius,MUS,1970,0.020172896
Mauritius,MUS,1971,0.019497188
Mauritius,MUS,1972,0.018835293
Mauritius,MUS,1973,0.018457951
Mauritius,MUS,1974,0.01807213
Mauritius,MUS,1975,0.017668044
Mauritius,MUS,1976,0.017251415
Mauritius,MUS,1977,0.016819911
Mauritius,MUS,1978,0.01639668
Mauritius,MUS,1979,0.01601268
Mauritius,MUS,1980,0.025082787
Mauritius,MUS,1981,0.024157777
Mauritius,MUS,1982,0.023320546
Mauritius,MUS,1983,0.022576237
Mauritius,MUS,1984,0.02181059
Mauritius,MUS,1985,0.02130443
Mauritius,MUS,1986,0.020676155
Mauritius,MUS,1987,0.020056961
Mauritius,MUS,1988,0.019461207
Mauritius,MUS,1989,0.018879281
Mauritius,MUS,1990,0.023401434
Mauritius,MUS,1991,0.022557745
Mauritius,MUS,1992,0.02198886
Mauritius,MUS,1993,0.021318303
Mauritius,MUS,1994,0.020668305
Mauritius,MUS,1995,0.020078218
Mauritius,MUS,1996,0.019499743
Mauritius,MUS,1997,0.018954247
Mauritius,MUS,1998,0.018439665
Mauritius,MUS,1999,0.017953483
Mauritius,MUS,2000,0.010019032
Mauritius,MUS,2001,0.02195646
Mauritius,MUS,2002,0.02113844
Mauritius,MUS,2003,0.020394232
Mauritius,MUS,2004,0.019710151
Mauritius,MUS,2005,0.019068792
Mauritius,MUS,2006,0.018458528
Mauritius,MUS,2007,0.017878031
Mauritius,MUS,2008,0.017325882
Mauritius,MUS,2009,0.016789816
Mauritius,MUS,2010,0.020826465
Mauritius,MUS,2011,0.019883916
Mauritius,MUS,2012,0.01901183
Mauritius,MUS,2013,0.01819704
Mauritius,MUS,2014,0.030646905
Mauritius,MUS,2015,0.02967077
Mauritius,MUS,2016,0.028735647
Mauritius,MUS,2017,0.027839582
Mauritius,MUS,2018,0.026965247
Mauritius,MUS,2019,0.026091674
Mauritius,MUS,2020,0.01635469
Mauritius,MUS,2021,0.016324438
Mauritius,MUS,2022,0.016298227
Mauritius,MUS,2023,0.016275505
Mauritius,MUS,2024,0.016255584
Mauritius,MUS,2025,0.016237963
Mayotte,MYT,1600,0
Mayotte,MYT,1700,0
Mayotte,MYT,1710,0
Mayotte,MYT,1720,0
Mayotte,MYT,1730,0
Mayotte,MYT,1740,0
Mayotte,MYT,1750,0
Mayotte,MYT,1760,0
Mayotte,MYT,1770,0
Mayotte,MYT,1780,0
Mayotte,MYT,1790,0
Mayotte,MYT,1800,0
Mayotte,MYT,1810,0
Mayotte,MYT,1820,0
Mayotte,MYT,1830,0
Mayotte,MYT,1840,0
Mayotte,MYT,1850,0
Mayotte,MYT,1860,0
Mayotte,MYT,1870,0
Mayotte,MYT,1880,0
Mayotte,MYT,1890,0
Mayotte,MYT,1900,0
Mayotte,MYT,1910,0
Mayotte,MYT,1920,0
Mayotte,MYT,1930,0
Mayotte,MYT,1940,0
Mayotte,MYT,1950,0
Mayotte,MYT,1951,0
Mayotte,MYT,1952,0
Mayotte,MYT,1953,0
Mayotte,MYT,1954,0
Mayotte,MYT,1955,0
Mayotte,MYT,1956,0
Mayotte,MYT,1957,0
Mayotte,MYT,1958,0
Mayotte,MYT,1959,0
Mayotte,MYT,1960,0
Mayotte,MYT,1961,0
Mayotte,MYT,1962,0
Mayotte,MYT,1963,0
Mayotte,MYT,1964,0
Mayotte,MYT,1965,0
Mayotte,MYT,1966,0
Mayotte,MYT,1967,0
Mayotte,MYT,1968,0
Mayotte,MYT,1969,0
Mayotte,MYT,1970,0
Mayotte,MYT,1971,0
Mayotte,MYT,1972,0
Mayotte,MYT,1973,0
Mayotte,MYT,1974,0
Mayotte,MYT,1975,0
Mayotte,MYT,1976,0
Mayotte,MYT,1977,0
Mayotte,MYT,1978,0
Mayotte,MYT,1979,0
Mayotte,MYT,1980,0
Mayotte,MYT,1981,0
Mayotte,MYT,1982,0
Mayotte,MYT,1983,0
Mayotte,MYT,1984,0
Mayotte,MYT,1985,0
Mayotte,MYT,1986,0
Mayotte,MYT,1987,0
Mayotte,MYT,1988,0
Mayotte,MYT,1989,0
Mayotte,MYT,1990,0
Mayotte,MYT,1991,0
Mayotte,MYT,1992,0
Mayotte,MYT,1993,0
Mayotte,MYT,1994,0
Mayotte,MYT,1995,0
Mayotte,MYT,1996,0
Mayotte,MYT,1997,0
Mayotte,MYT,1998,0
Mayotte,MYT,1999,0
Mayotte,MYT,2000,0
Mayotte,MYT,2001,0
Mayotte,MYT,2002,0
Mayotte,MYT,2003,0
Mayotte,MYT,2004,0
Mayotte,MYT,2005,0
Mayotte,MYT,2006,0
Mayotte,MYT,2007,0
Mayotte,MYT,2008,0
Mayotte,MYT,2009,0
Mayotte,MYT,2010,0
Mayotte,MYT,2011,0
Mayotte,MYT,2012,0
Mayotte,MYT,2013,0
Mayotte,MYT,2014,0
Mayotte,MYT,2015,0
Mayotte,MYT,2016,0
Mayotte,MYT,2017,0
Mayotte,MYT,2018,0
Mayotte,MYT,2019,0
Mayotte,MYT,2020,0
Mayotte,MYT,2021,0
Mayotte,MYT,2022,0
Mayotte,MYT,2023,0
Mayotte,MYT,2024,0
Mayotte,MYT,2025,0
Mexico,MEX,-10000,0
Mexico,MEX,-9000,0
Mexico,MEX,-8000,0
Mexico,MEX,-7000,0
Mexico,MEX,-6000,0
Mexico,MEX,-5000,0
Mexico,MEX,-4000,0
Mexico,MEX,-3000,0
Mexico,MEX,-2000,0.19697845
Mexico,MEX,-1000,0.20016786
Mexico,MEX,0,0.31706536
Mexico,MEX,100,0.32382008
Mexico,MEX,200,0.33070913
Mexico,MEX,300,0.33773533
Mexico,MEX,400,0.34490147
Mexico,MEX,500,0.35221037
Mexico,MEX,600,0.35966504
Mexico,MEX,700,0.3672686
Mexico,MEX,800,0.37502378
Mexico,MEX,900,0.38265035
Mexico,MEX,1000,0.39410037
Mexico,MEX,1100,0.40435505
Mexico,MEX,1200,0.41391155
Mexico,MEX,1300,0.42313084
Mexico,MEX,1400,0.4322243
Mexico,MEX,1500,0.44131806
Mexico,MEX,1600,0.48781416
Mexico,MEX,1700,0.49774292
Mexico,MEX,1710,0.50787437
Mexico,MEX,1720,0.5182125
Mexico,MEX,1730,0.52876174
Mexico,MEX,1740,0.53952616
Mexico,MEX,1750,0.5505103
Mexico,MEX,1760,0.56171864
Mexico,MEX,1770,0.57315564
Mexico,MEX,1780,0.5848261
Mexico,MEX,1790,0.5967347
Mexico,MEX,1800,0.6088864
Mexico,MEX,1810,0.6212861
Mexico,MEX,1820,0.6339388
Mexico,MEX,1830,0.6468497
Mexico,MEX,1840,0.66002417
Mexico,MEX,1850,0.67346734
Mexico,MEX,1860,0.68718505
Mexico,MEX,1870,0.70118266
Mexico,MEX,1880,0.71514004
Mexico,MEX,1890,0.7421604
Mexico,MEX,1900,0.77475005
Mexico,MEX,1910,0.80100566
Mexico,MEX,1920,0.8132462
Mexico,MEX,1930,0.7924814
Mexico,MEX,1940,0.72608787
Mexico,MEX,1950,0.62749493
Mexico,MEX,1951,0.61978596
Mexico,MEX,1952,0.6114338
Mexico,MEX,1953,0.60262954
Mexico,MEX,1954,0.59353644
Mexico,MEX,1955,0.5842562
Mexico,MEX,1956,0.57490814
Mexico,MEX,1957,0.56552935
Mexico,MEX,1958,0.5561712
Mexico,MEX,1959,0.54685503
Mexico,MEX,1960,0.53760225
Mexico,MEX,1961,0.5284283
Mexico,MEX,1962,0.5087381
Mexico,MEX,1963,0.49141714
Mexico,MEX,1964,0.47498778
Mexico,MEX,1965,0.4589557
Mexico,MEX,1966,0.4436979
Mexico,MEX,1967,0.4288442
Mexico,MEX,1968,0.41457012
Mexico,MEX,1969,0.40080532
Mexico,MEX,1970,0.3678178
Mexico,MEX,1971,0.35702062
Mexico,MEX,1972,0.34623998
Mexico,MEX,1973,0.33672598
Mexico,MEX,1974,0.3260853
Mexico,MEX,1975,0.3170025
Mexico,MEX,1976,0.3086014
Mexico,MEX,1977,0.301587
Mexico,MEX,1978,0.29429206
Mexico,MEX,1979,0.28451768
Mexico,MEX,1980,0.2806898
Mexico,MEX,1981,0.27709955
Mexico,MEX,1982,0.2727167
Mexico,MEX,1983,0.2742438
Mexico,MEX,1984,0.26727065
Mexico,MEX,1985,0.26317626
Mexico,MEX,1986,0.25926676
Mexico,MEX,1987,0.26669776
Mexico,MEX,1988,0.26650637
Mexico,MEX,1989,0.27217937
Mexico,MEX,1990,0.2786607
Mexico,MEX,1991,0.28362277
Mexico,MEX,1992,0.27870047
Mexico,MEX,1993,0.27396724
Mexico,MEX,1994,0.26948386
Mexico,MEX,1995,0.26531422
Mexico,MEX,1996,0.26248667
Mexico,MEX,1997,0.25885323
Mexico,MEX,1998,0.25547823
Mexico,MEX,1999,0.25236902
Mexico,MEX,2000,0.24948724
Mexico,MEX,2001,0.24879713
Mexico,MEX,2002,0.24634795
Mexico,MEX,2003,0.24396718
Mexico,MEX,2004,0.2414849
Mexico,MEX,2005,0.23879723
Mexico,MEX,2006,0.23587364
Mexico,MEX,2007,0.23377824
Mexico,MEX,2008,0.2283788
Mexico,MEX,2009,0.22311462
Mexico,MEX,2010,0.21807142
Mexico,MEX,2011,0.21485409
Mexico,MEX,2012,0.21168466
Mexico,MEX,2013,0.2085625
Mexico,MEX,2014,0.20550202
Mexico,MEX,2015,0.20322561
Mexico,MEX,2016,0.19874789
Mexico,MEX,2017,0.18560015
Mexico,MEX,2018,0.18171352
Mexico,MEX,2019,0.17661317
Mexico,MEX,2020,0.18123677
Mexico,MEX,2021,0.17996794
Mexico,MEX,2022,0.17078517
Mexico,MEX,2023,0.17236972
Mexico,MEX,2024,0.1704964
Mexico,MEX,2025,0.16865316
Moldova,MDA,-10000,0
Moldova,MDA,-9000,0
Moldova,MDA,-8000,0
Moldova,MDA,-7000,0
Moldova,MDA,-6000,0
Moldova,MDA,-5000,0.4149996
Moldova,MDA,-4000,1.2449988
Moldova,MDA,-3000,3.7349963
Moldova,MDA,-2000,3.4674592
Moldova,MDA,-1000,3.1506925
Moldova,MDA,0,2.7529008
Moldova,MDA,100,2.7063131
Moldova,MDA,200,2.6580632
Moldova,MDA,300,2.6079953
Moldova,MDA,400,2.5559273
Moldova,MDA,500,2.501647
Moldova,MDA,600,2.444903
Moldova,MDA,700,2.3853948
Moldova,MDA,800,2.3227599
Moldova,MDA,900,2.2565513
Moldova,MDA,1000,2.1862113
Moldova,MDA,1100,2.111028
Moldova,MDA,1200,2.03007
Moldova,MDA,1300,1.9420823
Moldova,MDA,1400,1.8453056
Moldova,MDA,1500,1.7371495
Moldova,MDA,1600,1.6135316
Moldova,MDA,1700,1.4673587
Moldova,MDA,1710,1.4510565
Moldova,MDA,1720,1.4343795
Moldova,MDA,1730,1.4173055
Moldova,MDA,1740,1.3998098
Moldova,MDA,1750,1.3818656
Moldova,MDA,1760,1.3634428
Moldova,MDA,1770,1.3445082
Moldova,MDA,1780,1.3250246
Moldova,MDA,1790,1.3049507
Moldova,MDA,1800,1.2842394
Moldova,MDA,1810,1.2628376
Moldova,MDA,1820,1.2406846
Moldova,MDA,1830,1.2177111
Moldova,MDA,1840,1.1938363
Moldova,MDA,1850,1.1689664
Moldova,MDA,1860,1.1429908
Moldova,MDA,1870,1.1157776
Moldova,MDA,1880,1.0871679
Moldova,MDA,1890,1.0569676
Moldova,MDA,1900,1.0249352
Moldova,MDA,1910,0.99076456
Moldova,MDA,1920,0.9540589
Moldova,MDA,1930,0.9142881
Moldova,MDA,1940,0.8707191
Moldova,MDA,1950,0.82228976
Moldova,MDA,1951,0.8171236
Moldova,MDA,1952,0.8118913
Moldova,MDA,1953,0.80659074
Moldova,MDA,1954,0.80121946
Moldova,MDA,1955,0.79577523
Moldova,MDA,1956,0.79025555
Moldova,MDA,1957,0.7846575
Moldova,MDA,1958,0.7789785
Moldova,MDA,1959,0.77321553
Moldova,MDA,1960,0.76736534
Moldova,MDA,1961,0.7493126
Moldova,MDA,1962,0.7272376
Moldova,MDA,1963,0.7079912
Moldova,MDA,1964,0.6926847
Moldova,MDA,1965,0.67256886
Moldova,MDA,1966,0.6603857
Moldova,MDA,1967,0.6490176
Moldova,MDA,1968,0.64050305
Moldova,MDA,1969,0.6304761
Moldova,MDA,1970,0.62119347
Moldova,MDA,1971,0.6123303
Moldova,MDA,1972,0.6034421
Moldova,MDA,1973,0.59709364
Moldova,MDA,1974,0.5881252
Moldova,MDA,1975,0.5808843
Moldova,MDA,1976,0.5760028
Moldova,MDA,1977,0.5694884
Moldova,MDA,1978,0.5630871
Moldova,MDA,1979,0.5585257
Moldova,MDA,1980,0.5541999
Moldova,MDA,1981,0.5487093
Moldova,MDA,1982,0.54356307
Moldova,MDA,1983,0.53767425
Moldova,MDA,1984,0.53268015
Moldova,MDA,1985,0.5277582
Moldova,MDA,1986,0.52436376
Moldova,MDA,1987,0.51953804
Moldova,MDA,1988,0.51235473
Moldova,MDA,1989,0.506598
Moldova,MDA,1990,0.5031396
Moldova,MDA,1991,0.5051722
Moldova,MDA,1992,0.50346017
Moldova,MDA,1993,0.5035837
Moldova,MDA,1994,0.50324714
Moldova,MDA,1995,0.50383174
Moldova,MDA,1996,0.5092785
Moldova,MDA,1997,0.5143732
Moldova,MDA,1998,0.51981866
Moldova,MDA,1999,0.52057016
Moldova,MDA,2000,0.5245041
Moldova,MDA,2001,0.5308555
Moldova,MDA,2002,0.53969085
Moldova,MDA,2003,0.547809
Moldova,MDA,2004,0.5567365
Moldova,MDA,2005,0.563597
Moldova,MDA,2006,0.56999886
Moldova,MDA,2007,0.57572216
Moldova,MDA,2008,0.58019745
Moldova,MDA,2009,0.5847689
Moldova,MDA,2010,0.5905592
Moldova,MDA,2011,0.59688073
Moldova,MDA,2012,0.60420394
Moldova,MDA,2013,0.5691395
Moldova,MDA,2014,0.5771897
Moldova,MDA,2015,0.5845396
Moldova,MDA,2016,0.5907825
Moldova,MDA,2017,0.5977657
Moldova,MDA,2018,0.5862371
Moldova,MDA,2019,0.5944687
Moldova,MDA,2020,0.6027589
Moldova,MDA,2021,0.612608
Moldova,MDA,2022,0.62203854
Moldova,MDA,2023,0.63114285
Moldova,MDA,2024,0.64078325
Moldova,MDA,2025,0.65064746
Mongolia,MNG,-10000,0
Mongolia,MNG,-9000,0
Mongolia,MNG,-8000,0
Mongolia,MNG,-7000,0
Mongolia,MNG,-6000,0
Mongolia,MNG,-5000,0
Mongolia,MNG,-4000,0
Mongolia,MNG,-3000,0.011767988
Mongolia,MNG,-2000,0.46011063
Mongolia,MNG,-1000,0.8920245
Mongolia,MNG,0,0.9997787
Mongolia,MNG,100,0.9829901
Mongolia,MNG,200,0.9642072
Mongolia,MNG,300,0.94315845
Mongolia,MNG,400,0.9195692
Mongolia,MNG,500,0.8931761
Mongolia,MNG,600,0.8637471
Mongolia,MNG,700,0.831106
Mongolia,MNG,800,0.7951605
Mongolia,MNG,900,0.79120445
Mongolia,MNG,1000,0.7872681
Mongolia,MNG,1100,0.78335136
Mongolia,MNG,1200,0.77945405
Mongolia,MNG,1300,0.77557623
Mongolia,MNG,1400,0.7717176
Mongolia,MNG,1500,0.76787823
Mongolia,MNG,1600,0.76405793
Mongolia,MNG,1700,0.76025665
Mongolia,MNG,1710,0.75647426
Mongolia,MNG,1720,0.75271076
Mongolia,MNG,1730,0.74896586
Mongolia,MNG,1740,0.74523973
Mongolia,MNG,1750,0.74153197
Mongolia,MNG,1760,0.73784286
Mongolia,MNG,1770,0.734172
Mongolia,MNG,1780,0.7305194
Mongolia,MNG,1790,0.7268849
Mongolia,MNG,1800,0.72326857
Mongolia,MNG,1810,0.71967024
Mongolia,MNG,1820,0.7160898
Mongolia,MNG,1830,0.71252716
Mongolia,MNG,1840,0.7089822
Mongolia,MNG,1850,0.705455
Mongolia,MNG,1860,0.70194525
Mongolia,MNG,1870,0.698453
Mongolia,MNG,1880,0.69497806
Mongolia,MNG,1890,0.6915205
Mongolia,MNG,1900,0.68808013
Mongolia,MNG,1910,0.68465674
Mongolia,MNG,1920,0.6812506
Mongolia,MNG,1930,0.6778613
Mongolia,MNG,1940,0.6744888
Mongolia,MNG,1950,0.6711331
Mongolia,MNG,1951,0.66779417
Mongolia,MNG,1952,0.66447186
Mongolia,MNG,1953,0.66116595
Mongolia,MNG,1954,0.6578767
Mongolia,MNG,1955,0.65460354
Mongolia,MNG,1956,0.65134686
Mongolia,MNG,1957,0.6481063
Mongolia,MNG,1958,0.64488184
Mongolia,MNG,1959,0.6416735
Mongolia,MNG,1960,0.63848114
Mongolia,MNG,1961,0.63532263
Mongolia,MNG,1962,0.71589315
Mongolia,MNG,1963,0.699359
Mongolia,MNG,1964,0.7910552
Mongolia,MNG,1965,0.78311
Mongolia,MNG,1966,0.7763422
Mongolia,MNG,1967,0.698096
Mongolia,MNG,1968,0.64368933
Mongolia,MNG,1969,0.6005406
Mongolia,MNG,1970,0.581784
Mongolia,MNG,1971,0.58730817
Mongolia,MNG,1972,0.5704478
Mongolia,MNG,1973,0.5631332
Mongolia,MNG,1974,0.5555385
Mongolia,MNG,1975,0.55780417
Mongolia,MNG,1976,0.62307185
Mongolia,MNG,1977,0.70206416
Mongolia,MNG,1978,0.71725446
Mongolia,MNG,1979,0.702597
Mongolia,MNG,1980,0.69811857
Mongolia,MNG,1981,0.69667256
Mongolia,MNG,1982,0.7003404
Mongolia,MNG,1983,0.7163706
Mongolia,MNG,1984,0.7103232
Mongolia,MNG,1985,0.7030106
Mongolia,MNG,1986,0.6603303
Mongolia,MNG,1987,0.656787
Mongolia,MNG,1988,0.6548629
Mongolia,MNG,1989,0.64275074
Mongolia,MNG,1990,0.6252984
Mongolia,MNG,1991,0.6179837
Mongolia,MNG,1992,0.6090302
Mongolia,MNG,1993,0.59848726
Mongolia,MNG,1994,0.57895726
Mongolia,MNG,1995,0.5732545
Mongolia,MNG,1996,0.5680699
Mongolia,MNG,1997,0.5229479
Mongolia,MNG,1998,0.56852865
Mongolia,MNG,1999,0.49825934
Mongolia,MNG,2000,0.48768976
Mongolia,MNG,2001,0.48327258
Mongolia,MNG,2002,0.47896042
Mongolia,MNG,2003,0.47389615
Mongolia,MNG,2004,0.46699688
Mongolia,MNG,2005,0.46142262
Mongolia,MNG,2006,0.45471895
Mongolia,MNG,2007,0.44739175
Mongolia,MNG,2008,0.44863752
Mongolia,MNG,2009,0.44876036
Mongolia,MNG,2010,0.44957528
Mongolia,MNG,2011,0.463316
Mongolia,MNG,2012,0.46698764
Mongolia,MNG,2013,0.44979843
Mongolia,MNG,2014,0.4527332
Mongolia,MNG,2015,0.45202735
Mongolia,MNG,2016,0.444589
Mongolia,MNG,2017,0.4387019
Mongolia,MNG,2018,0.43470213
Mongolia,MNG,2019,0.3599548
Mongolia,MNG,2020,0.35880688
Mongolia,MNG,2021,0.35535052
Mongolia,MNG,2022,0.35665736
Mongolia,MNG,2023,0.3276032
Mongolia,MNG,2024,0.31332648
Mongolia,MNG,2025,0.2992835
Montserrat,MSR,200,0
Montserrat,MSR,300,0
Montserrat,MSR,400,0
Montserrat,MSR,500,0
Montserrat,MSR,600,0
Montserrat,MSR,700,0
Montserrat,MSR,800,0
Montserrat,MSR,900,0
Montserrat,MSR,1000,0
Montserrat,MSR,1100,0
Montserrat,MSR,1200,0
Montserrat,MSR,1300,0
Montserrat,MSR,1400,0
Montserrat,MSR,1500,0.34064275
Montserrat,MSR,1600,0.33849418
Montserrat,MSR,1700,0.33631796
Montserrat,MSR,1710,0.3360988
Montserrat,MSR,1720,0.33587933
Montserrat,MSR,1730,0.33565956
Montserrat,MSR,1740,0.33543953
Montserrat,MSR,1750,0.3352192
Montserrat,MSR,1760,0.3349986
Montserrat,MSR,1770,0.33477768
Montserrat,MSR,1780,0.3345565
Montserrat,MSR,1790,0.334335
Montserrat,MSR,1800,0.33411324
Montserrat,MSR,1810,0.33389112
Montserrat,MSR,1820,0.33366877
Montserrat,MSR,1830,0.3334461
Montserrat,MSR,1840,0.3332231
Montserrat,MSR,1850,0.33299983
Montserrat,MSR,1860,0.3327763
Montserrat,MSR,1870,0.3325524
Montserrat,MSR,1880,0.33232826
Montserrat,MSR,1890,0.33210376
Montserrat,MSR,1900,0.331879
Montserrat,MSR,1910,0.33165392
Montserrat,MSR,1920,0.33142853
Montserrat,MSR,1930,0.3312028
Montserrat,MSR,1940,0.33097678
Montserrat,MSR,1950,0.3307505
Montserrat,MSR,1951,0.33072788
Montserrat,MSR,1952,0.3307052
Montserrat,MSR,1953,0.33068252
Montserrat,MSR,1954,0.3306599
Montserrat,MSR,1955,0.33063725
Montserrat,MSR,1956,0.33061457
Montserrat,MSR,1957,0.33059192
Montserrat,MSR,1958,0.33056924
Montserrat,MSR,1959,0.33054656
Montserrat,MSR,1960,0.33052388
Montserrat,MSR,1961,0.33670035
Montserrat,MSR,1962,0.3390118
Montserrat,MSR,1963,0.3387247
Montserrat,MSR,1964,0.253357
Montserrat,MSR,1965,0.16891892
Montserrat,MSR,1966,0.16931933
Montserrat,MSR,1967,0.17014037
Montserrat,MSR,1968,0.17101325
Montserrat,MSR,1969,0.17168856
Montserrat,MSR,1970,0.17204301
Montserrat,MSR,1971,0.17188036
Montserrat,MSR,1972,0.17152658
Montserrat,MSR,1973,0.08556516
Montserrat,MSR,1974,0.08522243
Montserrat,MSR,1975,0.08488244
Montserrat,MSR,1976,0.084552296
Montserrat,MSR,1977,0.084168
Montserrat,MSR,1978,0.08388558
Montserrat,MSR,1979,0.083724044
Montserrat,MSR,1980,0.08389262
Montserrat,MSR,1981,0.08441668
Montserrat,MSR,1982,0.17022726
Montserrat,MSR,1983,0.17226529
Montserrat,MSR,1984,0.17450485
Montserrat,MSR,1985,0.17661604
Montserrat,MSR,1986,0.17890687
Montserrat,MSR,1987,0.18135655
Montserrat,MSR,1988,0.18368846
Montserrat,MSR,1989,0.18544275
Montserrat,MSR,1990,0.18639329
Montserrat,MSR,1991,0.18577002
Montserrat,MSR,1992,0.1843148
Montserrat,MSR,1993,0.18372221
Montserrat,MSR,1994,0.18661939
Montserrat,MSR,1995,0.1954461
Montserrat,MSR,1996,0.21331058
Montserrat,MSR,1997,0.24342746
Montserrat,MSR,1998,0.28835064
Montserrat,MSR,1999,0.3456022
Montserrat,MSR,2000,0.4036327
Montserrat,MSR,2001,0.44395116
Montserrat,MSR,2002,0.4570384
Montserrat,MSR,2003,0.44732723
Montserrat,MSR,2004,0.43066323
Montserrat,MSR,2005,0.41858518
Montserrat,MSR,2006,0.4127115
Montserrat,MSR,2007,0.4090816
Montserrat,MSR,2008,0.40749797
Montserrat,MSR,2009,0.40625635
Montserrat,MSR,2010,0.40453073
Montserrat,MSR,2011,0.40048057
Montserrat,MSR,2012,0.3975353
Montserrat,MSR,2013,0.394633
Montserrat,MSR,2014,0.3923107
Montserrat,MSR,2015,0.39032006
Montserrat,MSR,2016,0.38819876
Montserrat,MSR,2017,0.38632414
Montserrat,MSR,2018,0.38439363
Montserrat,MSR,2019,0.38314176
Montserrat,MSR,2020,0.381461
Montserrat,MSR,2021,0.3796507
Montserrat,MSR,2022,0.37842953
Montserrat,MSR,2023,0.37778616
Montserrat,MSR,2024,0.37615198
Montserrat,MSR,2025,0.3748126
Morocco,MAR,-10000,0
Morocco,MAR,-9000,0
Morocco,MAR,-8000,0
Morocco,MAR,-7000,0
Morocco,MAR,-6000,0
Morocco,MAR,-5000,0
Morocco,MAR,-4000,0
Morocco,MAR,-3000,0
Morocco,MAR,-2000,0
Morocco,MAR,-1000,0
Morocco,MAR,0,0.55567026
Morocco,MAR,100,0.5561726
Morocco,MAR,200,0.556674
Morocco,MAR,300,0.55717456
Morocco,MAR,400,0.55767417
Morocco,MAR,500,0.55817294
Morocco,MAR,600,0.5586708
Morocco,MAR,700,0.5591678
Morocco,MAR,800,0.55966383
Morocco,MAR,900,0.560159
Morocco,MAR,1000,0.5606534
Morocco,MAR,1100,0.56114686
Morocco,MAR,1200,0.5616394
Morocco,MAR,1300,0.5621312
Morocco,MAR,1400,0.562622
Morocco,MAR,1500,0.563112
Morocco,MAR,1600,0.5636012
Morocco,MAR,1700,0.5640896
Morocco,MAR,1710,0.56413835
Morocco,MAR,1720,0.56418705
Morocco,MAR,1730,0.56423587
Morocco,MAR,1740,0.56428456
Morocco,MAR,1750,0.5643334
Morocco,MAR,1760,0.56438214
Morocco,MAR,1770,0.5644309
Morocco,MAR,1780,0.56447953
Morocco,MAR,1790,0.5645283
Morocco,MAR,1800,0.564577
Morocco,MAR,1810,0.5646257
Morocco,MAR,1820,0.56467444
Morocco,MAR,1830,0.5647231
Morocco,MAR,1840,0.5647718
Morocco,MAR,1850,0.5648204
Morocco,MAR,1860,0.5648691
Morocco,MAR,1870,0.56491774
Morocco,MAR,1880,0.5649664
Morocco,MAR,1890,0.5650151
Morocco,MAR,1900,0.56506366
Morocco,MAR,1910,0.5651123
Morocco,MAR,1920,0.5651608
Morocco,MAR,1930,0.5652095
Morocco,MAR,1940,0.5652581
Morocco,MAR,1950,0.56530666
Morocco,MAR,1951,0.5653115
Morocco,MAR,1952,0.5653164
Morocco,MAR,1953,0.5653212
Morocco,MAR,1954,0.5653261
Morocco,MAR,1955,0.5653309
Morocco,MAR,1956,0.5653358
Morocco,MAR,1957,0.56534064
Morocco,MAR,1958,0.5653455
Morocco,MAR,1959,0.56535035
Morocco,MAR,1960,0.56535524
Morocco,MAR,1961,0.5483635
Morocco,MAR,1962,0.5330353
Morocco,MAR,1963,0.5230656
Morocco,MAR,1964,0.5130928
Morocco,MAR,1965,0.50741285
Morocco,MAR,1966,0.502834
Morocco,MAR,1967,0.49080977
Morocco,MAR,1968,0.48605016
Morocco,MAR,1969,0.47463813
Morocco,MAR,1970,0.46906227
Morocco,MAR,1971,0.46081293
Morocco,MAR,1972,0.4534291
Morocco,MAR,1973,0.44723594
Morocco,MAR,1974,0.43807864
Morocco,MAR,1975,0.43344927
Morocco,MAR,1976,0.42557272
Morocco,MAR,1977,0.42388847
Morocco,MAR,1978,0.4254334
Morocco,MAR,1979,0.4095511
Morocco,MAR,1980,0.40110195
Morocco,MAR,1981,0.39928627
Morocco,MAR,1982,0.39382747
Morocco,MAR,1983,0.38892627
Morocco,MAR,1984,0.38497823
Morocco,MAR,1985,0.37706253
Morocco,MAR,1986,0.37339404
Morocco,MAR,1987,0.37305674
Morocco,MAR,1988,0.36908716
Morocco,MAR,1989,0.37524787
Morocco,MAR,1990,0.379555
Morocco,MAR,1991,0.37317172
Morocco,MAR,1992,0.37671334
Morocco,MAR,1993,0.37393165
Morocco,MAR,1994,0.37364465
Morocco,MAR,1995,0.3600708
Morocco,MAR,1996,0.36291993
Morocco,MAR,1997,0.35560393
Morocco,MAR,1998,0.35406947
Morocco,MAR,1999,0.33992878
Morocco,MAR,2000,0.33456248
Morocco,MAR,2001,0.3210902
Morocco,MAR,2002,0.31454608
Morocco,MAR,2003,0.3309214
Morocco,MAR,2004,0.29957637
Morocco,MAR,2005,0.29451784
Morocco,MAR,2006,0.28980204
Morocco,MAR,2007,0.28694147
Morocco,MAR,2008,0.28423715
Morocco,MAR,2009,0.2814201
Morocco,MAR,2010,0.2813115
Morocco,MAR,2011,0.28258345
Morocco,MAR,2012,0.28949022
Morocco,MAR,2013,0.2927062
Morocco,MAR,2014,0.2751351
Morocco,MAR,2015,0.27187788
Morocco,MAR,2016,0.29441684
Morocco,MAR,2017,0.29718423
Morocco,MAR,2018,0.2795894
Morocco,MAR,2019,0.2508156
Morocco,MAR,2020,0.27045834
Morocco,MAR,2021,0.2671582
Morocco,MAR,2022,0.26580828
Morocco,MAR,2023,0.26411292
Morocco,MAR,2024,0.263385
Morocco,MAR,2025,0.26266435
Mozambique,MOZ,-10000,0
Mozambique,MOZ,-9000,0
Mozambique,MOZ,-8000,0
Mozambique,MOZ,-7000,0
Mozambique,MOZ,-6000,0
Mozambique,MOZ,-5000,0
Mozambique,MOZ,-4000,0
Mozambique,MOZ,-3000,0
Mozambique,MOZ,-2000,0
Mozambique,MOZ,-1000,0
Mozambique,MOZ,0,0
Mozambique,MOZ,100,0
Mozambique,MOZ,200,0
Mozambique,MOZ,300,0
Mozambique,MOZ,400,0
Mozambique,MOZ,500,0
Mozambique,MOZ,600,0
Mozambique,MOZ,700,0
Mozambique,MOZ,800,0
Mozambique,MOZ,900,0
Mozambique,MOZ,1000,0.35126454
Mozambique,MOZ,1100,0.35126454
Mozambique,MOZ,1200,0.3512645
Mozambique,MOZ,1300,0.35126454
Mozambique,MOZ,1400,0.35126454
Mozambique,MOZ,1500,0.35126454
Mozambique,MOZ,1600,0.35126454
Mozambique,MOZ,1700,0.3512645
Mozambique,MOZ,1710,0.35126454
Mozambique,MOZ,1720,0.35126454
Mozambique,MOZ,1730,0.35126454
Mozambique,MOZ,1740,0.3512645
Mozambique,MOZ,1750,0.3512645
Mozambique,MOZ,1760,0.3512645
Mozambique,MOZ,1770,0.35126454
Mozambique,MOZ,1780,0.35126454
Mozambique,MOZ,1790,0.3512645
Mozambique,MOZ,1800,0.35126457
Mozambique,MOZ,1810,0.35126454
Mozambique,MOZ,1820,0.35126457
Mozambique,MOZ,1830,0.35126454
Mozambique,MOZ,1840,0.3512645
Mozambique,MOZ,1850,0.35126454
Mozambique,MOZ,1860,0.35126454
Mozambique,MOZ,1870,0.35126454
Mozambique,MOZ,1880,0.3512645
Mozambique,MOZ,1890,0.3512645
Mozambique,MOZ,1900,0.35126454
Mozambique,MOZ,1910,0.35126454
Mozambique,MOZ,1920,0.35126454
Mozambique,MOZ,1930,0.35126454
Mozambique,MOZ,1940,0.3512645
Mozambique,MOZ,1950,0.35126454
Mozambique,MOZ,1951,0.35126454
Mozambique,MOZ,1952,0.35126454
Mozambique,MOZ,1953,0.3512645
Mozambique,MOZ,1954,0.35126454
Mozambique,MOZ,1955,0.35126454
Mozambique,MOZ,1956,0.35126454
Mozambique,MOZ,1957,0.3512645
Mozambique,MOZ,1958,0.3512645
Mozambique,MOZ,1959,0.35126454
Mozambique,MOZ,1960,0.35126454
Mozambique,MOZ,1961,0.35126454
Mozambique,MOZ,1962,0.34549317
Mozambique,MOZ,1963,0.33960512
Mozambique,MOZ,1964,0.33349833
Mozambique,MOZ,1965,0.32768196
Mozambique,MOZ,1966,0.32142392
Mozambique,MOZ,1967,0.31754652
Mozambique,MOZ,1968,0.32204413
Mozambique,MOZ,1969,0.32652262
Mozambique,MOZ,1970,0.32842925
Mozambique,MOZ,1971,0.32094634
Mozambique,MOZ,1972,0.31554824
Mozambique,MOZ,1973,0.3133964
Mozambique,MOZ,1974,0.30566457
Mozambique,MOZ,1975,0.29966962
Mozambique,MOZ,1976,0.2915407
Mozambique,MOZ,1977,0.28343725
Mozambique,MOZ,1978,0.2755978
Mozambique,MOZ,1979,0.26827735
Mozambique,MOZ,1980,0.26163527
Mozambique,MOZ,1981,0.2596163
Mozambique,MOZ,1982,0.26028398
Mozambique,MOZ,1983,0.25517493
Mozambique,MOZ,1984,0.2590609
Mozambique,MOZ,1985,0.26030296
Mozambique,MOZ,1986,0.2631403
Mozambique,MOZ,1987,0.27109382
Mozambique,MOZ,1988,0.2753207
Mozambique,MOZ,1989,0.27794605
Mozambique,MOZ,1990,0.2777755
Mozambique,MOZ,1991,0.27441788
Mozambique,MOZ,1992,0.26649275
Mozambique,MOZ,1993,0.25619265
Mozambique,MOZ,1994,0.24971308
Mozambique,MOZ,1995,0.24619956
Mozambique,MOZ,1996,0.24525544
Mozambique,MOZ,1997,0.2475833
Mozambique,MOZ,1998,0.24712797
Mozambique,MOZ,1999,0.23827183
Mozambique,MOZ,2000,0.22969078
Mozambique,MOZ,2001,0.2286317
Mozambique,MOZ,2002,0.24556087
Mozambique,MOZ,2003,0.24091253
Mozambique,MOZ,2004,0.23876435
Mozambique,MOZ,2005,0.2509181
Mozambique,MOZ,2006,0.23900422
Mozambique,MOZ,2007,0.24562325
Mozambique,MOZ,2008,0.24729504
Mozambique,MOZ,2009,0.24528047
Mozambique,MOZ,2010,0.25437388
Mozambique,MOZ,2011,0.24884224
Mozambique,MOZ,2012,0.24353866
Mozambique,MOZ,2013,0.23847061
Mozambique,MOZ,2014,0.23359534
Mozambique,MOZ,2015,0.22892247
Mozambique,MOZ,2016,0.22435372
Mozambique,MOZ,2017,0.21996173
Mozambique,MOZ,2018,0.2157412
Mozambique,MOZ,2019,0.21167684
Mozambique,MOZ,2020,0.21574116
Mozambique,MOZ,2021,0.21167673
Mozambique,MOZ,2022,0.20779537
Mozambique,MOZ,2023,0.20405376
Mozambique,MOZ,2024,0.2004445
Mozambique,MOZ,2025,0.19696072
Myanmar,MMR,-10000,0
Myanmar,MMR,-9000,0
Myanmar,MMR,-8000,0
Myanmar,MMR,-7000,0
Myanmar,MMR,-6000,0
Myanmar,MMR,-5000,0
Myanmar,MMR,-4000,0
Myanmar,MMR,-3000,0
Myanmar,MMR,-2000,0
Myanmar,MMR,-1000,0
Myanmar,MMR,0,0
Myanmar,MMR,100,0.37557137
Myanmar,MMR,200,0.37554976
Myanmar,MMR,300,0.37553114
Myanmar,MMR,400,0.37551504
Myanmar,MMR,500,0.37550122
Myanmar,MMR,600,0.37548926
Myanmar,MMR,700,0.37547892
Myanmar,MMR,800,0.37547007
Myanmar,MMR,900,0.37546244
Myanmar,MMR,1000,0.3754559
Myanmar,MMR,1100,0.3754502
Myanmar,MMR,1200,0.3754453
Myanmar,MMR,1300,0.37544113
Myanmar,MMR,1400,0.37543747
Myanmar,MMR,1500,0.37543434
Myanmar,MMR,1600,0.3754317
Myanmar,MMR,1700,0.37542936
Myanmar,MMR,1710,0.37542915
Myanmar,MMR,1720,0.37542894
Myanmar,MMR,1730,0.37542874
Myanmar,MMR,1740,0.37542853
Myanmar,MMR,1750,0.37542835
Myanmar,MMR,1760,0.3754281
Myanmar,MMR,1770,0.37542793
Myanmar,MMR,1780,0.37542772
Myanmar,MMR,1790,0.37542757
Myanmar,MMR,1800,0.37542737
Myanmar,MMR,1810,0.3754272
Myanmar,MMR,1820,0.375427
Myanmar,MMR,1830,0.37542683
Myanmar,MMR,1840,0.37542665
Myanmar,MMR,1850,0.3754265
Myanmar,MMR,1860,0.37542632
Myanmar,MMR,1870,0.37542614
Myanmar,MMR,1880,0.37541506
Myanmar,MMR,1890,0.4250829
Myanmar,MMR,1900,0.47475076
Myanmar,MMR,1910,0.5244186
Myanmar,MMR,1920,0.5740864
Myanmar,MMR,1930,0.5439747
Myanmar,MMR,1940,0.513863
Myanmar,MMR,1950,0.48375133
Myanmar,MMR,1951,0.48361242
Myanmar,MMR,1952,0.4834735
Myanmar,MMR,1953,0.4833346
Myanmar,MMR,1954,0.4831957
Myanmar,MMR,1955,0.48305684
Myanmar,MMR,1956,0.48291788
Myanmar,MMR,1957,0.482779
Myanmar,MMR,1958,0.48264015
Myanmar,MMR,1959,0.48250118
Myanmar,MMR,1960,0.48222345
Myanmar,MMR,1961,0.4720584
Myanmar,MMR,1962,0.46305555
Myanmar,MMR,1963,0.4545881
Myanmar,MMR,1964,0.44901684
Myanmar,MMR,1965,0.43738776
Myanmar,MMR,1966,0.43375888
Myanmar,MMR,1967,0.4235348
Myanmar,MMR,1968,0.41360044
Myanmar,MMR,1969,0.40402126
Myanmar,MMR,1970,0.39535385
Myanmar,MMR,1971,0.3863095
Myanmar,MMR,1972,0.3776778
Myanmar,MMR,1973,0.35227707
Myanmar,MMR,1974,0.34497207
Myanmar,MMR,1975,0.33808059
Myanmar,MMR,1976,0.33112055
Myanmar,MMR,1977,0.32378054
Myanmar,MMR,1978,0.31732145
Myanmar,MMR,1979,0.31106752
Myanmar,MMR,1980,0.30494538
Myanmar,MMR,1981,0.30008233
Myanmar,MMR,1982,0.2949953
Myanmar,MMR,1983,0.289381
Myanmar,MMR,1984,0.2836068
Myanmar,MMR,1985,0.27865013
Myanmar,MMR,1986,0.2740516
Myanmar,MMR,1987,0.26909932
Myanmar,MMR,1988,0.26336366
Myanmar,MMR,1989,0.2596778
Myanmar,MMR,1990,0.25641546
Myanmar,MMR,1991,0.2524266
Myanmar,MMR,1992,0.2484024
Myanmar,MMR,1993,0.24610098
Myanmar,MMR,1994,0.24244337
Myanmar,MMR,1995,0.2399533
Myanmar,MMR,1996,0.23743449
Myanmar,MMR,1997,0.2347041
Myanmar,MMR,1998,0.23161058
Myanmar,MMR,1999,0.23168188
Myanmar,MMR,2000,0.2335086
Myanmar,MMR,2001,0.23490858
Myanmar,MMR,2002,0.23319311
Myanmar,MMR,2003,0.2330928
Myanmar,MMR,2004,0.23390576
Myanmar,MMR,2005,0.23650096
Myanmar,MMR,2006,0.24201743
Myanmar,MMR,2007,0.24858496
Myanmar,MMR,2008,0.25307426
Myanmar,MMR,2009,0.25475156
Myanmar,MMR,2010,0.2547171
Myanmar,MMR,2011,0.25423878
Myanmar,MMR,2012,0.25291774
Myanmar,MMR,2013,0.25257525
Myanmar,MMR,2014,0.2523587
Myanmar,MMR,2015,0.2536116
Myanmar,MMR,2016,0.25278363
Myanmar,MMR,2017,0.2539548
Myanmar,MMR,2018,0.25320706
Myanmar,MMR,2019,0.25029144
Myanmar,MMR,2020,0.24918558
Myanmar,MMR,2021,0.24872303
Myanmar,MMR,2022,0.24826221
Myanmar,MMR,2023,0.24708623
Myanmar,MMR,2024,0.24627195
Myanmar,MMR,2025,0.24546069
Namibia,NAM,-10000,0
Namibia,NAM,-9000,0
Namibia,NAM,-8000,0
Namibia,NAM,-7000,0
Namibia,NAM,-6000,0
Namibia,NAM,-5000,0
Namibia,NAM,-4000,0
Namibia,NAM,-3000,0
Namibia,NAM,-2000,0
Namibia,NAM,-1000,0
Namibia,NAM,0,0
Namibia,NAM,100,0
Namibia,NAM,200,0
Namibia,NAM,300,0
Namibia,NAM,400,0
Namibia,NAM,500,0
Namibia,NAM,600,0
Namibia,NAM,700,0
Namibia,NAM,800,0
Namibia,NAM,900,0
Namibia,NAM,1000,0
Namibia,NAM,1100,0
Namibia,NAM,1200,0
Namibia,NAM,1300,0
Namibia,NAM,1400,0
Namibia,NAM,1500,0
Namibia,NAM,1600,0
Namibia,NAM,1700,0.06448092
Namibia,NAM,1710,0.12904622
Namibia,NAM,1720,0.2581771
Namibia,NAM,1730,0.51653844
Namibia,NAM,1740,1.0331782
Namibia,NAM,1750,2.066397
Namibia,NAM,1760,2.066409
Namibia,NAM,1770,2.0664237
Namibia,NAM,1780,2.0664363
Namibia,NAM,1790,2.0664556
Namibia,NAM,1800,2.0664647
Namibia,NAM,1810,2.0664647
Namibia,NAM,1820,2.0664647
Namibia,NAM,1830,2.0664647
Namibia,NAM,1840,2.0664647
Namibia,NAM,1850,2.0664647
Namibia,NAM,1860,2.0664647
Namibia,NAM,1870,2.0663366
Namibia,NAM,1880,2.066189
Namibia,NAM,1890,2.0661168
Namibia,NAM,1900,2.0659857
Namibia,NAM,1910,2.0659065
Namibia,NAM,1920,2.0657709
Namibia,NAM,1930,2.0658207
Namibia,NAM,1940,2.065872
Namibia,NAM,1950,2.0659356
Namibia,NAM,1951,2.0659423
Namibia,NAM,1952,2.0659475
Namibia,NAM,1953,2.0659575
Namibia,NAM,1954,2.065988
Namibia,NAM,1955,2.0660348
Namibia,NAM,1956,2.0660849
Namibia,NAM,1957,2.0661278
Namibia,NAM,1958,2.0661736
Namibia,NAM,1959,2.0662172
Namibia,NAM,1960,2.0662587
Namibia,NAM,1961,2.0797625
Namibia,NAM,1962,2.0291767
Namibia,NAM,1963,1.9791284
Namibia,NAM,1964,1.9417069
Namibia,NAM,1965,1.892576
Namibia,NAM,1966,1.8444965
Namibia,NAM,1967,1.8057289
Namibia,NAM,1968,1.7587675
Namibia,NAM,1969,1.7112426
Namibia,NAM,1970,1.6681086
Namibia,NAM,1971,1.623827
Namibia,NAM,1972,1.5743273
Namibia,NAM,1973,1.5265863
Namibia,NAM,1974,1.4825536
Namibia,NAM,1975,1.4431418
Namibia,NAM,1976,1.4121932
Namibia,NAM,1977,1.379915
Namibia,NAM,1978,1.3519903
Namibia,NAM,1979,1.3233277
Namibia,NAM,1980,1.2972622
Namibia,NAM,1981,1.2702043
Namibia,NAM,1982,1.2436092
Namibia,NAM,1983,1.2244017
Namibia,NAM,1984,1.1912328
Namibia,NAM,1985,1.1526995
Namibia,NAM,1986,1.1090033
Namibia,NAM,1987,1.0623686
Namibia,NAM,1988,1.0160711
Namibia,NAM,1989,0.9731593
Namibia,NAM,1990,0.9358873
Namibia,NAM,1991,0.9032927
Namibia,NAM,1992,0.8746607
Namibia,NAM,1993,0.8974397
Namibia,NAM,1994,0.9335747
Namibia,NAM,1995,0.99053514
Namibia,NAM,1996,0.96085685
Namibia,NAM,1997,0.9321655
Namibia,NAM,1998,0.9056157
Namibia,NAM,1999,0.88247526
Namibia,NAM,2000,0.8633405
Namibia,NAM,2001,0.84799826
Namibia,NAM,2002,0.83568126
Namibia,NAM,2003,0.8254331
Namibia,NAM,2004,0.81611377
Namibia,NAM,2005,0.80690277
Namibia,NAM,2006,0.797686
Namibia,NAM,2007,0.77689743
Namibia,NAM,2008,0.7671545
Namibia,NAM,2009,0.75616467
Namibia,NAM,2010,0.7086228
Namibia,NAM,2011,0.6977009
Namibia,NAM,2012,0.68711054
Namibia,NAM,2013,0.67683697
Namibia,NAM,2014,0.66686606
Namibia,NAM,2015,0.657997
Namibia,NAM,2016,0.648581
Namibia,NAM,2017,0.6402201
Namibia,NAM,2018,0.6313135
Namibia,NAM,2019,0.6226512
Namibia,NAM,2020,0.6142235
Namibia,NAM,2021,0.60794425
Namibia,NAM,2022,0.60106677
Namibia,NAM,2023,0.5945628
Namibia,NAM,2024,0.5882027
Namibia,NAM,2025,0.5819818
Nepal,NPL,-10000,0
Nepal,NPL,-9000,0
Nepal,NPL,-8000,0
Nepal,NPL,-7000,0
Nepal,NPL,-6000,0
Nepal,NPL,-5000,0
Nepal,NPL,-4000,0
Nepal,NPL,-3000,0
Nepal,NPL,-2000,0.048317805
Nepal,NPL,-1000,0.118623346
Nepal,NPL,0,0.13688372
Nepal,NPL,100,0.13553256
Nepal,NPL,200,0.1341948
Nepal,NPL,300,0.13287026
Nepal,NPL,400,0.13155884
Nepal,NPL,500,0.1302604
Nepal,NPL,600,0.12897481
Nepal,NPL,700,0.12770197
Nepal,NPL,800,0.1264417
Nepal,NPL,900,0.12519394
Nepal,NPL,1000,0.12395853
Nepal,NPL,1100,0.122735344
Nepal,NPL,1200,0.121524274
Nepal,NPL,1300,0.120325185
Nepal,NPL,1400,0.11913798
Nepal,NPL,1500,0.11796252
Nepal,NPL,1600,0.1167987
Nepal,NPL,1700,0.11564641
Nepal,NPL,1710,0.121647686
Nepal,NPL,1720,0.1280209
Nepal,NPL,1730,0.13478903
Nepal,NPL,1740,0.1419766
Nepal,NPL,1750,0.14960976
Nepal,NPL,1760,0.15771636
Nepal,NPL,1770,0.16632618
Nepal,NPL,1780,0.17547093
Nepal,NPL,1790,0.18518439
Nepal,NPL,1800,0.19550256
Nepal,NPL,1810,0.20646393
Nepal,NPL,1820,0.22236519
Nepal,NPL,1830,0.22692586
Nepal,NPL,1840,0.24861021
Nepal,NPL,1850,0.24427772
Nepal,NPL,1860,0.23560973
Nepal,NPL,1870,0.22780026
Nepal,NPL,1880,0.23012182
Nepal,NPL,1890,0.2147916
Nepal,NPL,1900,0.21418387
Nepal,NPL,1910,0.23408672
Nepal,NPL,1920,0.23676725
Nepal,NPL,1930,0.2309808
Nepal,NPL,1940,0.21650095
Nepal,NPL,1950,0.20235506
Nepal,NPL,1951,0.20154035
Nepal,NPL,1952,0.19887324
Nepal,NPL,1953,0.19934781
Nepal,NPL,1954,0.19698824
Nepal,NPL,1955,0.1952391
Nepal,NPL,1956,0.19334866
Nepal,NPL,1957,0.19184104
Nepal,NPL,1958,0.18910524
Nepal,NPL,1959,0.18731207
Nepal,NPL,1960,0.18195349
Nepal,NPL,1961,0.17912768
Nepal,NPL,1962,0.1763255
Nepal,NPL,1963,0.17446488
Nepal,NPL,1964,0.17067173
Nepal,NPL,1965,0.16777042
Nepal,NPL,1966,0.1648082
Nepal,NPL,1967,0.16303158
Nepal,NPL,1968,0.15995818
Nepal,NPL,1969,0.1568681
Nepal,NPL,1970,0.16502848
Nepal,NPL,1971,0.16133031
Nepal,NPL,1972,0.16592306
Nepal,NPL,1973,0.17102064
Nepal,NPL,1974,0.16857482
Nepal,NPL,1975,0.1662296
Nepal,NPL,1976,0.16334099
Nepal,NPL,1977,0.16051875
Nepal,NPL,1978,0.15782784
Nepal,NPL,1979,0.15525927
Nepal,NPL,1980,0.1528049
Nepal,NPL,1981,0.15022565
Nepal,NPL,1982,0.14685854
Nepal,NPL,1983,0.14364883
Nepal,NPL,1984,0.1405857
Nepal,NPL,1985,0.13765937
Nepal,NPL,1986,0.13446574
Nepal,NPL,1987,0.1314261
Nepal,NPL,1988,0.1285296
Nepal,NPL,1989,0.12576632
Nepal,NPL,1990,0.123127304
Nepal,NPL,1991,0.12015017
Nepal,NPL,1992,0.11775021
Nepal,NPL,1993,0.115467474
Nepal,NPL,1994,0.11329355
Nepal,NPL,1995,0.11122085
Nepal,NPL,1996,0.10895459
Nepal,NPL,1997,0.106800295
Nepal,NPL,1998,0.104749866
Nepal,NPL,1999,0.10279595
Nepal,NPL,2000,0.10094421
Nepal,NPL,2001,0.09901159
Nepal,NPL,2002,0.09607429
Nepal,NPL,2003,0.09338137
Nepal,NPL,2004,0.090991884
Nepal,NPL,2005,0.08844677
Nepal,NPL,2006,0.08609711
Nepal,NPL,2007,0.08376565
Nepal,NPL,2008,0.0816937
Nepal,NPL,2009,0.07976514
Nepal,NPL,2010,0.07783877
Nepal,NPL,2011,0.0763384
Nepal,NPL,2012,0.073674254
Nepal,NPL,2013,0.07133474
Nepal,NPL,2014,0.0694751
Nepal,NPL,2015,0.067361705
Nepal,NPL,2016,0.065195754
Nepal,NPL,2017,0.06327933
Nepal,NPL,2018,0.05987078
Nepal,NPL,2019,0.05807551
Nepal,NPL,2020,0.05603638
Nepal,NPL,2021,0.054469578
Nepal,NPL,2022,0.052882284
Nepal,NPL,2023,0.051217657
Nepal,NPL,2024,0.04965819
Nepal,NPL,2025,0.048143387
Netherlands,NLD,-10000,0
Netherlands,NLD,-9000,0
Netherlands,NLD,-8000,0
Netherlands,NLD,-7000,0
Netherlands,NLD,-6000,0
Netherlands,NLD,-5000,0.027969433
Netherlands,NLD,-4000,0.22027779
Netherlands,NLD,-3000,0.22027779
Netherlands,NLD,-2000,0.22027779
Netherlands,NLD,-1000,0.22027779
Netherlands,NLD,0,0.22027779
Netherlands,NLD,100,0.22027779
Netherlands,NLD,200,0.22027779
Netherlands,NLD,300,0.22027782
Netherlands,NLD,400,0.22027779
Netherlands,NLD,500,0.2202778
Netherlands,NLD,600,0.2202778
Netherlands,NLD,700,0.2202778
Netherlands,NLD,800,0.22018823
Netherlands,NLD,900,0.22021878
Netherlands,NLD,1000,0.2202188
Netherlands,NLD,1100,0.2202188
Netherlands,NLD,1200,0.2202188
Netherlands,NLD,1300,0.2202188
Netherlands,NLD,1400,0.22021881
Netherlands,NLD,1500,0.19398765
Netherlands,NLD,1600,0.18328653
Netherlands,NLD,1700,0.17747381
Netherlands,NLD,1710,0.17747383
Netherlands,NLD,1720,0.1774738
Netherlands,NLD,1730,0.17747381
Netherlands,NLD,1740,0.17747381
Netherlands,NLD,1750,0.17747381
Netherlands,NLD,1760,0.17747381
Netherlands,NLD,1770,0.1774738
Netherlands,NLD,1780,0.17747381
Netherlands,NLD,1790,0.17747381
Netherlands,NLD,1800,0.17747381
Netherlands,NLD,1810,0.17747381
Netherlands,NLD,1820,0.17747381
Netherlands,NLD,1830,0.17900798
Netherlands,NLD,1840,0.17956732
Netherlands,NLD,1850,0.17973967
Netherlands,NLD,1860,0.17880744
Netherlands,NLD,1870,0.17741576
Netherlands,NLD,1880,0.17428139
Netherlands,NLD,1890,0.1701409
Netherlands,NLD,1900,0.16722037
Netherlands,NLD,1910,0.14816658
Netherlands,NLD,1920,0.13222668
Netherlands,NLD,1930,0.11837019
Netherlands,NLD,1940,0.10665502
Netherlands,NLD,1950,0.10573268
Netherlands,NLD,1951,0.1040857
Netherlands,NLD,1952,0.102429524
Netherlands,NLD,1953,0.10077742
Netherlands,NLD,1954,0.09913852
Netherlands,NLD,1955,0.09751841
Netherlands,NLD,1956,0.095919326
Netherlands,NLD,1957,0.09434082
Netherlands,NLD,1958,0.09278068
Netherlands,NLD,1959,0.091235556
Netherlands,NLD,1960,0.08970359
Netherlands,NLD,1961,0.08848565
Netherlands,NLD,1962,0.085155375
Netherlands,NLD,1963,0.08282781
Netherlands,NLD,1964,0.0808147
Netherlands,NLD,1965,0.079031095
Netherlands,NLD,1966,0.07705459
Netherlands,NLD,1967,0.07411897
Netherlands,NLD,1968,0.07247308
Netherlands,NLD,1969,0.06993384
Netherlands,NLD,1970,0.067313015
Netherlands,NLD,1971,0.065228134
Netherlands,NLD,1972,0.06412496
Netherlands,NLD,1973,0.062974185
Netherlands,NLD,1974,0.062637575
Netherlands,NLD,1975,0.062240712
Netherlands,NLD,1976,0.062045585
Netherlands,NLD,1977,0.06302026
Netherlands,NLD,1978,0.062023442
Netherlands,NLD,1979,0.061833914
Netherlands,NLD,1980,0.062278744
Netherlands,NLD,1981,0.062056858
Netherlands,NLD,1982,0.06212528
Netherlands,NLD,1983,0.060522508
Netherlands,NLD,1984,0.060764916
Netherlands,NLD,1985,0.06180749
Netherlands,NLD,1986,0.06258297
Netherlands,NLD,1987,0.06319876
Netherlands,NLD,1988,0.063521795
Netherlands,NLD,1989,0.06339519
Netherlands,NLD,1990,0.06422361
Netherlands,NLD,1991,0.061695684
Netherlands,NLD,1992,0.061851587
Netherlands,NLD,1993,0.061623983
Netherlands,NLD,1994,0.06126243
Netherlands,NLD,1995,0.06185902
Netherlands,NLD,1996,0.061965287
Netherlands,NLD,1997,0.06444239
Netherlands,NLD,1998,0.0614475
Netherlands,NLD,1999,0.0663341
Netherlands,NLD,2000,0.066677906
Netherlands,NLD,2001,0.06531108
Netherlands,NLD,2002,0.06534962
Netherlands,NLD,2003,0.069634914
Netherlands,NLD,2004,0.07144385
Netherlands,NLD,2005,0.07008696
Netherlands,NLD,2006,0.0673613
Netherlands,NLD,2007,0.066573456
Netherlands,NLD,2008,0.06679816
Netherlands,NLD,2009,0.065867215
Netherlands,NLD,2010,0.063745305
Netherlands,NLD,2011,0.062501326
Netherlands,NLD,2012,0.06252126
Netherlands,NLD,2013,0.06392727
Netherlands,NLD,2014,0.064083785
Netherlands,NLD,2015,0.06376089
Netherlands,NLD,2016,0.062693566
Netherlands,NLD,2017,0.06298188
Netherlands,NLD,2018,0.061808888
Netherlands,NLD,2019,0.060982
Netherlands,NLD,2020,0.060360614
Netherlands,NLD,2021,0.060026627
Netherlands,NLD,2022,0.059927385
Netherlands,NLD,2023,0.05922872
Netherlands,NLD,2024,0.058774382
Netherlands,NLD,2025,0.058323264
Netherlands Antilles,ANT,200,0
Netherlands Antilles,ANT,300,0
Netherlands Antilles,ANT,400,0
Netherlands Antilles,ANT,500,0
Netherlands Antilles,ANT,600,0
Netherlands Antilles,ANT,700,0
Netherlands Antilles,ANT,800,0
Netherlands Antilles,ANT,900,0
Netherlands Antilles,ANT,1000,0
Netherlands Antilles,ANT,1100,0
Netherlands Antilles,ANT,1200,0
Netherlands Antilles,ANT,1300,0
Netherlands Antilles,ANT,1400,0
Netherlands Antilles,ANT,1500,0.19341213
Netherlands Antilles,ANT,1600,0.17851534
Netherlands Antilles,ANT,1700,0.1606038
Netherlands Antilles,ANT,1710,0.15858005
Netherlands Antilles,ANT,1720,0.15650332
Netherlands Antilles,ANT,1730,0.15436992
Netherlands Antilles,ANT,1740,0.1521759
Netherlands Antilles,ANT,1750,0.14991672
Netherlands Antilles,ANT,1760,0.1475873
Netherlands Antilles,ANT,1770,0.14518192
Netherlands Antilles,ANT,1780,0.14269412
Netherlands Antilles,ANT,1790,0.14011638
Netherlands Antilles,ANT,1800,0.13744013
Netherlands Antilles,ANT,1810,0.1346554
Netherlands Antilles,ANT,1820,0.13175048
Netherlands Antilles,ANT,1830,0.12871146
Netherlands Antilles,ANT,1840,0.12552172
Netherlands Antilles,ANT,1850,0.122161075
Netherlands Antilles,ANT,1860,0.11930225
Netherlands Antilles,ANT,1870,0.114298284
Netherlands Antilles,ANT,1880,0.10960304
Netherlands Antilles,ANT,1890,0.10521844
Netherlands Antilles,ANT,1900,0.09751356
Netherlands Antilles,ANT,1910,0.09127388
Netherlands Antilles,ANT,1920,0.0852153
Netherlands Antilles,ANT,1930,0.077051386
Netherlands Antilles,ANT,1940,0.06839899
Netherlands Antilles,ANT,1950,0.05795992
Netherlands Antilles,ANT,1951,0.05685954
Netherlands Antilles,ANT,1952,0.055714834
Netherlands Antilles,ANT,1953,0.05452106
Netherlands Antilles,ANT,1954,0.053272586
Netherlands Antilles,ANT,1955,0.05196267
Netherlands Antilles,ANT,1956,0.05058316
Netherlands Antilles,ANT,1957,0.049123995
Netherlands Antilles,ANT,1958,0.047572587
Netherlands Antilles,ANT,1959,0.0459128
Netherlands Antilles,ANT,1960,0.044123445
Netherlands Antilles,ANT,1961,0.04354006
Netherlands Antilles,ANT,1962,0.042990126
Netherlands Antilles,ANT,1963,0.042447682
Netherlands Antilles,ANT,1964,0.04186913
Netherlands Antilles,ANT,1965,0.04811795
Netherlands Antilles,ANT,1966,0.047331296
Netherlands Antilles,ANT,1967,0.046494894
Netherlands Antilles,ANT,1968,0.045651674
Netherlands Antilles,ANT,1969,0.044850964
Netherlands Antilles,ANT,1970,0.05041603
Netherlands Antilles,ANT,1971,0.049641125
Netherlands Antilles,ANT,1972,0.048925962
Netherlands Antilles,ANT,1973,0.04830494
Netherlands Antilles,ANT,1974,0.047815077
Netherlands Antilles,ANT,1975,0.047469426
Netherlands Antilles,ANT,1976,0.04729364
Netherlands Antilles,ANT,1977,0.047256988
Netherlands Antilles,ANT,1978,0.047283713
Netherlands Antilles,ANT,1979,0.04724295
Netherlands Antilles,ANT,1980,0.047067195
Netherlands Antilles,ANT,1981,0.046728466
Netherlands Antilles,ANT,1982,0.046265416
Netherlands Antilles,ANT,1983,0.045726985
Netherlands Antilles,ANT,1984,0.04518306
Netherlands Antilles,ANT,1985,0.044699177
Netherlands Antilles,ANT,1986,0.04428133
Netherlands Antilles,ANT,1987,0.043918267
Netherlands Antilles,ANT,1988,0.04360303
Netherlands Antilles,ANT,1989,0.043328606
Netherlands Antilles,ANT,1990,0.043082315
Netherlands Antilles,ANT,1991,0.042863034
Netherlands Antilles,ANT,1992,0.0426729
Netherlands Antilles,ANT,1993,0.0425607
Netherlands Antilles,ANT,1994,0.042580143
Netherlands Antilles,ANT,1995,0.042767644
Netherlands Antilles,ANT,1996,0.043137085
Netherlands Antilles,ANT,1997,0.043656785
Netherlands Antilles,ANT,1998,0.044278912
Netherlands Antilles,ANT,1999,0.044913556
Netherlands Antilles,ANT,2000,0.04548105
Netherlands Antilles,ANT,2001,0.04597272
Netherlands Antilles,ANT,2002,0.046368845
Netherlands Antilles,ANT,2003,0.046577096
Netherlands Antilles,ANT,2004,0.04647034
Netherlands Antilles,ANT,2005,0.04599253
Netherlands Antilles,ANT,2006,0.045116447
Netherlands Antilles,ANT,2007,0.043934923
Netherlands Antilles,ANT,2008,0.042611245
Netherlands Antilles,ANT,2009,0.04133189
Netherlands Antilles,ANT,2010,0.04021268
Netherlands Antilles,ANT,2011,0
Netherlands Antilles,ANT,2012,0
Netherlands Antilles,ANT,2013,0
Netherlands Antilles,ANT,2014,0
Netherlands Antilles,ANT,2015,0
Netherlands Antilles,ANT,2016,0
Netherlands Antilles,ANT,2017,0
Netherlands Antilles,ANT,2018,0
Netherlands Antilles,ANT,2019,0
Netherlands Antilles,ANT,2020,0
Netherlands Antilles,ANT,2021,0
Netherlands Antilles,ANT,2022,0
Netherlands Antilles,ANT,2023,0
Netherlands Antilles,ANT,2024,0
Netherlands Antilles,ANT,2025,0
New Caledonia,NCL,-10000,0
New Caledonia,NCL,-9000,0
New Caledonia,NCL,-8000,0
New Caledonia,NCL,-7000,0
New Caledonia,NCL,-6000,0
New Caledonia,NCL,-5000,0
New Caledonia,NCL,-4000,0
New Caledonia,NCL,-3000,0
New Caledonia,NCL,-2000,0
New Caledonia,NCL,-1000,1.2561381
New Caledonia,NCL,0,1.0951236
New Caledonia,NCL,100,1.0762141
New Caledonia,NCL,200,1.0566157
New Caledonia,NCL,300,1.0362619
New Caledonia,NCL,400,1.0150756
New Caledonia,NCL,500,0.9929659
New Caledonia,NCL,600,0.96982515
New Caledonia,NCL,700,0.94552404
New Caledonia,NCL,800,0.91990507
New Caledonia,NCL,900,0.89277375
New Caledonia,NCL,1000,0.86388475
New Caledonia,NCL,1100,0.8329226
New Caledonia,NCL,1200,0.79946953
New Caledonia,NCL,1300,0.76295465
New Caledonia,NCL,1400,0.7225639
New Caledonia,NCL,1500,0.6770688
New Caledonia,NCL,1600,0.62446755
New Caledonia,NCL,1700,0.56109786
New Caledonia,NCL,1710,0.553927
New Caledonia,NCL,1720,0.5465656
New Caledonia,NCL,1730,0.5390002
New Caledonia,NCL,1740,0.53121644
New Caledonia,NCL,1750,0.52319753
New Caledonia,NCL,1760,0.51492494
New Caledonia,NCL,1770,0.5063777
New Caledonia,NCL,1780,0.4975317
New Caledonia,NCL,1790,0.4883595
New Caledonia,NCL,1800,0.47882915
New Caledonia,NCL,1810,0.4689035
New Caledonia,NCL,1820,0.4585389
New Caledonia,NCL,1830,0.4476833
New Caledonia,NCL,1840,0.43627396
New Caledonia,NCL,1850,0.42423448
New Caledonia,NCL,1860,0.4114699
New Caledonia,NCL,1870,0.3978601
New Caledonia,NCL,1880,0.3832494
New Caledonia,NCL,1890,0.36743066
New Caledonia,NCL,1900,0.35011822
New Caledonia,NCL,1910,0.3309
New Caledonia,NCL,1920,0.3091451
New Caledonia,NCL,1930,0.28380266
New Caledonia,NCL,1940,0.25288373
New Caledonia,NCL,1950,0.21168219
New Caledonia,NCL,1951,0.20658638
New Caledonia,NCL,1952,0.20122594
New Caledonia,NCL,1953,0.1955636
New Caledonia,NCL,1954,0.18955289
New Caledonia,NCL,1955,0.1831347
New Caledonia,NCL,1956,0.17623204
New Caledonia,NCL,1957,0.16874163
New Caledonia,NCL,1958,0.1605197
New Caledonia,NCL,1959,0.1513563
New Caledonia,NCL,1960,0.14092447
New Caledonia,NCL,1961,0.13650352
New Caledonia,NCL,1962,0.13218294
New Caledonia,NCL,1963,0.12804842
New Caledonia,NCL,1964,0.1354723
New Caledonia,NCL,1965,0.13157895
New Caledonia,NCL,1966,0.12808745
New Caledonia,NCL,1967,0.12490762
New Caledonia,NCL,1968,0.1318338
New Caledonia,NCL,1969,0.12792757
New Caledonia,NCL,1970,0.12342866
New Caledonia,NCL,1971,0.118210405
New Caledonia,NCL,1972,0.12213975
New Caledonia,NCL,1973,0.11737856
New Caledonia,NCL,1974,0.11297465
New Caledonia,NCL,1975,0.10888925
New Caledonia,NCL,1976,0.114206016
New Caledonia,NCL,1977,0.11184665
New Caledonia,NCL,1978,0.1095828
New Caledonia,NCL,1979,0.10740877
New Caledonia,NCL,1980,0.10531933
New Caledonia,NCL,1981,0.10352753
New Caledonia,NCL,1982,0.10179567
New Caledonia,NCL,1983,0.10012081
New Caledonia,NCL,1984,0.118200205
New Caledonia,NCL,1985,0.11631739
New Caledonia,NCL,1986,0.10777433
New Caledonia,NCL,1987,0.09954892
New Caledonia,NCL,1988,0.09773201
New Caledonia,NCL,1989,0.09598023
New Caledonia,NCL,1990,0.08839701
New Caledonia,NCL,1991,0.086255275
New Caledonia,NCL,1992,0.08421488
New Caledonia,NCL,1993,0.076784186
New Caledonia,NCL,1994,0.06968918
New Caledonia,NCL,1995,0.06814989
New Caledonia,NCL,1996,0.06666742
New Caledonia,NCL,1997,0.060228992
New Caledonia,NCL,1998,0.058973446
New Caledonia,NCL,1999,0.057769183
New Caledonia,NCL,2000,0.05189536
New Caledonia,NCL,2001,0.050975956
New Caledonia,NCL,2002,0.048267163
New Caledonia,NCL,2003,0.047441304
New Caledonia,NCL,2004,0.046643227
New Caledonia,NCL,2005,0.04587156
New Caledonia,NCL,2006,0.04509909
New Caledonia,NCL,2007,0.044352207
New Caledonia,NCL,2008,0.043629657
New Caledonia,NCL,2009,0.042930275
New Caledonia,NCL,2010,0.04225296
New Caledonia,NCL,2011,0.04042111
New Caledonia,NCL,2012,0.037617184
New Caledonia,NCL,2013,0.037036743
New Caledonia,NCL,2014,0.03648849
New Caledonia,NCL,2015,0.035845365
New Caledonia,NCL,2016,0.03533
New Caledonia,NCL,2017,0.03482925
New Caledonia,NCL,2018,0.034342494
New Caledonia,NCL,2019,0.03386916
New Caledonia,NCL,2020,0.03340869
New Caledonia,NCL,2021,0.032996118
New Caledonia,NCL,2022,0.032593615
New Caledonia,NCL,2023,0.03220081
New Caledonia,NCL,2024,0.03181736
New Caledonia,NCL,2025,0.031442937
New Zealand,NZL,1200,0
New Zealand,NZL,1300,0
New Zealand,NZL,1400,0
New Zealand,NZL,1500,0.0022368226
New Zealand,NZL,1600,0.002796028
New Zealand,NZL,1700,0.003495035
New Zealand,NZL,1710,0.004368794
New Zealand,NZL,1720,0.0054609925
New Zealand,NZL,1730,0.0068262406
New Zealand,NZL,1740,0.008532801
New Zealand,NZL,1750,0.010666002
New Zealand,NZL,1760,0.013332501
New Zealand,NZL,1770,0.016665626
New Zealand,NZL,1780,0.020832034
New Zealand,NZL,1790,0.026040042
New Zealand,NZL,1800,0.03255005
New Zealand,NZL,1810,0.040687565
New Zealand,NZL,1820,0.050859455
New Zealand,NZL,1830,0.063574314
New Zealand,NZL,1840,0.07946791
New Zealand,NZL,1850,0.09933487
New Zealand,NZL,1860,0.1241686
New Zealand,NZL,1870,0.23854853
New Zealand,NZL,1880,0.35292846
New Zealand,NZL,1890,0.4673084
New Zealand,NZL,1900,0.8010578
New Zealand,NZL,1910,0.6960683
New Zealand,NZL,1920,0.5910788
New Zealand,NZL,1930,0.48608923
New Zealand,NZL,1940,0.38109976
New Zealand,NZL,1950,0.27611023
New Zealand,NZL,1951,0.2656113
New Zealand,NZL,1952,0.25511232
New Zealand,NZL,1953,0.2446134
New Zealand,NZL,1954,0.23411442
New Zealand,NZL,1955,0.22361547
New Zealand,NZL,1956,0.21311653
New Zealand,NZL,1957,0.20261757
New Zealand,NZL,1958,0.19211863
New Zealand,NZL,1959,0.18161967
New Zealand,NZL,1960,0.17112072
New Zealand,NZL,1961,0.16748714
New Zealand,NZL,1962,0.16389479
New Zealand,NZL,1963,0.16046333
New Zealand,NZL,1964,0.15733202
New Zealand,NZL,1965,0.1545698
New Zealand,NZL,1966,0.15222628
New Zealand,NZL,1967,0.15022148
New Zealand,NZL,1968,0.14834698
New Zealand,NZL,1969,0.14633968
New Zealand,NZL,1970,0.14405403
New Zealand,NZL,1971,0.14139783
New Zealand,NZL,1972,0.13876942
New Zealand,NZL,1973,0.13490775
New Zealand,NZL,1974,0.13118103
New Zealand,NZL,1975,0.13411792
New Zealand,NZL,1976,0.13873084
New Zealand,NZL,1977,0.1387058
New Zealand,NZL,1978,0.13868096
New Zealand,NZL,1979,0.14452675
New Zealand,NZL,1980,0.13821885
New Zealand,NZL,1981,0.1426775
New Zealand,NZL,1982,0.14706832
New Zealand,NZL,1983,0.14984013
New Zealand,NZL,1984,0.15257041
New Zealand,NZL,1985,0.15663676
New Zealand,NZL,1986,0.1541934
New Zealand,NZL,1987,0.13974142
New Zealand,NZL,1988,0.12551275
New Zealand,NZL,1989,0.12558834
New Zealand,NZL,1990,0.12566279
New Zealand,NZL,1991,0.12422545
New Zealand,NZL,1992,0.12314339
New Zealand,NZL,1993,0.12198554
New Zealand,NZL,1994,0.120856784
New Zealand,NZL,1995,0.119766235
New Zealand,NZL,1996,0.11930838
New Zealand,NZL,1997,0.1188764
New Zealand,NZL,1998,0.118454866
New Zealand,NZL,1999,0.11804326
New Zealand,NZL,2000,0.11764524
New Zealand,NZL,2001,0.116706096
New Zealand,NZL,2002,0.11576261
New Zealand,NZL,2003,0.11680841
New Zealand,NZL,2004,0.118414275
New Zealand,NZL,2005,0.118042134
New Zealand,NZL,2006,0.110501975
New Zealand,NZL,2007,0.11826693
New Zealand,NZL,2008,0.122118734
New Zealand,NZL,2009,0.1254243
New Zealand,NZL,2010,0.13049044
New Zealand,NZL,2011,0.12272229
New Zealand,NZL,2012,0.12999418
New Zealand,NZL,2013,0.13693306
New Zealand,NZL,2014,0.14403178
New Zealand,NZL,2015,0.11822554
New Zealand,NZL,2016,0.1305233
New Zealand,NZL,2017,0.11855915
New Zealand,NZL,2018,0.123873495
New Zealand,NZL,2019,0.12908086
New Zealand,NZL,2020,0.12387845
New Zealand,NZL,2021,0.14097935
New Zealand,NZL,2022,0.122540645
New Zealand,NZL,2023,0.1308449
New Zealand,NZL,2024,0.13176061
New Zealand,NZL,2025,0.13266084
Nicaragua,NIC,-10000,0
Nicaragua,NIC,-9000,0
Nicaragua,NIC,-8000,0
Nicaragua,NIC,-7000,0
Nicaragua,NIC,-6000,0
Nicaragua,NIC,-5000,0
Nicaragua,NIC,-4000,0
Nicaragua,NIC,-3000,0
Nicaragua,NIC,-2000,0
Nicaragua,NIC,-1000,0
Nicaragua,NIC,0,1.1589879
Nicaragua,NIC,100,1.1427729
Nicaragua,NIC,200,1.1260844
Nicaragua,NIC,300,1.1088861
Nicaragua,NIC,400,1.0911369
Nicaragua,NIC,500,1.072791
Nicaragua,NIC,600,1.053795
Nicaragua,NIC,700,1.0340884
Nicaragua,NIC,800,1.0136005
Nicaragua,NIC,900,0.9922163
Nicaragua,NIC,1000,0.9699091
Nicaragua,NIC,1100,0.94652414
Nicaragua,NIC,1200,0.92192185
Nicaragua,NIC,1300,0.89593065
Nicaragua,NIC,1400,0.8683362
Nicaragua,NIC,1500,0.83886606
Nicaragua,NIC,1600,0.8071769
Nicaragua,NIC,1700,0.77276665
Nicaragua,NIC,1710,0.76915324
Nicaragua,NIC,1720,0.7655057
Nicaragua,NIC,1730,0.7618229
Nicaragua,NIC,1740,0.75810415
Nicaragua,NIC,1750,0.7543486
Nicaragua,NIC,1760,0.7505553
Nicaragua,NIC,1770,0.7467232
Nicaragua,NIC,1780,0.7428513
Nicaragua,NIC,1790,0.7389388
Nicaragua,NIC,1800,0.73498434
Nicaragua,NIC,1810,0.7309868
Nicaragua,NIC,1820,0.72694516
Nicaragua,NIC,1830,0.722858
Nicaragua,NIC,1840,0.7187241
Nicaragua,NIC,1850,0.7145421
Nicaragua,NIC,1860,0.7103105
Nicaragua,NIC,1870,0.706028
Nicaragua,NIC,1880,0.7016928
Nicaragua,NIC,1890,0.6973034
Nicaragua,NIC,1900,0.692858
Nicaragua,NIC,1910,0.68835485
Nicaragua,NIC,1920,0.68379205
Nicaragua,NIC,1930,0.6791675
Nicaragua,NIC,1940,0.674479
Nicaragua,NIC,1950,0.6697245
Nicaragua,NIC,1951,0.6692453
Nicaragua,NIC,1952,0.6687654
Nicaragua,NIC,1953,0.6682849
Nicaragua,NIC,1954,0.66780365
Nicaragua,NIC,1955,0.6673217
Nicaragua,NIC,1956,0.66683906
Nicaragua,NIC,1957,0.6663558
Nicaragua,NIC,1958,0.6658717
Nicaragua,NIC,1959,0.6653869
Nicaragua,NIC,1960,0.6649015
Nicaragua,NIC,1961,0.6446678
Nicaragua,NIC,1962,0.6254764
Nicaragua,NIC,1963,0.61124
Nicaragua,NIC,1964,0.59337133
Nicaragua,NIC,1965,0.5759637
Nicaragua,NIC,1966,0.56464213
Nicaragua,NIC,1967,0.5479747
Nicaragua,NIC,1968,0.5317306
Nicaragua,NIC,1969,0.5180258
Nicaragua,NIC,1970,0.502482
Nicaragua,NIC,1971,0.48733023
Nicaragua,NIC,1972,0.47455186
Nicaragua,NIC,1973,0.46396565
Nicaragua,NIC,1974,0.45356524
Nicaragua,NIC,1975,0.43979684
Nicaragua,NIC,1976,0.42646807
Nicaragua,NIC,1977,0.41361138
Nicaragua,NIC,1978,0.402921
Nicaragua,NIC,1979,0.39273378
Nicaragua,NIC,1980,0.38308755
Nicaragua,NIC,1981,0.39698815
Nicaragua,NIC,1982,0.38684043
Nicaragua,NIC,1983,0.37699065
Nicaragua,NIC,1984,0.38212305
Nicaragua,NIC,1985,0.37879902
Nicaragua,NIC,1986,0.3705638
Nicaragua,NIC,1987,0.3705952
Nicaragua,NIC,1988,0.37042132
Nicaragua,NIC,1989,0.36816338
Nicaragua,NIC,1990,0.36071336
Nicaragua,NIC,1991,0.3540407
Nicaragua,NIC,1992,0.35209015
Nicaragua,NIC,1993,0.35241655
Nicaragua,NIC,1994,0.34618342
Nicaragua,NIC,1995,0.40544397
Nicaragua,NIC,1996,0.399721
Nicaragua,NIC,1997,0.41365132
Nicaragua,NIC,1998,0.41707516
Nicaragua,NIC,1999,0.42063496
Nicaragua,NIC,2000,0.42790675
Nicaragua,NIC,2001,0.42523158
Nicaragua,NIC,2002,0.4232623
Nicaragua,NIC,2003,0.4199677
Nicaragua,NIC,2004,0.4160308
Nicaragua,NIC,2005,0.4152935
Nicaragua,NIC,2006,0.39594796
Nicaragua,NIC,2007,0.37757334
Nicaragua,NIC,2008,0.3587448
Nicaragua,NIC,2009,0.3404169
Nicaragua,NIC,2010,0.32242754
Nicaragua,NIC,2011,0.31014544
Nicaragua,NIC,2012,0.3068245
Nicaragua,NIC,2013,0.30357397
Nicaragua,NIC,2014,0.30039158
Nicaragua,NIC,2015,0.29727522
Nicaragua,NIC,2016,0.29422286
Nicaragua,NIC,2017,0.29123253
Nicaragua,NIC,2018,0.28830236
Nicaragua,NIC,2019,0.2854306
Nicaragua,NIC,2020,0.28261548
Nicaragua,NIC,2021,0.280901
Nicaragua,NIC,2022,0.27920726
Nicaragua,NIC,2023,0.27753383
Nicaragua,NIC,2024,0.2758803
Nicaragua,NIC,2025,0.27424636
Niger,NER,-10000,0
Niger,NER,-9000,0
Niger,NER,-8000,0
Niger,NER,-7000,0
Niger,NER,-6000,0
Niger,NER,-5000,0
Niger,NER,-4000,0
Niger,NER,-3000,0
Niger,NER,-2000,0
Niger,NER,-1000,0
Niger,NER,0,3.298631
Niger,NER,100,3.2986305
Niger,NER,200,3.298631
Niger,NER,300,3.2986305
Niger,NER,400,3.2986305
Niger,NER,500,3.2986307
Niger,NER,600,3.298631
Niger,NER,700,3.2986307
Niger,NER,800,3.2986307
Niger,NER,900,3.298631
Niger,NER,1000,3.2986295
Niger,NER,1100,3.2986305
Niger,NER,1200,3.2986307
Niger,NER,1300,3.2984717
Niger,NER,1400,3.29854
Niger,NER,1500,3.2986
Niger,NER,1600,3.298631
Niger,NER,1700,3.2986307
Niger,NER,1710,3.298631
Niger,NER,1720,3.2986307
Niger,NER,1730,3.2986305
Niger,NER,1740,3.2986312
Niger,NER,1750,3.2986305
Niger,NER,1760,3.2986312
Niger,NER,1770,3.2986305
Niger,NER,1780,3.2986307
Niger,NER,1790,3.298631
Niger,NER,1800,3.2986307
Niger,NER,1810,3.2986307
Niger,NER,1820,3.298631
Niger,NER,1830,3.2986307
Niger,NER,1840,3.2986307
Niger,NER,1850,3.2986307
Niger,NER,1860,3.2986307
Niger,NER,1870,3.2986307
Niger,NER,1880,3.2986307
Niger,NER,1890,3.2986307
Niger,NER,1900,3.2986307
Niger,NER,1910,3.2986307
Niger,NER,1920,3.2986307
Niger,NER,1930,3.298631
Niger,NER,1940,3.2986307
Niger,NER,1950,3.2986307
Niger,NER,1951,3.2986307
Niger,NER,1952,3.298631
Niger,NER,1953,3.298631
Niger,NER,1954,3.2986307
Niger,NER,1955,3.2986307
Niger,NER,1956,3.2986307
Niger,NER,1957,3.298631
Niger,NER,1958,3.298631
Niger,NER,1959,3.298631
Niger,NER,1960,3.2986307
Niger,NER,1961,3.2986307
Niger,NER,1962,3.204989
Niger,NER,1963,3.1132693
Niger,NER,1964,3.0242147
Niger,NER,1965,2.9382203
Niger,NER,1966,2.8551865
Niger,NER,1967,2.774832
Niger,NER,1968,2.85594
Niger,NER,1969,2.776259
Niger,NER,1970,2.4831066
Niger,NER,1971,2.4213915
Niger,NER,1972,2.3441312
Niger,NER,1973,2.2060356
Niger,NER,1974,1.9402237
Niger,NER,1975,1.886279
Niger,NER,1976,1.8332053
Niger,NER,1977,1.781122
Niger,NER,1978,1.7302523
Niger,NER,1979,1.7114359
Niger,NER,1980,1.7064892
Niger,NER,1981,1.5866305
Niger,NER,1982,1.5541309
Niger,NER,1983,1.5329498
Niger,NER,1984,1.4552827
Niger,NER,1985,1.4141271
Niger,NER,1986,1.374224
Niger,NER,1987,1.2987493
Niger,NER,1988,1.2599046
Niger,NER,1989,1.2363247
Niger,NER,1990,1.3786587
Niger,NER,1991,1.4631977
Niger,NER,1992,1.5205703
Niger,NER,1993,1.4701866
Niger,NER,1994,1.4204913
Niger,NER,1995,1.4772089
Niger,NER,1996,1.4256672
Niger,NER,1997,1.3752373
Niger,NER,1998,1.326191
Niger,NER,1999,1.2787924
Niger,NER,2000,1.2331572
Niger,NER,2001,1.1892651
Niger,NER,2002,1.1469767
Niger,NER,2003,1.1140195
Niger,NER,2004,1.0786918
Niger,NER,2005,1.0414549
Niger,NER,2006,1.0053025
Niger,NER,2007,1.0226108
Niger,NER,2008,0.98499364
Niger,NER,2009,0.94853187
Niger,NER,2010,0.9798895
Niger,NER,2011,0.97259563
Niger,NER,2012,0.95392597
Niger,NER,2013,0.9710853
Niger,NER,2014,0.9371382
Niger,NER,2015,0.9061809
Niger,NER,2016,0.9128525
Niger,NER,2017,0.8940078
Niger,NER,2018,0.8665891
Niger,NER,2019,0.84080225
Niger,NER,2020,0.81650573
Niger,NER,2021,0.7876232
Niger,NER,2022,0.76071423
Niger,NER,2023,0.7355832
Niger,NER,2024,0.7120595
Niger,NER,2025,0.68999374
Nigeria,NGA,-10000,0
Nigeria,NGA,-9000,0
Nigeria,NGA,-8000,0
Nigeria,NGA,-7000,0
Nigeria,NGA,-6000,0
Nigeria,NGA,-5000,0
Nigeria,NGA,-4000,0
Nigeria,NGA,-3000,0
Nigeria,NGA,-2000,0
Nigeria,NGA,-1000,0
Nigeria,NGA,0,0.58997583
Nigeria,NGA,100,0.5899758
Nigeria,NGA,200,0.5899758
Nigeria,NGA,300,0.58997583
Nigeria,NGA,400,0.5899758
Nigeria,NGA,500,0.58997583
Nigeria,NGA,600,0.58997583
Nigeria,NGA,700,0.5899759
Nigeria,NGA,800,0.5899758
Nigeria,NGA,900,0.58997583
Nigeria,NGA,1000,0.58997583
Nigeria,NGA,1100,0.5899759
Nigeria,NGA,1200,0.58997583
Nigeria,NGA,1300,0.58997583
Nigeria,NGA,1400,0.5899758
Nigeria,NGA,1500,0.589975
Nigeria,NGA,1600,0.58997583
Nigeria,NGA,1700,0.58997583
Nigeria,NGA,1710,0.58997583
Nigeria,NGA,1720,0.58997583
Nigeria,NGA,1730,0.5899758
Nigeria,NGA,1740,0.58997583
Nigeria,NGA,1750,0.5899758
Nigeria,NGA,1760,0.58997583
Nigeria,NGA,1770,0.58997583
Nigeria,NGA,1780,0.58997583
Nigeria,NGA,1790,0.5899758
Nigeria,NGA,1800,0.5899758
Nigeria,NGA,1810,0.58997583
Nigeria,NGA,1820,0.58997583
Nigeria,NGA,1830,0.58997583
Nigeria,NGA,1840,0.5899758
Nigeria,NGA,1850,0.58997583
Nigeria,NGA,1860,0.5899758
Nigeria,NGA,1870,0.58997583
Nigeria,NGA,1880,0.58997583
Nigeria,NGA,1890,0.58997583
Nigeria,NGA,1900,0.5899758
Nigeria,NGA,1910,0.58997583
Nigeria,NGA,1920,0.5899758
Nigeria,NGA,1930,0.5899758
Nigeria,NGA,1940,0.58997583
Nigeria,NGA,1950,0.5899758
Nigeria,NGA,1951,0.5899758
Nigeria,NGA,1952,0.58997583
Nigeria,NGA,1953,0.58997583
Nigeria,NGA,1954,0.58997583
Nigeria,NGA,1955,0.58997583
Nigeria,NGA,1956,0.5899758
Nigeria,NGA,1957,0.58997583
Nigeria,NGA,1958,0.5899758
Nigeria,NGA,1959,0.58997583
Nigeria,NGA,1960,0.58997583
Nigeria,NGA,1961,0.58997583
Nigeria,NGA,1962,0.58098024
Nigeria,NGA,1963,0.57192826
Nigeria,NGA,1964,0.5628738
Nigeria,NGA,1965,0.55389076
Nigeria,NGA,1966,0.54303855
Nigeria,NGA,1967,0.52653867
Nigeria,NGA,1968,0.5178487
Nigeria,NGA,1969,0.510904
Nigeria,NGA,1970,0.5028813
Nigeria,NGA,1971,0.4939331
Nigeria,NGA,1972,0.48492563
Nigeria,NGA,1973,0.47569114
Nigeria,NGA,1974,0.46603438
Nigeria,NGA,1975,0.45585248
Nigeria,NGA,1976,0.44515836
Nigeria,NGA,1977,0.43492746
Nigeria,NGA,1978,0.4240077
Nigeria,NGA,1979,0.41640934
Nigeria,NGA,1980,0.40805477
Nigeria,NGA,1981,0.39907235
Nigeria,NGA,1982,0.39073017
Nigeria,NGA,1983,0.382798
Nigeria,NGA,1984,0.37749514
Nigeria,NGA,1985,0.37210587
Nigeria,NGA,1986,0.36542237
Nigeria,NGA,1987,0.35733733
Nigeria,NGA,1988,0.35060146
Nigeria,NGA,1989,0.34345654
Nigeria,NGA,1990,0.33666426
Nigeria,NGA,1991,0.3407475
Nigeria,NGA,1992,0.3442373
Nigeria,NGA,1993,0.3396206
Nigeria,NGA,1994,0.34075016
Nigeria,NGA,1995,0.35274035
Nigeria,NGA,1996,0.34587732
Nigeria,NGA,1997,0.33913922
Nigeria,NGA,1998,0.3380998
Nigeria,NGA,1999,0.33940327
Nigeria,NGA,2000,0.3334641
Nigeria,NGA,2001,0.33121198
Nigeria,NGA,2002,0.32398185
Nigeria,NGA,2003,0.3167469
Nigeria,NGA,2004,0.30953228
Nigeria,NGA,2005,0.30302513
Nigeria,NGA,2006,0.2933645
Nigeria,NGA,2007,0.28715402
Nigeria,NGA,2008,0.28038368
Nigeria,NGA,2009,0.28092542
Nigeria,NGA,2010,0.26800913
Nigeria,NGA,2011,0.26055267
Nigeria,NGA,2012,0.25463858
Nigeria,NGA,2013,0.24658515
Nigeria,NGA,2014,0.24068817
Nigeria,NGA,2015,0.2354308
Nigeria,NGA,2016,0.2303881
Nigeria,NGA,2017,0.22591501
Nigeria,NGA,2018,0.22331887
Nigeria,NGA,2019,0.22050542
Nigeria,NGA,2020,0.21754731
Nigeria,NGA,2021,0.21573628
Nigeria,NGA,2022,0.2107789
Nigeria,NGA,2023,0.20834503
Nigeria,NGA,2024,0.20543528
Nigeria,NGA,2025,0.20265672
North America,OWID_NAM,-10000,0
North America,OWID_NAM,-9000,0
North America,OWID_NAM,-8000,0
North America,OWID_NAM,-7000,0
North America,OWID_NAM,-6000,0
North America,OWID_NAM,-5000,0
North America,OWID_NAM,-4000,0
North America,OWID_NAM,-3000,0
North America,OWID_NAM,-2000,0.19957638
North America,OWID_NAM,-1000,0.19847283
North America,OWID_NAM,0,0.33448303
North America,OWID_NAM,100,0.3413588
North America,OWID_NAM,200,0.34833878
North America,OWID_NAM,300,0.35541874
North America,OWID_NAM,400,0.36259326
North America,OWID_NAM,500,0.3698513
North America,OWID_NAM,600,0.37717888
North America,OWID_NAM,700,0.38455066
North America,OWID_NAM,800,0.41790178
North America,OWID_NAM,900,0.44518244
North America,OWID_NAM,1000,0.49052024
North America,OWID_NAM,1100,0.49349755
North America,OWID_NAM,1200,0.49784482
North America,OWID_NAM,1300,0.50090593
North America,OWID_NAM,1400,0.5043715
North America,OWID_NAM,1500,0.51596767
North America,OWID_NAM,1600,0.68528247
North America,OWID_NAM,1700,0.60661596
North America,OWID_NAM,1710,0.6444096
North America,OWID_NAM,1720,0.6774521
North America,OWID_NAM,1730,0.7083656
North America,OWID_NAM,1740,0.7395149
North America,OWID_NAM,1750,0.77290654
North America,OWID_NAM,1760,0.8007229
North America,OWID_NAM,1770,0.830443
North America,OWID_NAM,1780,0.86293054
North America,OWID_NAM,1790,0.8996948
North America,OWID_NAM,1800,0.97620094
North America,OWID_NAM,1810,1.0496392
North America,OWID_NAM,1820,1.122411
North America,OWID_NAM,1830,1.1946598
North America,OWID_NAM,1840,1.258188
North America,OWID_NAM,1850,1.2566171
North America,OWID_NAM,1860,1.3870592
North America,OWID_NAM,1870,1.3603253
North America,OWID_NAM,1880,1.5924273
North America,OWID_NAM,1890,1.6269162
North America,OWID_NAM,1900,1.5762941
North America,OWID_NAM,1910,1.5631969
North America,OWID_NAM,1920,1.4907649
North America,OWID_NAM,1930,1.348748
North America,OWID_NAM,1940,1.2265041
North America,OWID_NAM,1950,1.0780349
North America,OWID_NAM,1951,1.0937479
North America,OWID_NAM,1952,1.0737404
North America,OWID_NAM,1953,1.0541794
North America,OWID_NAM,1954,1.0350994
North America,OWID_NAM,1955,1.0165184
North America,OWID_NAM,1956,0.9984499
North America,OWID_NAM,1957,0.9808919
North America,OWID_NAM,1958,0.9638389
North America,OWID_NAM,1959,0.9472754
North America,OWID_NAM,1960,0.92476094
North America,OWID_NAM,1961,0.9128026
North America,OWID_NAM,1962,0.88534397
North America,OWID_NAM,1963,0.8801507
North America,OWID_NAM,1964,0.8611135
North America,OWID_NAM,1965,0.843748
North America,OWID_NAM,1966,0.8259161
North America,OWID_NAM,1967,0.8088217
North America,OWID_NAM,1968,0.81738687
North America,OWID_NAM,1969,0.83078384
North America,OWID_NAM,1970,0.813322
North America,OWID_NAM,1971,0.7987164
North America,OWID_NAM,1972,0.78503674
North America,OWID_NAM,1973,0.7720142
North America,OWID_NAM,1974,0.7579486
North America,OWID_NAM,1975,0.7471169
North America,OWID_NAM,1976,0.7369056
North America,OWID_NAM,1977,0.72761685
North America,OWID_NAM,1978,0.7245631
North America,OWID_NAM,1979,0.7146827
North America,OWID_NAM,1980,0.7060631
North America,OWID_NAM,1981,0.69789433
North America,OWID_NAM,1982,0.687347
North America,OWID_NAM,1983,0.68022776
North America,OWID_NAM,1984,0.6719008
North America,OWID_NAM,1985,0.6641625
North America,OWID_NAM,1986,0.6566425
North America,OWID_NAM,1987,0.64588207
North America,OWID_NAM,1988,0.6387235
North America,OWID_NAM,1989,0.6327787
North America,OWID_NAM,1990,0.62694806
North America,OWID_NAM,1991,0.6199391
North America,OWID_NAM,1992,0.6078577
North America,OWID_NAM,1993,0.59720534
North America,OWID_NAM,1994,0.5872748
North America,OWID_NAM,1995,0.5798215
North America,OWID_NAM,1996,0.5657726
North America,OWID_NAM,1997,0.55648017
North America,OWID_NAM,1998,0.54804456
North America,OWID_NAM,1999,0.53907055
North America,OWID_NAM,2000,0.531961
North America,OWID_NAM,2001,0.5272706
North America,OWID_NAM,2002,0.5164605
North America,OWID_NAM,2003,0.5104061
North America,OWID_NAM,2004,0.5039739
North America,OWID_NAM,2005,0.4977805
North America,OWID_NAM,2006,0.4918313
North America,OWID_NAM,2007,0.46469998
North America,OWID_NAM,2008,0.4580571
North America,OWID_NAM,2009,0.45174143
North America,OWID_NAM,2010,0.44590962
North America,OWID_NAM,2011,0.4408585
North America,OWID_NAM,2012,0.4245935
North America,OWID_NAM,2013,0.42213002
North America,OWID_NAM,2014,0.4196351
North America,OWID_NAM,2015,0.41781586
North America,OWID_NAM,2016,0.4150377
North America,OWID_NAM,2017,0.41012174
North America,OWID_NAM,2018,0.40651664
North America,OWID_NAM,2019,0.40200043
North America,OWID_NAM,2020,0.3993391
North America,OWID_NAM,2021,0.39641625
North America,OWID_NAM,2022,0.39186853
North America,OWID_NAM,2023,0.38902605
North America,OWID_NAM,2024,0.38575998
North America,OWID_NAM,2025,0.38254634
North Korea,PRK,-10000,0
North Korea,PRK,-9000,0
North Korea,PRK,-8000,0
North Korea,PRK,-7000,0
North Korea,PRK,-6000,0
North Korea,PRK,-5000,0
North Korea,PRK,-4000,0
North Korea,PRK,-3000,0
North Korea,PRK,-2000,0
North Korea,PRK,-1000,0.818791
North Korea,PRK,0,0.71518797
North Korea,PRK,100,0.7030495
North Korea,PRK,200,0.6904768
North Korea,PRK,300,0.6774287
North Korea,PRK,400,0.6638577
North Korea,PRK,500,0.64970773
North Korea,PRK,600,0.63491327
North Korea,PRK,700,0.61939514
North Korea,PRK,800,0.60305786
North Korea,PRK,900,0.58578384
North Korea,PRK,1000,0.567426
North Korea,PRK,1100,0.5477928
North Korea,PRK,1200,0.5266351
North Korea,PRK,1300,0.5036523
North Korea,PRK,1400,0.47833607
North Korea,PRK,1500,0.45001587
North Korea,PRK,1600,0.41759875
North Korea,PRK,1700,0.3791686
North Korea,PRK,1710,0.3748745
North Korea,PRK,1720,0.37047973
North Korea,PRK,1730,0.36597803
North Korea,PRK,1740,0.3613629
North Korea,PRK,1750,0.35662672
North Korea,PRK,1760,0.35176125
North Korea,PRK,1770,0.34675735
North Korea,PRK,1780,0.34160474
North Korea,PRK,1790,0.3362918
North Korea,PRK,1800,0.33080545
North Korea,PRK,1810,0.32513082
North Korea,PRK,1820,0.31925088
North Korea,PRK,1830,0.313146
North Korea,PRK,1840,0.30679327
North Korea,PRK,1850,0.30016604
North Korea,PRK,1860,0.29323244
North Korea,PRK,1870,0.28595445
North Korea,PRK,1880,0.27828586
North Korea,PRK,1890,0.2701696
North Korea,PRK,1900,0.26153395
North Korea,PRK,1910,0.25228697
North Korea,PRK,1920,0.24230735
North Korea,PRK,1930,0.23143008
North Korea,PRK,1940,0.21942121
North Korea,PRK,1950,0.20593071
North Korea,PRK,1951,0.20448117
North Korea,PRK,1952,0.20301077
North Korea,PRK,1953,0.20151877
North Korea,PRK,1954,0.20000435
North Korea,PRK,1955,0.19846664
North Korea,PRK,1956,0.19690473
North Korea,PRK,1957,0.19531761
North Korea,PRK,1958,0.1937043
North Korea,PRK,1959,0.19206364
North Korea,PRK,1960,0.19039448
North Korea,PRK,1961,0.18645427
North Korea,PRK,1962,0.18327601
North Korea,PRK,1963,0.1803577
North Korea,PRK,1964,0.17717195
North Korea,PRK,1965,0.17350832
North Korea,PRK,1966,0.16932824
North Korea,PRK,1967,0.16478488
North Korea,PRK,1968,0.16013247
North Korea,PRK,1969,0.15556368
North Korea,PRK,1970,0.15141842
North Korea,PRK,1971,0.14905643
North Korea,PRK,1972,0.14563774
North Korea,PRK,1973,0.14609851
North Korea,PRK,1974,0.1432869
North Korea,PRK,1975,0.14135064
North Korea,PRK,1976,0.13963354
North Korea,PRK,1977,0.1379528
North Korea,PRK,1978,0.13621154
North Korea,PRK,1979,0.13448282
North Korea,PRK,1980,0.13847397
North Korea,PRK,1981,0.13681272
North Korea,PRK,1982,0.13506086
North Korea,PRK,1983,0.13349868
North Korea,PRK,1984,0.13205187
North Korea,PRK,1985,0.13070962
North Korea,PRK,1986,0.128769
North Korea,PRK,1987,0.12691152
North Korea,PRK,1988,0.12507227
North Korea,PRK,1989,0.12330083
North Korea,PRK,1990,0.12185073
North Korea,PRK,1991,0.12095038
North Korea,PRK,1992,0.11916576
North Korea,PRK,1993,0.11688521
North Korea,PRK,1994,0.120371304
North Korea,PRK,1995,0.118084654
North Korea,PRK,1996,0.11248745
North Korea,PRK,1997,0.111370586
North Korea,PRK,1998,0.1102749
North Korea,PRK,1999,0.10924934
North Korea,PRK,2000,0.108289056
North Korea,PRK,2001,0.107627474
North Korea,PRK,2002,0.10689007
North Korea,PRK,2003,0.10614414
North Korea,PRK,2004,0.105570205
North Korea,PRK,2005,0.106986545
North Korea,PRK,2006,0.10661733
North Korea,PRK,2007,0.10617094
North Korea,PRK,2008,0.10811747
North Korea,PRK,2009,0.10799152
North Korea,PRK,2010,0.107749246
North Korea,PRK,2011,0.105602145
North Korea,PRK,2012,0.10511811
North Korea,PRK,2013,0.10467064
North Korea,PRK,2014,0.104139864
North Korea,PRK,2015,0.1037586
North Korea,PRK,2016,0.10220037
North Korea,PRK,2017,0.10156364
North Korea,PRK,2018,0.10116226
North Korea,PRK,2019,0.10061761
North Korea,PRK,2020,0.100270435
North Korea,PRK,2021,0.10002414
North Korea,PRK,2022,0.09978906
North Korea,PRK,2023,0.09956939
North Korea,PRK,2024,0.09934705
North Korea,PRK,2025,0.0991256
North Macedonia,MKD,-10000,0
North Macedonia,MKD,-9000,0
North Macedonia,MKD,-8000,0
North Macedonia,MKD,-7000,0
North Macedonia,MKD,-6000,0
North Macedonia,MKD,-5000,0
North Macedonia,MKD,-4000,0.500632
North Macedonia,MKD,-3000,1.501896
North Macedonia,MKD,-2000,1.3974323
North Macedonia,MKD,-1000,1.2744615
North Macedonia,MKD,0,1.1216543
North Macedonia,MKD,100,1.1039183
North Macedonia,MKD,200,1.0855933
North Macedonia,MKD,300,1.0666279
North Macedonia,MKD,400,1.046963
North Macedonia,MKD,500,1.0265301
North Macedonia,MKD,600,1.0052499
North Macedonia,MKD,700,0.98302823
North Macedonia,MKD,800,0.95975393
North Macedonia,MKD,900,0.93529236
North Macedonia,MKD,1000,0.9094796
North Macedonia,MKD,1100,0.8821121
North Macedonia,MKD,1200,0.852932
North Macedonia,MKD,1300,0.8216059
North Macedonia,MKD,1400,0.7876893
North Macedonia,MKD,1500,0.75056964
North Macedonia,MKD,1600,0.70936304
North Macedonia,MKD,1700,0.66271627
North Macedonia,MKD,1710,0.6576773
North Macedonia,MKD,1720,0.65256
North Macedonia,MKD,1730,0.6473611
North Macedonia,MKD,1740,0.6420773
North Macedonia,MKD,1750,0.63670516
North Macedonia,MKD,1760,0.6312407
North Macedonia,MKD,1770,0.6256801
North Macedonia,MKD,1780,0.6200187
North Macedonia,MKD,1790,0.61425203
North Macedonia,MKD,1800,0.60837513
North Macedonia,MKD,1810,0.60238224
North Macedonia,MKD,1820,0.5962678
North Macedonia,MKD,1830,0.59002525
North Macedonia,MKD,1840,0.5836478
North Macedonia,MKD,1850,0.5771278
North Macedonia,MKD,1860,0.5704571
North Macedonia,MKD,1870,0.5636266
North Macedonia,MKD,1880,0.5566264
North Macedonia,MKD,1890,0.5494456
North Macedonia,MKD,1900,0.54207194
North Macedonia,MKD,1910,0.53449214
North Macedonia,MKD,1920,0.526691
North Macedonia,MKD,1930,0.5186516
North Macedonia,MKD,1940,0.510355
North Macedonia,MKD,1950,0.5017795
North Macedonia,MKD,1951,0.50090563
North Macedonia,MKD,1952,0.5000288
North Macedonia,MKD,1953,0.49914882
North Macedonia,MKD,1954,0.49826574
North Macedonia,MKD,1955,0.49737954
North Macedonia,MKD,1956,0.49649015
North Macedonia,MKD,1957,0.49559757
North Macedonia,MKD,1958,0.49470177
North Macedonia,MKD,1959,0.4938027
North Macedonia,MKD,1960,0.49290037
North Macedonia,MKD,1961,0.4866929
North Macedonia,MKD,1962,0.47940278
North Macedonia,MKD,1963,0.472536
North Macedonia,MKD,1964,0.46544603
North Macedonia,MKD,1965,0.4566044
North Macedonia,MKD,1966,0.4472818
North Macedonia,MKD,1967,0.43995282
North Macedonia,MKD,1968,0.43163085
North Macedonia,MKD,1969,0.4246233
North Macedonia,MKD,1970,0.4174046
North Macedonia,MKD,1971,0.41797256
North Macedonia,MKD,1972,0.417981
North Macedonia,MKD,1973,0.41819635
North Macedonia,MKD,1974,0.4191414
North Macedonia,MKD,1975,0.41973096
North Macedonia,MKD,1976,0.41234756
North Macedonia,MKD,1977,0.4037461
North Macedonia,MKD,1978,0.3971832
North Macedonia,MKD,1979,0.39030278
North Macedonia,MKD,1980,0.38453186
North Macedonia,MKD,1981,0.38213763
North Macedonia,MKD,1982,0.379519
North Macedonia,MKD,1983,0.37687135
North Macedonia,MKD,1984,0.37429112
North Macedonia,MKD,1985,0.37254375
North Macedonia,MKD,1986,0.3691209
North Macedonia,MKD,1987,0.3653814
North Macedonia,MKD,1988,0.3619398
North Macedonia,MKD,1989,0.35855725
North Macedonia,MKD,1990,0.35477382
North Macedonia,MKD,1991,0.3476219
North Macedonia,MKD,1992,0.3428266
North Macedonia,MKD,1993,0.34143022
North Macedonia,MKD,1994,0.338513
North Macedonia,MKD,1995,0.3341
North Macedonia,MKD,1996,0.333569
North Macedonia,MKD,1997,0.32648295
North Macedonia,MKD,1998,0.3189595
North Macedonia,MKD,1999,0.3165048
North Macedonia,MKD,2000,0.2981448
North Macedonia,MKD,2001,0.30373797
North Macedonia,MKD,2002,0.268719
North Macedonia,MKD,2003,0.2541325
North Macedonia,MKD,2004,0.2504545
North Macedonia,MKD,2005,0.23894699
North Macedonia,MKD,2006,0.23353523
North Macedonia,MKD,2007,0.2281468
North Macedonia,MKD,2008,0.224244
North Macedonia,MKD,2009,0.2213308
North Macedonia,MKD,2010,0.21794468
North Macedonia,MKD,2011,0.21725552
North Macedonia,MKD,2012,0.21705303
North Macedonia,MKD,2013,0.21637098
North Macedonia,MKD,2014,0.21569322
North Macedonia,MKD,2015,0.21645314
North Macedonia,MKD,2016,0.21718283
North Macedonia,MKD,2017,0.2169583
North Macedonia,MKD,2018,0.21720847
North Macedonia,MKD,2019,0.21698533
North Macedonia,MKD,2020,0.21488278
North Macedonia,MKD,2021,0.2146454
North Macedonia,MKD,2022,0.2130082
North Macedonia,MKD,2023,0.21212663
North Macedonia,MKD,2024,0.21106516
North Macedonia,MKD,2025,0.21001062
Norway,NOR,-10000,0
Norway,NOR,-9000,0
Norway,NOR,-8000,0
Norway,NOR,-7000,0
Norway,NOR,-6000,0
Norway,NOR,-5000,0
Norway,NOR,-4000,0
Norway,NOR,-3000,0
Norway,NOR,-2000,0.12759154
Norway,NOR,-1000,0.48284164
Norway,NOR,0,0.5729978
Norway,NOR,100,0.5671812
Norway,NOR,200,0.56111544
Norway,NOR,300,0.55477524
Norway,NOR,400,0.54813117
Norway,NOR,500,0.5411467
Norway,NOR,600,0.53378534
Norway,NOR,700,0.52599204
Norway,NOR,800,0.5177074
Norway,NOR,900,0.5088558
Norway,NOR,1000,0.49934077
Norway,NOR,1100,0.4890838
Norway,NOR,1200,0.47783428
Norway,NOR,1300,0.46541044
Norway,NOR,1400,0.45146415
Norway,NOR,1500,0.43563348
Norway,NOR,1600,0.41704428
Norway,NOR,1700,0.39439085
Norway,NOR,1710,0.39181647
Norway,NOR,1720,0.3891726
Norway,NOR,1730,0.38645485
Norway,NOR,1740,0.38365853
Norway,NOR,1750,0.38077813
Norway,NOR,1760,0.37780786
Norway,NOR,1770,0.37474117
Norway,NOR,1780,0.37157065
Norway,NOR,1790,0.3682881
Norway,NOR,1800,0.36488417
Norway,NOR,1810,0.3613482
Norway,NOR,1820,0.3572419
Norway,NOR,1830,0.35288325
Norway,NOR,1840,0.34808815
Norway,NOR,1850,0.34240732
Norway,NOR,1860,0.3356938
Norway,NOR,1870,0.32544017
Norway,NOR,1880,0.31097355
Norway,NOR,1890,0.2956101
Norway,NOR,1900,0.276859
Norway,NOR,1910,0.26914525
Norway,NOR,1920,0.25965336
Norway,NOR,1930,0.25113106
Norway,NOR,1940,0.24155074
Norway,NOR,1950,0.23147419
Norway,NOR,1951,0.23011866
Norway,NOR,1952,0.22877477
Norway,NOR,1953,0.22743763
Norway,NOR,1954,0.22610539
Norway,NOR,1955,0.22477645
Norway,NOR,1956,0.22344981
Norway,NOR,1957,0.22212467
Norway,NOR,1958,0.22080071
Norway,NOR,1959,0.21947764
Norway,NOR,1960,0.2181552
Norway,NOR,1961,0.23732078
Norway,NOR,1962,0.2349411
Norway,NOR,1963,0.23260805
Norway,NOR,1964,0.23028581
Norway,NOR,1965,0.22795233
Norway,NOR,1966,0.22560425
Norway,NOR,1967,0.22325745
Norway,NOR,1968,0.22093296
Norway,NOR,1969,0.21501832
Norway,NOR,1970,0.21000707
Norway,NOR,1971,0.20654431
Norway,NOR,1972,0.20236419
Norway,NOR,1973,0.19975668
Norway,NOR,1974,0.1991931
Norway,NOR,1975,0.19763872
Norway,NOR,1976,0.19761501
Norway,NOR,1977,0.19808671
Norway,NOR,1978,0.1988014
Norway,NOR,1979,0.20393324
Norway,NOR,1980,0.1999696
Norway,NOR,1981,0.20200005
Norway,NOR,1982,0.20450363
Norway,NOR,1983,0.20577905
Norway,NOR,1984,0.20656304
Norway,NOR,1985,0.20661953
Norway,NOR,1986,0.20837605
Norway,NOR,1987,0.20749117
Norway,NOR,1988,0.20780258
Norway,NOR,1989,0.20882165
Norway,NOR,1990,0.20370224
Norway,NOR,1991,0.20914385
Norway,NOR,1992,0.20589808
Norway,NOR,1993,0.20639828
Norway,NOR,1994,0.20781562
Norway,NOR,1995,0.22757012
Norway,NOR,1996,0.22802685
Norway,NOR,1997,0.20445165
Norway,NOR,1998,0.20346297
Norway,NOR,1999,0.19867818
Norway,NOR,2000,0.1968443
Norway,NOR,2001,0.19613282
Norway,NOR,2002,0.19432926
Norway,NOR,2003,0.19167137
Norway,NOR,2004,0.19013186
Norway,NOR,2005,0.18752848
Norway,NOR,2006,0.18458864
Norway,NOR,2007,0.18137498
Norway,NOR,2008,0.17779179
Norway,NOR,2009,0.17375991
Norway,NOR,2010,0.16999409
Norway,NOR,2011,0.16656579
Norway,NOR,2012,0.16353256
Norway,NOR,2013,0.16067436
Norway,NOR,2014,0.15903819
Norway,NOR,2015,0.15717588
Norway,NOR,2016,0.15515313
Norway,NOR,2017,0.15285912
Norway,NOR,2018,0.15163298
Norway,NOR,2019,0.14988913
Norway,NOR,2020,0.1488536
Norway,NOR,2021,0.14716473
Norway,NOR,2022,0.14563069
Norway,NOR,2023,0.14423633
Norway,NOR,2024,0.14282165
Norway,NOR,2025,0.14143556
Oceania,OWID_OCE,-10000,0
Oceania,OWID_OCE,-9000,0
Oceania,OWID_OCE,-8000,0
Oceania,OWID_OCE,-7000,0
Oceania,OWID_OCE,-6000,0
Oceania,OWID_OCE,-5000,0
Oceania,OWID_OCE,-4000,0.1292061
Oceania,OWID_OCE,-3000,0.5143263
Oceania,OWID_OCE,-2000,0.61018324
Oceania,OWID_OCE,-1000,0.6802364
Oceania,OWID_OCE,0,0.6993494
Oceania,OWID_OCE,100,0.69838244
Oceania,OWID_OCE,200,0.6963697
Oceania,OWID_OCE,300,0.693268
Oceania,OWID_OCE,400,0.6889852
Oceania,OWID_OCE,500,0.6834411
Oceania,OWID_OCE,600,0.67653114
Oceania,OWID_OCE,700,0.66814274
Oceania,OWID_OCE,800,0.65813506
Oceania,OWID_OCE,900,0.6463382
Oceania,OWID_OCE,1000,0.6325391
Oceania,OWID_OCE,1100,0.6164548
Oceania,OWID_OCE,1200,0.5907741
Oceania,OWID_OCE,1300,0.56865615
Oceania,OWID_OCE,1400,0.544234
Oceania,OWID_OCE,1500,0.49615216
Oceania,OWID_OCE,1600,0.44746408
Oceania,OWID_OCE,1700,0.39672995
Oceania,OWID_OCE,1710,0.39481083
Oceania,OWID_OCE,1720,0.39059594
Oceania,OWID_OCE,1730,0.3862784
Oceania,OWID_OCE,1740,0.38186193
Oceania,OWID_OCE,1750,0.37735197
Oceania,OWID_OCE,1760,0.37275606
Oceania,OWID_OCE,1770,0.36805296
Oceania,OWID_OCE,1780,0.36324257
Oceania,OWID_OCE,1790,0.36271155
Oceania,OWID_OCE,1800,0.364901
Oceania,OWID_OCE,1810,0.3663949
Oceania,OWID_OCE,1820,0.36082125
Oceania,OWID_OCE,1830,0.3543084
Oceania,OWID_OCE,1840,0.3469778
Oceania,OWID_OCE,1850,0.34925634
Oceania,OWID_OCE,1860,0.36094615
Oceania,OWID_OCE,1870,0.41543475
Oceania,OWID_OCE,1880,0.5864173
Oceania,OWID_OCE,1890,0.5584737
Oceania,OWID_OCE,1900,0.7452883
Oceania,OWID_OCE,1910,0.78630394
Oceania,OWID_OCE,1920,0.71630335
Oceania,OWID_OCE,1930,1.2248503
Oceania,OWID_OCE,1940,1.0766456
Oceania,OWID_OCE,1950,0.93944633
Oceania,OWID_OCE,1951,0.9444175
Oceania,OWID_OCE,1952,0.9506147
Oceania,OWID_OCE,1953,0.9570657
Oceania,OWID_OCE,1954,0.9630955
Oceania,OWID_OCE,1955,0.96829873
Oceania,OWID_OCE,1956,0.9725232
Oceania,OWID_OCE,1957,0.9758387
Oceania,OWID_OCE,1958,0.9784935
Oceania,OWID_OCE,1959,0.9808323
Oceania,OWID_OCE,1960,0.9831547
Oceania,OWID_OCE,1961,0.9858894
Oceania,OWID_OCE,1962,1.0366552
Oceania,OWID_OCE,1963,1.0081341
Oceania,OWID_OCE,1964,1.0425425
Oceania,OWID_OCE,1965,1.0796138
Oceania,OWID_OCE,1966,1.1365023
Oceania,OWID_OCE,1967,1.1374218
Oceania,OWID_OCE,1968,1.2255241
Oceania,OWID_OCE,1969,1.1057745
Oceania,OWID_OCE,1970,1.0247602
Oceania,OWID_OCE,1971,0.9249968
Oceania,OWID_OCE,1972,0.9186681
Oceania,OWID_OCE,1973,0.8002915
Oceania,OWID_OCE,1974,0.7808031
Oceania,OWID_OCE,1975,0.7131659
Oceania,OWID_OCE,1976,0.7470254
Oceania,OWID_OCE,1977,0.75494015
Oceania,OWID_OCE,1978,0.82715297
Oceania,OWID_OCE,1979,0.8462686
Oceania,OWID_OCE,1980,0.85741264
Oceania,OWID_OCE,1981,0.8639713
Oceania,OWID_OCE,1982,0.9031316
Oceania,OWID_OCE,1983,0.88182217
Oceania,OWID_OCE,1984,0.9722389
Oceania,OWID_OCE,1985,0.9276021
Oceania,OWID_OCE,1986,0.90195614
Oceania,OWID_OCE,1987,0.84346837
Oceania,OWID_OCE,1988,0.775491
Oceania,OWID_OCE,1989,0.73878354
Oceania,OWID_OCE,1990,0.70744747
Oceania,OWID_OCE,1991,0.7064022
Oceania,OWID_OCE,1992,0.66040766
Oceania,OWID_OCE,1993,0.6835091
Oceania,OWID_OCE,1994,0.6999053
Oceania,OWID_OCE,1995,0.65543896
Oceania,OWID_OCE,1996,0.72780955
Oceania,OWID_OCE,1997,0.7758617
Oceania,OWID_OCE,1998,0.7819459
Oceania,OWID_OCE,1999,0.8265893
Oceania,OWID_OCE,2000,0.8319219
Oceania,OWID_OCE,2001,0.8433465
Oceania,OWID_OCE,2002,0.816395
Oceania,OWID_OCE,2003,0.7896055
Oceania,OWID_OCE,2004,0.85500115
Oceania,OWID_OCE,2005,0.8631037
Oceania,OWID_OCE,2006,0.7828139
Oceania,OWID_OCE,2007,0.7415686
Oceania,OWID_OCE,2008,0.75413823
Oceania,OWID_OCE,2009,0.8303026
Oceania,OWID_OCE,2010,0.77478707
Oceania,OWID_OCE,2011,0.9280472
Oceania,OWID_OCE,2012,0.9118963
Oceania,OWID_OCE,2013,0.8883695
Oceania,OWID_OCE,2014,0.8940523
Oceania,OWID_OCE,2015,0.8547825
Oceania,OWID_OCE,2016,0.8178137
Oceania,OWID_OCE,2017,0.8249633
Oceania,OWID_OCE,2018,0.82062095
Oceania,OWID_OCE,2019,0.8015125
Oceania,OWID_OCE,2020,0.79278946
Oceania,OWID_OCE,2021,0.79916954
Oceania,OWID_OCE,2022,0.7865771
Oceania,OWID_OCE,2023,0.779491
Oceania,OWID_OCE,2024,0.7734847
Oceania,OWID_OCE,2025,0.7677225
Oman,OMN,-10000,0
Oman,OMN,-9000,0
Oman,OMN,-8000,0
Oman,OMN,-7000,0
Oman,OMN,-6000,0
Oman,OMN,-5000,0
Oman,OMN,-4000,0
Oman,OMN,-3000,0
Oman,OMN,-2000,1.3836534
Oman,OMN,-1000,1.2557337
Oman,OMN,0,1.0945321
Oman,OMN,100,1.0755956
Oman,OMN,200,1.0559676
Oman,OMN,300,1.0355815
Oman,OMN,400,1.0143596
Oman,OMN,500,0.9922103
Oman,OMN,600,0.9690252
Oman,OMN,700,0.9446741
Oman,OMN,800,0.9189984
Oman,OMN,900,0.8918032
Oman,OMN,1000,0.8628387
Oman,OMN,1100,0.8317868
Oman,OMN,1200,0.7982234
Oman,OMN,1300,0.7615761
Oman,OMN,1400,0.7210127
Oman,OMN,1500,0.6752859
Oman,OMN,1600,0.6223517
Oman,OMN,1700,0.55845106
Oman,OMN,1710,0.5512084
Oman,OMN,1720,0.5437702
Oman,OMN,1730,0.53612286
Oman,OMN,1740,0.52825075
Oman,OMN,1750,0.5201368
Oman,OMN,1760,0.51176155
Oman,OMN,1770,0.5031027
Oman,OMN,1780,0.4941352
Oman,OMN,1790,0.4848297
Oman,OMN,1800,0.47515273
Oman,OMN,1810,0.4650646
Oman,OMN,1820,0.45451874
Oman,OMN,1830,0.44345933
Oman,OMN,1840,0.431819
Oman,OMN,1850,0.41951478
Oman,OMN,1860,0.4064431
Oman,OMN,1870,0.39247176
Oman,OMN,1880,0.37742785
Oman,OMN,1890,0.36107835
Oman,OMN,1900,0.3430968
Oman,OMN,1910,0.32300243
Oman,OMN,1920,0.300038
Oman,OMN,1930,0.2728886
Oman,OMN,1940,0.23888822
Oman,OMN,1950,0.19078182
Oman,OMN,1951,0.18444827
Oman,OMN,1952,0.17764704
Oman,OMN,1953,0.17028092
Oman,OMN,1954,0.16221555
Oman,OMN,1955,0.15325686
Oman,OMN,1956,0.14310691
Oman,OMN,1957,0.13126759
Oman,OMN,1958,0.11679039
Oman,OMN,1959,0.09740474
Oman,OMN,1960,0.06343567
Oman,OMN,1961,0.061958965
Oman,OMN,1962,0.06046743
Oman,OMN,1963,0.058972098
Oman,OMN,1964,0.059124272
Oman,OMN,1965,0.057599172
Oman,OMN,1966,0.056074504
Oman,OMN,1967,0.05756538
Oman,OMN,1968,0.058858413
Oman,OMN,1969,0.057083733
Oman,OMN,1970,0.058022913
Oman,OMN,1971,0.055355016
Oman,OMN,1972,0.05544176
Oman,OMN,1973,0.054314215
Oman,OMN,1974,0.05327779
Oman,OMN,1975,0.052321866
Oman,OMN,1976,0.050267246
Oman,OMN,1977,0.048442602
Oman,OMN,1978,0.047747593
Oman,OMN,1979,0.045344345
Oman,OMN,1980,0.043171424
Oman,OMN,1981,0.040709313
Oman,OMN,1982,0.03851288
Oman,OMN,1983,0.03940732
Oman,OMN,1984,0.04021464
Oman,OMN,1985,0.039647076
Oman,OMN,1986,0.04175831
Oman,OMN,1987,0.041906957
Oman,OMN,1988,0.042044323
Oman,OMN,1989,0.042726528
Oman,OMN,1990,0.042825293
Oman,OMN,1991,0.041219104
Oman,OMN,1992,0.04121888
Oman,OMN,1993,0.03450866
Oman,OMN,1994,0.03334529
Oman,OMN,1995,0.03180978
Oman,OMN,1996,0.031718418
Oman,OMN,1997,0.031182123
Oman,OMN,1998,0.031537265
Oman,OMN,1999,0.03144746
Oman,OMN,2000,0.032241493
Oman,OMN,2001,0.03203855
Oman,OMN,2002,0.031498067
Oman,OMN,2003,0.03088808
Oman,OMN,2004,0.03004456
Oman,OMN,2005,0.026754366
Oman,OMN,2006,0.025199043
Oman,OMN,2007,0.025285138
Oman,OMN,2008,0.025366632
Oman,OMN,2009,0.027287645
Oman,OMN,2010,0.026092254
Oman,OMN,2011,0.026737347
Oman,OMN,2012,0.02508185
Oman,OMN,2013,0.023122143
Oman,OMN,2014,0.022762168
Oman,OMN,2015,0.026925407
Oman,OMN,2016,0.027047483
Oman,OMN,2017,0.03151138
Oman,OMN,2018,0.03337437
Oman,OMN,2019,0.032771397
Oman,OMN,2020,0.03263621
Oman,OMN,2021,0.031344756
Oman,OMN,2022,0.033168815
Oman,OMN,2023,0.032143936
Oman,OMN,2024,0.031984743
Oman,OMN,2025,0.031830784
Pakistan,PAK,-10000,0
Pakistan,PAK,-9000,0
Pakistan,PAK,-8000,0
Pakistan,PAK,-7000,0
Pakistan,PAK,-6000,0
Pakistan,PAK,-5000,0
Pakistan,PAK,-4000,0
Pakistan,PAK,-3000,0
Pakistan,PAK,-2000,1.2592398
Pakistan,PAK,-1000,1.5533202
Pakistan,PAK,0,1.432828
Pakistan,PAK,100,1.4182816
Pakistan,PAK,200,1.4031126
Pakistan,PAK,300,1.3872578
Pakistan,PAK,400,1.3706435
Pakistan,PAK,500,1.3531821
Pakistan,PAK,600,1.3347697
Pakistan,PAK,700,1.3152794
Pakistan,PAK,800,1.2945634
Pakistan,PAK,900,1.2724293
Pakistan,PAK,1000,1.2486391
Pakistan,PAK,1100,1.222883
Pakistan,PAK,1200,1.1947546
Pakistan,PAK,1300,1.1636966
Pakistan,PAK,1400,1.1289177
Pakistan,PAK,1500,1.0892361
Pakistan,PAK,1600,1.0427575
Pakistan,PAK,1700,0.9861158
Pakistan,PAK,1710,0.97967905
Pakistan,PAK,1720,0.97306854
Pakistan,PAK,1730,0.9662733
Pakistan,PAK,1740,0.95928127
Pakistan,PAK,1750,0.9520794
Pakistan,PAK,1760,0.94465274
Pakistan,PAK,1770,0.9369849
Pakistan,PAK,1780,0.9290574
Pakistan,PAK,1790,0.92084986
Pakistan,PAK,1800,0.91233885
Pakistan,PAK,1810,0.9034978
Pakistan,PAK,1820,0.89429647
Pakistan,PAK,1830,0.88470006
Pakistan,PAK,1840,0.87466824
Pakistan,PAK,1850,0.86415386
Pakistan,PAK,1860,0.8531012
Pakistan,PAK,1870,0.84144443
Pakistan,PAK,1880,0.8291033
Pakistan,PAK,1890,0.81598055
Pakistan,PAK,1900,0.801955
Pakistan,PAK,1910,0.78687346
Pakistan,PAK,1920,0.7650097
Pakistan,PAK,1930,0.7377402
Pakistan,PAK,1940,0.7086388
Pakistan,PAK,1950,0.6850749
Pakistan,PAK,1951,0.6838107
Pakistan,PAK,1952,0.68246377
Pakistan,PAK,1953,0.6810362
Pakistan,PAK,1954,0.6795303
Pakistan,PAK,1955,0.67794776
Pakistan,PAK,1956,0.6762897
Pakistan,PAK,1957,0.67455727
Pakistan,PAK,1958,0.67275137
Pakistan,PAK,1959,0.67087233
Pakistan,PAK,1960,0.6689211
Pakistan,PAK,1961,0.66826224
Pakistan,PAK,1962,0.65450734
Pakistan,PAK,1963,0.6392135
Pakistan,PAK,1964,0.63276994
Pakistan,PAK,1965,0.63396555
Pakistan,PAK,1966,0.6210451
Pakistan,PAK,1967,0.60583967
Pakistan,PAK,1968,0.5844476
Pakistan,PAK,1969,0.54295456
Pakistan,PAK,1970,0.5313232
Pakistan,PAK,1971,0.50665474
Pakistan,PAK,1972,0.49005952
Pakistan,PAK,1973,0.48813894
Pakistan,PAK,1974,0.4629223
Pakistan,PAK,1975,0.45318055
Pakistan,PAK,1976,0.4332675
Pakistan,PAK,1977,0.42180914
Pakistan,PAK,1978,0.41508153
Pakistan,PAK,1979,0.4012894
Pakistan,PAK,1980,0.4026828
Pakistan,PAK,1981,0.37734577
Pakistan,PAK,1982,0.38732728
Pakistan,PAK,1983,0.35101902
Pakistan,PAK,1984,0.35138687
Pakistan,PAK,1985,0.3364131
Pakistan,PAK,1986,0.30959445
Pakistan,PAK,1987,0.31043798
Pakistan,PAK,1988,0.2882091
Pakistan,PAK,1989,0.2842407
Pakistan,PAK,1990,0.27007067
Pakistan,PAK,1991,0.2633429
Pakistan,PAK,1992,0.25735813
Pakistan,PAK,1993,0.25382584
Pakistan,PAK,1994,0.24781394
Pakistan,PAK,1995,0.24363373
Pakistan,PAK,1996,0.23835094
Pakistan,PAK,1997,0.23595351
Pakistan,PAK,1998,0.23072629
Pakistan,PAK,1999,0.22508018
Pakistan,PAK,2000,0.21932921
Pakistan,PAK,2001,0.21698378
Pakistan,PAK,2002,0.21231656
Pakistan,PAK,2003,0.20812178
Pakistan,PAK,2004,0.19923496
Pakistan,PAK,2005,0.1951834
Pakistan,PAK,2006,0.19262497
Pakistan,PAK,2007,0.18838583
Pakistan,PAK,2008,0.18084969
Pakistan,PAK,2009,0.17746957
Pakistan,PAK,2010,0.1742115
Pakistan,PAK,2011,0.1748107
Pakistan,PAK,2012,0.1722437
Pakistan,PAK,2013,0.1702609
Pakistan,PAK,2014,0.16704
Pakistan,PAK,2015,0.16381787
Pakistan,PAK,2016,0.16402009
Pakistan,PAK,2017,0.16227312
Pakistan,PAK,2018,0.15929382
Pakistan,PAK,2019,0.15332901
Pakistan,PAK,2020,0.15275721
Pakistan,PAK,2021,0.14728206
Pakistan,PAK,2022,0.14474066
Pakistan,PAK,2023,0.14140253
Pakistan,PAK,2024,0.13829489
Pakistan,PAK,2025,0.13527723
Panama,PAN,-10000,0
Panama,PAN,-9000,0
Panama,PAN,-8000,0
Panama,PAN,-7000,0
Panama,PAN,-6000,0
Panama,PAN,-5000,0
Panama,PAN,-4000,0
Panama,PAN,-3000,0
Panama,PAN,-2000,0
Panama,PAN,-1000,0
Panama,PAN,0,1.1224574
Panama,PAN,100,1.1047558
Panama,PAN,200,1.0864677
Panama,PAN,300,1.0675426
Panama,PAN,400,1.0479214
Panama,PAN,500,1.0275366
Panama,PAN,600,1.0063093
Panama,PAN,700,0.9841463
Panama,PAN,800,0.96093774
Panama,PAN,900,0.9365504
Panama,PAN,1000,0.9108221
Panama,PAN,1100,0.8835519
Panama,PAN,1200,0.85448575
Panama,PAN,1300,0.8232948
Panama,PAN,1400,0.7895427
Panama,PAN,1500,0.75262785
Panama,PAN,1600,0.71168625
Panama,PAN,1700,0.66539884
Panama,PAN,1710,0.66040325
Panama,PAN,1720,0.6553309
Panama,PAN,1730,0.65017885
Panama,PAN,1740,0.6449437
Panama,PAN,1750,0.6396222
Panama,PAN,1760,0.6342107
Panama,PAN,1770,0.6287052
Panama,PAN,1780,0.6231016
Panama,PAN,1790,0.6173953
Panama,PAN,1800,0.6115815
Panama,PAN,1810,0.60565513
Panama,PAN,1820,0.5996103
Panama,PAN,1830,0.59344125
Panama,PAN,1840,0.58714104
Panama,PAN,1850,0.5807027
Panama,PAN,1860,0.5741184
Panama,PAN,1870,0.5673794
Panama,PAN,1880,0.5604765
Panama,PAN,1890,0.55339915
Panama,PAN,1900,0.546136
Panama,PAN,1910,0.5386744
Panama,PAN,1920,0.53100014
Panama,PAN,1930,0.52309746
Panama,PAN,1940,0.5149484
Panama,PAN,1950,0.5065329
Panama,PAN,1951,0.5056759
Panama,PAN,1952,0.5048159
Panama,PAN,1953,0.503953
Panama,PAN,1954,0.50308716
Panama,PAN,1955,0.50221825
Panama,PAN,1956,0.5013464
Panama,PAN,1957,0.5004715
Panama,PAN,1958,0.49959353
Panama,PAN,1959,0.49871242
Panama,PAN,1960,0.4978282
Panama,PAN,1961,0.48327598
Panama,PAN,1962,0.4690724
Panama,PAN,1963,0.45527086
Panama,PAN,1964,0.43720952
Panama,PAN,1965,0.4244553
Panama,PAN,1966,0.41217193
Panama,PAN,1967,0.3938875
Panama,PAN,1968,0.38266987
Panama,PAN,1969,0.37047598
Panama,PAN,1970,0.35740167
Panama,PAN,1971,0.34738326
Panama,PAN,1972,0.33772144
Panama,PAN,1973,0.32844278
Panama,PAN,1974,0.3207556
Panama,PAN,1975,0.31285724
Panama,PAN,1976,0.30533874
Panama,PAN,1977,0.2987121
Panama,PAN,1978,0.29185227
Panama,PAN,1979,0.28580466
Panama,PAN,1980,0.2805045
Panama,PAN,1981,0.27738497
Panama,PAN,1982,0.2767807
Panama,PAN,1983,0.27380618
Panama,PAN,1984,0.26999518
Panama,PAN,1985,0.26810545
Panama,PAN,1986,0.26668736
Panama,PAN,1987,0.26527694
Panama,PAN,1988,0.26386696
Panama,PAN,1989,0.26451844
Panama,PAN,1990,0.2646692
Panama,PAN,1991,0.25919664
Panama,PAN,1992,0.2562094
Panama,PAN,1993,0.25098455
Panama,PAN,1994,0.24774764
Panama,PAN,1995,0.23907465
Panama,PAN,1996,0.23423441
Panama,PAN,1997,0.23231034
Panama,PAN,1998,0.23074324
Panama,PAN,1999,0.22886398
Panama,PAN,2000,0.22934668
Panama,PAN,2001,0.22914965
Panama,PAN,2002,0.22481436
Panama,PAN,2003,0.22061752
Panama,PAN,2004,0.21654415
Panama,PAN,2005,0.21258293
Panama,PAN,2006,0.2078478
Panama,PAN,2007,0.20701794
Panama,PAN,2008,0.20334059
Panama,PAN,2009,0.20115188
Panama,PAN,2010,0.20789015
Panama,PAN,2011,0.2048302
Panama,PAN,2012,0.2000552
Panama,PAN,2013,0.1953765
Panama,PAN,2014,0.19079117
Panama,PAN,2015,0.18629648
Panama,PAN,2016,0.18188976
Panama,PAN,2017,0.17756845
Panama,PAN,2018,0.1733301
Panama,PAN,2019,0.16917232
Panama,PAN,2020,0.16536635
Panama,PAN,2021,0.16529162
Panama,PAN,2022,0.16346407
Panama,PAN,2023,0.16016504
Panama,PAN,2024,0.15783656
Panama,PAN,2025,0.15555792
Papua New Guinea,PNG,-10000,0
Papua New Guinea,PNG,-9000,0
Papua New Guinea,PNG,-8000,0
Papua New Guinea,PNG,-7000,0
Papua New Guinea,PNG,-6000,0
Papua New Guinea,PNG,-5000,0
Papua New Guinea,PNG,-4000,0.49745318
Papua New Guinea,PNG,-3000,1.4922696
Papua New Guinea,PNG,-2000,1.3847567
Papua New Guinea,PNG,-1000,1.257289
Papua New Guinea,PNG,0,1.0967909
Papua New Guinea,PNG,100,1.0779643
Papua New Guinea,PNG,200,1.0584435
Papua New Guinea,PNG,300,1.038181
Papua New Guinea,PNG,400,1.0171036
Papua New Guinea,PNG,500,0.99509746
Papua New Guinea,PNG,600,0.97208065
Papua New Guinea,PNG,700,0.9479189
Papua New Guinea,PNG,800,0.92245936
Papua New Guinea,PNG,900,0.89551467
Papua New Guinea,PNG,1000,0.86685085
Papua New Guinea,PNG,1100,0.83615184
Papua New Guinea,PNG,1200,0.8030165
Papua New Guinea,PNG,1300,0.7668941
Papua New Guinea,PNG,1400,0.72700405
Papua New Guinea,PNG,1500,0.6821778
Papua New Guinea,PNG,1600,0.63059825
Papua New Guinea,PNG,1700,0.56872827
Papua New Guinea,PNG,1710,0.5617588
Papua New Guinea,PNG,1720,0.55461186
Papua New Guinea,PNG,1730,0.5472759
Papua New Guinea,PNG,1740,0.53973776
Papua New Guinea,PNG,1750,0.531983
Papua New Guinea,PNG,1760,0.5239953
Papua New Guinea,PNG,1770,0.51575637
Papua New Guinea,PNG,1780,0.5072455
Papua New Guinea,PNG,1790,0.49843886
Papua New Guinea,PNG,1800,0.48930967
Papua New Guinea,PNG,1810,0.47982642
Papua New Guinea,PNG,1820,0.46995276
Papua New Guinea,PNG,1830,0.45964578
Papua New Guinea,PNG,1840,0.44885457
Papua New Guinea,PNG,1850,0.437518
Papua New Guinea,PNG,1860,0.42556128
Papua New Guinea,PNG,1870,0.41289207
Papua New Guinea,PNG,1880,0.3993937
Papua New Guinea,PNG,1890,0.38491544
Papua New Guinea,PNG,1900,0.36925748
Papua New Guinea,PNG,1910,0.3521454
Papua New Guinea,PNG,1920,0.33318588
Papua New Guinea,PNG,1930,0.31178135
Papua New Guinea,PNG,1940,0.28694835
Papua New Guinea,PNG,1950,0.25685948
Papua New Guinea,PNG,1951,0.25343898
Papua New Guinea,PNG,1952,0.24992363
Papua New Guinea,PNG,1953,0.24630646
Papua New Guinea,PNG,1954,0.24257986
Papua New Guinea,PNG,1955,0.23873506
Papua New Guinea,PNG,1956,0.23476228
Papua New Guinea,PNG,1957,0.2306503
Papua New Guinea,PNG,1958,0.22638622
Papua New Guinea,PNG,1959,0.22195517
Papua New Guinea,PNG,1960,0.21733974
Papua New Guinea,PNG,1961,0.21296847
Papua New Guinea,PNG,1962,0.21339704
Papua New Guinea,PNG,1963,0.21081632
Papua New Guinea,PNG,1964,0.21954499
Papua New Guinea,PNG,1965,0.21464927
Papua New Guinea,PNG,1966,0.20794117
Papua New Guinea,PNG,1967,0.21194237
Papua New Guinea,PNG,1968,0.21093404
Papua New Guinea,PNG,1969,0.21180354
Papua New Guinea,PNG,1970,0.21166441
Papua New Guinea,PNG,1971,0.21168831
Papua New Guinea,PNG,1972,0.21133246
Papua New Guinea,PNG,1973,0.21432877
Papua New Guinea,PNG,1974,0.2186552
Papua New Guinea,PNG,1975,0.22031645
Papua New Guinea,PNG,1976,0.22105038
Papua New Guinea,PNG,1977,0.21938883
Papua New Guinea,PNG,1978,0.22174609
Papua New Guinea,PNG,1979,0.21855725
Papua New Guinea,PNG,1980,0.21366332
Papua New Guinea,PNG,1981,0.20920232
Papua New Guinea,PNG,1982,0.20439574
Papua New Guinea,PNG,1983,0.20012996
Papua New Guinea,PNG,1984,0.19859454
Papua New Guinea,PNG,1985,0.19659251
Papua New Guinea,PNG,1986,0.19636123
Papua New Guinea,PNG,1987,0.19174829
Papua New Guinea,PNG,1988,0.19214982
Papua New Guinea,PNG,1989,0.19105513
Papua New Guinea,PNG,1990,0.19073257
Papua New Guinea,PNG,1991,0.18574706
Papua New Guinea,PNG,1992,0.18192862
Papua New Guinea,PNG,1993,0.18275179
Papua New Guinea,PNG,1994,0.17875665
Papua New Guinea,PNG,1995,0.17685914
Papua New Guinea,PNG,1996,0.17449565
Papua New Guinea,PNG,1997,0.17025036
Papua New Guinea,PNG,1998,0.17385213
Papua New Guinea,PNG,1999,0.17174393
Papua New Guinea,PNG,2000,0.16881013
Papua New Guinea,PNG,2001,0.16533425
Papua New Guinea,PNG,2002,0.16291678
Papua New Guinea,PNG,2003,0.15975782
Papua New Guinea,PNG,2004,0.15675102
Papua New Guinea,PNG,2005,0.15470588
Papua New Guinea,PNG,2006,0.15380915
Papua New Guinea,PNG,2007,0.15967332
Papua New Guinea,PNG,2008,0.16099165
Papua New Guinea,PNG,2009,0.16060963
Papua New Guinea,PNG,2010,0.15703678
Papua New Guinea,PNG,2011,0.15665144
Papua New Guinea,PNG,2012,0.15361795
Papua New Guinea,PNG,2013,0.1506997
Papua New Guinea,PNG,2014,0.15045407
Papua New Guinea,PNG,2015,0.14995249
Papua New Guinea,PNG,2016,0.14803798
Papua New Guinea,PNG,2017,0.15526412
Papua New Guinea,PNG,2018,0.15257047
Papua New Guinea,PNG,2019,0.14996867
Papua New Guinea,PNG,2020,0.14745414
Papua New Guinea,PNG,2021,0.14515911
Papua New Guinea,PNG,2022,0.14293443
Papua New Guinea,PNG,2023,0.14077692
Papua New Guinea,PNG,2024,0.13868356
Papua New Guinea,PNG,2025,0.13665156
Paraguay,PRY,-10000,0
Paraguay,PRY,-9000,0
Paraguay,PRY,-8000,0
Paraguay,PRY,-7000,0
Paraguay,PRY,-6000,0
Paraguay,PRY,-5000,0
Paraguay,PRY,-4000,0
Paraguay,PRY,-3000,0
Paraguay,PRY,-2000,0
Paraguay,PRY,-1000,0
Paraguay,PRY,0,0.12855728
Paraguay,PRY,100,0.12653841
Paraguay,PRY,200,0.12453603
Paraguay,PRY,300,0.1225519
Paraguay,PRY,400,0.120587684
Paraguay,PRY,500,0.11864495
Paraguay,PRY,600,0.11672522
Paraguay,PRY,700,0.11482985
Paraguay,PRY,800,0.11296014
Paraguay,PRY,900,0.11330519
Paraguay,PRY,1000,0.11364816
Paraguay,PRY,1100,0.11398908
Paraguay,PRY,1200,0.11432796
Paraguay,PRY,1300,0.11466485
Paraguay,PRY,1400,0.11499977
Paraguay,PRY,1500,0.115332745
Paraguay,PRY,1600,0.11566382
Paraguay,PRY,1700,0.22822794
Paraguay,PRY,1710,0.2563195
Paraguay,PRY,1720,0.29142573
Paraguay,PRY,1730,0.33530027
Paraguay,PRY,1740,0.39013526
Paraguay,PRY,1750,0.45867074
Paraguay,PRY,1760,0.45760065
Paraguay,PRY,1770,0.45649764
Paraguay,PRY,1780,0.45535898
Paraguay,PRY,1790,0.45418167
Paraguay,PRY,1800,0.45296213
Paraguay,PRY,1810,0.45169628
Paraguay,PRY,1820,0.4503793
Paraguay,PRY,1830,0.44900557
Paraguay,PRY,1840,0.44756824
Paraguay,PRY,1850,0.4460591
Paraguay,PRY,1860,0.44446778
Paraguay,PRY,1870,0.44278133
Paraguay,PRY,1880,0.4409832
Paraguay,PRY,1890,0.4390509
Paraguay,PRY,1900,0.43695375
Paraguay,PRY,1910,0.434646
Paraguay,PRY,1920,0.4320594
Paraguay,PRY,1930,0.42907456
Paraguay,PRY,1940,0.4254528
Paraguay,PRY,1950,0.42055023
Paraguay,PRY,1951,0.42001715
Paraguay,PRY,1952,0.41944063
Paraguay,PRY,1953,0.41881138
Paraguay,PRY,1954,0.41811863
Paraguay,PRY,1955,0.41734445
Paraguay,PRY,1956,0.41646263
Paraguay,PRY,1957,0.41542813
Paraguay,PRY,1958,0.41414243
Paraguay,PRY,1959,0.41237712
Paraguay,PRY,1960,0.40820006
Paraguay,PRY,1961,0.41518885
Paraguay,PRY,1962,0.40990618
Paraguay,PRY,1963,0.40798187
Paraguay,PRY,1964,0.41246963
Paraguay,PRY,1965,0.4122792
Paraguay,PRY,1966,0.41267154
Paraguay,PRY,1967,0.40182006
Paraguay,PRY,1968,0.38963786
Paraguay,PRY,1969,0.37967873
Paraguay,PRY,1970,0.37023476
Paraguay,PRY,1971,0.36129007
Paraguay,PRY,1972,0.35275012
Paraguay,PRY,1973,0.34410295
Paraguay,PRY,1974,0.3785538
Paraguay,PRY,1975,0.4124026
Paraguay,PRY,1976,0.44416007
Paraguay,PRY,1977,0.47046798
Paraguay,PRY,1978,0.49820286
Paraguay,PRY,1979,0.5206041
Paraguay,PRY,1980,0.54423183
Paraguay,PRY,1981,0.56763715
Paraguay,PRY,1982,0.5616744
Paraguay,PRY,1983,0.55715966
Paraguay,PRY,1984,0.5524487
Paraguay,PRY,1985,0.5460455
Paraguay,PRY,1986,0.5449643
Paraguay,PRY,1987,0.5383522
Paraguay,PRY,1988,0.5322483
Paraguay,PRY,1989,0.5280482
Paraguay,PRY,1990,0.52431214
Paraguay,PRY,1991,0.51695305
Paraguay,PRY,1992,0.5418229
Paraguay,PRY,1993,0.5291228
Paraguay,PRY,1994,0.5490775
Paraguay,PRY,1995,0.56645894
Paraguay,PRY,1996,0.55361927
Paraguay,PRY,1997,0.5414642
Paraguay,PRY,1998,0.5785226
Paraguay,PRY,1999,0.58718127
Paraguay,PRY,2000,0.5864937
Paraguay,PRY,2001,0.5936309
Paraguay,PRY,2002,0.6014772
Paraguay,PRY,2003,0.60459584
Paraguay,PRY,2004,0.6061434
Paraguay,PRY,2005,0.6085771
Paraguay,PRY,2006,0.61214185
Paraguay,PRY,2007,0.6123386
Paraguay,PRY,2008,0.63451725
Paraguay,PRY,2009,0.61561084
Paraguay,PRY,2010,0.61906105
Paraguay,PRY,2011,0.6169594
Paraguay,PRY,2012,0.6156022
Paraguay,PRY,2013,0.614075
Paraguay,PRY,2014,0.61258143
Paraguay,PRY,2015,0.60930246
Paraguay,PRY,2016,0.60630596
Paraguay,PRY,2017,0.6033373
Paraguay,PRY,2018,0.60091627
Paraguay,PRY,2019,0.5986314
Paraguay,PRY,2020,0.5960452
Paraguay,PRY,2021,0.59633756
Paraguay,PRY,2022,0.604087
Paraguay,PRY,2023,0.60301584
Paraguay,PRY,2024,0.6047831
Paraguay,PRY,2025,0.60650945
Peru,PER,-10000,0
Peru,PER,-9000,0
Peru,PER,-8000,0
Peru,PER,-7000,0
Peru,PER,-6000,0
Peru,PER,-5000,0
Peru,PER,-4000,0
Peru,PER,-3000,0
Peru,PER,-2000,0.35704356
Peru,PER,-1000,0.34882239
Peru,PER,0,0.32102445
Peru,PER,100,0.3178973
Peru,PER,200,0.31468987
Peru,PER,300,0.31139627
Peru,PER,400,0.30800968
Peru,PER,500,0.30452237
Peru,PER,600,0.30092534
Peru,PER,700,0.29720843
Peru,PER,800,0.29335913
Peru,PER,900,0.28936285
Peru,PER,1000,0.28520295
Peru,PER,1100,0.280857
Peru,PER,1200,0.2762981
Peru,PER,1300,0.27149123
Peru,PER,1400,0.2663895
Peru,PER,1500,0.26092738
Peru,PER,1600,0.25500733
Peru,PER,1700,0.24846679
Peru,PER,1710,0.24776883
Peru,PER,1720,0.24706137
Peru,PER,1730,0.24634397
Peru,PER,1740,0.24561606
Peru,PER,1750,0.2448771
Peru,PER,1760,0.24412638
Peru,PER,1770,0.24336319
Peru,PER,1780,0.24258669
Peru,PER,1790,0.24179594
Peru,PER,1800,0.24098997
Peru,PER,1810,0.24016744
Peru,PER,1820,0.23932703
Peru,PER,1830,0.23846704
Peru,PER,1840,0.23758547
Peru,PER,1850,0.23667997
Peru,PER,1860,0.2357383
Peru,PER,1870,0.23476832
Peru,PER,1880,0.23549819
Peru,PER,1890,0.24077053
Peru,PER,1900,0.240867
Peru,PER,1910,0.23692933
Peru,PER,1920,0.23354372
Peru,PER,1930,0.22941935
Peru,PER,1940,0.22316742
Peru,PER,1950,0.20458937
Peru,PER,1951,0.20308308
Peru,PER,1952,0.20164935
Peru,PER,1953,0.20025311
Peru,PER,1954,0.19886757
Peru,PER,1955,0.1974717
Peru,PER,1956,0.19604933
Peru,PER,1957,0.19458564
Peru,PER,1958,0.19306344
Peru,PER,1959,0.19145527
Peru,PER,1960,0.18970363
Peru,PER,1961,0.18898109
Peru,PER,1962,0.19707686
Peru,PER,1963,0.23710172
Peru,PER,1964,0.23207131
Peru,PER,1965,0.2326046
Peru,PER,1966,0.21982485
Peru,PER,1967,0.21445875
Peru,PER,1968,0.21220447
Peru,PER,1969,0.2094366
Peru,PER,1970,0.21085267
Peru,PER,1971,0.20592025
Peru,PER,1972,0.24416457
Peru,PER,1973,0.24288885
Peru,PER,1974,0.24151444
Peru,PER,1975,0.24002174
Peru,PER,1976,0.23840886
Peru,PER,1977,0.23670925
Peru,PER,1978,0.23497766
Peru,PER,1979,0.23328014
Peru,PER,1980,0.23165816
Peru,PER,1981,0.23012751
Peru,PER,1982,0.22867271
Peru,PER,1983,0.22726688
Peru,PER,1984,0.22587259
Peru,PER,1985,0.22446945
Peru,PER,1986,0.22306271
Peru,PER,1987,0.22167295
Peru,PER,1988,0.22031501
Peru,PER,1989,0.21900731
Peru,PER,1990,0.21776623
Peru,PER,1991,0.21658905
Peru,PER,1992,0.21548323
Peru,PER,1993,0.2144832
Peru,PER,1994,0.21362987
Peru,PER,1995,0.21039061
Peru,PER,1996,0.20740736
Peru,PER,1997,0.20465238
Peru,PER,1998,0.20209399
Peru,PER,1999,0.19969434
Peru,PER,2000,0.19742233
Peru,PER,2001,0.19526425
Peru,PER,2002,0.19320871
Peru,PER,2003,0.19123223
Peru,PER,2004,0.1893102
Peru,PER,2005,0.18742287
Peru,PER,2006,0.18556575
Peru,PER,2007,0.18373209
Peru,PER,2008,0.18190122
Peru,PER,2009,0.18005066
Peru,PER,2010,0.17816888
Peru,PER,2011,0.17732142
Peru,PER,2012,0.17648569
Peru,PER,2013,0.17834564
Peru,PER,2014,0.18018015
Peru,PER,2015,0.19390069
Peru,PER,2016,0.18433441
Peru,PER,2017,0.18553616
Peru,PER,2018,0.1901182
Peru,PER,2019,0.18180746
Peru,PER,2020,0.19711173
Peru,PER,2021,0.2125271
Peru,PER,2022,0.19517456
Peru,PER,2023,0.20767389
Peru,PER,2024,0.21174096
Peru,PER,2025,0.21576759
Philippines,PHL,-10000,0
Philippines,PHL,-9000,0
Philippines,PHL,-8000,0
Philippines,PHL,-7000,0
Philippines,PHL,-6000,0
Philippines,PHL,-5000,0
Philippines,PHL,-4000,0
Philippines,PHL,-3000,0
Philippines,PHL,-2000,0
Philippines,PHL,-1000,0.41480127
Philippines,PHL,0,0.4067329
Philippines,PHL,100,0.4063994
Philippines,PHL,200,0.4061116
Philippines,PHL,300,0.4058633
Philippines,PHL,400,0.4056492
Philippines,PHL,500,0.4054646
Philippines,PHL,600,0.40530547
Philippines,PHL,700,0.40516832
Philippines,PHL,800,0.40505022
Philippines,PHL,900,0.40494838
Philippines,PHL,1000,0.4048607
Philippines,PHL,1100,0.40477678
Philippines,PHL,1200,0.404718
Philippines,PHL,1300,0.404668
Philippines,PHL,1400,0.40461966
Philippines,PHL,1500,0.40457806
Philippines,PHL,1600,0.4045422
Philippines,PHL,1700,0.40451133
Philippines,PHL,1710,0.4045085
Philippines,PHL,1720,0.40450576
Philippines,PHL,1730,0.40450296
Philippines,PHL,1740,0.40450025
Philippines,PHL,1750,0.40449753
Philippines,PHL,1760,0.40449494
Philippines,PHL,1770,0.40449235
Philippines,PHL,1780,0.40448976
Philippines,PHL,1790,0.40448725
Philippines,PHL,1800,0.40448478
Philippines,PHL,1810,0.4044823
Philippines,PHL,1820,0.40447992
Philippines,PHL,1830,0.40447754
Philippines,PHL,1840,0.4044752
Philippines,PHL,1850,0.4044729
Philippines,PHL,1860,0.40447068
Philippines,PHL,1870,0.40446842
Philippines,PHL,1880,0.40432048
Philippines,PHL,1890,0.39776248
Philippines,PHL,1900,0.39120445
Philippines,PHL,1910,0.38464645
Philippines,PHL,1920,0.37808847
Philippines,PHL,1930,0.3438573
Philippines,PHL,1940,0.3096262
Philippines,PHL,1950,0.2753951
Philippines,PHL,1951,0.27424315
Philippines,PHL,1952,0.27309126
Philippines,PHL,1953,0.2719394
Philippines,PHL,1954,0.2707875
Philippines,PHL,1955,0.2696356
Philippines,PHL,1956,0.2684837
Philippines,PHL,1957,0.2673318
Philippines,PHL,1958,0.26617992
Philippines,PHL,1959,0.26502803
Philippines,PHL,1960,0.26272425
Philippines,PHL,1961,0.25410116
Philippines,PHL,1962,0.24862081
Philippines,PHL,1963,0.24336259
Philippines,PHL,1964,0.2450252
Philippines,PHL,1965,0.23683998
Philippines,PHL,1966,0.22912486
Philippines,PHL,1967,0.22730613
Philippines,PHL,1968,0.21989144
Philippines,PHL,1969,0.21276765
Philippines,PHL,1970,0.20867886
Philippines,PHL,1971,0.20220555
Philippines,PHL,1972,0.20089124
Philippines,PHL,1973,0.19949132
Philippines,PHL,1974,0.20067124
Philippines,PHL,1975,0.20423843
Philippines,PHL,1976,0.20656483
Philippines,PHL,1977,0.20991215
Philippines,PHL,1978,0.20522411
Philippines,PHL,1979,0.20515352
Philippines,PHL,1980,0.20461911
Philippines,PHL,1981,0.19855213
Philippines,PHL,1982,0.19338705
Philippines,PHL,1983,0.18850367
Philippines,PHL,1984,0.18387955
Philippines,PHL,1985,0.18041982
Philippines,PHL,1986,0.17640035
Philippines,PHL,1987,0.17206858
Philippines,PHL,1988,0.16796082
Philippines,PHL,1989,0.16406015
Philippines,PHL,1990,0.16035126
Philippines,PHL,1991,0.1565892
Philippines,PHL,1992,0.15209217
Philippines,PHL,1993,0.1478326
Philippines,PHL,1994,0.14376488
Philippines,PHL,1995,0.13987635
Philippines,PHL,1996,0.13740242
Philippines,PHL,1997,0.13641852
Philippines,PHL,1998,0.13277732
Philippines,PHL,1999,0.12929109
Philippines,PHL,2000,0.12593721
Philippines,PHL,2001,0.12267637
Philippines,PHL,2002,0.119561225
Philippines,PHL,2003,0.11844358
Philippines,PHL,2004,0.118860036
Philippines,PHL,2005,0.11522665
Philippines,PHL,2006,0.115769446
Philippines,PHL,2007,0.11612405
Philippines,PHL,2008,0.11657744
Philippines,PHL,2009,0.11559788
Philippines,PHL,2010,0.11368547
Philippines,PHL,2011,0.11343976
Philippines,PHL,2012,0.11330593
Philippines,PHL,2013,0.111840814
Philippines,PHL,2014,0.11032278
Philippines,PHL,2015,0.10885307
Philippines,PHL,2016,0.10736336
Philippines,PHL,2017,0.105969116
Philippines,PHL,2018,0.10451537
Philippines,PHL,2019,0.10310674
Philippines,PHL,2020,0.10174115
Philippines,PHL,2021,0.100472994
Philippines,PHL,2022,0.099028766
Philippines,PHL,2023,0.09786903
Philippines,PHL,2024,0.096662514
Philippines,PHL,2025,0.09548925
Poland,POL,-10000,0
Poland,POL,-9000,0
Poland,POL,-8000,0
Poland,POL,-7000,0
Poland,POL,-6000,0
Poland,POL,-5000,0.68409437
Poland,POL,-4000,1.0814714
Poland,POL,-3000,1.0444865
Poland,POL,-2000,1.0013658
Poland,POL,-1000,0.94919384
Poland,POL,0,0.8820785
Poland,POL,100,0.87411636
Poland,POL,200,0.8658512
Poland,POL,300,0.85725546
Poland,POL,400,0.8482975
Poland,POL,500,0.8389408
Poland,POL,600,0.8291425
Poland,POL,700,0.8188522
Poland,POL,800,0.8080095
Poland,POL,900,0.79654175
Poland,POL,1000,0.78435946
Poland,POL,1100,0.7713513
Poland,POL,1200,0.7573748
Poland,POL,1300,0.742244
Poland,POL,1400,0.7257063
Poland,POL,1500,0.7074041
Poland,POL,1600,0.6867961
Poland,POL,1700,0.6629785
Poland,POL,1710,0.6603646
Poland,POL,1720,0.65769994
Poland,POL,1730,0.65498185
Poland,POL,1740,0.6522071
Poland,POL,1750,0.6493722
Poland,POL,1760,0.6464736
Poland,POL,1770,0.6435067
Poland,POL,1780,0.64046675
Poland,POL,1790,0.63734835
Poland,POL,1800,0.63414526
Poland,POL,1810,0.63084984
Poland,POL,1820,0.627454
Poland,POL,1830,0.6239474
Poland,POL,1840,0.62031806
Poland,POL,1850,0.6165516
Poland,POL,1860,0.6126298
Poland,POL,1870,0.60853
Poland,POL,1880,0.6042229
Poland,POL,1890,0.59966695
Poland,POL,1900,0.59480447
Poland,POL,1910,0.5895721
Poland,POL,1920,0.5838625
Poland,POL,1930,0.57743514
Poland,POL,1940,0.56997424
Poland,POL,1950,0.5605971
Poland,POL,1951,0.5594839
Poland,POL,1952,0.5583245
Poland,POL,1953,0.5571128
Poland,POL,1954,0.5558422
Poland,POL,1955,0.5545036
Poland,POL,1956,0.5530863
Poland,POL,1957,0.55157626
Poland,POL,1958,0.54995537
Poland,POL,1959,0.5481991
Poland,POL,1960,0.54627323
Poland,POL,1961,0.5389724
Poland,POL,1962,0.52879137
Poland,POL,1963,0.51966316
Poland,POL,1964,0.5133255
Poland,POL,1965,0.5001
Poland,POL,1966,0.49567342
Poland,POL,1967,0.48648334
Poland,POL,1968,0.48198763
Poland,POL,1969,0.47339347
Poland,POL,1970,0.46961048
Poland,POL,1971,0.4643066
Poland,POL,1972,0.45664623
Poland,POL,1973,0.4517999
Poland,POL,1974,0.4473568
Poland,POL,1975,0.44445542
Poland,POL,1976,0.4399152
Poland,POL,1977,0.43525702
Poland,POL,1978,0.43051267
Poland,POL,1979,0.42511728
Poland,POL,1980,0.42052194
Poland,POL,1981,0.4138473
Poland,POL,1982,0.4091142
Poland,POL,1983,0.4048756
Poland,POL,1984,0.40304378
Poland,POL,1985,0.39903978
Poland,POL,1986,0.3965196
Poland,POL,1987,0.39466164
Poland,POL,1988,0.3918925
Poland,POL,1989,0.38957062
Poland,POL,1990,0.38713822
Poland,POL,1991,0.38598445
Poland,POL,1992,0.38488862
Poland,POL,1993,0.3834032
Poland,POL,1994,0.38231272
Poland,POL,1995,0.37963924
Poland,POL,1996,0.3739266
Poland,POL,1997,0.37337145
Poland,POL,1998,0.3750572
Poland,POL,1999,0.37580615
Poland,POL,2000,0.37412855
Poland,POL,2001,0.36378965
Poland,POL,2002,0.34870356
Poland,POL,2003,0.3375471
Poland,POL,2004,0.33938682
Poland,POL,2005,0.32802284
Poland,POL,2006,0.33364534
Poland,POL,2007,0.31924093
Poland,POL,2008,0.3247807
Poland,POL,2009,0.325166
Poland,POL,2010,0.29310554
Poland,POL,2011,0.30002895
Poland,POL,2012,0.2956176
Poland,POL,2013,0.29240835
Poland,POL,2014,0.29491556
Poland,POL,2015,0.2941353
Poland,POL,2016,0.29168049
Poland,POL,2017,0.29190806
Poland,POL,2018,0.29173958
Poland,POL,2019,0.29677382
Poland,POL,2020,0.3001859
Poland,POL,2021,0.2987425
Poland,POL,2022,0.3013938
Poland,POL,2023,0.30290735
Poland,POL,2024,0.30444595
Poland,POL,2025,0.3059888
Portugal,PRT,-10000,0
Portugal,PRT,-9000,0
Portugal,PRT,-8000,0
Portugal,PRT,-7000,0
Portugal,PRT,-6000,0
Portugal,PRT,-5000,0.6203894
Portugal,PRT,-4000,0.68300176
Portugal,PRT,-3000,0.65997446
Portugal,PRT,-2000,0.63319653
Portugal,PRT,-1000,0.600931
Portugal,PRT,0,0.55973554
Portugal,PRT,100,0.55487984
Portugal,PRT,200,0.5498479
Portugal,PRT,300,0.54462475
Portugal,PRT,400,0.5391925
Portugal,PRT,500,0.5335335
Portugal,PRT,600,0.52762294
Portugal,PRT,700,0.521435
Portugal,PRT,800,0.5149386
Portugal,PRT,900,0.5080969
Portugal,PRT,1000,0.5008648
Portugal,PRT,1100,0.49319
Portugal,PRT,1200,0.48500532
Portugal,PRT,1300,0.47622764
Portugal,PRT,1400,0.46675038
Portugal,PRT,1500,0.45643458
Portugal,PRT,1600,0.4450919
Portugal,PRT,1700,0.432459
Portugal,PRT,1710,0.43906686
Portugal,PRT,1720,0.4340589
Portugal,PRT,1730,0.43266276
Portugal,PRT,1740,0.4312484
Portugal,PRT,1750,0.42981517
Portugal,PRT,1760,0.42836258
Portugal,PRT,1770,0.42689002
Portugal,PRT,1780,0.42539683
Portugal,PRT,1790,0.42388242
Portugal,PRT,1800,0.42234606
Portugal,PRT,1810,0.42078698
Portugal,PRT,1820,0.4192045
Portugal,PRT,1830,0.41692206
Portugal,PRT,1840,0.41528574
Portugal,PRT,1850,0.4129992
Portugal,PRT,1860,0.4110163
Portugal,PRT,1870,0.40896222
Portugal,PRT,1880,0.40510312
Portugal,PRT,1890,0.39955932
Portugal,PRT,1900,0.39415702
Portugal,PRT,1910,0.3928558
Portugal,PRT,1920,0.38878223
Portugal,PRT,1930,0.3965671
Portugal,PRT,1940,0.39452803
Portugal,PRT,1950,0.38529107
Portugal,PRT,1951,0.38322797
Portugal,PRT,1952,0.3811867
Portugal,PRT,1953,0.37916684
Portugal,PRT,1954,0.37716815
Portugal,PRT,1955,0.3751902
Portugal,PRT,1956,0.37323272
Portugal,PRT,1957,0.37129533
Portugal,PRT,1958,0.3693777
Portugal,PRT,1959,0.36747962
Portugal,PRT,1960,0.36095858
Portugal,PRT,1961,0.359675
Portugal,PRT,1962,0.35936472
Portugal,PRT,1963,0.35947883
Portugal,PRT,1964,0.36023322
Portugal,PRT,1965,0.36172867
Portugal,PRT,1966,0.3641309
Portugal,PRT,1967,0.36725256
Portugal,PRT,1968,0.36990327
Portugal,PRT,1969,0.3725119
Portugal,PRT,1970,0.3728966
Portugal,PRT,1971,0.36895585
Portugal,PRT,1972,0.36511225
Portugal,PRT,1973,0.36124596
Portugal,PRT,1974,0.35747263
Portugal,PRT,1975,0.35378903
Portugal,PRT,1976,0.34958246
Portugal,PRT,1977,0.3454865
Portugal,PRT,1978,0.3414969
Portugal,PRT,1979,0.33760962
Portugal,PRT,1980,0.33360836
Portugal,PRT,1981,0.33267465
Portugal,PRT,1982,0.33174762
Portugal,PRT,1983,0.33082733
Portugal,PRT,1984,0.32991362
Portugal,PRT,1985,0.32900646
Portugal,PRT,1986,0.32951057
Portugal,PRT,1987,0.33011982
Portugal,PRT,1988,0.33073002
Portugal,PRT,1989,0.33092323
Portugal,PRT,1990,0.32672563
Portugal,PRT,1991,0.3209032
Portugal,PRT,1992,0.31523225
Portugal,PRT,1993,0.3094421
Portugal,PRT,1994,0.30349055
Portugal,PRT,1995,0.2968602
Portugal,PRT,1996,0.27801195
Portugal,PRT,1997,0.2624138
Portugal,PRT,1998,0.25307858
Portugal,PRT,1999,0.2434573
Portugal,PRT,2000,0.25371698
Portugal,PRT,2001,0.23984177
Portugal,PRT,2002,0.23869008
Portugal,PRT,2003,0.22871192
Portugal,PRT,2004,0.21988517
Portugal,PRT,2005,0.20067006
Portugal,PRT,2006,0.19312616
Portugal,PRT,2007,0.18225871
Portugal,PRT,2008,0.18813296
Portugal,PRT,2009,0.18448661
Portugal,PRT,2010,0.1791673
Portugal,PRT,2011,0.17751764
Portugal,PRT,2012,0.17782043
Portugal,PRT,2013,0.18027064
Portugal,PRT,2014,0.17629378
Portugal,PRT,2015,0.17351782
Portugal,PRT,2016,0.1694339
Portugal,PRT,2017,0.16862471
Portugal,PRT,2018,0.16879687
Portugal,PRT,2019,0.17959663
Portugal,PRT,2020,0.17740098
Portugal,PRT,2021,0.17624004
Portugal,PRT,2022,0.1728677
Portugal,PRT,2023,0.17648442
Portugal,PRT,2024,0.17700158
Portugal,PRT,2025,0.17751713
Puerto Rico,PRI,-6000,0
Puerto Rico,PRI,-5000,0
Puerto Rico,PRI,-4000,0
Puerto Rico,PRI,-3000,0
Puerto Rico,PRI,-2000,0
Puerto Rico,PRI,-1000,0
Puerto Rico,PRI,0,0
Puerto Rico,PRI,100,0
Puerto Rico,PRI,200,0
Puerto Rico,PRI,300,0
Puerto Rico,PRI,400,0
Puerto Rico,PRI,500,0
Puerto Rico,PRI,600,0
Puerto Rico,PRI,700,0
Puerto Rico,PRI,800,0
Puerto Rico,PRI,900,0
Puerto Rico,PRI,1000,0
Puerto Rico,PRI,1100,0
Puerto Rico,PRI,1200,0
Puerto Rico,PRI,1300,0
Puerto Rico,PRI,1400,0
Puerto Rico,PRI,1500,0.19014297
Puerto Rico,PRI,1600,0.18015745
Puerto Rico,PRI,1700,0.16892213
Puerto Rico,PRI,1710,0.16771358
Puerto Rico,PRI,1720,0.16648738
Puerto Rico,PRI,1730,0.16524282
Puerto Rico,PRI,1740,0.16397923
Puerto Rico,PRI,1750,0.16269587
Puerto Rico,PRI,1760,0.16139194
Puerto Rico,PRI,1770,0.16006657
Puerto Rico,PRI,1780,0.1587189
Puerto Rico,PRI,1790,0.15734793
Puerto Rico,PRI,1800,0.15595268
Puerto Rico,PRI,1810,0.15453199
Puerto Rico,PRI,1820,0.15308467
Puerto Rico,PRI,1830,0.15160947
Puerto Rico,PRI,1840,0.15010495
Puerto Rico,PRI,1850,0.1485697
Puerto Rico,PRI,1860,0.14700203
Puerto Rico,PRI,1870,0.14540018
Puerto Rico,PRI,1880,0.14376228
Puerto Rico,PRI,1890,0.14208613
Puerto Rico,PRI,1900,0.14036949
Puerto Rico,PRI,1910,0.1386098
Puerto Rico,PRI,1920,0.13680428
Puerto Rico,PRI,1930,0.13494977
Puerto Rico,PRI,1940,0.13304286
Puerto Rico,PRI,1950,0.13107833
Puerto Rico,PRI,1951,0.1308788
Puerto Rico,PRI,1952,0.13067865
Puerto Rico,PRI,1953,0.1304779
Puerto Rico,PRI,1954,0.13027652
Puerto Rico,PRI,1955,0.13007432
Puerto Rico,PRI,1956,0.1298717
Puerto Rico,PRI,1957,0.1296685
Puerto Rico,PRI,1958,0.12946354
Puerto Rico,PRI,1959,0.12925917
Puerto Rico,PRI,1960,0.1290519
Puerto Rico,PRI,1961,0.12689292
Puerto Rico,PRI,1962,0.11997127
Puerto Rico,PRI,1963,0.11760353
Puerto Rico,PRI,1964,0.10679126
Puerto Rico,PRI,1965,0.1144437
Puerto Rico,PRI,1966,0.102325775
Puerto Rico,PRI,1967,0.094899185
Puerto Rico,PRI,1968,0.09185667
Puerto Rico,PRI,1969,0.08805212
Puerto Rico,PRI,1970,0.081923336
Puerto Rico,PRI,1971,0.07283375
Puerto Rico,PRI,1972,0.06637114
Puerto Rico,PRI,1973,0.056474406
Puerto Rico,PRI,1974,0.055521693
Puerto Rico,PRI,1975,0.054231208
Puerto Rico,PRI,1976,0.053291548
Puerto Rico,PRI,1977,0.053017158
Puerto Rico,PRI,1978,0.052754637
Puerto Rico,PRI,1979,0.051582858
Puerto Rico,PRI,1980,0.043605324
Puerto Rico,PRI,1981,0.041170336
Puerto Rico,PRI,1982,0.04037607
Puerto Rico,PRI,1983,0.039035458
Puerto Rico,PRI,1984,0.039246663
Puerto Rico,PRI,1985,0.037985776
Puerto Rico,PRI,1986,0.037940953
Puerto Rico,PRI,1987,0.03733056
Puerto Rico,PRI,1988,0.037024044
Puerto Rico,PRI,1989,0.03441719
Puerto Rico,PRI,1990,0.03268926
Puerto Rico,PRI,1991,0.029564248
Puerto Rico,PRI,1992,0.027600588
Puerto Rico,PRI,1993,0.021806903
Puerto Rico,PRI,1994,0.021053137
Puerto Rico,PRI,1995,0.020869238
Puerto Rico,PRI,1996,0.020702686
Puerto Rico,PRI,1997,0.021620993
Puerto Rico,PRI,1998,0.025336027
Puerto Rico,PRI,1999,0.026039362
Puerto Rico,PRI,2000,0.026784465
Puerto Rico,PRI,2001,0.02760594
Puerto Rico,PRI,2002,0.02845079
Puerto Rico,PRI,2003,0.026721109
Puerto Rico,PRI,2004,0.024997624
Puerto Rico,PRI,2005,0.023264468
Puerto Rico,PRI,2006,0.021517329
Puerto Rico,PRI,2007,0.019731618
Puerto Rico,PRI,2008,0.020343767
Puerto Rico,PRI,2009,0.020958954
Puerto Rico,PRI,2010,0.021578323
Puerto Rico,PRI,2011,0.022187393
Puerto Rico,PRI,2012,0.022717852
Puerto Rico,PRI,2013,0.021978289
Puerto Rico,PRI,2014,0.021235764
Puerto Rico,PRI,2015,0.02049026
Puerto Rico,PRI,2016,0.019741762
Puerto Rico,PRI,2017,0.01899025
Puerto Rico,PRI,2018,0.018099006
Puerto Rico,PRI,2019,0.018135594
Puerto Rico,PRI,2020,0.018172331
Puerto Rico,PRI,2021,0.01825654
Puerto Rico,PRI,2022,0.01834153
Puerto Rico,PRI,2023,0.018427316
Puerto Rico,PRI,2024,0.018513909
Puerto Rico,PRI,2025,0.018601319
Qatar,QAT,-10000,0
Qatar,QAT,-9000,0
Qatar,QAT,-8000,0
Qatar,QAT,-7000,0
Qatar,QAT,-6000,0
Qatar,QAT,-5000,0
Qatar,QAT,-4000,0
Qatar,QAT,-3000,0
Qatar,QAT,-2000,0
Qatar,QAT,-1000,0
Qatar,QAT,0,0
Qatar,QAT,100,0
Qatar,QAT,200,0
Qatar,QAT,300,0
Qatar,QAT,400,0
Qatar,QAT,500,0
Qatar,QAT,600,0
Qatar,QAT,700,0
Qatar,QAT,800,0
Qatar,QAT,900,0
Qatar,QAT,1000,0
Qatar,QAT,1100,0
Qatar,QAT,1200,0
Qatar,QAT,1300,0
Qatar,QAT,1400,0
Qatar,QAT,1500,0
Qatar,QAT,1600,0
Qatar,QAT,1700,0
Qatar,QAT,1710,0
Qatar,QAT,1720,0
Qatar,QAT,1730,0
Qatar,QAT,1740,0
Qatar,QAT,1750,0
Qatar,QAT,1760,0
Qatar,QAT,1770,0
Qatar,QAT,1780,0
Qatar,QAT,1790,0
Qatar,QAT,1800,0
Qatar,QAT,1810,0.46469006
Qatar,QAT,1820,0.4541263
Qatar,QAT,1830,0.44304672
Qatar,QAT,1840,0.4313834
Qatar,QAT,1850,0.4190529
Qatar,QAT,1860,0.40595052
Qatar,QAT,1870,0.39194298
Qatar,QAT,1880,0.3768555
Qatar,QAT,1890,0.36045232
Qatar,QAT,1900,0.34240264
Qatar,QAT,1910,0.32221824
Qatar,QAT,1920,0.29912794
Qatar,QAT,1930,0.27178636
Qatar,QAT,1940,0.23744579
Qatar,QAT,1950,0.18850493
Qatar,QAT,1951,0.18200897
Qatar,QAT,1952,0.17501295
Qatar,QAT,1953,0.16740784
Qatar,QAT,1954,0.15904078
Qatar,QAT,1955,0.14968643
Qatar,QAT,1956,0.138989
Qatar,QAT,1957,0.12632899
Qatar,QAT,1958,0.11044422
Qatar,QAT,1959,0.087863036
Qatar,QAT,1960,0.02110417
Qatar,QAT,1961,0.019447308
Qatar,QAT,1962,0.01777367
Qatar,QAT,1963,0.016202992
Qatar,QAT,1964,0.014800124
Qatar,QAT,1965,0.013580867
Qatar,QAT,1966,0.012524422
Qatar,QAT,1967,0.011588157
Qatar,QAT,1968,0.010729498
Qatar,QAT,1969,0.009913357
Qatar,QAT,1970,0.009131253
Qatar,QAT,1971,0.008320976
Qatar,QAT,1972,0.0076427828
Qatar,QAT,1973,0.0070668086
Qatar,QAT,1974,0.013143126
Qatar,QAT,1975,0.0122823715
Qatar,QAT,1976,0.01145562
Qatar,QAT,1977,0.01073315
Qatar,QAT,1978,0.0100964
Qatar,QAT,1979,0.014296457
Qatar,QAT,1980,0.022563787
Qatar,QAT,1981,0.023916159
Qatar,QAT,1982,0.024985828
Qatar,QAT,1983,0.025853055
Qatar,QAT,1984,0.026570337
Qatar,QAT,1985,0.024456123
Qatar,QAT,1986,0.025697086
Qatar,QAT,1987,0.026810147
Qatar,QAT,1988,0.025496274
Qatar,QAT,1989,0.022095598
Qatar,QAT,1990,0.02322037
Qatar,QAT,1991,0.022952443
Qatar,QAT,1992,0.028878985
Qatar,QAT,1993,0.030592803
Qatar,QAT,1994,0.030251622
Qatar,QAT,1995,0.029917965
Qatar,QAT,1996,0.030811407
Qatar,QAT,1997,0.029783767
Qatar,QAT,1998,0.028822461
Qatar,QAT,1999,0.02792127
Qatar,QAT,2000,0.027074728
Qatar,QAT,2001,0.02559019
Qatar,QAT,2002,0.022987878
Qatar,QAT,2003,0.022223003
Qatar,QAT,2004,0.019613404
Qatar,QAT,2005,0.017783495
Qatar,QAT,2006,0.015170334
Qatar,QAT,2007,0.01337671
Qatar,QAT,2008,0.012069349
Qatar,QAT,2009,0.0110741155
Qatar,QAT,2010,0.010291149
Qatar,QAT,2011,0.010222109
Qatar,QAT,2012,0.010158851
Qatar,QAT,2013,0.010100676
Qatar,QAT,2014,0.010095067
Qatar,QAT,2015,0.009719606
Qatar,QAT,2016,0.00937107
Qatar,QAT,2017,0.00947746
Qatar,QAT,2018,0.00999311
Qatar,QAT,2019,0.009669572
Qatar,QAT,2020,0.009366328
Qatar,QAT,2021,0.009193287
Qatar,QAT,2022,0.009026525
Qatar,QAT,2023,0.008865703
Qatar,QAT,2024,0.008710512
Qatar,QAT,2025,0.00856066
Reunion,REU,1500,0.20481507
Reunion,REU,1600,0.19643335
Reunion,REU,1700,0.18726787
Reunion,REU,1710,0.18630074
Reunion,REU,1720,0.18532348
Reunion,REU,1730,0.1843358
Reunion,REU,1740,0.18333739
Reunion,REU,1750,0.18232802
Reunion,REU,1760,0.18130732
Reunion,REU,1770,0.18027502
Reunion,REU,1780,0.17923075
Reunion,REU,1790,0.17817417
Reunion,REU,1800,0.1771049
Reunion,REU,1810,0.17602257
Reunion,REU,1820,0.17492679
Reunion,REU,1830,0.17381707
Reunion,REU,1840,0.17269301
Reunion,REU,1850,0.17155412
Reunion,REU,1860,0.1703999
Reunion,REU,1870,0.16922982
Reunion,REU,1880,0.16804336
Reunion,REU,1890,0.16683987
Reunion,REU,1900,0.16561879
Reunion,REU,1910,0.16437942
Reunion,REU,1920,0.16312109
Reunion,REU,1930,0.16184303
Reunion,REU,1940,0.16054444
Reunion,REU,1950,0.15922453
Reunion,REU,1951,0.15909132
Reunion,REU,1952,0.15895791
Reunion,REU,1953,0.15882425
Reunion,REU,1954,0.1586904
Reunion,REU,1955,0.15855628
Reunion,REU,1956,0.15842196
Reunion,REU,1957,0.1582874
Reunion,REU,1958,0.15815261
Reunion,REU,1959,0.15801759
Reunion,REU,1960,0.15788235
Reunion,REU,1961,0.15344305
Reunion,REU,1962,0.14911558
Reunion,REU,1963,0.1447779
Reunion,REU,1964,0.1402892
Reunion,REU,1965,0.13562793
Reunion,REU,1966,0.13077056
Reunion,REU,1967,0.12825082
Reunion,REU,1968,0.12363373
Reunion,REU,1969,0.119774975
Reunion,REU,1970,0.11684538
Reunion,REU,1971,0.114832334
Reunion,REU,1972,0.100952104
Reunion,REU,1973,0.1002276
Reunion,REU,1974,0.09964936
Reunion,REU,1975,0.099014595
Reunion,REU,1976,0.09829036
Reunion,REU,1977,0.097504295
Reunion,REU,1978,0.09659678
Reunion,REU,1979,0.09353234
Reunion,REU,1980,0.10210794
Reunion,REU,1981,0.10812876
Reunion,REU,1982,0.10427418
Reunion,REU,1983,0.10039333
Reunion,REU,1984,0.100339144
Reunion,REU,1985,0.09844299
Reunion,REU,1986,0.09667491
Reunion,REU,1987,0.09500153
Reunion,REU,1988,0.09168299
Reunion,REU,1989,0.08668824
Reunion,REU,1990,0.085110456
Reunion,REU,1991,0.08188862
Reunion,REU,1992,0.06301267
Reunion,REU,1993,0.06331186
Reunion,REU,1994,0.060554408
Reunion,REU,1995,0.05493355
Reunion,REU,1996,0.053899482
Reunion,REU,1997,0.05434013
Reunion,REU,1998,0.053371385
Reunion,REU,1999,0.056592003
Reunion,REU,2000,0.055652834
Reunion,REU,2001,0.053428937
Reunion,REU,2002,0.052613717
Reunion,REU,2003,0.050558478
Reunion,REU,2004,0.048601802
Reunion,REU,2005,0.048004165
Reunion,REU,2006,0.04621863
Reunion,REU,2007,0.04711061
Reunion,REU,2008,0.046672016
Reunion,REU,2009,0.046021003
Reunion,REU,2010,0.045995336
Reunion,REU,2011,0.046219774
Reunion,REU,2012,0.04562114
Reunion,REU,2013,0.045390405
Reunion,REU,2014,0.04493113
Reunion,REU,2015,0.042971496
Reunion,REU,2016,0.043107163
Reunion,REU,2017,0.04234726
Reunion,REU,2018,0.0422079
Reunion,REU,2019,0.04173418
Reunion,REU,2020,0.03306839
Reunion,REU,2021,0.032605015
Reunion,REU,2022,0.031848017
Reunion,REU,2023,0.027511906
Reunion,REU,2024,0.024687108
Reunion,REU,2025,0.021903805
Romania,ROU,-10000,0
Romania,ROU,-9000,0
Romania,ROU,-8000,0
Romania,ROU,-7000,0
Romania,ROU,-6000,0
Romania,ROU,-5000,1.3691776
Romania,ROU,-4000,1.483913
Romania,ROU,-3000,1.4308769
Romania,ROU,-2000,1.3685651
Romania,ROU,-1000,1.292269
Romania,ROU,0,1.1920239
Romania,ROU,100,1.1799222
Romania,ROU,200,1.1673027
Romania,ROU,300,1.1541127
Romania,ROU,400,1.1402904
Romania,ROU,500,1.1257637
Romania,ROU,600,1.1104459
Romania,ROU,700,1.094233
Romania,ROU,800,1.0769982
Romania,ROU,900,1.0585839
Romania,ROU,1000,1.0387912
Romania,ROU,1100,1.0173638
Romania,ROU,1200,0.9939625
Romania,ROU,1300,0.9681243
Romania,ROU,1400,0.939191
Romania,ROU,1500,0.9061787
Romania,ROU,1600,0.86750954
Romania,ROU,1700,0.8203872
Romania,ROU,1710,0.8150322
Romania,ROU,1720,0.80953264
Romania,ROU,1730,0.80387944
Romania,ROU,1740,0.79806256
Romania,ROU,1750,0.792071
Romania,ROU,1760,0.7858925
Romania,ROU,1770,0.7795133
Romania,ROU,1780,0.7729182
Romania,ROU,1790,0.76609
Romania,ROU,1800,0.75900924
Romania,ROU,1810,0.75165415
Romania,ROU,1820,0.7439991
Romania,ROU,1830,0.73601556
Romania,ROU,1840,0.7276698
Romania,ROU,1850,0.71892256
Romania,ROU,1860,0.70972764
Romania,ROU,1870,0.70002997
Romania,ROU,1880,0.68976307
Romania,ROU,1890,0.67884576
Romania,ROU,1900,0.66717744
Romania,ROU,1910,0.65463054
Romania,ROU,1920,0.64104074
Romania,ROU,1930,0.6261902
Romania,ROU,1940,0.60566413
Romania,ROU,1950,0.5828145
Romania,ROU,1951,0.5800961
Romania,ROU,1952,0.5773739
Romania,ROU,1953,0.5746464
Romania,ROU,1954,0.57191235
Romania,ROU,1955,0.5691699
Romania,ROU,1956,0.5664179
Romania,ROU,1957,0.56365466
Romania,ROU,1958,0.5608788
Romania,ROU,1959,0.5580886
Romania,ROU,1960,0.5552825
Romania,ROU,1961,0.55340195
Romania,ROU,1962,0.5543708
Romania,ROU,1963,0.54958206
Romania,ROU,1964,0.54646355
Romania,ROU,1965,0.54051775
Romania,ROU,1966,0.5362999
Romania,ROU,1967,0.53133214
Romania,ROU,1968,0.5265278
Romania,ROU,1969,0.51927304
Romania,ROU,1970,0.5115599
Romania,ROU,1971,0.5078269
Romania,ROU,1972,0.50356764
Romania,ROU,1973,0.4972664
Romania,ROU,1974,0.49602318
Romania,ROU,1975,0.49423146
Romania,ROU,1976,0.49066156
Romania,ROU,1977,0.48706236
Romania,ROU,1978,0.48315963
Romania,ROU,1979,0.4761898
Romania,ROU,1980,0.47280827
Romania,ROU,1981,0.47112718
Romania,ROU,1982,0.4695957
Romania,ROU,1983,0.46878904
Romania,ROU,1984,0.46745935
Romania,ROU,1985,0.46741807
Romania,ROU,1986,0.46614522
Romania,ROU,1987,0.4662794
Romania,ROU,1988,0.46523923
Romania,ROU,1989,0.43500006
Romania,ROU,1990,0.43267643
Romania,ROU,1991,0.43373683
Romania,ROU,1992,0.43311104
Romania,ROU,1993,0.43427056
Romania,ROU,1994,0.43561634
Romania,ROU,1995,0.43679821
Romania,ROU,1996,0.43758386
Romania,ROU,1997,0.44019976
Romania,ROU,1998,0.4396671
Romania,ROU,1999,0.44168705
Romania,ROU,2000,0.4464736
Romania,ROU,2001,0.446089
Romania,ROU,2002,0.44765392
Romania,ROU,2003,0.44859275
Romania,ROU,2004,0.4275308
Romania,ROU,2005,0.43611565
Romania,ROU,2006,0.4332554
Romania,ROU,2007,0.4218381
Romania,ROU,2008,0.42517492
Romania,ROU,2009,0.42931852
Romania,ROU,2010,0.4472137
Romania,ROU,2011,0.44077986
Romania,ROU,2012,0.43313113
Romania,ROU,2013,0.43196556
Romania,ROU,2014,0.43414143
Romania,ROU,2015,0.43562207
Romania,ROU,2016,0.42747104
Romania,ROU,2017,0.42693725
Romania,ROU,2018,0.43644285
Romania,ROU,2019,0.45004532
Romania,ROU,2020,0.4279141
Romania,ROU,2021,0.4346547
Romania,ROU,2022,0.41780525
Romania,ROU,2023,0.4177097
Romania,ROU,2024,0.4124434
Romania,ROU,2025,0.40713304
Russia,RUS,-10000,0
Russia,RUS,-9000,0
Russia,RUS,-8000,0
Russia,RUS,-7000,0
Russia,RUS,-6000,0
Russia,RUS,-5000,0
Russia,RUS,-4000,0.47958732
Russia,RUS,-3000,1.2848632
Russia,RUS,-2000,1.4173946
Russia,RUS,-1000,1.4188151
Russia,RUS,0,1.3981391
Russia,RUS,100,1.3978801
Russia,RUS,200,1.3974065
Russia,RUS,300,1.3965359
Russia,RUS,400,1.3949255
Russia,RUS,500,1.3913976
Russia,RUS,600,1.3843952
Russia,RUS,700,1.372705
Russia,RUS,800,1.3803235
Russia,RUS,900,1.3803236
Russia,RUS,1000,1.3828977
Russia,RUS,1100,1.3828975
Russia,RUS,1200,1.3967268
Russia,RUS,1300,1.3967276
Russia,RUS,1400,1.3967276
Russia,RUS,1500,1.3963609
Russia,RUS,1600,1.4034554
Russia,RUS,1700,1.4034555
Russia,RUS,1710,1.4618932
Russia,RUS,1720,1.5055742
Russia,RUS,1730,1.539408
Russia,RUS,1740,1.5527387
Russia,RUS,1750,1.5372144
Russia,RUS,1760,1.5242932
Russia,RUS,1770,1.5133705
Russia,RUS,1780,1.504016
Russia,RUS,1790,1.4959149
Russia,RUS,1800,1.4888308
Russia,RUS,1810,1.4825841
Russia,RUS,1820,1.4640896
Russia,RUS,1830,1.4468035
Russia,RUS,1840,1.4168277
Russia,RUS,1850,1.4021692
Russia,RUS,1860,1.3831495
Russia,RUS,1870,1.3719279
Russia,RUS,1880,1.357428
Russia,RUS,1890,1.3453406
Russia,RUS,1900,1.3363396
Russia,RUS,1910,1.3266354
Russia,RUS,1920,1.330704
Russia,RUS,1930,1.3263519
Russia,RUS,1940,1.2882941
Russia,RUS,1950,1.1567936
Russia,RUS,1951,1.1582195
Russia,RUS,1952,1.1595511
Russia,RUS,1953,1.1608347
Russia,RUS,1954,1.1621057
Russia,RUS,1955,1.16339
Russia,RUS,1956,1.1647037
Russia,RUS,1957,1.1660564
Russia,RUS,1958,1.1674511
Russia,RUS,1959,1.1595615
Russia,RUS,1960,1.1714777
Russia,RUS,1961,1.1567112
Russia,RUS,1962,1.1454172
Russia,RUS,1963,1.1244757
Russia,RUS,1964,1.1070073
Russia,RUS,1965,1.0950854
Russia,RUS,1966,1.0750657
Russia,RUS,1967,1.0670171
Russia,RUS,1968,1.0594125
Russia,RUS,1969,1.0555586
Russia,RUS,1970,1.048481
Russia,RUS,1971,1.0410063
Russia,RUS,1972,1.033625
Russia,RUS,1973,1.0258934
Russia,RUS,1974,1.0222075
Russia,RUS,1975,1.013768
Russia,RUS,1976,1.0075644
Russia,RUS,1977,1.0014417
Russia,RUS,1978,0.99240375
Russia,RUS,1979,0.98348176
Russia,RUS,1980,0.9777017
Russia,RUS,1981,0.9714865
Russia,RUS,1982,0.96480596
Russia,RUS,1983,0.9586328
Russia,RUS,1984,0.9510518
Russia,RUS,1985,0.94495785
Russia,RUS,1986,0.939404
Russia,RUS,1987,0.93401307
Russia,RUS,1988,0.9260542
Russia,RUS,1989,0.91387033
Russia,RUS,1990,0.90420777
Russia,RUS,1991,0.903653
Russia,RUS,1992,0.9008423
Russia,RUS,1993,0.8840429
Russia,RUS,1994,0.8775058
Russia,RUS,1995,0.8702168
Russia,RUS,1996,0.8628729
Russia,RUS,1997,0.8746762
Russia,RUS,1998,0.8673191
Russia,RUS,1999,0.86186665
Russia,RUS,2000,0.8601807
Russia,RUS,2001,0.858861
Russia,RUS,2002,0.858233
Russia,RUS,2003,0.85410625
Russia,RUS,2004,0.85346943
Russia,RUS,2005,0.8531192
Russia,RUS,2006,0.85390913
Russia,RUS,2007,0.8561398
Russia,RUS,2008,0.85891795
Russia,RUS,2009,0.8611946
Russia,RUS,2010,0.8634834
Russia,RUS,2011,0.86408156
Russia,RUS,2012,0.8646805
Russia,RUS,2013,0.86528033
Russia,RUS,2014,0.86588097
Russia,RUS,2015,0.86648244
Russia,RUS,2016,0.87527615
Russia,RUS,2017,0.8837016
Russia,RUS,2018,0.88786215
Russia,RUS,2019,0.8688967
Russia,RUS,2020,0.86950237
Russia,RUS,2021,0.8709356
Russia,RUS,2022,0.87237376
Russia,RUS,2023,0.8738165
Russia,RUS,2024,0.87526405
Russia,RUS,2025,0.8767164
Rwanda,RWA,-10000,0
Rwanda,RWA,-9000,0
Rwanda,RWA,-8000,0
Rwanda,RWA,-7000,0
Rwanda,RWA,-6000,0
Rwanda,RWA,-5000,0
Rwanda,RWA,-4000,0
Rwanda,RWA,-3000,0
Rwanda,RWA,-2000,0
Rwanda,RWA,-1000,0
Rwanda,RWA,0,0.3043437
Rwanda,RWA,100,0.3008191
Rwanda,RWA,200,0.29720992
Rwanda,RWA,300,0.29351088
Rwanda,RWA,400,0.28971615
Rwanda,RWA,500,0.28581938
Rwanda,RWA,600,0.2818133
Rwanda,RWA,700,0.27769
Rwanda,RWA,800,0.2734378
Rwanda,RWA,900,0.26905283
Rwanda,RWA,1000,0.26451957
Rwanda,RWA,1100,0.25982523
Rwanda,RWA,1200,0.25495464
Rwanda,RWA,1300,0.24989039
Rwanda,RWA,1400,0.24461205
Rwanda,RWA,1500,0.2390955
Rwanda,RWA,1600,0.23331214
Rwanda,RWA,1700,0.22722656
Rwanda,RWA,1710,0.22659983
Rwanda,RWA,1720,0.22596963
Rwanda,RWA,1730,0.22533587
Rwanda,RWA,1740,0.22469853
Rwanda,RWA,1750,0.22405759
Rwanda,RWA,1760,0.2234129
Rwanda,RWA,1770,0.2227645
Rwanda,RWA,1780,0.22211231
Rwanda,RWA,1790,0.22145626
Rwanda,RWA,1800,0.22079629
Rwanda,RWA,1810,0.22013235
Rwanda,RWA,1820,0.21946439
Rwanda,RWA,1830,0.21879236
Rwanda,RWA,1840,0.21811615
Rwanda,RWA,1850,0.21743575
Rwanda,RWA,1860,0.216751
Rwanda,RWA,1870,0.21606195
Rwanda,RWA,1880,0.21536846
Rwanda,RWA,1890,0.2146705
Rwanda,RWA,1900,0.21396795
Rwanda,RWA,1910,0.21326073
Rwanda,RWA,1920,0.21254882
Rwanda,RWA,1930,0.21183209
Rwanda,RWA,1940,0.2111105
Rwanda,RWA,1950,0.21038394
Rwanda,RWA,1951,0.210311
Rwanda,RWA,1952,0.21023802
Rwanda,RWA,1953,0.210165
Rwanda,RWA,1954,0.2100919
Rwanda,RWA,1955,0.21001877
Rwanda,RWA,1956,0.20994557
Rwanda,RWA,1957,0.20987235
Rwanda,RWA,1958,0.20979907
Rwanda,RWA,1959,0.20972571
Rwanda,RWA,1960,0.20965232
Rwanda,RWA,1961,0.20526712
Rwanda,RWA,1962,0.20487747
Rwanda,RWA,1963,0.20464252
Rwanda,RWA,1964,0.20400263
Rwanda,RWA,1965,0.20260234
Rwanda,RWA,1966,0.2003566
Rwanda,RWA,1967,0.1974656
Rwanda,RWA,1968,0.19363455
Rwanda,RWA,1969,0.19145243
Rwanda,RWA,1970,0.18750627
Rwanda,RWA,1971,0.19336474
Rwanda,RWA,1972,0.20282651
Rwanda,RWA,1973,0.19623038
Rwanda,RWA,1974,0.20914172
Rwanda,RWA,1975,0.20921788
Rwanda,RWA,1976,0.20868944
Rwanda,RWA,1977,0.20763338
Rwanda,RWA,1978,0.20400834
Rwanda,RWA,1979,0.20068139
Rwanda,RWA,1980,0.1974433
Rwanda,RWA,1981,0.19943435
Rwanda,RWA,1982,0.19583476
Rwanda,RWA,1983,0.19211741
Rwanda,RWA,1984,0.18837431
Rwanda,RWA,1985,0.18283994
Rwanda,RWA,1986,0.1763511
Rwanda,RWA,1987,0.16963425
Rwanda,RWA,1988,0.1640072
Rwanda,RWA,1989,0.15992178
Rwanda,RWA,1990,0.16363089
Rwanda,RWA,1991,0.16804318
Rwanda,RWA,1992,0.17681682
Rwanda,RWA,1993,0.18333597
Rwanda,RWA,1994,0.16735789
Rwanda,RWA,1995,0.16953218
Rwanda,RWA,1996,0.17268535
Rwanda,RWA,1997,0.16956995
Rwanda,RWA,1998,0.15949431
Rwanda,RWA,1999,0.15434784
Rwanda,RWA,2000,0.16272718
Rwanda,RWA,2001,0.16891961
Rwanda,RWA,2002,0.16670172
Rwanda,RWA,2003,0.16427916
Rwanda,RWA,2004,0.16193344
Rwanda,RWA,2005,0.15914614
Rwanda,RWA,2006,0.15575816
Rwanda,RWA,2007,0.15221116
Rwanda,RWA,2008,0.14832869
Rwanda,RWA,2009,0.1469314
Rwanda,RWA,2010,0.14043668
Rwanda,RWA,2011,0.1388007
Rwanda,RWA,2012,0.1372556
Rwanda,RWA,2013,0.13579404
Rwanda,RWA,2014,0.13440941
Rwanda,RWA,2015,0.13104442
Rwanda,RWA,2016,0.1277677
Rwanda,RWA,2017,0.124806926
Rwanda,RWA,2018,0.117720306
Rwanda,RWA,2019,0.11178199
Rwanda,RWA,2020,0.11350304
Rwanda,RWA,2021,0.11512995
Rwanda,RWA,2022,0.11266372
Rwanda,RWA,2023,0.11230706
Rwanda,RWA,2024,0.111756906
Rwanda,RWA,2025,0.1112271
Saint Kitts and Nevis,KNA,100,0
Saint Kitts and Nevis,KNA,200,0
Saint Kitts and Nevis,KNA,300,0
Saint Kitts and Nevis,KNA,400,0
Saint Kitts and Nevis,KNA,500,0
Saint Kitts and Nevis,KNA,600,0
Saint Kitts and Nevis,KNA,700,0
Saint Kitts and Nevis,KNA,800,0
Saint Kitts and Nevis,KNA,900,0
Saint Kitts and Nevis,KNA,1000,0
Saint Kitts and Nevis,KNA,1100,0
Saint Kitts and Nevis,KNA,1200,0
Saint Kitts and Nevis,KNA,1300,0
Saint Kitts and Nevis,KNA,1400,0
Saint Kitts and Nevis,KNA,1500,0.44654995
Saint Kitts and Nevis,KNA,1600,0.44308105
Saint Kitts and Nevis,KNA,1700,0.43955702
Saint Kitts and Nevis,KNA,1710,0.43920153
Saint Kitts and Nevis,KNA,1720,0.4388454
Saint Kitts and Nevis,KNA,1730,0.43848872
Saint Kitts and Nevis,KNA,1740,0.43813142
Saint Kitts and Nevis,KNA,1750,0.4377736
Saint Kitts and Nevis,KNA,1760,0.43741518
Saint Kitts and Nevis,KNA,1770,0.43705618
Saint Kitts and Nevis,KNA,1780,0.43669653
Saint Kitts and Nevis,KNA,1790,0.4363363
Saint Kitts and Nevis,KNA,1800,0.43597552
Saint Kitts and Nevis,KNA,1810,0.43561417
Saint Kitts and Nevis,KNA,1820,0.43525213
Saint Kitts and Nevis,KNA,1830,0.43488958
Saint Kitts and Nevis,KNA,1840,0.43452635
Saint Kitts and Nevis,KNA,1850,0.45416528
Saint Kitts and Nevis,KNA,1860,0.45549312
Saint Kitts and Nevis,KNA,1870,0.446322
Saint Kitts and Nevis,KNA,1880,0.4435002
Saint Kitts and Nevis,KNA,1890,0.44725105
Saint Kitts and Nevis,KNA,1900,0.4503905
Saint Kitts and Nevis,KNA,1910,0.45669997
Saint Kitts and Nevis,KNA,1920,0.4662458
Saint Kitts and Nevis,KNA,1930,0.47097084
Saint Kitts and Nevis,KNA,1940,0.4849174
Saint Kitts and Nevis,KNA,1950,0.5072717
Saint Kitts and Nevis,KNA,1951,0.49710965
Saint Kitts and Nevis,KNA,1952,0.48753133
Saint Kitts and Nevis,KNA,1953,0.47885776
Saint Kitts and Nevis,KNA,1954,0.47067347
Saint Kitts and Nevis,KNA,1955,0.46309072
Saint Kitts and Nevis,KNA,1956,0.45601442
Saint Kitts and Nevis,KNA,1957,0.4493881
Saint Kitts and Nevis,KNA,1958,0.4431358
Saint Kitts and Nevis,KNA,1959,0.43728417
Saint Kitts and Nevis,KNA,1960,0.43174112
Saint Kitts and Nevis,KNA,1961,0.429901
Saint Kitts and Nevis,KNA,1962,0.43006864
Saint Kitts and Nevis,KNA,1963,0.43207783
Saint Kitts and Nevis,KNA,1964,0.43562758
Saint Kitts and Nevis,KNA,1965,0.4404535
Saint Kitts and Nevis,KNA,1966,0.44672713
Saint Kitts and Nevis,KNA,1967,0.4543919
Saint Kitts and Nevis,KNA,1968,0.46256754
Saint Kitts and Nevis,KNA,1969,0.411182
Saint Kitts and Nevis,KNA,1970,0.4159382
Saint Kitts and Nevis,KNA,1971,0.4180252
Saint Kitts and Nevis,KNA,1972,0.41794184
Saint Kitts and Nevis,KNA,1973,0.41641498
Saint Kitts and Nevis,KNA,1974,0.4146047
Saint Kitts and Nevis,KNA,1975,0.41338873
Saint Kitts and Nevis,KNA,1976,0.4129678
Saint Kitts and Nevis,KNA,1977,0.41311967
Saint Kitts and Nevis,KNA,1978,0.41364312
Saint Kitts and Nevis,KNA,1979,0.41422924
Saint Kitts and Nevis,KNA,1980,0.41462785
Saint Kitts and Nevis,KNA,1981,0.41682717
Saint Kitts and Nevis,KNA,1982,0.38898098
Saint Kitts and Nevis,KNA,1983,0.39094567
Saint Kitts and Nevis,KNA,1984,0.36296204
Saint Kitts and Nevis,KNA,1985,0.3654577
Saint Kitts and Nevis,KNA,1986,0.33779165
Saint Kitts and Nevis,KNA,1987,0.34091565
Saint Kitts and Nevis,KNA,1988,0.34378642
Saint Kitts and Nevis,KNA,1989,0.3456073
Saint Kitts and Nevis,KNA,1990,0.31433284
Saint Kitts and Nevis,KNA,1991,0.31291297
Saint Kitts and Nevis,KNA,1992,0.3100178
Saint Kitts and Nevis,KNA,1993,0.3061329
Saint Kitts and Nevis,KNA,1994,0.2415396
Saint Kitts and Nevis,KNA,1995,0.2382759
Saint Kitts and Nevis,KNA,1996,0.20579726
Saint Kitts and Nevis,KNA,1997,0.20320004
Saint Kitts and Nevis,KNA,1998,0.20069069
Saint Kitts and Nevis,KNA,1999,0.2265289
Saint Kitts and Nevis,KNA,2000,0.20973165
Saint Kitts and Nevis,KNA,2001,0.20146589
Saint Kitts and Nevis,KNA,2002,0.19340971
Saint Kitts and Nevis,KNA,2003,0.19093397
Saint Kitts and Nevis,KNA,2004,0.18663524
Saint Kitts and Nevis,KNA,2005,0.10483424
Saint Kitts and Nevis,KNA,2006,0.103753425
Saint Kitts and Nevis,KNA,2007,0.104473695
Saint Kitts and Nevis,KNA,2008,0.10340015
Saint Kitts and Nevis,KNA,2009,0.10459078
Saint Kitts and Nevis,KNA,2010,0.11312341
Saint Kitts and Nevis,KNA,2011,0.12396128
Saint Kitts and Nevis,KNA,2012,0.12253665
Saint Kitts and Nevis,KNA,2013,0.1211444
Saint Kitts and Nevis,KNA,2014,0.119783424
Saint Kitts and Nevis,KNA,2015,0.11845269
Saint Kitts and Nevis,KNA,2016,0.11715119
Saint Kitts and Nevis,KNA,2017,0.11587799
Saint Kitts and Nevis,KNA,2018,0.11463217
Saint Kitts and Nevis,KNA,2019,0.11341284
Saint Kitts and Nevis,KNA,2020,0.112219185
Saint Kitts and Nevis,KNA,2021,0.111304834
Saint Kitts and Nevis,KNA,2022,0.11040526
Saint Kitts and Nevis,KNA,2023,0.10952011
Saint Kitts and Nevis,KNA,2024,0.10864903
Saint Kitts and Nevis,KNA,2025,0.107791714
Saint Lucia,LCA,-10000,0
Saint Lucia,LCA,-9000,0
Saint Lucia,LCA,-8000,0
Saint Lucia,LCA,-7000,0
Saint Lucia,LCA,-6000,0
Saint Lucia,LCA,-5000,0
Saint Lucia,LCA,-4000,0
Saint Lucia,LCA,-3000,0
Saint Lucia,LCA,-2000,0
Saint Lucia,LCA,-1000,0
Saint Lucia,LCA,0,0
Saint Lucia,LCA,100,0
Saint Lucia,LCA,200,0
Saint Lucia,LCA,300,0
Saint Lucia,LCA,400,0
Saint Lucia,LCA,500,0
Saint Lucia,LCA,600,0
Saint Lucia,LCA,700,0
Saint Lucia,LCA,800,0
Saint Lucia,LCA,900,0
Saint Lucia,LCA,1000,0
Saint Lucia,LCA,1100,0
Saint Lucia,LCA,1200,0
Saint Lucia,LCA,1300,0
Saint Lucia,LCA,1400,0
Saint Lucia,LCA,1500,0.20359688
Saint Lucia,LCA,1600,0.19509628
Saint Lucia,LCA,1700,0.18578239
Saint Lucia,LCA,1710,0.1847983
Saint Lucia,LCA,1720,0.18380365
Saint Lucia,LCA,1730,0.18274504
Saint Lucia,LCA,1740,0.18178135
Saint Lucia,LCA,1750,0.18075313
Saint Lucia,LCA,1760,0.17971306
Saint Lucia,LCA,1770,0.17866081
Saint Lucia,LCA,1780,0.17759602
Saint Lucia,LCA,1790,0.1765183
Saint Lucia,LCA,1800,0.17542726
Saint Lucia,LCA,1810,0.17415139
Saint Lucia,LCA,1820,0.17305486
Saint Lucia,LCA,1830,0.17194122
Saint Lucia,LCA,1840,0.17081021
Saint Lucia,LCA,1850,0.16966152
Saint Lucia,LCA,1860,0.16849482
Saint Lucia,LCA,1870,0.16727847
Saint Lucia,LCA,1880,0.16607939
Saint Lucia,LCA,1890,0.16493125
Saint Lucia,LCA,1900,0.16367976
Saint Lucia,LCA,1910,0.16240884
Saint Lucia,LCA,1920,0.1611177
Saint Lucia,LCA,1930,0.15980555
Saint Lucia,LCA,1940,0.15847148
Saint Lucia,LCA,1950,0.15711457
Saint Lucia,LCA,1951,0.15697756
Saint Lucia,LCA,1952,0.15684034
Saint Lucia,LCA,1953,0.15670288
Saint Lucia,LCA,1954,0.15656516
Saint Lucia,LCA,1955,0.15642722
Saint Lucia,LCA,1956,0.15628903
Saint Lucia,LCA,1957,0.15615058
Saint Lucia,LCA,1958,0.1560119
Saint Lucia,LCA,1959,0.15587296
Saint Lucia,LCA,1960,0.15573378
Saint Lucia,LCA,1961,0.15399168
Saint Lucia,LCA,1962,0.1520351
Saint Lucia,LCA,1963,0.16060129
Saint Lucia,LCA,1964,0.15820448
Saint Lucia,LCA,1965,0.15576
Saint Lucia,LCA,1966,0.15324731
Saint Lucia,LCA,1967,0.1607604
Saint Lucia,LCA,1968,0.15813558
Saint Lucia,LCA,1969,0.15571928
Saint Lucia,LCA,1970,0.15360983
Saint Lucia,LCA,1971,0.16130562
Saint Lucia,LCA,1972,0.15969189
Saint Lucia,LCA,1973,0.15818956
Saint Lucia,LCA,1974,0.15571444
Saint Lucia,LCA,1975,0.15487069
Saint Lucia,LCA,1976,0.1528667
Saint Lucia,LCA,1977,0.15066782
Saint Lucia,LCA,1978,0.14841199
Saint Lucia,LCA,1979,0.1479061
Saint Lucia,LCA,1980,0.14832142
Saint Lucia,LCA,1981,0.1488369
Saint Lucia,LCA,1982,0.14856689
Saint Lucia,LCA,1983,0.14828037
Saint Lucia,LCA,1984,0.14863259
Saint Lucia,LCA,1985,0.148713
Saint Lucia,LCA,1986,0.1492781
Saint Lucia,LCA,1987,0.14500053
Saint Lucia,LCA,1988,0.14228693
Saint Lucia,LCA,1989,0.13975109
Saint Lucia,LCA,1990,0.13677317
Saint Lucia,LCA,1991,0.12700135
Saint Lucia,LCA,1992,0.124713756
Saint Lucia,LCA,1993,0.1232891
Saint Lucia,LCA,1994,0.12048442
Saint Lucia,LCA,1995,0.10881097
Saint Lucia,LCA,1996,0.1053663
Saint Lucia,LCA,1997,0.1019287
Saint Lucia,LCA,1998,0.091393955
Saint Lucia,LCA,1999,0.09022246
Saint Lucia,LCA,2000,0.0821923
Saint Lucia,LCA,2001,0.07951333
Saint Lucia,LCA,2002,0.07448533
Saint Lucia,LCA,2003,0.06957689
Saint Lucia,LCA,2004,0.0616329
Saint Lucia,LCA,2005,0.06047131
Saint Lucia,LCA,2006,0.05622495
Saint Lucia,LCA,2007,0.057146955
Saint Lucia,LCA,2008,0.0565536
Saint Lucia,LCA,2009,0.055957712
Saint Lucia,LCA,2010,0.055452544
Saint Lucia,LCA,2011,0.055053156
Saint Lucia,LCA,2012,0.054737322
Saint Lucia,LCA,2013,0.054480247
Saint Lucia,LCA,2014,0.054245245
Saint Lucia,LCA,2015,0.054004945
Saint Lucia,LCA,2016,0.053759515
Saint Lucia,LCA,2017,0.053510323
Saint Lucia,LCA,2018,0.053265207
Saint Lucia,LCA,2019,0.053032905
Saint Lucia,LCA,2020,0.052813694
Saint Lucia,LCA,2021,0.05260872
Saint Lucia,LCA,2022,0.052420262
Saint Lucia,LCA,2023,0.052241415
Saint Lucia,LCA,2024,0.05207483
Saint Lucia,LCA,2025,0.05192029
Saint Pierre and Miquelon,SPM,400,0
Saint Pierre and Miquelon,SPM,500,0
Saint Pierre and Miquelon,SPM,600,0
Saint Pierre and Miquelon,SPM,700,0
Saint Pierre and Miquelon,SPM,800,0
Saint Pierre and Miquelon,SPM,900,0
Saint Pierre and Miquelon,SPM,1000,0
Saint Pierre and Miquelon,SPM,1100,0
Saint Pierre and Miquelon,SPM,1200,0
Saint Pierre and Miquelon,SPM,1300,0
Saint Pierre and Miquelon,SPM,1400,0
Saint Pierre and Miquelon,SPM,1500,0.66466
Saint Pierre and Miquelon,SPM,1600,0.66550595
Saint Pierre and Miquelon,SPM,1700,0.6663496
Saint Pierre and Miquelon,SPM,1710,0.6664339
Saint Pierre and Miquelon,SPM,1720,0.66651815
Saint Pierre and Miquelon,SPM,1730,0.6666023
Saint Pierre and Miquelon,SPM,1740,0.6666865
Saint Pierre and Miquelon,SPM,1750,0.66677064
Saint Pierre and Miquelon,SPM,1760,0.66685486
Saint Pierre and Miquelon,SPM,1770,0.66693896
Saint Pierre and Miquelon,SPM,1780,0.6670231
Saint Pierre and Miquelon,SPM,1790,0.6671071
Saint Pierre and Miquelon,SPM,1800,0.6671912
Saint Pierre and Miquelon,SPM,1810,0.6672753
Saint Pierre and Miquelon,SPM,1820,0.6673593
Saint Pierre and Miquelon,SPM,1830,0.66744334
Saint Pierre and Miquelon,SPM,1840,0.6675272
Saint Pierre and Miquelon,SPM,1850,0.66761124
Saint Pierre and Miquelon,SPM,1860,0.6676952
Saint Pierre and Miquelon,SPM,1870,0.6677791
Saint Pierre and Miquelon,SPM,1880,0.667863
Saint Pierre and Miquelon,SPM,1890,0.6679468
Saint Pierre and Miquelon,SPM,1900,0.6680307
Saint Pierre and Miquelon,SPM,1910,0.6681146
Saint Pierre and Miquelon,SPM,1920,0.6737715
Saint Pierre and Miquelon,SPM,1930,0.68059534
Saint Pierre and Miquelon,SPM,1940,0.6907356
Saint Pierre and Miquelon,SPM,1950,0.69781256
Saint Pierre and Miquelon,SPM,1951,0.697652
Saint Pierre and Miquelon,SPM,1952,0.69749403
Saint Pierre and Miquelon,SPM,1953,0.69733876
Saint Pierre and Miquelon,SPM,1954,0.697186
Saint Pierre and Miquelon,SPM,1955,0.69703573
Saint Pierre and Miquelon,SPM,1956,0.69688797
Saint Pierre and Miquelon,SPM,1957,0.69674253
Saint Pierre and Miquelon,SPM,1958,0.6965994
Saint Pierre and Miquelon,SPM,1959,0.6964586
Saint Pierre and Miquelon,SPM,1960,0.69632006
Saint Pierre and Miquelon,SPM,1961,0.69102585
Saint Pierre and Miquelon,SPM,1962,0.6871884
Saint Pierre and Miquelon,SPM,1963,0.68312097
Saint Pierre and Miquelon,SPM,1964,0.6772175
Saint Pierre and Miquelon,SPM,1965,0.6702278
Saint Pierre and Miquelon,SPM,1966,0.66260576
Saint Pierre and Miquelon,SPM,1967,0.6542723
Saint Pierre and Miquelon,SPM,1968,0.645042
Saint Pierre and Miquelon,SPM,1969,0.63440627
Saint Pierre and Miquelon,SPM,1970,0.6241093
Saint Pierre and Miquelon,SPM,1971,0.61265326
Saint Pierre and Miquelon,SPM,1972,0.6014982
Saint Pierre and Miquelon,SPM,1973,0.5901192
Saint Pierre and Miquelon,SPM,1974,0.5816464
Saint Pierre and Miquelon,SPM,1975,0.5737078
Saint Pierre and Miquelon,SPM,1976,0.5686605
Saint Pierre and Miquelon,SPM,1977,0.564659
Saint Pierre and Miquelon,SPM,1978,0.56251204
Saint Pierre and Miquelon,SPM,1979,0.560026
Saint Pierre and Miquelon,SPM,1980,0.55785763
Saint Pierre and Miquelon,SPM,1981,0.5565653
Saint Pierre and Miquelon,SPM,1982,0.5549091
Saint Pierre and Miquelon,SPM,1983,0.5545409
Saint Pierre and Miquelon,SPM,1984,0.5528014
Saint Pierre and Miquelon,SPM,1985,0.5502595
Saint Pierre and Miquelon,SPM,1986,0.5479192
Saint Pierre and Miquelon,SPM,1987,0.5448038
Saint Pierre and Miquelon,SPM,1988,0.5424222
Saint Pierre and Miquelon,SPM,1989,0.5394562
Saint Pierre and Miquelon,SPM,1990,0.5377201
Saint Pierre and Miquelon,SPM,1991,0.5385572
Saint Pierre and Miquelon,SPM,1992,0.539882
Saint Pierre and Miquelon,SPM,1993,0.5423832
Saint Pierre and Miquelon,SPM,1994,0.54443383
Saint Pierre and Miquelon,SPM,1995,0.54698277
Saint Pierre and Miquelon,SPM,1996,0.5499508
Saint Pierre and Miquelon,SPM,1997,0.5526432
Saint Pierre and Miquelon,SPM,1998,0.555409
Saint Pierre and Miquelon,SPM,1999,0.5579834
Saint Pierre and Miquelon,SPM,2000,0.56098914
Saint Pierre and Miquelon,SPM,2001,0.5613471
Saint Pierre and Miquelon,SPM,2002,0.561885
Saint Pierre and Miquelon,SPM,2003,0.5625138
Saint Pierre and Miquelon,SPM,2004,0.56215435
Saint Pierre and Miquelon,SPM,2005,0.5619747
Saint Pierre and Miquelon,SPM,2006,0.5620645
Saint Pierre and Miquelon,SPM,2007,0.5619747
Saint Pierre and Miquelon,SPM,2008,0.5612576
Saint Pierre and Miquelon,SPM,2009,0.5605423
Saint Pierre and Miquelon,SPM,2010,0.5608103
Saint Pierre and Miquelon,SPM,2011,0.37387353
Saint Pierre and Miquelon,SPM,2012,0.3737544
Saint Pierre and Miquelon,SPM,2013,0.37393314
Saint Pierre and Miquelon,SPM,2014,0.37369484
Saint Pierre and Miquelon,SPM,2015,0.3729225
Saint Pierre and Miquelon,SPM,2016,0.3720353
Saint Pierre and Miquelon,SPM,2017,0.37115228
Saint Pierre and Miquelon,SPM,2018,0.3698648
Saint Pierre and Miquelon,SPM,2019,0.3679502
Saint Pierre and Miquelon,SPM,2020,0.38829377
Saint Pierre and Miquelon,SPM,2021,0.38838375
Saint Pierre and Miquelon,SPM,2022,0.3884738
Saint Pierre and Miquelon,SPM,2023,0.38856393
Saint Pierre and Miquelon,SPM,2024,0.38865402
Saint Pierre and Miquelon,SPM,2025,0.38874424
Saint Vincent and the Grenadines,VCT,0,0
Saint Vincent and the Grenadines,VCT,100,0
Saint Vincent and the Grenadines,VCT,200,0
Saint Vincent and the Grenadines,VCT,300,0
Saint Vincent and the Grenadines,VCT,400,0
Saint Vincent and the Grenadines,VCT,500,0
Saint Vincent and the Grenadines,VCT,600,0
Saint Vincent and the Grenadines,VCT,700,0
Saint Vincent and the Grenadines,VCT,800,0
Saint Vincent and the Grenadines,VCT,900,0
Saint Vincent and the Grenadines,VCT,1000,0
Saint Vincent and the Grenadines,VCT,1100,0
Saint Vincent and the Grenadines,VCT,1200,0
Saint Vincent and the Grenadines,VCT,1300,0
Saint Vincent and the Grenadines,VCT,1400,0
Saint Vincent and the Grenadines,VCT,1500,0.19813931
Saint Vincent and the Grenadines,VCT,1600,0.18630849
Saint Vincent and the Grenadines,VCT,1700,0.17274736
Saint Vincent and the Grenadines,VCT,1710,0.17126939
Saint Vincent and the Grenadines,VCT,1720,0.16976547
Saint Vincent and the Grenadines,VCT,1730,0.16823442
Saint Vincent and the Grenadines,VCT,1740,0.16667497
Saint Vincent and the Grenadines,VCT,1750,0.16508579
Saint Vincent and the Grenadines,VCT,1760,0.16346543
Saint Vincent and the Grenadines,VCT,1770,0.16181226
Saint Vincent and the Grenadines,VCT,1780,0.16012461
Saint Vincent and the Grenadines,VCT,1790,0.15840062
Saint Vincent and the Grenadines,VCT,1800,0.15663828
Saint Vincent and the Grenadines,VCT,1810,0.15483533
Saint Vincent and the Grenadines,VCT,1820,0.15298942
Saint Vincent and the Grenadines,VCT,1830,0.15109785
Saint Vincent and the Grenadines,VCT,1840,0.14915767
Saint Vincent and the Grenadines,VCT,1850,0.14716569
Saint Vincent and the Grenadines,VCT,1860,0.14511825
Saint Vincent and the Grenadines,VCT,1870,0.14301135
Saint Vincent and the Grenadines,VCT,1880,0.14084047
Saint Vincent and the Grenadines,VCT,1890,0.13860053
Saint Vincent and the Grenadines,VCT,1900,0.13628574
Saint Vincent and the Grenadines,VCT,1910,0.13388954
Saint Vincent and the Grenadines,VCT,1920,0.13140436
Saint Vincent and the Grenadines,VCT,1930,0.12882143
Saint Vincent and the Grenadines,VCT,1940,0.12613055
Saint Vincent and the Grenadines,VCT,1950,0.123319685
Saint Vincent and the Grenadines,VCT,1951,0.1230243
Saint Vincent and the Grenadines,VCT,1952,0.12275265
Saint Vincent and the Grenadines,VCT,1953,0.12246329
Saint Vincent and the Grenadines,VCT,1954,0.12217414
Saint Vincent and the Grenadines,VCT,1955,0.12187183
Saint Vincent and the Grenadines,VCT,1956,0.12158631
Saint Vincent and the Grenadines,VCT,1957,0.12127674
Saint Vincent and the Grenadines,VCT,1958,0.12097866
Saint Vincent and the Grenadines,VCT,1959,0.12068215
Saint Vincent and the Grenadines,VCT,1960,0.12038254
Saint Vincent and the Grenadines,VCT,1961,0.118632644
Saint Vincent and the Grenadines,VCT,1962,0.11711419
Saint Vincent and the Grenadines,VCT,1963,0.12863956
Saint Vincent and the Grenadines,VCT,1964,0.12726958
Saint Vincent and the Grenadines,VCT,1965,0.12594461
Saint Vincent and the Grenadines,VCT,1966,0.124658406
Saint Vincent and the Grenadines,VCT,1967,0.123409465
Saint Vincent and the Grenadines,VCT,1968,0.12218393
Saint Vincent and the Grenadines,VCT,1969,0.120947346
Saint Vincent and the Grenadines,VCT,1970,0.119697146
Saint Vincent and the Grenadines,VCT,1971,0.11841813
Saint Vincent and the Grenadines,VCT,1972,0.11711165
Saint Vincent and the Grenadines,VCT,1973,0.104226895
Saint Vincent and the Grenadines,VCT,1974,0.10306934
Saint Vincent and the Grenadines,VCT,1975,0.10195323
Saint Vincent and the Grenadines,VCT,1976,0.100877725
Saint Vincent and the Grenadines,VCT,1977,0.099840015
Saint Vincent and the Grenadines,VCT,1978,0.098855525
Saint Vincent and the Grenadines,VCT,1979,0.10878881
Saint Vincent and the Grenadines,VCT,1980,0.10780526
Saint Vincent and the Grenadines,VCT,1981,0.106884696
Saint Vincent and the Grenadines,VCT,1982,0.095428444
Saint Vincent and the Grenadines,VCT,1983,0.10522577
Saint Vincent and the Grenadines,VCT,1984,0.104463324
Saint Vincent and the Grenadines,VCT,1985,0.10372874
Saint Vincent and the Grenadines,VCT,1986,0.11331995
Saint Vincent and the Grenadines,VCT,1987,0.09886177
Saint Vincent and the Grenadines,VCT,1988,0.09460251
Saint Vincent and the Grenadines,VCT,1989,0.09047043
Saint Vincent and the Grenadines,VCT,1990,0.08647815
Saint Vincent and the Grenadines,VCT,1991,0.08261437
Saint Vincent and the Grenadines,VCT,1992,0.07885568
Saint Vincent and the Grenadines,VCT,1993,0.07517222
Saint Vincent and the Grenadines,VCT,1994,0.07153879
Saint Vincent and the Grenadines,VCT,1995,0.06793431
Saint Vincent and the Grenadines,VCT,1996,0.06435159
Saint Vincent and the Grenadines,VCT,1997,0.060780793
Saint Vincent and the Grenadines,VCT,1998,0.05720821
Saint Vincent and the Grenadines,VCT,1999,0.053615436
Saint Vincent and the Grenadines,VCT,2000,0.050192412
Saint Vincent and the Grenadines,VCT,2001,0.050146848
Saint Vincent and the Grenadines,VCT,2002,0.0500731
Saint Vincent and the Grenadines,VCT,2003,0.049976025
Saint Vincent and the Grenadines,VCT,2004,0.049881168
Saint Vincent and the Grenadines,VCT,2005,0.049795825
Saint Vincent and the Grenadines,VCT,2006,0.04972356
Saint Vincent and the Grenadines,VCT,2007,0.049663804
Saint Vincent and the Grenadines,VCT,2008,0.049613737
Saint Vincent and the Grenadines,VCT,2009,0.049570125
Saint Vincent and the Grenadines,VCT,2010,0.049537014
Saint Vincent and the Grenadines,VCT,2011,0.049503848
Saint Vincent and the Grenadines,VCT,2012,0.04947073
Saint Vincent and the Grenadines,VCT,2013,0.049437653
Saint Vincent and the Grenadines,VCT,2014,0.049404625
Saint Vincent and the Grenadines,VCT,2015,0.049371637
Saint Vincent and the Grenadines,VCT,2016,0.049338695
Saint Vincent and the Grenadines,VCT,2017,0.049305797
Saint Vincent and the Grenadines,VCT,2018,0.04927294
Saint Vincent and the Grenadines,VCT,2019,0.049240127
Saint Vincent and the Grenadines,VCT,2020,0.049207363
Saint Vincent and the Grenadines,VCT,2021,0.049219623
Saint Vincent and the Grenadines,VCT,2022,0.04923189
Saint Vincent and the Grenadines,VCT,2023,0.049244165
Saint Vincent and the Grenadines,VCT,2024,0.049256444
Saint Vincent and the Grenadines,VCT,2025,0.04926873
Samoa,WSM,0,0
Samoa,WSM,100,0
Samoa,WSM,200,0
Samoa,WSM,300,0
Samoa,WSM,400,0
Samoa,WSM,500,0
Samoa,WSM,600,0
Samoa,WSM,700,0
Samoa,WSM,800,0
Samoa,WSM,900,0
Samoa,WSM,1000,0
Samoa,WSM,1100,0
Samoa,WSM,1200,0
Samoa,WSM,1300,0.5058914
Samoa,WSM,1400,0.5059429
Samoa,WSM,1500,0.50599444
Samoa,WSM,1600,0.50604594
Samoa,WSM,1700,0.5060974
Samoa,WSM,1710,0.50610256
Samoa,WSM,1720,0.50610775
Samoa,WSM,1730,0.5061129
Samoa,WSM,1740,0.506118
Samoa,WSM,1750,0.5061232
Samoa,WSM,1760,0.5061283
Samoa,WSM,1770,0.5061335
Samoa,WSM,1780,0.5061386
Samoa,WSM,1790,0.50614375
Samoa,WSM,1800,0.5061489
Samoa,WSM,1810,0.506154
Samoa,WSM,1820,0.5061592
Samoa,WSM,1830,0.5061644
Samoa,WSM,1840,0.5061695
Samoa,WSM,1850,0.5061747
Samoa,WSM,1860,0.50617975
Samoa,WSM,1870,0.50618494
Samoa,WSM,1880,0.50619006
Samoa,WSM,1890,0.50619525
Samoa,WSM,1900,0.5062004
Samoa,WSM,1910,0.5062055
Samoa,WSM,1920,0.5062107
Samoa,WSM,1930,0.5062158
Samoa,WSM,1940,0.50622094
Samoa,WSM,1950,0.5062261
Samoa,WSM,1951,0.5062266
Samoa,WSM,1952,0.50622714
Samoa,WSM,1953,0.5062276
Samoa,WSM,1954,0.50622815
Samoa,WSM,1955,0.5062286
Samoa,WSM,1956,0.50622916
Samoa,WSM,1957,0.5062297
Samoa,WSM,1958,0.5062302
Samoa,WSM,1959,0.5062307
Samoa,WSM,1960,0.50623125
Samoa,WSM,1961,0.49055022
Samoa,WSM,1962,0.48364252
Samoa,WSM,1963,0.46838015
Samoa,WSM,1964,0.45397797
Samoa,WSM,1965,0.48005792
Samoa,WSM,1966,0.46676052
Samoa,WSM,1967,0.45456916
Samoa,WSM,1968,0.4508894
Samoa,WSM,1969,0.4412246
Samoa,WSM,1970,0.43652567
Samoa,WSM,1971,0.4331713
Samoa,WSM,1972,0.4276376
Samoa,WSM,1973,0.423134
Samoa,WSM,1974,0.41938213
Samoa,WSM,1975,0.42275757
Samoa,WSM,1976,0.4462235
Samoa,WSM,1977,0.4567789
Samoa,WSM,1978,0.4545248
Samoa,WSM,1979,0.4684673
Samoa,WSM,1980,0.46928135
Samoa,WSM,1981,0.48584652
Samoa,WSM,1982,0.48283705
Samoa,WSM,1983,0.4836347
Samoa,WSM,1984,0.48341632
Samoa,WSM,1985,0.48115677
Samoa,WSM,1986,0.48196673
Samoa,WSM,1987,0.47014254
Samoa,WSM,1988,0.47081855
Samoa,WSM,1989,0.3222262
Samoa,WSM,1990,0.3192809
Samoa,WSM,1991,0.3169263
Samoa,WSM,1992,0.30198708
Samoa,WSM,1993,0.29903054
Samoa,WSM,1994,0.290305
Samoa,WSM,1995,0.28796935
Samoa,WSM,1996,0.28607625
Samoa,WSM,1997,0.28455615
Samoa,WSM,1998,0.2832681
Samoa,WSM,1999,0.27797762
Samoa,WSM,2000,0.2577172
Samoa,WSM,2001,0.25631386
Samoa,WSM,2002,0.24917603
Samoa,WSM,2003,0.23640396
Samoa,WSM,2004,0.22373742
Samoa,WSM,2005,0.21119441
Samoa,WSM,2006,0.19989619
Samoa,WSM,2007,0.18926303
Samoa,WSM,2008,0.17436221
Samoa,WSM,2009,0.16177377
Samoa,WSM,2010,0.19065009
Samoa,WSM,2011,0.2184744
Samoa,WSM,2012,0.24577947
Samoa,WSM,2013,0.27259812
Samoa,WSM,2014,0.2990275
Samoa,WSM,2015,0.32793316
Samoa,WSM,2016,0.2980141
Samoa,WSM,2017,0.2685807
Samoa,WSM,2018,0.23951036
Samoa,WSM,2019,0.21617925
Samoa,WSM,2020,0.2148743
Samoa,WSM,2021,0.21359242
Samoa,WSM,2022,0.21233729
Samoa,WSM,2023,0.20255078
Samoa,WSM,2024,0.19715519
Samoa,WSM,2025,0.1918279
Sao Tome and Principe,STP,-10000,0
Sao Tome and Principe,STP,-9000,0
Sao Tome and Principe,STP,-8000,0
Sao Tome and Principe,STP,-7000,0
Sao Tome and Principe,STP,-6000,0
Sao Tome and Principe,STP,-5000,0
Sao Tome and Principe,STP,-4000,0
Sao Tome and Principe,STP,-3000,0
Sao Tome and Principe,STP,-2000,0
Sao Tome and Principe,STP,-1000,0
Sao Tome and Principe,STP,0,0
Sao Tome and Principe,STP,100,0.52483356
Sao Tome and Principe,STP,200,0.5250679
Sao Tome and Principe,STP,300,0.52530205
Sao Tome and Principe,STP,400,0.5255359
Sao Tome and Principe,STP,500,0.52576965
Sao Tome and Principe,STP,600,0.52600306
Sao Tome and Principe,STP,700,0.52623636
Sao Tome and Principe,STP,800,0.52646947
Sao Tome and Principe,STP,900,0.5267023
Sao Tome and Principe,STP,1000,0.526935
Sao Tome and Principe,STP,1100,0.52716744
Sao Tome and Principe,STP,1200,0.52739966
Sao Tome and Principe,STP,1300,0.52763176
Sao Tome and Principe,STP,1400,0.52786356
Sao Tome and Principe,STP,1500,0.5280952
Sao Tome and Principe,STP,1600,0.52832663
Sao Tome and Principe,STP,1700,0.52855796
Sao Tome and Principe,STP,1710,0.528581
Sao Tome and Principe,STP,1720,0.5286041
Sao Tome and Principe,STP,1730,0.5286272
Sao Tome and Principe,STP,1740,0.52865034
Sao Tome and Principe,STP,1750,0.52867347
Sao Tome and Principe,STP,1760,0.5286966
Sao Tome and Principe,STP,1770,0.52871966
Sao Tome and Principe,STP,1780,0.52874273
Sao Tome and Principe,STP,1790,0.5287658
Sao Tome and Principe,STP,1800,0.5287889
Sao Tome and Principe,STP,1810,0.52881205
Sao Tome and Principe,STP,1820,0.5288351
Sao Tome and Principe,STP,1830,0.5288582
Sao Tome and Principe,STP,1840,0.5288813
Sao Tome and Principe,STP,1850,0.5289044
Sao Tome and Principe,STP,1860,0.5289275
Sao Tome and Principe,STP,1870,0.5289506
Sao Tome and Principe,STP,1880,0.52897364
Sao Tome and Principe,STP,1890,0.5289967
Sao Tome and Principe,STP,1900,0.5290198
Sao Tome and Principe,STP,1910,0.52904284
Sao Tome and Principe,STP,1920,0.5290659
Sao Tome and Principe,STP,1930,0.52898794
Sao Tome and Principe,STP,1940,0.52911204
Sao Tome and Principe,STP,1950,0.5291351
Sao Tome and Principe,STP,1951,0.5291374
Sao Tome and Principe,STP,1952,0.5291397
Sao Tome and Principe,STP,1953,0.52913195
Sao Tome and Principe,STP,1954,0.52914435
Sao Tome and Principe,STP,1955,0.5291467
Sao Tome and Principe,STP,1956,0.52914894
Sao Tome and Principe,STP,1957,0.52915126
Sao Tome and Principe,STP,1958,0.5291535
Sao Tome and Principe,STP,1959,0.52915585
Sao Tome and Principe,STP,1960,0.5291582
Sao Tome and Principe,STP,1961,0.52671534
Sao Tome and Principe,STP,1962,0.5276881
Sao Tome and Principe,STP,1963,0.5297848
Sao Tome and Principe,STP,1964,0.5294961
Sao Tome and Principe,STP,1965,0.5401568
Sao Tome and Principe,STP,1966,0.5297973
Sao Tome and Principe,STP,1967,0.515669
Sao Tome and Principe,STP,1968,0.49967164
Sao Tome and Principe,STP,1969,0.4844894
Sao Tome and Principe,STP,1970,0.47534326
Sao Tome and Principe,STP,1971,0.47375903
Sao Tome and Principe,STP,1972,0.46429446
Sao Tome and Principe,STP,1973,0.45556933
Sao Tome and Principe,STP,1974,0.44626212
Sao Tome and Principe,STP,1975,0.4357968
Sao Tome and Principe,STP,1976,0.42410067
Sao Tome and Principe,STP,1977,0.4117357
Sao Tome and Principe,STP,1978,0.3996005
Sao Tome and Principe,STP,1979,0.38855815
Sao Tome and Principe,STP,1980,0.37914506
Sao Tome and Principe,STP,1981,0.37131897
Sao Tome and Principe,STP,1982,0.3241951
Sao Tome and Principe,STP,1983,0.32895392
Sao Tome and Principe,STP,1984,0.27468103
Sao Tome and Principe,STP,1985,0.27977368
Sao Tome and Principe,STP,1986,0.27489302
Sao Tome and Principe,STP,1987,0.2699257
Sao Tome and Principe,STP,1988,0.27399313
Sao Tome and Principe,STP,1989,0.2597402
Sao Tome and Principe,STP,1990,0.24579339
Sao Tome and Principe,STP,1991,0.24931726
Sao Tome and Principe,STP,1992,0.24402532
Sao Tome and Principe,STP,1993,0.23881756
Sao Tome and Principe,STP,1994,0.24194048
Sao Tome and Principe,STP,1995,0.21340552
Sao Tome and Principe,STP,1996,0.20948453
Sao Tome and Principe,STP,1997,0.1983113
Sao Tome and Principe,STP,1998,0.22481513
Sao Tome and Principe,STP,1999,0.25020975
Sao Tome and Principe,STP,2000,0.25251433
Sao Tome and Principe,STP,2001,0.24713674
Sao Tome and Principe,STP,2002,0.24156423
Sao Tome and Principe,STP,2003,0.23589356
Sao Tome and Principe,STP,2004,0.22372983
Sao Tome and Principe,STP,2005,0.2120409
Sao Tome and Principe,STP,2006,0.2071199
Sao Tome and Principe,STP,2007,0.20232862
Sao Tome and Principe,STP,2008,0.19770779
Sao Tome and Principe,STP,2009,0.19319373
Sao Tome and Principe,STP,2010,0.1830915
Sao Tome and Principe,STP,2011,0.18456376
Sao Tome and Principe,STP,2012,0.18590511
Sao Tome and Principe,STP,2013,0.18177444
Sao Tome and Principe,STP,2014,0.18821955
Sao Tome and Principe,STP,2015,0.18409331
Sao Tome and Principe,STP,2016,0.19508779
Sao Tome and Principe,STP,2017,0.19576463
Sao Tome and Principe,STP,2018,0.19633158
Sao Tome and Principe,STP,2019,0.19213437
Sao Tome and Principe,STP,2020,0.18805154
Sao Tome and Principe,STP,2021,0.18857928
Sao Tome and Principe,STP,2022,0.18462431
Sao Tome and Principe,STP,2023,0.1820592
Sao Tome and Principe,STP,2024,0.17954531
Sao Tome and Principe,STP,2025,0.1770664
Saudi Arabia,SAU,-10000,0
Saudi Arabia,SAU,-9000,0
Saudi Arabia,SAU,-8000,0
Saudi Arabia,SAU,-7000,0
Saudi Arabia,SAU,-6000,0
Saudi Arabia,SAU,-5000,0
Saudi Arabia,SAU,-4000,0
Saudi Arabia,SAU,-3000,0
Saudi Arabia,SAU,-2000,1.3863516
Saudi Arabia,SAU,-1000,1.2594156
Saudi Arabia,SAU,0,1.0999062
Saudi Arabia,SAU,100,1.0812144
Saudi Arabia,SAU,200,1.0618528
Saudi Arabia,SAU,300,1.0417584
Saudi Arabia,SAU,400,1.0208572
Saudi Arabia,SAU,500,0.9990633
Saudi Arabia,SAU,600,0.9762746
Saudi Arabia,SAU,700,0.9523693
Saudi Arabia,SAU,800,0.9271995
Saudi Arabia,SAU,900,0.9005835
Saudi Arabia,SAU,1000,0.8722939
Saudi Arabia,SAU,1100,0.84203964
Saudi Arabia,SAU,1200,0.8094395
Saudi Arabia,SAU,1300,0.77397794
Saudi Arabia,SAU,1400,0.7349299
Saudi Arabia,SAU,1500,0.6912226
Saudi Arabia,SAU,1600,0.6411544
Saudi Arabia,SAU,1700,0.58173835
Saudi Arabia,SAU,1710,0.5750937
Saudi Arabia,SAU,1720,0.5682918
Saudi Arabia,SAU,1730,0.561323
Saudi Arabia,SAU,1740,0.5541768
Saudi Arabia,SAU,1750,0.5468414
Saudi Arabia,SAU,1760,0.53930366
Saudi Arabia,SAU,1770,0.5315491
Saudi Arabia,SAU,1780,0.52356154
Saudi Arabia,SAU,1790,0.51532245
Saudi Arabia,SAU,1800,0.5068111
Saudi Arabia,SAU,1810,0.4980039
Saudi Arabia,SAU,1820,0.48887363
Saudi Arabia,SAU,1830,0.47938898
Saudi Arabia,SAU,1840,0.4695134
Saudi Arabia,SAU,1850,0.45920393
Saudi Arabia,SAU,1860,0.44840953
Saudi Arabia,SAU,1870,0.4370688
Saudi Arabia,SAU,1880,0.42510682
Saudi Arabia,SAU,1890,0.41243085
Saudi Arabia,SAU,1900,0.39892384
Saudi Arabia,SAU,1910,0.3844344
Saudi Arabia,SAU,1920,0.36876178
Saudi Arabia,SAU,1930,0.35163
Saudi Arabia,SAU,1940,0.33264318
Saudi Arabia,SAU,1950,0.31119943
Saudi Arabia,SAU,1951,0.30888674
Saudi Arabia,SAU,1952,0.30653888
Saudi Arabia,SAU,1953,0.30415452
Saudi Arabia,SAU,1954,0.30173218
Saudi Arabia,SAU,1955,0.2992703
Saudi Arabia,SAU,1956,0.2967672
Saudi Arabia,SAU,1957,0.29422122
Saudi Arabia,SAU,1958,0.29163036
Saudi Arabia,SAU,1959,0.2889926
Saudi Arabia,SAU,1960,0.28630584
Saudi Arabia,SAU,1961,0.27732486
Saudi Arabia,SAU,1962,0.2727566
Saudi Arabia,SAU,1963,0.26833993
Saudi Arabia,SAU,1964,0.26531813
Saudi Arabia,SAU,1965,0.2605481
Saudi Arabia,SAU,1966,0.2560215
Saudi Arabia,SAU,1967,0.25101802
Saudi Arabia,SAU,1968,0.24872455
Saudi Arabia,SAU,1969,0.24555203
Saudi Arabia,SAU,1970,0.24330112
Saudi Arabia,SAU,1971,0.23900141
Saudi Arabia,SAU,1972,0.2355704
Saudi Arabia,SAU,1973,0.23289144
Saudi Arabia,SAU,1974,0.2328557
Saudi Arabia,SAU,1975,0.22928292
Saudi Arabia,SAU,1976,0.22332807
Saudi Arabia,SAU,1977,0.21663494
Saudi Arabia,SAU,1978,0.2104609
Saudi Arabia,SAU,1979,0.20504595
Saudi Arabia,SAU,1980,0.20017396
Saudi Arabia,SAU,1981,0.1919835
Saudi Arabia,SAU,1982,0.18515407
Saudi Arabia,SAU,1983,0.19151469
Saudi Arabia,SAU,1984,0.19327289
Saudi Arabia,SAU,1985,0.19855559
Saudi Arabia,SAU,1986,0.20138808
Saudi Arabia,SAU,1987,0.20711835
Saudi Arabia,SAU,1988,0.20906217
Saudi Arabia,SAU,1989,0.21150295
Saudi Arabia,SAU,1990,0.21568799
Saudi Arabia,SAU,1991,0.22107682
Saudi Arabia,SAU,1992,0.21931866
Saudi Arabia,SAU,1993,0.21566057
Saudi Arabia,SAU,1994,0.20979126
Saudi Arabia,SAU,1995,0.20459922
Saudi Arabia,SAU,1996,0.20120296
Saudi Arabia,SAU,1997,0.1978125
Saudi Arabia,SAU,1998,0.19427308
Saudi Arabia,SAU,1999,0.19292268
Saudi Arabia,SAU,2000,0.18956877
Saudi Arabia,SAU,2001,0.18175907
Saudi Arabia,SAU,2002,0.1747109
Saudi Arabia,SAU,2003,0.16829838
Saudi Arabia,SAU,2004,0.16258499
Saudi Arabia,SAU,2005,0.15712667
Saudi Arabia,SAU,2006,0.15270329
Saudi Arabia,SAU,2007,0.14843838
Saudi Arabia,SAU,2008,0.14435808
Saudi Arabia,SAU,2009,0.14056024
Saudi Arabia,SAU,2010,0.13625875
Saudi Arabia,SAU,2011,0.13250627
Saudi Arabia,SAU,2012,0.12880485
Saudi Arabia,SAU,2013,0.12528574
Saudi Arabia,SAU,2014,0.11927836
Saudi Arabia,SAU,2015,0.11623484
Saudi Arabia,SAU,2016,0.11337177
Saudi Arabia,SAU,2017,0.110793695
Saudi Arabia,SAU,2018,0.10830764
Saudi Arabia,SAU,2019,0.10632616
Saudi Arabia,SAU,2020,0.10469534
Saudi Arabia,SAU,2021,0.102584116
Saudi Arabia,SAU,2022,0.10056618
Saudi Arabia,SAU,2023,0.09903319
Saudi Arabia,SAU,2024,0.09738491
Saudi Arabia,SAU,2025,0.09579785
Senegal,SEN,-10000,0
Senegal,SEN,-9000,0
Senegal,SEN,-8000,0
Senegal,SEN,-7000,0
Senegal,SEN,-6000,0
Senegal,SEN,-5000,0
Senegal,SEN,-4000,0
Senegal,SEN,-3000,0
Senegal,SEN,-2000,0
Senegal,SEN,-1000,0
Senegal,SEN,0,0.87478995
Senegal,SEN,100,0.87715507
Senegal,SEN,200,0.8795075
Senegal,SEN,300,0.8818473
Senegal,SEN,400,0.8841749
Senegal,SEN,500,0.88649017
Senegal,SEN,600,0.8887935
Senegal,SEN,700,0.8910849
Senegal,SEN,800,0.8933646
Senegal,SEN,900,0.8956328
Senegal,SEN,1000,0.89788955
Senegal,SEN,1100,0.9001349
Senegal,SEN,1200,0.9023692
Senegal,SEN,1300,0.90459245
Senegal,SEN,1400,0.9068049
Senegal,SEN,1500,0.90900654
Senegal,SEN,1600,0.91119754
Senegal,SEN,1700,0.9133781
Senegal,SEN,1710,0.9135956
Senegal,SEN,1720,0.91381294
Senegal,SEN,1730,0.9140302
Senegal,SEN,1740,0.91424733
Senegal,SEN,1750,0.9144644
Senegal,SEN,1760,0.91468143
Senegal,SEN,1770,0.9148982
Senegal,SEN,1780,0.91511506
Senegal,SEN,1790,0.9153317
Senegal,SEN,1800,0.9155482
Senegal,SEN,1810,0.9157647
Senegal,SEN,1820,0.9159811
Senegal,SEN,1830,0.9161973
Senegal,SEN,1840,0.9164134
Senegal,SEN,1850,0.91662943
Senegal,SEN,1860,0.91684544
Senegal,SEN,1870,0.91706127
Senegal,SEN,1880,0.917277
Senegal,SEN,1890,0.91749257
Senegal,SEN,1900,0.91770816
Senegal,SEN,1910,0.9179236
Senegal,SEN,1920,0.9181389
Senegal,SEN,1930,0.9183542
Senegal,SEN,1940,0.9185693
Senegal,SEN,1950,0.9187843
Senegal,SEN,1951,0.9188058
Senegal,SEN,1952,0.9188273
Senegal,SEN,1953,0.9188488
Senegal,SEN,1954,0.91887033
Senegal,SEN,1955,0.91889185
Senegal,SEN,1956,0.9189133
Senegal,SEN,1957,0.9189348
Senegal,SEN,1958,0.9189563
Senegal,SEN,1959,0.9189778
Senegal,SEN,1960,0.91899925
Senegal,SEN,1961,0.8943059
Senegal,SEN,1962,0.8701267
Senegal,SEN,1963,0.8751359
Senegal,SEN,1964,0.85104316
Senegal,SEN,1965,0.8544952
Senegal,SEN,1966,0.8305159
Senegal,SEN,1967,0.832727
Senegal,SEN,1968,0.8513683
Senegal,SEN,1969,0.7750111
Senegal,SEN,1970,0.7431583
Senegal,SEN,1971,0.73966753
Senegal,SEN,1972,0.71733
Senegal,SEN,1973,0.70662224
Senegal,SEN,1974,0.69674253
Senegal,SEN,1975,0.6778481
Senegal,SEN,1976,0.66045713
Senegal,SEN,1977,0.6058342
Senegal,SEN,1978,0.59131575
Senegal,SEN,1979,0.57671374
Senegal,SEN,1980,0.5616304
Senegal,SEN,1981,0.54605484
Senegal,SEN,1982,0.5302312
Senegal,SEN,1983,0.5143845
Senegal,SEN,1984,0.4987815
Senegal,SEN,1985,0.483597
Senegal,SEN,1986,0.4687295
Senegal,SEN,1987,0.45431495
Senegal,SEN,1988,0.44035038
Senegal,SEN,1989,0.4266845
Senegal,SEN,1990,0.41359958
Senegal,SEN,1991,0.38628164
Senegal,SEN,1992,0.38357478
Senegal,SEN,1993,0.37692648
Senegal,SEN,1994,0.3776944
Senegal,SEN,1995,0.35613814
Senegal,SEN,1996,0.36293426
Senegal,SEN,1997,0.32381785
Senegal,SEN,1998,0.2909201
Senegal,SEN,1999,0.35890684
Senegal,SEN,2000,0.34166148
Senegal,SEN,2001,0.3107209
Senegal,SEN,2002,0.29816693
Senegal,SEN,2003,0.27944922
Senegal,SEN,2004,0.27720112
Senegal,SEN,2005,0.28227934
Senegal,SEN,2006,0.25007004
Senegal,SEN,2007,0.24449287
Senegal,SEN,2008,0.30113184
Senegal,SEN,2009,0.29304633
Senegal,SEN,2010,0.29580832
Senegal,SEN,2011,0.2638081
Senegal,SEN,2012,0.25731727
Senegal,SEN,2013,0.2513621
Senegal,SEN,2014,0.2457591
Senegal,SEN,2015,0.2654796
Senegal,SEN,2016,0.25674823
Senegal,SEN,2017,0.25350636
Senegal,SEN,2018,0.25040346
Senegal,SEN,2019,0.24756132
Senegal,SEN,2020,0.24470825
Senegal,SEN,2021,0.24496964
Senegal,SEN,2022,0.24024528
Senegal,SEN,2023,0.23911075
Senegal,SEN,2024,0.23716663
Senegal,SEN,2025,0.2352934
Serbia and Montenegro,OWID_SRM,-10000,0
Serbia and Montenegro,OWID_SRM,-9000,0
Serbia and Montenegro,OWID_SRM,-8000,0
Serbia and Montenegro,OWID_SRM,-7000,0
Serbia and Montenegro,OWID_SRM,-6000,0
Serbia and Montenegro,OWID_SRM,-5000,0
Serbia and Montenegro,OWID_SRM,-4000,0.23613478
Serbia and Montenegro,OWID_SRM,-3000,0.8564454
Serbia and Montenegro,OWID_SRM,-2000,0.9642101
Serbia and Montenegro,OWID_SRM,-1000,1.064362
Serbia and Montenegro,OWID_SRM,0,1.1357429
Serbia and Montenegro,OWID_SRM,100,1.118598
Serbia and Montenegro,OWID_SRM,200,1.1009108
Serbia and Montenegro,OWID_SRM,300,1.0826361
Serbia and Montenegro,OWID_SRM,400,1.0637227
Serbia and Montenegro,OWID_SRM,500,1.0441117
Serbia and Montenegro,OWID_SRM,600,1.0237352
Serbia and Montenegro,OWID_SRM,700,1.0025133
Serbia and Montenegro,OWID_SRM,800,0.9803528
Serbia and Montenegro,OWID_SRM,900,0.9571425
Serbia and Montenegro,OWID_SRM,1000,0.9327483
Serbia and Montenegro,OWID_SRM,1100,0.90700674
Serbia and Montenegro,OWID_SRM,1200,0.879709
Serbia and Montenegro,OWID_SRM,1300,0.8506129
Serbia and Montenegro,OWID_SRM,1400,0.81937563
Serbia and Montenegro,OWID_SRM,1500,0.785553
Serbia and Montenegro,OWID_SRM,1600,0.7485362
Serbia and Montenegro,OWID_SRM,1700,0.7074442
Serbia and Montenegro,OWID_SRM,1710,0.7030647
Serbia and Montenegro,OWID_SRM,1720,0.6986298
Serbia and Montenegro,OWID_SRM,1730,0.694138
Serbia and Montenegro,OWID_SRM,1740,0.68958724
Serbia and Montenegro,OWID_SRM,1750,0.6849756
Serbia and Montenegro,OWID_SRM,1760,0.680301
Serbia and Montenegro,OWID_SRM,1770,0.6755613
Serbia and Montenegro,OWID_SRM,1780,0.67075425
Serbia and Montenegro,OWID_SRM,1790,0.66587716
Serbia and Montenegro,OWID_SRM,1800,0.66092753
Serbia and Montenegro,OWID_SRM,1810,0.65590274
Serbia and Montenegro,OWID_SRM,1820,0.6507997
Serbia and Montenegro,OWID_SRM,1830,0.64561546
Serbia and Montenegro,OWID_SRM,1840,0.6403464
Serbia and Montenegro,OWID_SRM,1850,0.6350819
Serbia and Montenegro,OWID_SRM,1860,0.6296931
Serbia and Montenegro,OWID_SRM,1870,0.62418985
Serbia and Montenegro,OWID_SRM,1880,0.61857474
Serbia and Montenegro,OWID_SRM,1890,0.6128459
Serbia and Montenegro,OWID_SRM,1900,0.60700357
Serbia and Montenegro,OWID_SRM,1910,0.60104084
Serbia and Montenegro,OWID_SRM,1920,0.59495384
Serbia and Montenegro,OWID_SRM,1930,0.5887369
Serbia and Montenegro,OWID_SRM,1940,0.5823835
Serbia and Montenegro,OWID_SRM,1950,0.57557976
Serbia and Montenegro,OWID_SRM,1951,0.5749214
Serbia and Montenegro,OWID_SRM,1952,0.5742616
Serbia and Montenegro,OWID_SRM,1953,0.5736004
Serbia and Montenegro,OWID_SRM,1954,0.57293755
Serbia and Montenegro,OWID_SRM,1955,0.57227314
Serbia and Montenegro,OWID_SRM,1956,0.5716072
Serbia and Montenegro,OWID_SRM,1957,0.5709398
Serbia and Montenegro,OWID_SRM,1958,0.5702707
Serbia and Montenegro,OWID_SRM,1959,0.56960005
Serbia and Montenegro,OWID_SRM,1960,0.5689279
Serbia and Montenegro,OWID_SRM,1961,0.5649509
Serbia and Montenegro,OWID_SRM,1962,0.5597828
Serbia and Montenegro,OWID_SRM,1963,0.55530834
Serbia and Montenegro,OWID_SRM,1964,0.55094177
Serbia and Montenegro,OWID_SRM,1965,0.54491335
Serbia and Montenegro,OWID_SRM,1966,0.53881115
Serbia and Montenegro,OWID_SRM,1967,0.53543496
Serbia and Montenegro,OWID_SRM,1968,0.5305903
Serbia and Montenegro,OWID_SRM,1969,0.5263722
Serbia and Montenegro,OWID_SRM,1970,0.52047765
Serbia and Montenegro,OWID_SRM,1971,0.5143762
Serbia and Montenegro,OWID_SRM,1972,0.5074217
Serbia and Montenegro,OWID_SRM,1973,0.5006125
Serbia and Montenegro,OWID_SRM,1974,0.4946279
Serbia and Montenegro,OWID_SRM,1975,0.48822832
Serbia and Montenegro,OWID_SRM,1976,0.48204184
Serbia and Montenegro,OWID_SRM,1977,0.47423196
Serbia and Montenegro,OWID_SRM,1978,0.4686942
Serbia and Montenegro,OWID_SRM,1979,0.4627494
Serbia and Montenegro,OWID_SRM,1980,0.45814854
Serbia and Montenegro,OWID_SRM,1981,0.4533051
Serbia and Montenegro,OWID_SRM,1982,0.44839013
Serbia and Montenegro,OWID_SRM,1983,0.44366336
Serbia and Montenegro,OWID_SRM,1984,0.43926314
Serbia and Montenegro,OWID_SRM,1985,0.4360871
Serbia and Montenegro,OWID_SRM,1986,0.4335625
Serbia and Montenegro,OWID_SRM,1987,0.43093386
Serbia and Montenegro,OWID_SRM,1988,0.42863354
Serbia and Montenegro,OWID_SRM,1989,0.4259983
Serbia and Montenegro,OWID_SRM,1990,0.42227653
Serbia and Montenegro,OWID_SRM,1991,0.4125936
Serbia and Montenegro,OWID_SRM,1992,0.4000493
Serbia and Montenegro,OWID_SRM,1993,0.39657813
Serbia and Montenegro,OWID_SRM,1994,0.39471307
Serbia and Montenegro,OWID_SRM,1995,0.39386553
Serbia and Montenegro,OWID_SRM,1996,0.39263576
Serbia and Montenegro,OWID_SRM,1997,0.39510044
Serbia and Montenegro,OWID_SRM,1998,0.397895
Serbia and Montenegro,OWID_SRM,1999,0.3708256
Serbia and Montenegro,OWID_SRM,2000,0.3745353
Serbia and Montenegro,OWID_SRM,2001,0.37653404
Serbia and Montenegro,OWID_SRM,2002,0.37845075
Serbia and Montenegro,OWID_SRM,2003,0.3796622
Serbia and Montenegro,OWID_SRM,2004,0.38119158
Serbia and Montenegro,OWID_SRM,2005,0.3939232
Serbia and Montenegro,OWID_SRM,2006,0.3081453
Serbia and Montenegro,OWID_SRM,2007,0.31142223
Serbia and Montenegro,OWID_SRM,2008,0.3170868
Serbia and Montenegro,OWID_SRM,2009,0.3132273
Serbia and Montenegro,OWID_SRM,2010,0.3186255
Serbia and Montenegro,OWID_SRM,2011,0.31662482
Serbia and Montenegro,OWID_SRM,2012,0.3079839
Serbia and Montenegro,OWID_SRM,2013,0.29212132
Serbia and Montenegro,OWID_SRM,2014,0.29347834
Serbia and Montenegro,OWID_SRM,2015,0.29289278
Serbia and Montenegro,OWID_SRM,2016,0.29374173
Serbia and Montenegro,OWID_SRM,2017,0.29350522
Serbia and Montenegro,OWID_SRM,2018,0.29158387
Serbia and Montenegro,OWID_SRM,2019,0.29095572
Serbia and Montenegro,OWID_SRM,2020,0.2903533
Serbia and Montenegro,OWID_SRM,2021,0.29115784
Serbia and Montenegro,OWID_SRM,2022,0.28989178
Serbia and Montenegro,OWID_SRM,2023,0.29160482
Serbia and Montenegro,OWID_SRM,2024,0.2923344
Serbia and Montenegro,OWID_SRM,2025,0.29306406
Sierra Leone,SLE,-10000,0
Sierra Leone,SLE,-9000,0
Sierra Leone,SLE,-8000,0
Sierra Leone,SLE,-7000,0
Sierra Leone,SLE,-6000,0
Sierra Leone,SLE,-5000,0
Sierra Leone,SLE,-4000,0
Sierra Leone,SLE,-3000,0
Sierra Leone,SLE,-2000,0
Sierra Leone,SLE,-1000,0
Sierra Leone,SLE,0,0
Sierra Leone,SLE,100,0
Sierra Leone,SLE,200,0
Sierra Leone,SLE,300,0
Sierra Leone,SLE,400,0
Sierra Leone,SLE,500,0
Sierra Leone,SLE,600,0
Sierra Leone,SLE,700,0
Sierra Leone,SLE,800,0.4591755
Sierra Leone,SLE,900,0.8265159
Sierra Leone,SLE,1000,0.79984814
Sierra Leone,SLE,1100,0.7712724
Sierra Leone,SLE,1200,0.7404061
Sierra Leone,SLE,1300,0.7067261
Sierra Leone,SLE,1400,0.6694881
Sierra Leone,SLE,1500,0.62757087
Sierra Leone,SLE,1600,0.5791529
Sierra Leone,SLE,1700,0.5209131
Sierra Leone,SLE,1710,0.5143309
Sierra Leone,SLE,1720,0.5075758
Sierra Leone,SLE,1730,0.5006359
Sierra Leone,SLE,1740,0.4934981
Sierra Leone,SLE,1750,0.48614758
Sierra Leone,SLE,1760,0.4785678
Sierra Leone,SLE,1770,0.47074002
Sierra Leone,SLE,1780,0.46264288
Sierra Leone,SLE,1790,0.4542519
Sierra Leone,SLE,1800,0.44553894
Sierra Leone,SLE,1810,0.43647116
Sierra Leone,SLE,1820,0.42701012
Sierra Leone,SLE,1830,0.41711015
Sierra Leone,SLE,1840,0.3987544
Sierra Leone,SLE,1850,0.3803986
Sierra Leone,SLE,1860,0.3620428
Sierra Leone,SLE,1870,0.34368706
Sierra Leone,SLE,1880,0.3253313
Sierra Leone,SLE,1890,0.3069755
Sierra Leone,SLE,1900,0.28861976
Sierra Leone,SLE,1910,0.27026397
Sierra Leone,SLE,1920,0.2519082
Sierra Leone,SLE,1930,0.23355244
Sierra Leone,SLE,1940,0.21519668
Sierra Leone,SLE,1950,0.19684091
Sierra Leone,SLE,1951,0.19500533
Sierra Leone,SLE,1952,0.19316974
Sierra Leone,SLE,1953,0.19133417
Sierra Leone,SLE,1954,0.1894986
Sierra Leone,SLE,1955,0.18766302
Sierra Leone,SLE,1956,0.18582745
Sierra Leone,SLE,1957,0.18399188
Sierra Leone,SLE,1958,0.1821563
Sierra Leone,SLE,1959,0.18032071
Sierra Leone,SLE,1960,0.17848514
Sierra Leone,SLE,1961,0.17602581
Sierra Leone,SLE,1962,0.17562324
Sierra Leone,SLE,1963,0.17511572
Sierra Leone,SLE,1964,0.17452337
Sierra Leone,SLE,1965,0.17385721
Sierra Leone,SLE,1966,0.17312385
Sierra Leone,SLE,1967,0.17231056
Sierra Leone,SLE,1968,0.17330569
Sierra Leone,SLE,1969,0.17217839
Sierra Leone,SLE,1970,0.17086023
Sierra Leone,SLE,1971,0.16935085
Sierra Leone,SLE,1972,0.16767563
Sierra Leone,SLE,1973,0.16586708
Sierra Leone,SLE,1974,0.16396421
Sierra Leone,SLE,1975,0.16199736
Sierra Leone,SLE,1976,0.15997618
Sierra Leone,SLE,1977,0.1579048
Sierra Leone,SLE,1978,0.157357
Sierra Leone,SLE,1979,0.15671697
Sierra Leone,SLE,1980,0.15451169
Sierra Leone,SLE,1981,0.15238252
Sierra Leone,SLE,1982,0.15317415
Sierra Leone,SLE,1983,0.15102178
Sierra Leone,SLE,1984,0.15137316
Sierra Leone,SLE,1985,0.16054533
Sierra Leone,SLE,1986,0.157191
Sierra Leone,SLE,1987,0.15366817
Sierra Leone,SLE,1988,0.14953104
Sierra Leone,SLE,1989,0.14613594
Sierra Leone,SLE,1990,0.14400849
Sierra Leone,SLE,1991,0.14317864
Sierra Leone,SLE,1992,0.14106515
Sierra Leone,SLE,1993,0.14185224
Sierra Leone,SLE,1994,0.14240289
Sierra Leone,SLE,1995,0.1426961
Sierra Leone,SLE,1996,0.14244515
Sierra Leone,SLE,1997,0.14144847
Sierra Leone,SLE,1998,0.13988276
Sierra Leone,SLE,1999,0.13610338
Sierra Leone,SLE,2000,0.133646
Sierra Leone,SLE,2001,0.16912748
Sierra Leone,SLE,2002,0.20779406
Sierra Leone,SLE,2003,0.26284394
Sierra Leone,SLE,2004,0.289121
Sierra Leone,SLE,2005,0.28489077
Sierra Leone,SLE,2006,0.31286997
Sierra Leone,SLE,2007,0.23667853
Sierra Leone,SLE,2008,0.24527799
Sierra Leone,SLE,2009,0.25370905
Sierra Leone,SLE,2010,0.29490745
Sierra Leone,SLE,2011,0.30227715
Sierra Leone,SLE,2012,0.26574543
Sierra Leone,SLE,2013,0.2773741
Sierra Leone,SLE,2014,0.2711674
Sierra Leone,SLE,2015,0.26518166
Sierra Leone,SLE,2016,0.25945443
Sierra Leone,SLE,2017,0.2539694
Sierra Leone,SLE,2018,0.24871147
Sierra Leone,SLE,2019,0.24366684
Sierra Leone,SLE,2020,0.23882276
Sierra Leone,SLE,2021,0.23424387
Sierra Leone,SLE,2022,0.22983725
Sierra Leone,SLE,2023,0.22559336
Sierra Leone,SLE,2024,0.22150335
Sierra Leone,SLE,2025,0.21755901
Singapore,SGP,-10000,0
Singapore,SGP,-9000,0
Singapore,SGP,-8000,0
Singapore,SGP,-7000,0
Singapore,SGP,-6000,0
Singapore,SGP,-5000,0
Singapore,SGP,-4000,0
Singapore,SGP,-3000,0
Singapore,SGP,-2000,0
Singapore,SGP,-1000,0
Singapore,SGP,0,0
Singapore,SGP,100,0
Singapore,SGP,200,0
Singapore,SGP,300,0
Singapore,SGP,400,0
Singapore,SGP,500,0.9921347
Singapore,SGP,600,0.9689455
Singapore,SGP,700,0.94458973
Singapore,SGP,800,0.9189087
Singapore,SGP,900,0.89170605
Singapore,SGP,1000,0.86273384
Singapore,SGP,1100,0.8316729
Singapore,SGP,1200,0.7981006
Singapore,SGP,1300,0.76143783
Singapore,SGP,1400,0.7208571
Singapore,SGP,1500,0.6751069
Singapore,SGP,1600,0.62213904
Singapore,SGP,1700,0.5581847
Singapore,SGP,1710,0.55093473
Singapore,SGP,1720,0.5434888
Singapore,SGP,1730,0.535833
Singapore,SGP,1740,0.52795196
Singapore,SGP,1750,0.5198284
Singapore,SGP,1760,0.5114426
Singapore,SGP,1770,0.5027725
Singapore,SGP,1780,0.49379256
Singapore,SGP,1790,0.48447353
Singapore,SGP,1800,0.4747815
Singapore,SGP,1810,0.46467668
Singapore,SGP,1820,0.45411223
Singapore,SGP,1830,0.443032
Singapore,SGP,1840,0.4313679
Singapore,SGP,1850,0.4190364
Singapore,SGP,1860,0.40593293
Singapore,SGP,1870,0.39192405
Singapore,SGP,1880,0.31250715
Singapore,SGP,1890,0.23814005
Singapore,SGP,1900,0.1807801
Singapore,SGP,1910,0.13616185
Singapore,SGP,1920,0.102618255
Singapore,SGP,1930,0.064028695
Singapore,SGP,1940,0.04877816
Singapore,SGP,1950,0.032589126
Singapore,SGP,1951,0.030772086
Singapore,SGP,1952,0.028908622
Singapore,SGP,1953,0.027040347
Singapore,SGP,1954,0.025213616
Singapore,SGP,1955,0.02346958
Singapore,SGP,1956,0.02183785
Singapore,SGP,1957,0.020337436
Singapore,SGP,1958,0.018983569
Singapore,SGP,1959,0.01778517
Singapore,SGP,1960,0.0085727265
Singapore,SGP,1961,0.00828625
Singapore,SGP,1962,0.00803943
Singapore,SGP,1963,0.0072652567
Singapore,SGP,1964,0.0070864265
Singapore,SGP,1965,0.0069229654
Singapore,SGP,1966,0.0067734155
Singapore,SGP,1967,0.006636967
Singapore,SGP,1968,0.0060094167
Singapore,SGP,1969,0.005898174
Singapore,SGP,1970,0.0057906955
Singapore,SGP,1971,0.0047386163
Singapore,SGP,1972,0.0051202048
Singapore,SGP,1973,0.0050311415
Singapore,SGP,1974,0.004046011
Singapore,SGP,1975,0.0035359992
Singapore,SGP,1976,0.0034890804
Singapore,SGP,1977,0.0034433906
Singapore,SGP,1978,0.0033988815
Singapore,SGP,1979,0.0033555087
Singapore,SGP,1980,0.003313229
Singapore,SGP,1981,0.0028301375
Singapore,SGP,1982,0.0023694877
Singapore,SGP,1983,0.002315701
Singapore,SGP,1984,0.0022643022
Singapore,SGP,1985,0.0018459462
Singapore,SGP,1986,0.0014439207
Singapore,SGP,1987,0.0010593847
Singapore,SGP,1988,0.0010368319
Singapore,SGP,1989,0.00067681284
Singapore,SGP,1990,0.0006629928
Singapore,SGP,1991,0.0003858975
Singapore,SGP,1992,0.00037469043
Singapore,SGP,1993,0.0003641159
Singapore,SGP,1994,0.00035412185
Singapore,SGP,1995,0.0003446618
Singapore,SGP,1996,0.00033620987
Singapore,SGP,1997,0.00032816254
Singapore,SGP,1998,0.00032049147
Singapore,SGP,1999,0.0003131708
Singapore,SGP,2000,0.00010087203
Singapore,SGP,2001,0
Singapore,SGP,2002,0
Singapore,SGP,2003,0
Singapore,SGP,2004,0
Singapore,SGP,2005,0
Singapore,SGP,2006,0
Singapore,SGP,2007,0
Singapore,SGP,2008,0
Singapore,SGP,2009,0
Singapore,SGP,2010,0
Singapore,SGP,2011,0
Singapore,SGP,2012,0
Singapore,SGP,2013,0
Singapore,SGP,2014,0
Singapore,SGP,2015,0
Singapore,SGP,2016,0
Singapore,SGP,2017,0
Singapore,SGP,2018,0
Singapore,SGP,2019,6.254751e-20
Singapore,SGP,2020,0
Singapore,SGP,2021,0
Singapore,SGP,2022,0
Singapore,SGP,2023,0
Singapore,SGP,2024,0
Singapore,SGP,2025,0
Slovakia,SVK,-10000,0
Slovakia,SVK,-9000,0
Slovakia,SVK,-8000,0
Slovakia,SVK,-7000,0
Slovakia,SVK,-6000,0
Slovakia,SVK,-5000,1.1193372
Slovakia,SVK,-4000,1.0854083
Slovakia,SVK,-3000,1.0466151
Slovakia,SVK,-2000,1.0010371
Slovakia,SVK,-1000,0.9452304
Slovakia,SVK,0,0.8719061
Slovakia,SVK,100,0.8630542
Slovakia,SVK,200,0.8538238
Slovakia,SVK,300,0.8441758
Slovakia,SVK,400,0.83406556
Slovakia,SVK,500,0.82343996
Slovakia,SVK,600,0.81223583
Slovakia,SVK,700,0.80037695
Slovakia,SVK,800,0.78777045
Slovakia,SVK,900,0.7743013
Slovakia,SVK,1000,0.7598239
Slovakia,SVK,1100,0.7441509
Slovakia,SVK,1200,0.727034
Slovakia,SVK,1300,0.7081346
Slovakia,SVK,1400,0.68697137
Slovakia,SVK,1500,0.6628246
Slovakia,SVK,1600,0.63453996
Slovakia,SVK,1700,0.6000723
Slovakia,SVK,1710,0.59615546
Slovakia,SVK,1720,0.5921328
Slovakia,SVK,1730,0.58799773
Slovakia,SVK,1740,0.583743
Slovakia,SVK,1750,0.5793604
Slovakia,SVK,1760,0.5748412
Slovakia,SVK,1770,0.5701751
Slovakia,SVK,1780,0.5653511
Slovakia,SVK,1790,0.56035656
Slovakia,SVK,1800,0.55517745
Slovakia,SVK,1810,0.5497975
Slovakia,SVK,1820,0.5441983
Slovakia,SVK,1830,0.53835875
Slovakia,SVK,1840,0.53225416
Slovakia,SVK,1850,0.525856
Slovakia,SVK,1860,0.5191304
Slovakia,SVK,1870,0.51203704
Slovakia,SVK,1880,0.50452733
Slovakia,SVK,1890,0.4965419
Slovakia,SVK,1900,0.488007
Slovakia,SVK,1910,0.4788296
Slovakia,SVK,1920,0.46888933
Slovakia,SVK,1930,0.4580269
Slovakia,SVK,1940,0.44602403
Slovakia,SVK,1950,0.43256992
Slovakia,SVK,1951,0.4311286
Slovakia,SVK,1952,0.42966774
Slovakia,SVK,1953,0.42818677
Slovakia,SVK,1954,0.42668498
Slovakia,SVK,1955,0.42516178
Slovakia,SVK,1956,0.42361644
Slovakia,SVK,1957,0.42204815
Slovakia,SVK,1958,0.42045626
Slovakia,SVK,1959,0.41883987
Slovakia,SVK,1960,0.41719815
Slovakia,SVK,1961,0.41553015
Slovakia,SVK,1962,0.4098894
Slovakia,SVK,1963,0.40525576
Slovakia,SVK,1964,0.4001056
Slovakia,SVK,1965,0.39550078
Slovakia,SVK,1966,0.39137006
Slovakia,SVK,1967,0.3879046
Slovakia,SVK,1968,0.38480777
Slovakia,SVK,1969,0.38151723
Slovakia,SVK,1970,0.3782027
Slovakia,SVK,1971,0.37488708
Slovakia,SVK,1972,0.37155324
Slovakia,SVK,1973,0.3678553
Slovakia,SVK,1974,0.3635954
Slovakia,SVK,1975,0.35851344
Slovakia,SVK,1976,0.35498548
Slovakia,SVK,1977,0.3514621
Slovakia,SVK,1978,0.347083
Slovakia,SVK,1979,0.34154612
Slovakia,SVK,1980,0.33527467
Slovakia,SVK,1981,0.3329203
Slovakia,SVK,1982,0.33059967
Slovakia,SVK,1983,0.32818505
Slovakia,SVK,1984,0.32555243
Slovakia,SVK,1985,0.32251865
Slovakia,SVK,1986,0.32042024
Slovakia,SVK,1987,0.31815666
Slovakia,SVK,1988,0.31566867
Slovakia,SVK,1989,0.31345046
Slovakia,SVK,1990,0.3111317
Slovakia,SVK,1991,0.3072315
Slovakia,SVK,1992,0.3046938
Slovakia,SVK,1993,0.30228743
Slovakia,SVK,1994,0.3011705
Slovakia,SVK,1995,0.2991305
Slovakia,SVK,1996,0.29798642
Slovakia,SVK,1997,0.2970311
Slovakia,SVK,1998,0.29589286
Slovakia,SVK,1999,0.29401657
Slovakia,SVK,2000,0.2914052
Slovakia,SVK,2001,0.272056
Slovakia,SVK,2002,0.265848
Slovakia,SVK,2003,0.2662978
Slovakia,SVK,2004,0.2623137
Slovakia,SVK,2005,0.26165655
Slovakia,SVK,2006,0.25862607
Slovakia,SVK,2007,0.25799826
Slovakia,SVK,2008,0.25810742
Slovakia,SVK,2009,0.25784943
Slovakia,SVK,2010,0.25949636
Slovakia,SVK,2011,0.25773352
Slovakia,SVK,2012,0.25723657
Slovakia,SVK,2013,0.25109336
Slovakia,SVK,2014,0.24963816
Slovakia,SVK,2015,0.2471787
Slovakia,SVK,2016,0.2459936
Slovakia,SVK,2017,0.24463488
Slovakia,SVK,2018,0.24400036
Slovakia,SVK,2019,0.24336913
Slovakia,SVK,2020,0.24274114
Slovakia,SVK,2021,0.24247333
Slovakia,SVK,2022,0.2422061
Slovakia,SVK,2023,0.24193944
Slovakia,SVK,2024,0.2416734
Slovakia,SVK,2025,0.24140793
Slovenia,SVN,-10000,0
Slovenia,SVN,-9000,0
Slovenia,SVN,-8000,0
Slovenia,SVN,-7000,0
Slovenia,SVN,-6000,0
Slovenia,SVN,-5000,0.42163223
Slovenia,SVN,-4000,0.40885186
Slovenia,SVN,-3000,0.39423922
Slovenia,SVN,-2000,0.3770709
Slovenia,SVN,-1000,0.3560496
Slovenia,SVN,0,0.32842976
Slovenia,SVN,100,0.3250955
Slovenia,SVN,200,0.3216185
Slovenia,SVN,300,0.31798434
Slovenia,SVN,400,0.31417602
Slovenia,SVN,500,0.31017357
Slovenia,SVN,600,0.30595317
Slovenia,SVN,700,0.3014862
Slovenia,SVN,800,0.29673758
Slovenia,SVN,900,0.29166397
Slovenia,SVN,1000,0.28621066
Slovenia,SVN,1100,0.28030688
Slovenia,SVN,1200,0.27385932
Slovenia,SVN,1300,0.26674032
Slovenia,SVN,1400,0.25876853
Slovenia,SVN,1500,0.24967289
Slovenia,SVN,1600,0.23901865
Slovenia,SVN,1700,0.22603539
Slovenia,SVN,1710,0.22455995
Slovenia,SVN,1720,0.2230447
Slovenia,SVN,1730,0.22148712
Slovenia,SVN,1740,0.21988443
Slovenia,SVN,1750,0.21823363
Slovenia,SVN,1760,0.21653129
Slovenia,SVN,1770,0.21477368
Slovenia,SVN,1780,0.21295659
Slovenia,SVN,1790,0.21107528
Slovenia,SVN,1800,0.20912436
Slovenia,SVN,1810,0.20709781
Slovenia,SVN,1820,0.20498873
Slovenia,SVN,1830,0.20278908
Slovenia,SVN,1840,0.20048963
Slovenia,SVN,1850,0.19807954
Slovenia,SVN,1860,0.19554617
Slovenia,SVN,1870,0.19287422
Slovenia,SVN,1880,0.19004546
Slovenia,SVN,1890,0.18703751
Slovenia,SVN,1900,0.18382259
Slovenia,SVN,1910,0.18036565
Slovenia,SVN,1920,0.17662135
Slovenia,SVN,1930,0.17252965
Slovenia,SVN,1940,0.16800842
Slovenia,SVN,1950,0.16294053
Slovenia,SVN,1951,0.16239761
Slovenia,SVN,1952,0.16184735
Slovenia,SVN,1953,0.16128948
Slovenia,SVN,1954,0.1607238
Slovenia,SVN,1955,0.16015002
Slovenia,SVN,1956,0.15956792
Slovenia,SVN,1957,0.1589772
Slovenia,SVN,1958,0.15837756
Slovenia,SVN,1959,0.1577687
Slovenia,SVN,1960,0.15715028
Slovenia,SVN,1961,0.15652198
Slovenia,SVN,1962,0.15528336
Slovenia,SVN,1963,0.15429282
Slovenia,SVN,1964,0.15336144
Slovenia,SVN,1965,0.15197338
Slovenia,SVN,1966,0.15057303
Slovenia,SVN,1967,0.14994699
Slovenia,SVN,1968,0.1488963
Slovenia,SVN,1969,0.14797558
Slovenia,SVN,1970,0.14651546
Slovenia,SVN,1971,0.14468879
Slovenia,SVN,1972,0.14270018
Slovenia,SVN,1973,0.14081484
Slovenia,SVN,1974,0.1392027
Slovenia,SVN,1975,0.13749759
Slovenia,SVN,1976,0.13560201
Slovenia,SVN,1977,0.13327526
Slovenia,SVN,1978,0.13159269
Slovenia,SVN,1979,0.12977912
Slovenia,SVN,1980,0.12831037
Slovenia,SVN,1981,0.12727207
Slovenia,SVN,1982,0.12616481
Slovenia,SVN,1983,0.12505373
Slovenia,SVN,1984,0.123970754
Slovenia,SVN,1985,0.123168714
Slovenia,SVN,1986,0.12255474
Slovenia,SVN,1987,0.12182091
Slovenia,SVN,1988,0.12117183
Slovenia,SVN,1989,0.12052866
Slovenia,SVN,1990,0.11973657
Slovenia,SVN,1991,0.11750617
Slovenia,SVN,1992,0.12149276
Slovenia,SVN,1993,0.1204879
Slovenia,SVN,1994,0.11744855
Slovenia,SVN,1995,0.11646802
Slovenia,SVN,1996,0.113702975
Slovenia,SVN,1997,0.10385608
Slovenia,SVN,1998,0.102643155
Slovenia,SVN,1999,0.10193959
Slovenia,SVN,2000,0.102749765
Slovenia,SVN,2001,0.1020746
Slovenia,SVN,2002,0.09939373
Slovenia,SVN,2003,0.101232186
Slovenia,SVN,2004,0.102564186
Slovenia,SVN,2005,0.10189383
Slovenia,SVN,2006,0.10260992
Slovenia,SVN,2007,0.099844895
Slovenia,SVN,2008,0.115661934
Slovenia,SVN,2009,0.116171606
Slovenia,SVN,2010,0.11642723
Slovenia,SVN,2011,0.11634392
Slovenia,SVN,2012,0.115379915
Slovenia,SVN,2013,0.11579826
Slovenia,SVN,2014,0.115357704
Slovenia,SVN,2015,0.11510903
Slovenia,SVN,2016,0.114929624
Slovenia,SVN,2017,0.11472721
Slovenia,SVN,2018,0.1143723
Slovenia,SVN,2019,0.11401957
Slovenia,SVN,2020,0.113669015
Slovenia,SVN,2021,0.11344906
Slovenia,SVN,2022,0.11322995
Slovenia,SVN,2023,0.113011695
Slovenia,SVN,2024,0.11279427
Slovenia,SVN,2025,0.112577684
Solomon Islands,SLB,-10000,0
Solomon Islands,SLB,-9000,0
Solomon Islands,SLB,-8000,0
Solomon Islands,SLB,-7000,0
Solomon Islands,SLB,-6000,0
Solomon Islands,SLB,-5000,0
Solomon Islands,SLB,-4000,0
Solomon Islands,SLB,-3000,0
Solomon Islands,SLB,-2000,0
Solomon Islands,SLB,-1000,0
Solomon Islands,SLB,0,0
Solomon Islands,SLB,100,0
Solomon Islands,SLB,200,0
Solomon Islands,SLB,300,1.0621651
Solomon Islands,SLB,400,1.0353551
Solomon Islands,SLB,500,1.0143298
Solomon Islands,SLB,600,0.9923946
Solomon Islands,SLB,700,0.9694444
Solomon Islands,SLB,800,0.9453529
Solomon Islands,SLB,900,0.9199665
Solomon Islands,SLB,1000,0.89309597
Solomon Islands,SLB,1100,0.8645033
Solomon Islands,SLB,1200,0.8338827
Solomon Islands,SLB,1300,0.8008312
Solomon Islands,SLB,1400,0.7648
Solomon Islands,SLB,1500,0.72501063
Solomon Islands,SLB,1600,0.68029654
Solomon Islands,SLB,1700,0.6287757
Solomon Islands,SLB,1710,0.6231397
Solomon Islands,SLB,1720,0.61739963
Solomon Islands,SLB,1730,0.611551
Solomon Islands,SLB,1740,0.60558814
Solomon Islands,SLB,1750,0.59950554
Solomon Islands,SLB,1760,0.593297
Solomon Islands,SLB,1770,0.5869557
Solomon Islands,SLB,1780,0.5804743
Solomon Islands,SLB,1790,0.57384485
Solomon Islands,SLB,1800,0.5670586
Solomon Islands,SLB,1810,0.5601059
Solomon Islands,SLB,1820,0.5529762
Solomon Islands,SLB,1830,0.5456577
Solomon Islands,SLB,1840,0.5381374
Solomon Islands,SLB,1850,0.5304009
Solomon Islands,SLB,1860,0.5224319
Solomon Islands,SLB,1870,0.514212
Solomon Islands,SLB,1880,0.5057206
Solomon Islands,SLB,1890,0.496934
Solomon Islands,SLB,1900,0.48782519
Solomon Islands,SLB,1910,0.47836295
Solomon Islands,SLB,1920,0.46851075
Solomon Islands,SLB,1930,0.45822576
Solomon Islands,SLB,1940,0.44745708
Solomon Islands,SLB,1950,0.4361436
Solomon Islands,SLB,1951,0.43497953
Solomon Islands,SLB,1952,0.43380922
Solomon Islands,SLB,1953,0.4326325
Solomon Islands,SLB,1954,0.43144944
Solomon Islands,SLB,1955,0.43025982
Solomon Islands,SLB,1956,0.42906356
Solomon Islands,SLB,1957,0.42786062
Solomon Islands,SLB,1958,0.42665085
Solomon Islands,SLB,1959,0.42543423
Solomon Islands,SLB,1960,0.42421055
Solomon Islands,SLB,1961,0.4118752
Solomon Islands,SLB,1962,0.3997953
Solomon Islands,SLB,1963,0.38799995
Solomon Islands,SLB,1964,0.37655705
Solomon Islands,SLB,1965,0.36537156
Solomon Islands,SLB,1966,0.35454455
Solomon Islands,SLB,1967,0.3439949
Solomon Islands,SLB,1968,0.33350897
Solomon Islands,SLB,1969,0.322841
Solomon Islands,SLB,1970,0.31193462
Solomon Islands,SLB,1971,0.2998037
Solomon Islands,SLB,1972,0.28858098
Solomon Islands,SLB,1973,0.27816814
Solomon Islands,SLB,1974,0.2684806
Solomon Islands,SLB,1975,0.2594451
Solomon Islands,SLB,1976,0.24997225
Solomon Islands,SLB,1977,0.24599011
Solomon Islands,SLB,1978,0.242279
Solomon Islands,SLB,1979,0.24331799
Solomon Islands,SLB,1980,0.23556612
Solomon Islands,SLB,1981,0.22769399
Solomon Islands,SLB,1982,0.23257162
Solomon Islands,SLB,1983,0.22528647
Solomon Islands,SLB,1984,0.22610857
Solomon Islands,SLB,1985,0.21944343
Solomon Islands,SLB,1986,0.22022058
Solomon Islands,SLB,1987,0.2104318
Solomon Islands,SLB,1988,0.21141577
Solomon Islands,SLB,1989,0.2090287
Solomon Islands,SLB,1990,0.20353636
Solomon Islands,SLB,1991,0.20068836
Solomon Islands,SLB,1992,0.20104922
Solomon Islands,SLB,1993,0.19546683
Solomon Islands,SLB,1994,0.19018605
Solomon Islands,SLB,1995,0.1879889
Solomon Islands,SLB,1996,0.1826262
Solomon Islands,SLB,1997,0.17756097
Solomon Islands,SLB,1998,0.17534775
Solomon Islands,SLB,1999,0.17325087
Solomon Islands,SLB,2000,0.16881478
Solomon Islands,SLB,2001,0.16629188
Solomon Islands,SLB,2002,0.16621988
Solomon Islands,SLB,2003,0.16839711
Solomon Islands,SLB,2004,0.1660874
Solomon Islands,SLB,2005,0.17666905
Solomon Islands,SLB,2006,0.17994778
Solomon Islands,SLB,2007,0.17701173
Solomon Islands,SLB,2008,0.17814815
Solomon Islands,SLB,2009,0.17922479
Solomon Islands,SLB,2010,0.18582247
Solomon Islands,SLB,2011,0.18702929
Solomon Islands,SLB,2012,0.18640696
Solomon Islands,SLB,2013,0.18233865
Solomon Islands,SLB,2014,0.18099335
Solomon Islands,SLB,2015,0.1797043
Solomon Islands,SLB,2016,0.17765315
Solomon Islands,SLB,2017,0.17887859
Solomon Islands,SLB,2018,0.1753587
Solomon Islands,SLB,2019,0.17197466
Solomon Islands,SLB,2020,0.16871877
Solomon Islands,SLB,2021,0.16580589
Solomon Islands,SLB,2022,0.1629919
Solomon Islands,SLB,2023,0.16027182
Solomon Islands,SLB,2024,0.15764102
Solomon Islands,SLB,2025,0.15509522
Somalia,SOM,-10000,0
Somalia,SOM,-9000,0
Somalia,SOM,-8000,0
Somalia,SOM,-7000,0
Somalia,SOM,-6000,0
Somalia,SOM,-5000,0
Somalia,SOM,-4000,0
Somalia,SOM,-3000,0
Somalia,SOM,-2000,0
Somalia,SOM,-1000,0
Somalia,SOM,0,0
Somalia,SOM,100,0
Somalia,SOM,200,0
Somalia,SOM,300,0
Somalia,SOM,400,0
Somalia,SOM,500,0
Somalia,SOM,600,0
Somalia,SOM,700,0
Somalia,SOM,800,0
Somalia,SOM,900,0
Somalia,SOM,1000,0
Somalia,SOM,1100,0
Somalia,SOM,1200,0
Somalia,SOM,1300,0
Somalia,SOM,1400,0
Somalia,SOM,1500,0.33870423
Somalia,SOM,1600,0.33651358
Somalia,SOM,1700,0.334294
Somalia,SOM,1710,0.3340704
Somalia,SOM,1720,0.33384654
Somalia,SOM,1730,0.33362234
Somalia,SOM,1740,0.3333979
Somalia,SOM,1750,0.3331731
Somalia,SOM,1760,0.33294797
Somalia,SOM,1770,0.33272257
Somalia,SOM,1780,0.3324969
Somalia,SOM,1790,0.3322709
Somalia,SOM,1800,0.33204454
Somalia,SOM,1810,0.33181792
Somalia,SOM,1820,0.331591
Somalia,SOM,1830,0.33136377
Somalia,SOM,1840,0.33113623
Somalia,SOM,1850,0.33090833
Somalia,SOM,1860,0.33068016
Somalia,SOM,1870,0.33045164
Somalia,SOM,1880,0.33022282
Somalia,SOM,1890,0.3299937
Somalia,SOM,1900,0.32976425
Somalia,SOM,1910,0.32953447
Somalia,SOM,1920,0.3293044
Somalia,SOM,1930,0.32907397
Somalia,SOM,1940,0.3288432
Somalia,SOM,1950,0.32861215
Somalia,SOM,1951,0.32858902
Somalia,SOM,1952,0.3285659
Somalia,SOM,1953,0.3285428
Somalia,SOM,1954,0.32851964
Somalia,SOM,1955,0.32849652
Somalia,SOM,1956,0.32847336
Somalia,SOM,1957,0.3284502
Somalia,SOM,1958,0.32842708
Somalia,SOM,1959,0.32840395
Somalia,SOM,1960,0.32838076
Somalia,SOM,1961,0.32159528
Somalia,SOM,1962,0.31661093
Somalia,SOM,1963,0.3116015
Somalia,SOM,1964,0.3065516
Somalia,SOM,1965,0.30145642
Somalia,SOM,1966,0.29581696
Somalia,SOM,1967,0.28960863
Somalia,SOM,1968,0.28366345
Somalia,SOM,1969,0.2789559
Somalia,SOM,1970,0.27579775
Somalia,SOM,1971,0.27519044
Somalia,SOM,1972,0.27625725
Somalia,SOM,1973,0.27524182
Somalia,SOM,1974,0.2674015
Somalia,SOM,1975,0.25126794
Somalia,SOM,1976,0.22846651
Somalia,SOM,1977,0.20404519
Somalia,SOM,1978,0.18273301
Somalia,SOM,1979,0.16712534
Somalia,SOM,1980,0.15725431
Somalia,SOM,1981,0.1521604
Somalia,SOM,1982,0.15037711
Somalia,SOM,1983,0.15058856
Somalia,SOM,1984,0.15115742
Somalia,SOM,1985,0.15091915
Somalia,SOM,1986,0.14954905
Somalia,SOM,1987,0.14747563
Somalia,SOM,1988,0.1450045
Somalia,SOM,1989,0.14249666
Somalia,SOM,1990,0.14086132
Somalia,SOM,1991,0.13975441
Somalia,SOM,1992,0.13927941
Somalia,SOM,1993,0.13883327
Somalia,SOM,1994,0.1384502
Somalia,SOM,1995,0.13705574
Somalia,SOM,1996,0.13443331
Somalia,SOM,1997,0.13099886
Somalia,SOM,1998,0.1266864
Somalia,SOM,1999,0.12235914
Somalia,SOM,2000,0.11840454
Somalia,SOM,2001,0.11527504
Somalia,SOM,2002,0.11396706
Somalia,SOM,2003,0.11274453
Somalia,SOM,2004,0.11437069
Somalia,SOM,2005,0.108166
Somalia,SOM,2006,0.10038889
Somalia,SOM,2007,0.092946604
Somalia,SOM,2008,0.09903885
Somalia,SOM,2009,0.09617364
Somalia,SOM,2010,0.12067468
Somalia,SOM,2011,0.10775907
Somalia,SOM,2012,0.10564677
Somalia,SOM,2013,0.11371468
Somalia,SOM,2014,0.11156972
Somalia,SOM,2015,0.109504186
Somalia,SOM,2016,0.10751374
Somalia,SOM,2017,0.10559437
Somalia,SOM,2018,0.10374232
Somalia,SOM,2019,0.10204466
Somalia,SOM,2020,0.10040454
Somalia,SOM,2021,0.098779134
Somalia,SOM,2022,0.097122245
Somalia,SOM,2023,0.09562155
Somalia,SOM,2024,0.09413627
Somalia,SOM,2025,0.092698425
South Africa,ZAF,-10000,0
South Africa,ZAF,-9000,0
South Africa,ZAF,-8000,0
South Africa,ZAF,-7000,0
South Africa,ZAF,-6000,0
South Africa,ZAF,-5000,0
South Africa,ZAF,-4000,0
South Africa,ZAF,-3000,0
South Africa,ZAF,-2000,0
South Africa,ZAF,-1000,0
South Africa,ZAF,0,0
South Africa,ZAF,100,0
South Africa,ZAF,200,0
South Africa,ZAF,300,0
South Africa,ZAF,400,0
South Africa,ZAF,500,0
South Africa,ZAF,600,0
South Africa,ZAF,700,0
South Africa,ZAF,800,0
South Africa,ZAF,900,0
South Africa,ZAF,1000,0.046472758
South Africa,ZAF,1100,0.058090948
South Africa,ZAF,1200,0.07261369
South Africa,ZAF,1300,0.0907671
South Africa,ZAF,1400,0.11345889
South Africa,ZAF,1500,0.14182362
South Africa,ZAF,1600,0.17727952
South Africa,ZAF,1700,0.22159939
South Africa,ZAF,1710,0.27699924
South Africa,ZAF,1720,0.34624904
South Africa,ZAF,1730,0.4328113
South Africa,ZAF,1740,0.54101413
South Africa,ZAF,1750,0.6762677
South Africa,ZAF,1760,0.67626756
South Africa,ZAF,1770,0.6762676
South Africa,ZAF,1780,0.6762676
South Africa,ZAF,1790,0.6762677
South Africa,ZAF,1800,0.6762676
South Africa,ZAF,1810,0.6762677
South Africa,ZAF,1820,0.6762676
South Africa,ZAF,1830,0.6762676
South Africa,ZAF,1840,0.6762676
South Africa,ZAF,1850,0.6762677
South Africa,ZAF,1860,0.6762676
South Africa,ZAF,1870,0.6762677
South Africa,ZAF,1880,0.6762676
South Africa,ZAF,1890,0.6762676
South Africa,ZAF,1900,0.6762676
South Africa,ZAF,1910,0.6762676
South Africa,ZAF,1920,0.6762676
South Africa,ZAF,1930,0.6762676
South Africa,ZAF,1940,0.6762676
South Africa,ZAF,1950,0.6762676
South Africa,ZAF,1951,0.6762677
South Africa,ZAF,1952,0.6762676
South Africa,ZAF,1953,0.6762676
South Africa,ZAF,1954,0.6762677
South Africa,ZAF,1955,0.6762676
South Africa,ZAF,1956,0.6762676
South Africa,ZAF,1957,0.6762676
South Africa,ZAF,1958,0.6762677
South Africa,ZAF,1959,0.6762676
South Africa,ZAF,1960,0.67626756
South Africa,ZAF,1961,0.67712826
South Africa,ZAF,1962,0.6601604
South Africa,ZAF,1963,0.6446747
South Africa,ZAF,1964,0.6297841
South Africa,ZAF,1965,0.6159374
South Africa,ZAF,1966,0.6005875
South Africa,ZAF,1967,0.5864873
South Africa,ZAF,1968,0.5728548
South Africa,ZAF,1969,0.5598804
South Africa,ZAF,1970,0.54707974
South Africa,ZAF,1971,0.53179663
South Africa,ZAF,1972,0.5171804
South Africa,ZAF,1973,0.50337625
South Africa,ZAF,1974,0.4903182
South Africa,ZAF,1975,0.47775733
South Africa,ZAF,1976,0.46602586
South Africa,ZAF,1977,0.45470035
South Africa,ZAF,1978,0.4446321
South Africa,ZAF,1979,0.4343553
South Africa,ZAF,1980,0.42455643
South Africa,ZAF,1981,0.41388804
South Africa,ZAF,1982,0.40382054
South Africa,ZAF,1983,0.39390507
South Africa,ZAF,1984,0.38446483
South Africa,ZAF,1985,0.37546653
South Africa,ZAF,1986,0.37398255
South Africa,ZAF,1987,0.36420378
South Africa,ZAF,1988,0.35762507
South Africa,ZAF,1989,0.3526844
South Africa,ZAF,1990,0.34795082
South Africa,ZAF,1991,0.34354153
South Africa,ZAF,1992,0.34225947
South Africa,ZAF,1993,0.34091234
South Africa,ZAF,1994,0.33394876
South Africa,ZAF,1995,0.32835835
South Africa,ZAF,1996,0.32611847
South Africa,ZAF,1997,0.32187232
South Africa,ZAF,1998,0.31686568
South Africa,ZAF,1999,0.3135904
South Africa,ZAF,2000,0.31046408
South Africa,ZAF,2001,0.3104689
South Africa,ZAF,2002,0.30669945
South Africa,ZAF,2003,0.3005593
South Africa,ZAF,2004,0.28991464
South Africa,ZAF,2005,0.2836202
South Africa,ZAF,2006,0.26854098
South Africa,ZAF,2007,0.26600286
South Africa,ZAF,2008,0.2679036
South Africa,ZAF,2009,0.26296285
South Africa,ZAF,2010,0.25857314
South Africa,ZAF,2011,0.2459443
South Africa,ZAF,2012,0.24302481
South Africa,ZAF,2013,0.24079897
South Africa,ZAF,2014,0.23861352
South Africa,ZAF,2015,0.23646738
South Africa,ZAF,2016,0.23441014
South Africa,ZAF,2017,0.23238836
South Africa,ZAF,2018,0.23040116
South Africa,ZAF,2019,0.22844766
South Africa,ZAF,2020,0.22652702
South Africa,ZAF,2021,0.22484635
South Africa,ZAF,2022,0.22319044
South Africa,ZAF,2023,0.22155875
South Africa,ZAF,2024,0.21995074
South Africa,ZAF,2025,0.21836588
South America,OWID_SAM,-10000,0
South America,OWID_SAM,-9000,0
South America,OWID_SAM,-8000,0
South America,OWID_SAM,-7000,0
South America,OWID_SAM,-6000,0
South America,OWID_SAM,-5000,0
South America,OWID_SAM,-4000,0
South America,OWID_SAM,-3000,0
South America,OWID_SAM,-2000,0.07254412
South America,OWID_SAM,-1000,0.2795233
South America,OWID_SAM,0,0.24846873
South America,OWID_SAM,100,0.24510132
South America,OWID_SAM,200,0.2416676
South America,OWID_SAM,300,0.23818076
South America,OWID_SAM,400,0.2346359
South America,OWID_SAM,500,0.23103696
South America,OWID_SAM,600,0.22735111
South America,OWID_SAM,700,0.22358519
South America,OWID_SAM,800,0.21970642
South America,OWID_SAM,900,0.22551343
South America,OWID_SAM,1000,0.23271312
South America,OWID_SAM,1100,0.23443304
South America,OWID_SAM,1200,0.23705028
South America,OWID_SAM,1300,0.24688709
South America,OWID_SAM,1400,0.26811522
South America,OWID_SAM,1500,0.26408523
South America,OWID_SAM,1600,0.4637989
South America,OWID_SAM,1700,0.46433315
South America,OWID_SAM,1710,0.46936962
South America,OWID_SAM,1720,0.4742289
South America,OWID_SAM,1730,0.4788689
South America,OWID_SAM,1740,0.48323712
South America,OWID_SAM,1750,0.48727077
South America,OWID_SAM,1760,0.4860408
South America,OWID_SAM,1770,0.48318252
South America,OWID_SAM,1780,0.47844172
South America,OWID_SAM,1790,0.47157416
South America,OWID_SAM,1800,0.4623611
South America,OWID_SAM,1810,0.43575844
South America,OWID_SAM,1820,0.41800618
South America,OWID_SAM,1830,0.39995
South America,OWID_SAM,1840,0.38405484
South America,OWID_SAM,1850,0.37562802
South America,OWID_SAM,1860,0.37912607
South America,OWID_SAM,1870,0.3741991
South America,OWID_SAM,1880,0.37245715
South America,OWID_SAM,1890,0.352138
South America,OWID_SAM,1900,0.34338537
South America,OWID_SAM,1910,0.39772418
South America,OWID_SAM,1920,0.42387033
South America,OWID_SAM,1930,0.47182885
South America,OWID_SAM,1940,0.46779826
South America,OWID_SAM,1950,0.3773397
South America,OWID_SAM,1951,0.37366006
South America,OWID_SAM,1952,0.37003285
South America,OWID_SAM,1953,0.36657396
South America,OWID_SAM,1954,0.36324322
South America,OWID_SAM,1955,0.360009
South America,OWID_SAM,1956,0.3568283
South America,OWID_SAM,1957,0.3536498
South America,OWID_SAM,1958,0.35040712
South America,OWID_SAM,1959,0.34699544
South America,OWID_SAM,1960,0.34300837
South America,OWID_SAM,1961,0.33799613
South America,OWID_SAM,1962,0.33583
South America,OWID_SAM,1963,0.33500272
South America,OWID_SAM,1964,0.33127266
South America,OWID_SAM,1965,0.32840607
South America,OWID_SAM,1966,0.32862416
South America,OWID_SAM,1967,0.32674277
South America,OWID_SAM,1968,0.32918963
South America,OWID_SAM,1969,0.3242085
South America,OWID_SAM,1970,0.31976986
South America,OWID_SAM,1971,0.3148667
South America,OWID_SAM,1972,0.3128785
South America,OWID_SAM,1973,0.30891037
South America,OWID_SAM,1974,0.30535796
South America,OWID_SAM,1975,0.3014596
South America,OWID_SAM,1976,0.29780793
South America,OWID_SAM,1977,0.29380447
South America,OWID_SAM,1978,0.28965506
South America,OWID_SAM,1979,0.28557977
South America,OWID_SAM,1980,0.28184876
South America,OWID_SAM,1981,0.27805448
South America,OWID_SAM,1982,0.27405795
South America,OWID_SAM,1983,0.27042332
South America,OWID_SAM,1984,0.26731068
South America,OWID_SAM,1985,0.2648238
South America,OWID_SAM,1986,0.26278743
South America,OWID_SAM,1987,0.26330847
South America,OWID_SAM,1988,0.26315957
South America,OWID_SAM,1989,0.26256588
South America,OWID_SAM,1990,0.26277173
South America,OWID_SAM,1991,0.2648998
South America,OWID_SAM,1992,0.26252264
South America,OWID_SAM,1993,0.26092935
South America,OWID_SAM,1994,0.2604748
South America,OWID_SAM,1995,0.25823534
South America,OWID_SAM,1996,0.25590837
South America,OWID_SAM,1997,0.25497386
South America,OWID_SAM,1998,0.25447014
South America,OWID_SAM,1999,0.25366524
South America,OWID_SAM,2000,0.25440863
South America,OWID_SAM,2001,0.25330588
South America,OWID_SAM,2002,0.2511685
South America,OWID_SAM,2003,0.2547381
South America,OWID_SAM,2004,0.2627916
South America,OWID_SAM,2005,0.2710137
South America,OWID_SAM,2006,0.27744436
South America,OWID_SAM,2007,0.28315762
South America,OWID_SAM,2008,0.28229466
South America,OWID_SAM,2009,0.28024763
South America,OWID_SAM,2010,0.28885382
South America,OWID_SAM,2011,0.29129627
South America,OWID_SAM,2012,0.29412088
South America,OWID_SAM,2013,0.29740232
South America,OWID_SAM,2014,0.29999575
South America,OWID_SAM,2015,0.3074375
South America,OWID_SAM,2016,0.30640176
South America,OWID_SAM,2017,0.30848777
South America,OWID_SAM,2018,0.30877766
South America,OWID_SAM,2019,0.30950913
South America,OWID_SAM,2020,0.31306857
South America,OWID_SAM,2021,0.3138088
South America,OWID_SAM,2022,0.31414396
South America,OWID_SAM,2023,0.31522357
South America,OWID_SAM,2024,0.31727442
South America,OWID_SAM,2025,0.31865737
South America (excl. Brazil),,-10000,0
South America (excl. Brazil),,-9000,0
South America (excl. Brazil),,-8000,0
South America (excl. Brazil),,-7000,0
South America (excl. Brazil),,-6000,0
South America (excl. Brazil),,-5000,0
South America (excl. Brazil),,-4000,0
South America (excl. Brazil),,-3000,0
South America (excl. Brazil),,-2000,0.17775908
South America (excl. Brazil),,-1000,0.6842615
South America (excl. Brazil),,0,0.63030744
South America (excl. Brazil),,100,0.623663
South America (excl. Brazil),,200,0.6167897
South America (excl. Brazil),,300,0.6097024
South America (excl. Brazil),,400,0.602367
South America (excl. Brazil),,500,0.5947729
South America (excl. Brazil),,600,0.58680785
South America (excl. Brazil),,700,0.5784671
South America (excl. Brazil),,800,0.5696355
South America (excl. Brazil),,900,0.55773044
South America (excl. Brazil),,1000,0.5464897
South America (excl. Brazil),,1100,0.54161346
South America (excl. Brazil),,1200,0.5353348
South America (excl. Brazil),,1300,0.5285013
South America (excl. Brazil),,1400,0.5220986
South America (excl. Brazil),,1500,0.5184618
South America (excl. Brazil),,1600,0.5208702
South America (excl. Brazil),,1700,0.49727368
South America (excl. Brazil),,1710,0.50797945
South America (excl. Brazil),,1720,0.519655
South America (excl. Brazil),,1730,0.5325117
South America (excl. Brazil),,1740,0.54680693
South America (excl. Brazil),,1750,0.5628552
South America (excl. Brazil),,1760,0.57505625
South America (excl. Brazil),,1770,0.58804387
South America (excl. Brazil),,1780,0.6019092
South America (excl. Brazil),,1790,0.6167504
South America (excl. Brazil),,1800,0.6326734
South America (excl. Brazil),,1810,0.6387285
South America (excl. Brazil),,1820,0.64026594
South America (excl. Brazil),,1830,0.6234635
South America (excl. Brazil),,1840,0.6075801
South America (excl. Brazil),,1850,0.5939835
South America (excl. Brazil),,1860,0.59434426
South America (excl. Brazil),,1870,0.58887833
South America (excl. Brazil),,1880,0.56804454
South America (excl. Brazil),,1890,0.531556
South America (excl. Brazil),,1900,0.52076393
South America (excl. Brazil),,1910,0.6217646
South America (excl. Brazil),,1920,0.7022057
South America (excl. Brazil),,1930,0.8272406
South America (excl. Brazil),,1940,0.76242065
South America (excl. Brazil),,1950,0.602988
South America (excl. Brazil),,1951,0.59606904
South America (excl. Brazil),,1952,0.589068
South America (excl. Brazil),,1953,0.5824045
South America (excl. Brazil),,1954,0.5759776
South America (excl. Brazil),,1955,0.56971675
South America (excl. Brazil),,1956,0.5635431
South America (excl. Brazil),,1957,0.5573707
South America (excl. Brazil),,1958,0.55109
South America (excl. Brazil),,1959,0.5445176
South America (excl. Brazil),,1960,0.5368749
South America (excl. Brazil),,1961,0.5271475
South America (excl. Brazil),,1962,0.52300113
South America (excl. Brazil),,1963,0.5214876
South America (excl. Brazil),,1964,0.51426804
South America (excl. Brazil),,1965,0.5086787
South America (excl. Brazil),,1966,0.5090949
South America (excl. Brazil),,1967,0.5053471
South America (excl. Brazil),,1968,0.5101109
South America (excl. Brazil),,1969,0.5002208
South America (excl. Brazil),,1970,0.4913958
South America (excl. Brazil),,1971,0.4828934
South America (excl. Brazil),,1972,0.4801046
South America (excl. Brazil),,1973,0.4733417
South America (excl. Brazil),,1974,0.46736035
South America (excl. Brazil),,1975,0.46065193
South America (excl. Brazil),,1976,0.45439297
South America (excl. Brazil),,1977,0.44738784
South America (excl. Brazil),,1978,0.44004536
South America (excl. Brazil),,1979,0.43280473
South America (excl. Brazil),,1980,0.42620552
South America (excl. Brazil),,1981,0.41921002
South America (excl. Brazil),,1982,0.41176695
South America (excl. Brazil),,1983,0.4049871
South America (excl. Brazil),,1984,0.39916947
South America (excl. Brazil),,1985,0.3945135
South America (excl. Brazil),,1986,0.3897088
South America (excl. Brazil),,1987,0.3824983
South America (excl. Brazil),,1988,0.37600166
South America (excl. Brazil),,1989,0.36802277
South America (excl. Brazil),,1990,0.36038223
South America (excl. Brazil),,1991,0.35388514
South America (excl. Brazil),,1992,0.34772226
South America (excl. Brazil),,1993,0.3415064
South America (excl. Brazil),,1994,0.33871335
South America (excl. Brazil),,1995,0.33309016
South America (excl. Brazil),,1996,0.326441
South America (excl. Brazil),,1997,0.32436693
South America (excl. Brazil),,1998,0.3230459
South America (excl. Brazil),,1999,0.31892136
South America (excl. Brazil),,2000,0.31682462
South America (excl. Brazil),,2001,0.31060153
South America (excl. Brazil),,2002,0.304611
South America (excl. Brazil),,2003,0.3112832
South America (excl. Brazil),,2004,0.3189489
South America (excl. Brazil),,2005,0.32635096
South America (excl. Brazil),,2006,0.3307239
South America (excl. Brazil),,2007,0.33584434
South America (excl. Brazil),,2008,0.3285745
South America (excl. Brazil),,2009,0.32050124
South America (excl. Brazil),,2010,0.334671
South America (excl. Brazil),,2011,0.33741114
South America (excl. Brazil),,2012,0.3391594
South America (excl. Brazil),,2013,0.33771768
South America (excl. Brazil),,2014,0.33364102
South America (excl. Brazil),,2015,0.34086782
South America (excl. Brazil),,2016,0.33324575
South America (excl. Brazil),,2017,0.33226007
South America (excl. Brazil),,2018,0.33258277
South America (excl. Brazil),,2019,0.33374965
South America (excl. Brazil),,2020,0.33847696
South America (excl. Brazil),,2021,0.34108165
South America (excl. Brazil),,2022,0.34058803
South America (excl. Brazil),,2023,0.3445258
South America (excl. Brazil),,2024,0.34692875
South America (excl. Brazil),,2025,0.34929383
South Korea,KOR,-10000,0
South Korea,KOR,-9000,0
South Korea,KOR,-8000,0
South Korea,KOR,-7000,0
South Korea,KOR,-6000,0
South Korea,KOR,-5000,0
South Korea,KOR,-4000,0
South Korea,KOR,-3000,0
South Korea,KOR,-2000,0
South Korea,KOR,-1000,0.81641316
South Korea,KOR,0,0.7117183
South Korea,KOR,100,0.69942206
South Korea,KOR,200,0.6866502
South Korea,KOR,300,0.6733712
South Korea,KOR,400,0.65966356
South Korea,KOR,500,0.64528483
South Korea,KOR,600,0.6302349
South Korea,KOR,700,0.6143196
South Korea,KOR,800,0.59767544
South Korea,KOR,900,0.58004355
South Korea,KOR,1000,0.5612482
South Korea,KOR,1100,0.5411116
South Korea,KOR,1200,0.5193482
South Korea,KOR,1300,0.49559462
South Korea,KOR,1400,0.4693091
South Korea,KOR,1500,0.4397047
South Korea,KOR,1600,0.40550405
South Korea,KOR,1700,0.36421394
South Korea,KOR,1710,0.3595394
South Korea,KOR,1720,0.35474005
South Korea,KOR,1730,0.3498072
South Korea,KOR,1740,0.34473112
South Korea,KOR,1750,0.33950102
South Korea,KOR,1760,0.33410463
South Korea,KOR,1770,0.32852802
South Korea,KOR,1780,0.32275537
South Korea,KOR,1790,0.3167685
South Korea,KOR,1800,0.31054637
South Korea,KOR,1810,0.3040643
South Korea,KOR,1820,0.29729354
South Korea,KOR,1830,0.2901994
South Korea,KOR,1840,0.28274032
South Korea,KOR,1850,0.27486548
South Korea,KOR,1860,0.26651156
South Korea,KOR,1870,0.25759822
South Korea,KOR,1880,0.24802127
South Korea,KOR,1890,0.23764147
South Korea,KOR,1900,0.22626579
South Korea,KOR,1910,0.21361442
South Korea,KOR,1920,0.19925544
South Korea,KOR,1930,0.18246104
South Korea,KOR,1940,0.1618282
South Korea,KOR,1950,0.13391507
South Korea,KOR,1951,0.1304106
South Korea,KOR,1952,0.12670693
South Korea,KOR,1953,0.12277307
South Korea,KOR,1954,0.11856954
South Korea,KOR,1955,0.114044756
South Korea,KOR,1956,0.10912924
South Korea,KOR,1957,0.10372589
South Korea,KOR,1958,0.09769195
South Korea,KOR,1959,0.09080335
South Korea,KOR,1960,0.08267262
South Korea,KOR,1961,0.08028435
South Korea,KOR,1962,0.07691279
South Korea,KOR,1963,0.07555884
South Korea,KOR,1964,0.07692913
South Korea,KOR,1965,0.07804319
South Korea,KOR,1966,0.07750646
South Korea,KOR,1967,0.076431125
South Korea,KOR,1968,0.07503551
South Korea,KOR,1969,0.07323122
South Korea,KOR,1970,0.07134582
South Korea,KOR,1971,0.06942459
South Korea,KOR,1972,0.06750127
South Korea,KOR,1973,0.06646572
South Korea,KOR,1974,0.065402135
South Korea,KOR,1975,0.064513326
South Korea,KOR,1976,0.063454956
South Korea,KOR,1977,0.06228935
South Korea,KOR,1978,0.06110385
South Korea,KOR,1979,0.059790976
South Korea,KOR,1980,0.05862326
South Korea,KOR,1981,0.057473663
South Korea,KOR,1982,0.056360323
South Korea,KOR,1983,0.055154305
South Korea,KOR,1984,0.0539601
South Korea,KOR,1985,0.052925292
South Korea,KOR,1986,0.05221439
South Korea,KOR,1987,0.051640913
South Korea,KOR,1988,0.050914228
South Korea,KOR,1989,0.05006322
South Korea,KOR,1990,0.04906892
South Korea,KOR,1991,0.048272353
South Korea,KOR,1992,0.04741934
South Korea,KOR,1993,0.046715766
South Korea,KOR,1994,0.045864947
South Korea,KOR,1995,0.0444448
South Korea,KOR,1996,0.04329222
South Korea,KOR,1997,0.04257359
South Korea,KOR,1998,0.042017333
South Korea,KOR,1999,0.041533135
South Korea,KOR,2000,0.041706875
South Korea,KOR,2001,0.0408884
South Korea,KOR,2002,0.04014202
South Korea,KOR,2003,0.039595444
South Korea,KOR,2004,0.039203275
South Korea,KOR,2005,0.038772106
South Korea,KOR,2006,0.038077496
South Korea,KOR,2007,0.037515864
South Korea,KOR,2008,0.03685483
South Korea,KOR,2009,0.036220934
South Korea,KOR,2010,0.035593037
South Korea,KOR,2011,0.03515311
South Korea,KOR,2012,0.03572728
South Korea,KOR,2013,0.03524799
South Korea,KOR,2014,0.0347505
South Korea,KOR,2015,0.034419443
South Korea,KOR,2016,0.033619653
South Korea,KOR,2017,0.033062443
South Korea,KOR,2018,0.032479454
South Korea,KOR,2019,0.032096207
South Korea,KOR,2020,0.03169456
South Korea,KOR,2021,0.03131207
South Korea,KOR,2022,0.030909793
South Korea,KOR,2023,0.03057671
South Korea,KOR,2024,0.030215722
South Korea,KOR,2025,0.029855147
Spain,ESP,-10000,0
Spain,ESP,-9000,0
Spain,ESP,-8000,0
Spain,ESP,-7000,0
Spain,ESP,-6000,0
Spain,ESP,-5000,1.5425665
Spain,ESP,-4000,1.5251813
Spain,ESP,-3000,1.8460717
Spain,ESP,-2000,1.4409475
Spain,ESP,-1000,1.6035603
Spain,ESP,0,0.70477146
Spain,ESP,100,0.9008075
Spain,ESP,200,0.8250886
Spain,ESP,300,0.8261779
Spain,ESP,400,0.7781777
Spain,ESP,500,0.7687912
Spain,ESP,600,0.9130463
Spain,ESP,700,0.91474986
Spain,ESP,800,0.91623664
Spain,ESP,900,0.9174695
Spain,ESP,1000,1.0018961
Spain,ESP,1100,1.0901765
Spain,ESP,1200,1.2176018
Spain,ESP,1300,0.6551166
Spain,ESP,1400,1.0555675
Spain,ESP,1500,1.1668376
Spain,ESP,1600,0.83813757
Spain,ESP,1700,1.001671
Spain,ESP,1710,0.9119329
Spain,ESP,1720,0.9115474
Spain,ESP,1730,0.9111462
Spain,ESP,1740,0.910729
Spain,ESP,1750,0.910295
Spain,ESP,1760,0.9098438
Spain,ESP,1770,0.9093749
Spain,ESP,1780,0.90888757
Spain,ESP,1790,0.90838116
Spain,ESP,1800,0.9078551
Spain,ESP,1810,0.90730846
Spain,ESP,1820,0.94281864
Spain,ESP,1830,0.8802484
Spain,ESP,1840,0.954077
Spain,ESP,1850,0.9524239
Spain,ESP,1860,0.89620537
Spain,ESP,1870,0.88005334
Spain,ESP,1880,0.8582946
Spain,ESP,1890,0.8347166
Spain,ESP,1900,0.86755645
Spain,ESP,1910,0.8466083
Spain,ESP,1920,0.8503231
Spain,ESP,1930,0.826095
Spain,ESP,1940,0.8043997
Spain,ESP,1950,0.7395801
Spain,ESP,1951,0.7345871
Spain,ESP,1952,0.72949326
Spain,ESP,1953,0.72435766
Spain,ESP,1954,0.71923643
Spain,ESP,1955,0.7141843
Spain,ESP,1956,0.70925057
Spain,ESP,1957,0.70447206
Spain,ESP,1958,0.6998705
Spain,ESP,1959,0.6954253
Spain,ESP,1960,0.679912
Spain,ESP,1961,0.6726682
Spain,ESP,1962,0.6684406
Spain,ESP,1963,0.66098034
Spain,ESP,1964,0.6445896
Spain,ESP,1965,0.6387511
Spain,ESP,1966,0.61852425
Spain,ESP,1967,0.6220558
Spain,ESP,1968,0.6120215
Spain,ESP,1969,0.6195895
Spain,ESP,1970,0.6038503
Spain,ESP,1971,0.61703473
Spain,ESP,1972,0.6103173
Spain,ESP,1973,0.59879667
Spain,ESP,1974,0.59018975
Spain,ESP,1975,0.58292735
Spain,ESP,1976,0.5724311
Spain,ESP,1977,0.56540275
Spain,ESP,1978,0.55929685
Spain,ESP,1979,0.5526603
Spain,ESP,1980,0.5467082
Spain,ESP,1981,0.543571
Spain,ESP,1982,0.54073024
Spain,ESP,1983,0.53849643
Spain,ESP,1984,0.5358414
Spain,ESP,1985,0.53061444
Spain,ESP,1986,0.5295814
Spain,ESP,1987,0.52767307
Spain,ESP,1988,0.52597934
Spain,ESP,1989,0.5237259
Spain,ESP,1990,0.51870495
Spain,ESP,1991,0.51514626
Spain,ESP,1992,0.5100983
Spain,ESP,1993,0.5013036
Spain,ESP,1994,0.49583793
Spain,ESP,1995,0.4756405
Spain,ESP,1996,0.4834446
Spain,ESP,1997,0.4792127
Spain,ESP,1998,0.4635512
Spain,ESP,1999,0.45687357
Spain,ESP,2000,0.45432368
Spain,ESP,2001,0.44106734
Spain,ESP,2002,0.43066365
Spain,ESP,2003,0.4265687
Spain,ESP,2004,0.41981068
Spain,ESP,2005,0.41119528
Spain,ESP,2006,0.40012062
Spain,ESP,2007,0.39120212
Spain,ESP,2008,0.38378498
Spain,ESP,2009,0.37803563
Spain,ESP,2010,0.37374404
Spain,ESP,2011,0.36663207
Spain,ESP,2012,0.37624907
Spain,ESP,2013,0.36542916
Spain,ESP,2014,0.3645093
Spain,ESP,2015,0.3624378
Spain,ESP,2016,0.3571445
Spain,ESP,2017,0.35414237
Spain,ESP,2018,0.347712
Spain,ESP,2019,0.34556434
Spain,ESP,2020,0.34133133
Spain,ESP,2021,0.3395795
Spain,ESP,2022,0.34200215
Spain,ESP,2023,0.3388589
Spain,ESP,2024,0.33759594
Spain,ESP,2025,0.33634028
Sri Lanka,LKA,-10000,0
Sri Lanka,LKA,-9000,0
Sri Lanka,LKA,-8000,0
Sri Lanka,LKA,-7000,0
Sri Lanka,LKA,-6000,0
Sri Lanka,LKA,-5000,0
Sri Lanka,LKA,-4000,0
Sri Lanka,LKA,-3000,0
Sri Lanka,LKA,-2000,0
Sri Lanka,LKA,-1000,0
Sri Lanka,LKA,0,0
Sri Lanka,LKA,100,0.28285646
Sri Lanka,LKA,200,0.2785691
Sri Lanka,LKA,300,0.27414548
Sri Lanka,LKA,400,0.2695743
Sri Lanka,LKA,500,0.26484263
Sri Lanka,LKA,600,0.2599355
Sri Lanka,LKA,700,0.25483578
Sri Lanka,LKA,800,0.24952339
Sri Lanka,LKA,900,0.24397463
Sri Lanka,LKA,1000,0.2381613
Sri Lanka,LKA,1100,0.23204938
Sri Lanka,LKA,1200,0.22559734
Sri Lanka,LKA,1300,0.21875347
Sri Lanka,LKA,1400,0.2114523
Sri Lanka,LKA,1500,0.20360878
Sri Lanka,LKA,1600,0.19510944
Sri Lanka,LKA,1700,0.18579698
Sri Lanka,LKA,1710,0.18481307
Sri Lanka,LKA,1720,0.1838186
Sri Lanka,LKA,1730,0.18281323
Sri Lanka,LKA,1740,0.18179666
Sri Lanka,LKA,1750,0.1807686
Sri Lanka,LKA,1760,0.17972875
Sri Lanka,LKA,1770,0.17867668
Sri Lanka,LKA,1780,0.1776121
Sri Lanka,LKA,1790,0.17653461
Sri Lanka,LKA,1800,0.17544378
Sri Lanka,LKA,1810,0.17433922
Sri Lanka,LKA,1820,0.17322049
Sri Lanka,LKA,1830,0.16224134
Sri Lanka,LKA,1840,0.18
Sri Lanka,LKA,1850,0.2
Sri Lanka,LKA,1860,0.22910675
Sri Lanka,LKA,1870,0.23060988
Sri Lanka,LKA,1880,0.232113
Sri Lanka,LKA,1890,0.23361613
Sri Lanka,LKA,1900,0.23511922
Sri Lanka,LKA,1910,0.22518006
Sri Lanka,LKA,1920,0.21129505
Sri Lanka,LKA,1930,0.19741005
Sri Lanka,LKA,1940,0.18352503
Sri Lanka,LKA,1950,0.16964002
Sri Lanka,LKA,1951,0.16825153
Sri Lanka,LKA,1952,0.16686302
Sri Lanka,LKA,1953,0.16547452
Sri Lanka,LKA,1954,0.16408603
Sri Lanka,LKA,1955,0.16269752
Sri Lanka,LKA,1956,0.16130902
Sri Lanka,LKA,1957,0.15992053
Sri Lanka,LKA,1958,0.15853201
Sri Lanka,LKA,1959,0.15714352
Sri Lanka,LKA,1960,0.15575503
Sri Lanka,LKA,1961,0.15210184
Sri Lanka,LKA,1962,0.14702205
Sri Lanka,LKA,1963,0.17692819
Sri Lanka,LKA,1964,0.17262706
Sri Lanka,LKA,1965,0.1688443
Sri Lanka,LKA,1966,0.16475286
Sri Lanka,LKA,1967,0.16083845
Sri Lanka,LKA,1968,0.15765299
Sri Lanka,LKA,1969,0.15464634
Sri Lanka,LKA,1970,0.15169285
Sri Lanka,LKA,1971,0.14901103
Sri Lanka,LKA,1972,0.14643839
Sri Lanka,LKA,1973,0.14396842
Sri Lanka,LKA,1974,0.14159508
Sri Lanka,LKA,1975,0.13902317
Sri Lanka,LKA,1976,0.139139
Sri Lanka,LKA,1977,0.1392507
Sri Lanka,LKA,1978,0.1392899
Sri Lanka,LKA,1979,0.12948173
Sri Lanka,LKA,1980,0.12663455
Sri Lanka,LKA,1981,0.12476884
Sri Lanka,LKA,1982,0.119545385
Sri Lanka,LKA,1983,0.11859597
Sri Lanka,LKA,1984,0.11711033
Sri Lanka,LKA,1985,0.1157277
Sri Lanka,LKA,1986,0.11481048
Sri Lanka,LKA,1987,0.11373799
Sri Lanka,LKA,1988,0.112398036
Sri Lanka,LKA,1989,0.11109337
Sri Lanka,LKA,1990,0.1095919
Sri Lanka,LKA,1991,0.10864639
Sri Lanka,LKA,1992,0.107663445
Sri Lanka,LKA,1993,0.10518943
Sri Lanka,LKA,1994,0.104315504
Sri Lanka,LKA,1995,0.10345869
Sri Lanka,LKA,1996,0.1029313
Sri Lanka,LKA,1997,0.10240982
Sri Lanka,LKA,1998,0.10189413
Sri Lanka,LKA,1999,0.102188796
Sri Lanka,LKA,2000,0.10189338
Sri Lanka,LKA,2001,0.10076683
Sri Lanka,LKA,2002,0.09987456
Sri Lanka,LKA,2003,0.0994663
Sri Lanka,LKA,2004,0.095296115
Sri Lanka,LKA,2005,0.104321346
Sri Lanka,LKA,2006,0.09977044
Sri Lanka,LKA,2007,0.096298665
Sri Lanka,LKA,2008,0.1053636
Sri Lanka,LKA,2009,0.10505185
Sri Lanka,LKA,2010,0.10450649
Sri Lanka,LKA,2011,0.10895529
Sri Lanka,LKA,2012,0.10861535
Sri Lanka,LKA,2013,0.10781171
Sri Lanka,LKA,2014,0.107019864
Sri Lanka,LKA,2015,0.10623957
Sri Lanka,LKA,2016,0.10592914
Sri Lanka,LKA,2017,0.10563226
Sri Lanka,LKA,2018,0.10720198
Sri Lanka,LKA,2019,0.106441274
Sri Lanka,LKA,2020,0.10571154
Sri Lanka,LKA,2021,0.105243795
Sri Lanka,LKA,2022,0.10478017
Sri Lanka,LKA,2023,0.10432953
Sri Lanka,LKA,2024,0.10387931
Sri Lanka,LKA,2025,0.10343301
Sudan,SDN,-10000,0
Sudan,SDN,-9000,0
Sudan,SDN,-8000,0
Sudan,SDN,-7000,0
Sudan,SDN,-6000,0
Sudan,SDN,-5000,0
Sudan,SDN,-4000,0
Sudan,SDN,-3000,0
Sudan,SDN,-2000,1.2604349
Sudan,SDN,-1000,1.2581215
Sudan,SDN,0,1.2553648
Sudan,SDN,100,1.2553647
Sudan,SDN,200,1.2553648
Sudan,SDN,300,1.2553648
Sudan,SDN,400,1.2553647
Sudan,SDN,500,1.2553648
Sudan,SDN,600,1.2553648
Sudan,SDN,700,1.2553647
Sudan,SDN,800,1.2553647
Sudan,SDN,900,1.2553647
Sudan,SDN,1000,1.2553648
Sudan,SDN,1100,1.2553647
Sudan,SDN,1200,1.2553647
Sudan,SDN,1300,1.2553647
Sudan,SDN,1400,1.2553648
Sudan,SDN,1500,1.2553647
Sudan,SDN,1600,1.2553647
Sudan,SDN,1700,1.2553647
Sudan,SDN,1710,1.2553564
Sudan,SDN,1720,1.2553487
Sudan,SDN,1730,1.2553414
Sudan,SDN,1740,1.2553345
Sudan,SDN,1750,1.2553283
Sudan,SDN,1760,1.2553226
Sudan,SDN,1770,1.2553176
Sudan,SDN,1780,1.2553134
Sudan,SDN,1790,1.2553097
Sudan,SDN,1800,1.2553071
Sudan,SDN,1810,1.2553053
Sudan,SDN,1820,1.2553047
Sudan,SDN,1830,1.2553053
Sudan,SDN,1840,1.2553072
Sudan,SDN,1850,1.2553107
Sudan,SDN,1860,1.2553657
Sudan,SDN,1870,1.2554657
Sudan,SDN,1880,1.2554864
Sudan,SDN,1890,1.2554989
Sudan,SDN,1900,1.2555361
Sudan,SDN,1910,1.2554946
Sudan,SDN,1920,1.2554712
Sudan,SDN,1930,1.2554396
Sudan,SDN,1940,1.2554377
Sudan,SDN,1950,1.2553648
Sudan,SDN,1951,1.2553647
Sudan,SDN,1952,1.2553648
Sudan,SDN,1953,1.2553647
Sudan,SDN,1954,1.2553647
Sudan,SDN,1955,1.2553647
Sudan,SDN,1956,1.2553648
Sudan,SDN,1957,1.2553647
Sudan,SDN,1958,1.2553647
Sudan,SDN,1959,1.2553648
Sudan,SDN,1960,1.2553647
Sudan,SDN,1961,1.2553647
Sudan,SDN,1962,1.2265911
Sudan,SDN,1963,1.1976466
Sudan,SDN,1964,1.169014
Sudan,SDN,1965,1.1403902
Sudan,SDN,1966,1.1120287
Sudan,SDN,1967,1.0852467
Sudan,SDN,1968,1.0576113
Sudan,SDN,1969,1.030805
Sudan,SDN,1970,1.0042092
Sudan,SDN,1971,0.9783125
Sudan,SDN,1972,0.95315593
Sudan,SDN,1973,0.92326695
Sudan,SDN,1974,0.8913369
Sudan,SDN,1975,0.8677693
Sudan,SDN,1976,0.84421694
Sudan,SDN,1977,0.8217881
Sudan,SDN,1978,0.79235417
Sudan,SDN,1979,0.76030165
Sudan,SDN,1980,0.7298241
Sudan,SDN,1981,0.7018897
Sudan,SDN,1982,0.6783275
Sudan,SDN,1983,0.6588253
Sudan,SDN,1984,0.64691794
Sudan,SDN,1985,0.6380027
Sudan,SDN,1986,0.62844294
Sudan,SDN,1987,0.6184525
Sudan,SDN,1988,0.60766095
Sudan,SDN,1989,0.59597677
Sudan,SDN,1990,0.5862458
Sudan,SDN,1991,0.5769742
Sudan,SDN,1992,0.56766254
Sudan,SDN,1993,0.628391
Sudan,SDN,1994,0.62864053
Sudan,SDN,1995,0.65961033
Sudan,SDN,1996,0.66539764
Sudan,SDN,1997,0.64795023
Sudan,SDN,1998,0.62802833
Sudan,SDN,1999,0.6080585
Sudan,SDN,2000,0.58777547
Sudan,SDN,2001,0.57836145
Sudan,SDN,2002,0.56943977
Sudan,SDN,2003,0.6084419
Sudan,SDN,2004,0.59420806
Sudan,SDN,2005,0.6039195
Sudan,SDN,2006,0.5899207
Sudan,SDN,2007,0.5917446
Sudan,SDN,2008,0.57908076
Sudan,SDN,2009,0.5796735
Sudan,SDN,2010,0.45966265
Sudan,SDN,2011,0.55392236
Sudan,SDN,2012,0.61578864
Sudan,SDN,2013,0.6004625
Sudan,SDN,2014,0.5832911
Sudan,SDN,2015,0.57252353
Sudan,SDN,2016,0.5619152
Sudan,SDN,2017,0.5490946
Sudan,SDN,2018,0.5355691
Sudan,SDN,2019,0.5200766
Sudan,SDN,2020,0.43717688
Sudan,SDN,2021,0.49286574
Sudan,SDN,2022,0.47972733
Sudan,SDN,2023,0.47341764
Sudan,SDN,2024,0.46961796
Sudan,SDN,2025,0.45860153
Suriname,SUR,-10000,0
Suriname,SUR,-9000,0
Suriname,SUR,-8000,0
Suriname,SUR,-7000,0
Suriname,SUR,-6000,0
Suriname,SUR,-5000,0
Suriname,SUR,-4000,0
Suriname,SUR,-3000,0
Suriname,SUR,-2000,0
Suriname,SUR,-1000,1.2559729
Suriname,SUR,0,1.0948818
Suriname,SUR,100,1.0759611
Suriname,SUR,200,1.0563508
Suriname,SUR,300,1.0359838
Suriname,SUR,400,1.0147829
Suriname,SUR,500,0.99265707
Suriname,SUR,600,0.96949834
Suriname,SUR,700,0.9451769
Suriname,SUR,800,0.9195349
Suriname,SUR,900,0.89237714
Suriname,SUR,1000,0.8634572
Suriname,SUR,1100,0.8324584
Suriname,SUR,1200,0.79896116
Suriname,SUR,1300,0.7623915
Suriname,SUR,1400,0.7219304
Suriname,SUR,1500,0.6763408
Suriname,SUR,1600,0.623604
Suriname,SUR,1700,0.5600185
Suriname,SUR,1710,0.5528185
Suriname,SUR,1720,0.5454259
Suriname,SUR,1730,0.53782725
Suriname,SUR,1740,0.53000766
Suriname,SUR,1750,0.5219502
Suriname,SUR,1760,0.513636
Suriname,SUR,1770,0.5050435
Suriname,SUR,1780,0.49614835
Suriname,SUR,1790,0.48692217
Suriname,SUR,1800,0.47733253
Suriname,SUR,1810,0.46734127
Suriname,SUR,1820,0.45690343
Suriname,SUR,1830,0.44596556
Suriname,SUR,1840,0.43446317
Suriname,SUR,1850,0.42231715
Suriname,SUR,1860,0.40942916
Suriname,SUR,1870,0.3956743
Suriname,SUR,1880,0.38089013
Suriname,SUR,1890,0.3648596
Suriname,SUR,1900,0.34728104
Suriname,SUR,1910,0.32771626
Suriname,SUR,1920,0.3054863
Suriname,SUR,1930,0.2794422
Suriname,SUR,1940,0.24735107
Suriname,SUR,1950,0.20365027
Suriname,SUR,1951,0.19812691
Suriname,SUR,1952,0.1922771
Suriname,SUR,1953,0.1860479
Suriname,SUR,1954,0.17937104
Suriname,SUR,1955,0.17215627
Suriname,SUR,1956,0.16428006
Suriname,SUR,1957,0.15556617
Suriname,SUR,1958,0.14574851
Suriname,SUR,1959,0.13439293
Suriname,SUR,1960,0.12070381
Suriname,SUR,1961,0.11737561
Suriname,SUR,1962,0.117521085
Suriname,SUR,1963,0.11127785
Suriname,SUR,1964,0.120744154
Suriname,SUR,1965,0.11452924
Suriname,SUR,1966,0.108462095
Suriname,SUR,1967,0.10263691
Suriname,SUR,1968,0.100074224
Suriname,SUR,1969,0.10358514
Suriname,SUR,1970,0.10235056
Suriname,SUR,1971,0.110030785
Suriname,SUR,1972,0.110415705
Suriname,SUR,1973,0.1167387
Suriname,SUR,1974,0.117776275
Suriname,SUR,1975,0.11857032
Suriname,SUR,1976,0.11899359
Suriname,SUR,1977,0.12186914
Suriname,SUR,1978,0.12172955
Suriname,SUR,1979,0.12426648
Suriname,SUR,1980,0.1350692
Suriname,SUR,1981,0.14312255
Suriname,SUR,1982,0.15108562
Suriname,SUR,1983,0.15603614
Suriname,SUR,1984,0.16047435
Suriname,SUR,1985,0.16690446
Suriname,SUR,1986,0.16982119
Suriname,SUR,1987,0.17724304
Suriname,SUR,1988,0.1737393
Suriname,SUR,1989,0.17021617
Suriname,SUR,1990,0.16688263
Suriname,SUR,1991,0.16377018
Suriname,SUR,1992,0.16084662
Suriname,SUR,1993,0.15812519
Suriname,SUR,1994,0.15559323
Suriname,SUR,1995,0.15324841
Suriname,SUR,1996,0.15109903
Suriname,SUR,1997,0.14694464
Suriname,SUR,1998,0.14515989
Suriname,SUR,1999,0.14346802
Suriname,SUR,2000,0.14183196
Suriname,SUR,2001,0.13605727
Suriname,SUR,2002,0.107650645
Suriname,SUR,2003,0.12491502
Suriname,SUR,2004,0.11952272
Suriname,SUR,2005,0.11023237
Suriname,SUR,2006,0.109060556
Suriname,SUR,2007,0.102019794
Suriname,SUR,2008,0.10094187
Suriname,SUR,2009,0.1210098
Suriname,SUR,2010,0.115946874
Suriname,SUR,2011,0.118714646
Suriname,SUR,2012,0.10648918
Suriname,SUR,2013,0.122256875
Suriname,SUR,2014,0.13041204
Suriname,SUR,2015,0.1293238
Suriname,SUR,2016,0.12825356
Suriname,SUR,2017,0.12182621
Suriname,SUR,2018,0.12083443
Suriname,SUR,2019,0.118096046
Suriname,SUR,2020,0.11365304
Suriname,SUR,2021,0.10764072
Suriname,SUR,2022,0.09136918
Suriname,SUR,2023,0.08987595
Suriname,SUR,2024,0.08330322
Suriname,SUR,2025,0.0768209
Svalbard and Jan Mayen,SJM,1200,0
Svalbard and Jan Mayen,SJM,1300,0
Svalbard and Jan Mayen,SJM,1400,0
Svalbard and Jan Mayen,SJM,1500,0
Svalbard and Jan Mayen,SJM,1600,0
Svalbard and Jan Mayen,SJM,1700,0
Svalbard and Jan Mayen,SJM,1710,0
Svalbard and Jan Mayen,SJM,1720,0
Svalbard and Jan Mayen,SJM,1730,0
Svalbard and Jan Mayen,SJM,1740,0
Svalbard and Jan Mayen,SJM,1750,0
Svalbard and Jan Mayen,SJM,1760,0
Svalbard and Jan Mayen,SJM,1770,0
Svalbard and Jan Mayen,SJM,1780,0
Svalbard and Jan Mayen,SJM,1790,0
Svalbard and Jan Mayen,SJM,1800,0
Svalbard and Jan Mayen,SJM,1810,0
Svalbard and Jan Mayen,SJM,1820,0
Svalbard and Jan Mayen,SJM,1830,0
Svalbard and Jan Mayen,SJM,1840,0
Svalbard and Jan Mayen,SJM,1850,0
Svalbard and Jan Mayen,SJM,1860,0
Svalbard and Jan Mayen,SJM,1870,0
Svalbard and Jan Mayen,SJM,1880,0
Svalbard and Jan Mayen,SJM,1890,0
Svalbard and Jan Mayen,SJM,1900,0
Svalbard and Jan Mayen,SJM,1910,0
Svalbard and Jan Mayen,SJM,1920,0
Svalbard and Jan Mayen,SJM,1930,0
Svalbard and Jan Mayen,SJM,1940,0
Svalbard and Jan Mayen,SJM,1950,0
Svalbard and Jan Mayen,SJM,1951,0
Svalbard and Jan Mayen,SJM,1952,0
Svalbard and Jan Mayen,SJM,1953,0
Svalbard and Jan Mayen,SJM,1954,0
Svalbard and Jan Mayen,SJM,1955,0
Svalbard and Jan Mayen,SJM,1956,0
Svalbard and Jan Mayen,SJM,1957,0
Svalbard and Jan Mayen,SJM,1958,0
Svalbard and Jan Mayen,SJM,1959,0
Svalbard and Jan Mayen,SJM,1960,0
Svalbard and Jan Mayen,SJM,1961,0
Svalbard and Jan Mayen,SJM,1962,0
Svalbard and Jan Mayen,SJM,1963,0
Svalbard and Jan Mayen,SJM,1964,0
Svalbard and Jan Mayen,SJM,1965,0
Svalbard and Jan Mayen,SJM,1966,0
Svalbard and Jan Mayen,SJM,1967,0
Svalbard and Jan Mayen,SJM,1968,0
Svalbard and Jan Mayen,SJM,1969,0
Svalbard and Jan Mayen,SJM,1970,0
Svalbard and Jan Mayen,SJM,1971,0
Svalbard and Jan Mayen,SJM,1972,0
Svalbard and Jan Mayen,SJM,1973,0
Svalbard and Jan Mayen,SJM,1974,0
Svalbard and Jan Mayen,SJM,1975,0
Svalbard and Jan Mayen,SJM,1976,0
Svalbard and Jan Mayen,SJM,1977,0
Svalbard and Jan Mayen,SJM,1978,0
Svalbard and Jan Mayen,SJM,1979,0
Svalbard and Jan Mayen,SJM,1980,0
Svalbard and Jan Mayen,SJM,1981,0
Svalbard and Jan Mayen,SJM,1982,0
Svalbard and Jan Mayen,SJM,1983,0
Svalbard and Jan Mayen,SJM,1984,0
Svalbard and Jan Mayen,SJM,1985,0
Svalbard and Jan Mayen,SJM,1986,0
Svalbard and Jan Mayen,SJM,1987,0
Svalbard and Jan Mayen,SJM,1988,0
Svalbard and Jan Mayen,SJM,1989,0
Svalbard and Jan Mayen,SJM,1990,0
Svalbard and Jan Mayen,SJM,1991,0
Svalbard and Jan Mayen,SJM,1992,0
Svalbard and Jan Mayen,SJM,1993,0
Svalbard and Jan Mayen,SJM,1994,0
Svalbard and Jan Mayen,SJM,1995,0
Svalbard and Jan Mayen,SJM,1996,0
Svalbard and Jan Mayen,SJM,1997,0
Svalbard and Jan Mayen,SJM,1998,0
Svalbard and Jan Mayen,SJM,1999,0
Svalbard and Jan Mayen,SJM,2000,0
Svalbard and Jan Mayen,SJM,2001,0
Svalbard and Jan Mayen,SJM,2002,0
Svalbard and Jan Mayen,SJM,2003,0
Svalbard and Jan Mayen,SJM,2004,0
Svalbard and Jan Mayen,SJM,2005,0
Svalbard and Jan Mayen,SJM,2006,0
Svalbard and Jan Mayen,SJM,2007,0
Svalbard and Jan Mayen,SJM,2008,0
Svalbard and Jan Mayen,SJM,2009,0
Svalbard and Jan Mayen,SJM,2010,0
Svalbard and Jan Mayen,SJM,2011,0
Svalbard and Jan Mayen,SJM,2012,0
Svalbard and Jan Mayen,SJM,2013,0
Svalbard and Jan Mayen,SJM,2014,0
Svalbard and Jan Mayen,SJM,2015,0
Svalbard and Jan Mayen,SJM,2016,0
Svalbard and Jan Mayen,SJM,2017,0
Svalbard and Jan Mayen,SJM,2018,0
Svalbard and Jan Mayen,SJM,2019,0
Svalbard and Jan Mayen,SJM,2020,0
Svalbard and Jan Mayen,SJM,2021,0
Svalbard and Jan Mayen,SJM,2022,0
Svalbard and Jan Mayen,SJM,2023,0
Svalbard and Jan Mayen,SJM,2024,0
Svalbard and Jan Mayen,SJM,2025,0
Sweden,SWE,-10000,0
Sweden,SWE,-9000,0
Sweden,SWE,-8000,0
Sweden,SWE,-7000,0
Sweden,SWE,-6000,0
Sweden,SWE,-5000,0
Sweden,SWE,-4000,0
Sweden,SWE,-3000,1.109757
Sweden,SWE,-2000,1.1392299
Sweden,SWE,-1000,1.1793716
Sweden,SWE,0,1.0878842
Sweden,SWE,100,1.0768393
Sweden,SWE,200,1.0653212
Sweden,SWE,300,1.0532839
Sweden,SWE,400,1.0406704
Sweden,SWE,500,1.0274127
Sweden,SWE,600,1.0134327
Sweden,SWE,700,0.9986363
Sweden,SWE,800,0.9829072
Sweden,SWE,900,0.9661005
Sweden,SWE,1000,0.9480382
Sweden,SWE,1100,0.92848295
Sweden,SWE,1200,0.90712595
Sweden,SWE,1300,0.8835447
Sweden,SWE,1400,0.85713965
Sweden,SWE,1500,0.8270115
Sweden,SWE,1600,0.7917206
Sweden,SWE,1700,0.7487151
Sweden,SWE,1710,0.74382794
Sweden,SWE,1720,0.73880875
Sweden,SWE,1730,0.73364955
Sweden,SWE,1740,0.7283408
Sweden,SWE,1750,0.7228727
Sweden,SWE,1760,0.7110409
Sweden,SWE,1770,0.7138017
Sweden,SWE,1780,0.7134919
Sweden,SWE,1790,0.71255314
Sweden,SWE,1800,0.7081527
Sweden,SWE,1810,0.7170176
Sweden,SWE,1820,0.70432293
Sweden,SWE,1830,0.692821
Sweden,SWE,1840,0.6852297
Sweden,SWE,1850,0.6735576
Sweden,SWE,1860,0.6557964
Sweden,SWE,1870,0.6488637
Sweden,SWE,1880,0.6306221
Sweden,SWE,1890,0.60716206
Sweden,SWE,1900,0.58799356
Sweden,SWE,1910,0.5700148
Sweden,SWE,1920,0.55245405
Sweden,SWE,1930,0.5325611
Sweden,SWE,1940,0.5134742
Sweden,SWE,1950,0.48761353
Sweden,SWE,1951,0.4855524
Sweden,SWE,1952,0.48348397
Sweden,SWE,1953,0.48139396
Sweden,SWE,1954,0.47928667
Sweden,SWE,1955,0.47716394
Sweden,SWE,1956,0.47502014
Sweden,SWE,1957,0.47286
Sweden,SWE,1958,0.47068015
Sweden,SWE,1959,0.46847957
Sweden,SWE,1960,0.46625704
Sweden,SWE,1961,0.47182426
Sweden,SWE,1962,0.46017483
Sweden,SWE,1963,0.43202356
Sweden,SWE,1964,0.42397445
Sweden,SWE,1965,0.40861452
Sweden,SWE,1966,0.39863783
Sweden,SWE,1967,0.39360508
Sweden,SWE,1968,0.38162604
Sweden,SWE,1969,0.38172266
Sweden,SWE,1970,0.37902284
Sweden,SWE,1971,0.37748438
Sweden,SWE,1972,0.37373686
Sweden,SWE,1973,0.37087488
Sweden,SWE,1974,0.36974686
Sweden,SWE,1975,0.36691758
Sweden,SWE,1976,0.36549953
Sweden,SWE,1977,0.36336133
Sweden,SWE,1978,0.36305058
Sweden,SWE,1979,0.36020756
Sweden,SWE,1980,0.35846356
Sweden,SWE,1981,0.35583538
Sweden,SWE,1982,0.35429314
Sweden,SWE,1983,0.35287383
Sweden,SWE,1984,0.35157713
Sweden,SWE,1985,0.34992364
Sweden,SWE,1986,0.34651718
Sweden,SWE,1987,0.34267005
Sweden,SWE,1988,0.33886084
Sweden,SWE,1989,0.33497146
Sweden,SWE,1990,0.33240524
Sweden,SWE,1991,0.32394946
Sweden,SWE,1992,0.3194063
Sweden,SWE,1993,0.3188182
Sweden,SWE,1994,0.3168696
Sweden,SWE,1995,0.31347182
Sweden,SWE,1996,0.31833008
Sweden,SWE,1997,0.31662044
Sweden,SWE,1998,0.31468728
Sweden,SWE,1999,0.31027237
Sweden,SWE,2000,0.29369697
Sweden,SWE,2001,0.30151817
Sweden,SWE,2002,0.29765353
Sweden,SWE,2003,0.29509017
Sweden,SWE,2004,0.2944359
Sweden,SWE,2005,0.29791752
Sweden,SWE,2006,0.2910737
Sweden,SWE,2007,0.2873118
Sweden,SWE,2008,0.28332552
Sweden,SWE,2009,0.28256798
Sweden,SWE,2010,0.27948698
Sweden,SWE,2011,0.2755418
Sweden,SWE,2012,0.2721349
Sweden,SWE,2013,0.26952094
Sweden,SWE,2014,0.26636904
Sweden,SWE,2015,0.2635819
Sweden,SWE,2016,0.26046112
Sweden,SWE,2017,0.25728932
Sweden,SWE,2018,0.2539052
Sweden,SWE,2019,0.25175762
Sweden,SWE,2020,0.24956942
Sweden,SWE,2021,0.24733049
Sweden,SWE,2022,0.24464294
Sweden,SWE,2023,0.24268766
Sweden,SWE,2024,0.24051924
Sweden,SWE,2025,0.23838367
Switzerland,CHE,-10000,0
Switzerland,CHE,-9000,0
Switzerland,CHE,-8000,0
Switzerland,CHE,-7000,0
Switzerland,CHE,-6000,0
Switzerland,CHE,-5000,0.19241273
Switzerland,CHE,-4000,0.2063609
Switzerland,CHE,-3000,0.20330787
Switzerland,CHE,-2000,0.19508739
Switzerland,CHE,-1000,0.184409
Switzerland,CHE,0,0.17010386
Switzerland,CHE,100,0.16837692
Switzerland,CHE,200,0.16657609
Switzerland,CHE,300,0.16469385
Switzerland,CHE,400,0.1627214
Switzerland,CHE,500,0.16064839
Switzerland,CHE,600,0.15846252
Switzerland,CHE,700,0.15614893
Switzerland,CHE,800,0.15368947
Switzerland,CHE,900,0.15106171
Switzerland,CHE,1000,0.14823726
Switzerland,CHE,1100,0.14517955
Switzerland,CHE,1200,0.14184016
Switzerland,CHE,1300,0.13815299
Switzerland,CHE,1400,0.13402416
Switzerland,CHE,1500,0.12931325
Switzerland,CHE,1600,0.12379509
Switzerland,CHE,1700,0.11707066
Switzerland,CHE,1710,0.11630649
Switzerland,CHE,1720,0.115521684
Switzerland,CHE,1730,0.11471495
Switzerland,CHE,1740,0.11388489
Switzerland,CHE,1750,0.11302987
Switzerland,CHE,1760,0.112148196
Switzerland,CHE,1770,0.11123787
Switzerland,CHE,1780,0.11029675
Switzerland,CHE,1790,0.10932235
Switzerland,CHE,1800,0.108311914
Switzerland,CHE,1810,0.10726231
Switzerland,CHE,1820,0.106169954
Switzerland,CHE,1830,0.10563329
Switzerland,CHE,1840,0.10484398
Switzerland,CHE,1850,0.10356049
Switzerland,CHE,1860,0.10184174
Switzerland,CHE,1870,0.100374386
Switzerland,CHE,1880,0.09777988
Switzerland,CHE,1890,0.09608435
Switzerland,CHE,1900,0.092881635
Switzerland,CHE,1910,0.09039362
Switzerland,CHE,1920,0.08778284
Switzerland,CHE,1930,0.08467998
Switzerland,CHE,1940,0.082098484
Switzerland,CHE,1950,0.078703396
Switzerland,CHE,1951,0.07826067
Switzerland,CHE,1952,0.07782088
Switzerland,CHE,1953,0.0773837
Switzerland,CHE,1954,0.07694874
Switzerland,CHE,1955,0.07651565
Switzerland,CHE,1956,0.076084115
Switzerland,CHE,1957,0.07565378
Switzerland,CHE,1958,0.07522431
Switzerland,CHE,1959,0.074795395
Switzerland,CHE,1960,0.07436669
Switzerland,CHE,1961,0.07570354
Switzerland,CHE,1962,0.07454119
Switzerland,CHE,1963,0.07134011
Switzerland,CHE,1964,0.069256045
Switzerland,CHE,1965,0.06737615
Switzerland,CHE,1966,0.06532127
Switzerland,CHE,1967,0.06330446
Switzerland,CHE,1968,0.062099997
Switzerland,CHE,1969,0.06165448
Switzerland,CHE,1970,0.060411472
Switzerland,CHE,1971,0.06017714
Switzerland,CHE,1972,0.060858488
Switzerland,CHE,1973,0.06051284
Switzerland,CHE,1974,0.060614415
Switzerland,CHE,1975,0.06109239
Switzerland,CHE,1976,0.06130399
Switzerland,CHE,1977,0.061500512
Switzerland,CHE,1978,0.062456653
Switzerland,CHE,1979,0.06283602
Switzerland,CHE,1980,0.06387039
Switzerland,CHE,1981,0.06418156
Switzerland,CHE,1982,0.06457401
Switzerland,CHE,1983,0.06512711
Switzerland,CHE,1984,0.06603268
Switzerland,CHE,1985,0.06618724
Switzerland,CHE,1986,0.06570303
Switzerland,CHE,1987,0.06445288
Switzerland,CHE,1988,0.064563654
Switzerland,CHE,1989,0.06517206
Switzerland,CHE,1990,0.0638854
Switzerland,CHE,1991,0.063866176
Switzerland,CHE,1992,0.06303048
Switzerland,CHE,1993,0.06293543
Switzerland,CHE,1994,0.06369058
Switzerland,CHE,1995,0.06349989
Switzerland,CHE,1996,0.06294547
Switzerland,CHE,1997,0.061840363
Switzerland,CHE,1998,0.061356317
Switzerland,CHE,1999,0.060670264
Switzerland,CHE,2000,0.060257766
Switzerland,CHE,2001,0.059949137
Switzerland,CHE,2002,0.059393227
Switzerland,CHE,2003,0.058706462
Switzerland,CHE,2004,0.05824957
Switzerland,CHE,2005,0.057825476
Switzerland,CHE,2006,0.057537124
Switzerland,CHE,2007,0.05712784
Switzerland,CHE,2008,0.0567141
Switzerland,CHE,2009,0.056367323
Switzerland,CHE,2010,0.05581291
Switzerland,CHE,2011,0.05541818
Switzerland,CHE,2012,0.055130914
Switzerland,CHE,2013,0.05484099
Switzerland,CHE,2014,0.054213576
Switzerland,CHE,2015,0.05368873
Switzerland,CHE,2016,0.053460345
Switzerland,CHE,2017,0.053085264
Switzerland,CHE,2018,0.052829936
Switzerland,CHE,2019,0.052599743
Switzerland,CHE,2020,0.052467402
Switzerland,CHE,2021,0.051663995
Switzerland,CHE,2022,0.05151744
Switzerland,CHE,2023,0.051169936
Switzerland,CHE,2024,0.05083193
Switzerland,CHE,2025,0.050497334
Syria,SYR,-10000,0
Syria,SYR,-9000,0.4736207
Syria,SYR,-8000,1.2790092
Syria,SYR,-7000,1.5552492
Syria,SYR,-6000,1.9858953
Syria,SYR,-5000,1.9314445
Syria,SYR,-4000,1.8824679
Syria,SYR,-3000,1.8347237
Syria,SYR,-2000,1.7845813
Syria,SYR,-1000,1.7281872
Syria,SYR,0,1.6598947
Syria,SYR,100,1.6487653
Syria,SYR,200,1.6196514
Syria,SYR,300,1.595058
Syria,SYR,400,1.6019115
Syria,SYR,500,1.6104898
Syria,SYR,600,1.6088947
Syria,SYR,700,1.6013865
Syria,SYR,800,1.5939776
Syria,SYR,900,1.5782932
Syria,SYR,1000,1.5741816
Syria,SYR,1100,1.5618412
Syria,SYR,1200,1.5487835
Syria,SYR,1300,1.534842
Syria,SYR,1400,1.5231575
Syria,SYR,1500,1.5062002
Syria,SYR,1600,1.4863176
Syria,SYR,1700,1.4654375
Syria,SYR,1710,1.4630793
Syria,SYR,1720,1.4606745
Syria,SYR,1730,1.4582208
Syria,SYR,1740,1.455715
Syria,SYR,1750,1.4531537
Syria,SYR,1760,1.4505329
Syria,SYR,1770,1.4478486
Syria,SYR,1780,1.4450957
Syria,SYR,1790,1.4422688
Syria,SYR,1800,1.4393618
Syria,SYR,1810,1.4363678
Syria,SYR,1820,1.4332781
Syria,SYR,1830,1.4297135
Syria,SYR,1840,1.4261422
Syria,SYR,1850,1.4224509
Syria,SYR,1860,1.4186233
Syria,SYR,1870,1.4146401
Syria,SYR,1880,1.4097352
Syria,SYR,1890,1.40482
Syria,SYR,1900,1.4005879
Syria,SYR,1910,1.3960555
Syria,SYR,1920,1.3911628
Syria,SYR,1930,1.3857999
Syria,SYR,1940,1.3769132
Syria,SYR,1950,1.367251
Syria,SYR,1951,1.3664184
Syria,SYR,1952,1.3655682
Syria,SYR,1953,1.3646998
Syria,SYR,1954,1.363813
Syria,SYR,1955,1.3629067
Syria,SYR,1956,1.3619801
Syria,SYR,1957,1.3610319
Syria,SYR,1958,1.360061
Syria,SYR,1959,1.3590659
Syria,SYR,1960,1.3571599
Syria,SYR,1961,1.3513528
Syria,SYR,1962,1.3208978
Syria,SYR,1963,1.2991751
Syria,SYR,1964,1.2794915
Syria,SYR,1965,1.2281206
Syria,SYR,1966,1.1038586
Syria,SYR,1967,1.0678118
Syria,SYR,1968,0.9873885
Syria,SYR,1969,0.9586177
Syria,SYR,1970,0.9304719
Syria,SYR,1971,0.8965561
Syria,SYR,1972,0.87878066
Syria,SYR,1973,0.83164734
Syria,SYR,1974,0.8248233
Syria,SYR,1975,0.7256691
Syria,SYR,1976,0.72548485
Syria,SYR,1977,0.68093884
Syria,SYR,1978,0.6682307
Syria,SYR,1979,0.658524
Syria,SYR,1980,0.6381825
Syria,SYR,1981,0.6232311
Syria,SYR,1982,0.6058762
Syria,SYR,1983,0.5658737
Syria,SYR,1984,0.5520092
Syria,SYR,1985,0.5316457
Syria,SYR,1986,0.51500547
Syria,SYR,1987,0.49930814
Syria,SYR,1988,0.473286
Syria,SYR,1989,0.45955563
Syria,SYR,1990,0.45650333
Syria,SYR,1991,0.4392793
Syria,SYR,1992,0.42517287
Syria,SYR,1993,0.40395096
Syria,SYR,1994,0.39755896
Syria,SYR,1995,0.38825414
Syria,SYR,1996,0.37634307
Syria,SYR,1997,0.37058437
Syria,SYR,1998,0.3593339
Syria,SYR,1999,0.3521268
Syria,SYR,2000,0.3347399
Syria,SYR,2001,0.3305504
Syria,SYR,2002,0.31913072
Syria,SYR,2003,0.31328124
Syria,SYR,2004,0.31281617
Syria,SYR,2005,0.3009069
Syria,SYR,2006,0.29608756
Syria,SYR,2007,0.29514846
Syria,SYR,2008,0.2884927
Syria,SYR,2009,0.28284207
Syria,SYR,2010,0.26936555
Syria,SYR,2011,0.26683405
Syria,SYR,2012,0.2641364
Syria,SYR,2013,0.2609148
Syria,SYR,2014,0.25763816
Syria,SYR,2015,0.2544417
Syria,SYR,2016,0.2513488
Syria,SYR,2017,0.24851397
Syria,SYR,2018,0.24531879
Syria,SYR,2019,0.24228093
Syria,SYR,2020,0.23959072
Syria,SYR,2021,0.23097011
Syria,SYR,2022,0.22163989
Syria,SYR,2023,0.21771431
Syria,SYR,2024,0.21166758
Syria,SYR,2025,0.2057976
Taiwan,TWN,-10000,0
Taiwan,TWN,-9000,0
Taiwan,TWN,-8000,0
Taiwan,TWN,-7000,0
Taiwan,TWN,-6000,0
Taiwan,TWN,-5000,0
Taiwan,TWN,-4000,0.12548183
Taiwan,TWN,-3000,0.37644553
Taiwan,TWN,-2000,0.34928447
Taiwan,TWN,-1000,0.31707826
Taiwan,TWN,0,0.27652436
Taiwan,TWN,100,0.27176365
Taiwan,TWN,200,0.26683006
Taiwan,TWN,300,0.26170695
Taiwan,TWN,400,0.25637498
Taiwan,TWN,500,0.2508115
Taiwan,TWN,600,0.24498962
Taiwan,TWN,700,0.23887703
Taiwan,TWN,800,0.2324345
Taiwan,TWN,900,0.22561356
Taiwan,TWN,1000,0.21835317
Taiwan,TWN,1100,0.2105749
Taiwan,TWN,1200,0.20217516
Taiwan,TWN,1300,0.19301267
Taiwan,TWN,1400,0.18288636
Taiwan,TWN,1500,0.17149411
Taiwan,TWN,1600,0.15834604
Taiwan,TWN,1700,0.14255327
Taiwan,TWN,1710,0.14077036
Taiwan,TWN,1720,0.13894112
Taiwan,TWN,1730,0.13706239
Taiwan,TWN,1740,0.13513072
Taiwan,TWN,1750,0.13314214
Taiwan,TWN,1760,0.13109234
Taiwan,TWN,1770,0.12897636
Taiwan,TWN,1780,0.12678857
Taiwan,TWN,1790,0.12452255
Taiwan,TWN,1800,0.1221709
Taiwan,TWN,1810,0.11972508
Taiwan,TWN,1820,0.117175005
Taiwan,TWN,1830,0.11450882
Taiwan,TWN,1840,0.11171237
Taiwan,TWN,1850,0.10876841
Taiwan,TWN,1860,0.105655804
Taiwan,TWN,1870,0.10234816
Taiwan,TWN,1880,0.098811686
Taiwan,TWN,1890,0.09500214
Taiwan,TWN,1900,0.090859786
Taiwan,TWN,1910,0.0863008
Taiwan,TWN,1920,0.08120133
Taiwan,TWN,1930,0.07536556
Taiwan,TWN,1940,0.06845131
Taiwan,TWN,1950,0.05975777
Taiwan,TWN,1951,0.058738526
Taiwan,TWN,1952,0.05768263
Taiwan,TWN,1953,0.056586586
Taiwan,TWN,1954,0.055446357
Taiwan,TWN,1955,0.054257188
Taiwan,TWN,1956,0.05301349
Taiwan,TWN,1957,0.051708512
Taiwan,TWN,1958,0.050334122
Taiwan,TWN,1959,0.04888028
Taiwan,TWN,1960,0.047334388
Taiwan,TWN,1961,0.045744028
Taiwan,TWN,1962,0.044220217
Taiwan,TWN,1963,0.042760152
Taiwan,TWN,1964,0.041360438
Taiwan,TWN,1965,0.04002153
Taiwan,TWN,1966,0.038737193
Taiwan,TWN,1967,0.03751426
Taiwan,TWN,1968,0.036376167
Taiwan,TWN,1969,0.035348147
Taiwan,TWN,1970,0.034439597
Taiwan,TWN,1971,0.03379204
Taiwan,TWN,1972,0.033168446
Taiwan,TWN,1973,0.0325675
Taiwan,TWN,1974,0.031987995
Taiwan,TWN,1975,0.031428795
Taiwan,TWN,1976,0.03076035
Taiwan,TWN,1977,0.03011973
Taiwan,TWN,1978,0.029505236
Taiwan,TWN,1979,0.028915301
Taiwan,TWN,1980,0.028348485
Taiwan,TWN,1981,0.027900983
Taiwan,TWN,1982,0.027467337
Taiwan,TWN,1983,0.027046915
Taiwan,TWN,1984,0.026639124
Taiwan,TWN,1985,0.026243405
Taiwan,TWN,1986,0.025968054
Taiwan,TWN,1987,0.025698407
Taiwan,TWN,1988,0.025434293
Taiwan,TWN,1989,0.02517554
Taiwan,TWN,1990,0.024921987
Taiwan,TWN,1991,0.024695111
Taiwan,TWN,1992,0.024472343
Taiwan,TWN,1993,0.024253566
Taiwan,TWN,1994,0.02403868
Taiwan,TWN,1995,0.023827575
Taiwan,TWN,1996,0.023652012
Taiwan,TWN,1997,0.02347903
Taiwan,TWN,1998,0.023308568
Taiwan,TWN,1999,0.023140576
Taiwan,TWN,2000,0.022975
Taiwan,TWN,2001,0.022810211
Taiwan,TWN,2002,0.022647772
Taiwan,TWN,2003,0.022487627
Taiwan,TWN,2004,0.022329735
Taiwan,TWN,2005,0.022174042
Taiwan,TWN,2006,0.022079257
Taiwan,TWN,2007,0.021985278
Taiwan,TWN,2008,0.021892095
Taiwan,TWN,2009,0.021799698
Taiwan,TWN,2010,0.02170808
Taiwan,TWN,2011,0.021702375
Taiwan,TWN,2012,0.021696674
Taiwan,TWN,2013,0.021690976
Taiwan,TWN,2014,0.02168528
Taiwan,TWN,2015,0.021679586
Taiwan,TWN,2016,0.021673895
Taiwan,TWN,2017,0.021668209
Taiwan,TWN,2018,0.021662524
Taiwan,TWN,2019,0.021656843
Taiwan,TWN,2020,0.021651166
Taiwan,TWN,2021,0.021685796
Taiwan,TWN,2022,0.021720536
Taiwan,TWN,2023,0.021755386
Taiwan,TWN,2024,0
Taiwan,TWN,2025,0
Tajikistan,TJK,-10000,0
Tajikistan,TJK,-9000,0
Tajikistan,TJK,-8000,0
Tajikistan,TJK,-7000,0
Tajikistan,TJK,-6000,0
Tajikistan,TJK,-5000,0
Tajikistan,TJK,-4000,0
Tajikistan,TJK,-3000,0
Tajikistan,TJK,-2000,1.3974384
Tajikistan,TJK,-1000,1.2744228
Tajikistan,TJK,0,1.121666
Tajikistan,TJK,100,1.1039304
Tajikistan,TJK,200,1.0856061
Tajikistan,TJK,300,1.0666411
Tajikistan,TJK,400,1.0469768
Tajikistan,TJK,500,1.0265447
Tajikistan,TJK,600,1.0052652
Tajikistan,TJK,700,0.98304045
Tajikistan,TJK,800,0.95975477
Tajikistan,TJK,900,0.93528956
Tajikistan,TJK,1000,0.90949893
Tajikistan,TJK,1100,0.8821328
Tajikistan,TJK,1200,0.8529545
Tajikistan,TJK,1300,0.8216303
Tajikistan,TJK,1400,0.7877161
Tajikistan,TJK,1500,0.7505994
Tajikistan,TJK,1600,0.7093966
Tajikistan,TJK,1700,0.6627551
Tajikistan,TJK,1710,0.6577168
Tajikistan,TJK,1720,0.65260005
Tajikistan,TJK,1730,0.6474018
Tajikistan,TJK,1740,0.6421188
Tajikistan,TJK,1750,0.63674736
Tajikistan,TJK,1760,0.6312837
Tajikistan,TJK,1770,0.62572384
Tajikistan,TJK,1780,0.6200633
Tajikistan,TJK,1790,0.6142975
Tajikistan,TJK,1800,0.6084215
Tajikistan,TJK,1810,0.6024297
Tajikistan,TJK,1820,0.5963162
Tajikistan,TJK,1830,0.5900747
Tajikistan,TJK,1840,0.5836984
Tajikistan,TJK,1850,0.5771796
Tajikistan,TJK,1860,0.57051015
Tajikistan,TJK,1870,0.563681
Tajikistan,TJK,1880,0.5566822
Tajikistan,TJK,1890,0.549503
Tajikistan,TJK,1900,0.54213095
Tajikistan,TJK,1910,0.5345529
Tajikistan,TJK,1920,0.52675354
Tajikistan,TJK,1930,0.51871616
Tajikistan,TJK,1940,0.51042175
Tajikistan,TJK,1950,0.5018486
Tajikistan,TJK,1951,0.500975
Tajikistan,TJK,1952,0.50009835
Tajikistan,TJK,1953,0.49921867
Tajikistan,TJK,1954,0.49833584
Tajikistan,TJK,1955,0.4974499
Tajikistan,TJK,1956,0.49656078
Tajikistan,TJK,1957,0.49566844
Tajikistan,TJK,1958,0.4947729
Tajikistan,TJK,1959,0.4938741
Tajikistan,TJK,1960,0.49297205
Tajikistan,TJK,1961,0.47651356
Tajikistan,TJK,1962,0.46097445
Tajikistan,TJK,1963,0.44140226
Tajikistan,TJK,1964,0.42342815
Tajikistan,TJK,1965,0.4079287
Tajikistan,TJK,1966,0.3898024
Tajikistan,TJK,1967,0.37638974
Tajikistan,TJK,1968,0.36355644
Tajikistan,TJK,1969,0.35257468
Tajikistan,TJK,1970,0.34117723
Tajikistan,TJK,1971,0.32937542
Tajikistan,TJK,1972,0.31834447
Tajikistan,TJK,1973,0.30787876
Tajikistan,TJK,1974,0.29921097
Tajikistan,TJK,1975,0.28968763
Tajikistan,TJK,1976,0.28146005
Tajikistan,TJK,1977,0.27369338
Tajikistan,TJK,1978,0.26554877
Tajikistan,TJK,1979,0.25783622
Tajikistan,TJK,1980,0.25130057
Tajikistan,TJK,1981,0.24392006
Tajikistan,TJK,1982,0.23683546
Tajikistan,TJK,1983,0.23025288
Tajikistan,TJK,1984,0.2236827
Tajikistan,TJK,1985,0.21778443
Tajikistan,TJK,1986,0.21108435
Tajikistan,TJK,1987,0.20481049
Tajikistan,TJK,1988,0.19834107
Tajikistan,TJK,1989,0.19133586
Tajikistan,TJK,1990,0.18520518
Tajikistan,TJK,1991,0.18196434
Tajikistan,TJK,1992,0.17935005
Tajikistan,TJK,1993,0.17864485
Tajikistan,TJK,1994,0.17074598
Tajikistan,TJK,1995,0.16604899
Tajikistan,TJK,1996,0.15696296
Tajikistan,TJK,1997,0.1545237
Tajikistan,TJK,1998,0.14749297
Tajikistan,TJK,1999,0.14540498
Tajikistan,TJK,2000,0.14353275
Tajikistan,TJK,2001,0.14175873
Tajikistan,TJK,2002,0.14017546
Tajikistan,TJK,2003,0.13877791
Tajikistan,TJK,2004,0.13709222
Tajikistan,TJK,2005,0.13543585
Tajikistan,TJK,2006,0.13413233
Tajikistan,TJK,2007,0.13180543
Tajikistan,TJK,2008,0.12983571
Tajikistan,TJK,2009,0.13018216
Tajikistan,TJK,2010,0.12803409
Tajikistan,TJK,2011,0.12639035
Tajikistan,TJK,2012,0.124649465
Tajikistan,TJK,2013,0.12794258
Tajikistan,TJK,2014,0.13117437
Tajikistan,TJK,2015,0.13434656
Tajikistan,TJK,2016,0.13746072
Tajikistan,TJK,2017,0.14053215
Tajikistan,TJK,2018,0.13927086
Tajikistan,TJK,2019,0.13803199
Tajikistan,TJK,2020,0.13681497
Tajikistan,TJK,2021,0.13609459
Tajikistan,TJK,2022,0.13538176
Tajikistan,TJK,2023,0.13467637
Tajikistan,TJK,2024,0.13397828
Tajikistan,TJK,2025,0.1332874
Tanzania,TZA,-10000,0
Tanzania,TZA,-9000,0
Tanzania,TZA,-8000,0
Tanzania,TZA,-7000,0
Tanzania,TZA,-6000,0
Tanzania,TZA,-5000,0
Tanzania,TZA,-4000,0
Tanzania,TZA,-3000,0
Tanzania,TZA,-2000,0
Tanzania,TZA,-1000,0
Tanzania,TZA,0,0
Tanzania,TZA,100,0
Tanzania,TZA,200,0
Tanzania,TZA,300,0
Tanzania,TZA,400,0
Tanzania,TZA,500,0
Tanzania,TZA,600,0
Tanzania,TZA,700,0
Tanzania,TZA,800,0
Tanzania,TZA,900,0
Tanzania,TZA,1000,0.56630015
Tanzania,TZA,1100,0.56630015
Tanzania,TZA,1200,0.56630015
Tanzania,TZA,1300,0.56630015
Tanzania,TZA,1400,0.5663002
Tanzania,TZA,1500,0.56630015
Tanzania,TZA,1600,0.56630015
Tanzania,TZA,1700,0.56630015
Tanzania,TZA,1710,0.56630015
Tanzania,TZA,1720,0.56630015
Tanzania,TZA,1730,0.56630015
Tanzania,TZA,1740,0.5663002
Tanzania,TZA,1750,0.5663002
Tanzania,TZA,1760,0.56630015
Tanzania,TZA,1770,0.5663001
Tanzania,TZA,1780,0.56630015
Tanzania,TZA,1790,0.56630015
Tanzania,TZA,1800,0.56630015
Tanzania,TZA,1810,0.56630015
Tanzania,TZA,1820,0.5663002
Tanzania,TZA,1830,0.56630015
Tanzania,TZA,1840,0.56630015
Tanzania,TZA,1850,0.56630015
Tanzania,TZA,1860,0.5663002
Tanzania,TZA,1870,0.56630015
Tanzania,TZA,1880,0.56630015
Tanzania,TZA,1890,0.56630015
Tanzania,TZA,1900,0.56630015
Tanzania,TZA,1910,0.5663002
Tanzania,TZA,1920,0.5663002
Tanzania,TZA,1930,0.5663002
Tanzania,TZA,1940,0.5663002
Tanzania,TZA,1950,0.56630015
Tanzania,TZA,1951,0.56630015
Tanzania,TZA,1952,0.56630015
Tanzania,TZA,1953,0.56630015
Tanzania,TZA,1954,0.56630015
Tanzania,TZA,1955,0.5663002
Tanzania,TZA,1956,0.5663002
Tanzania,TZA,1957,0.56630015
Tanzania,TZA,1958,0.5663002
Tanzania,TZA,1959,0.56630015
Tanzania,TZA,1960,0.56630015
Tanzania,TZA,1961,0.5784026
Tanzania,TZA,1962,0.56159234
Tanzania,TZA,1963,0.6360222
Tanzania,TZA,1964,0.6173331
Tanzania,TZA,1965,0.5991341
Tanzania,TZA,1966,0.5814483
Tanzania,TZA,1967,0.5642413
Tanzania,TZA,1968,0.5474101
Tanzania,TZA,1969,0.5308437
Tanzania,TZA,1970,0.58799624
Tanzania,TZA,1971,0.5695643
Tanzania,TZA,1972,0.5514725
Tanzania,TZA,1973,0.53386253
Tanzania,TZA,1974,0.51688623
Tanzania,TZA,1975,0.5006164
Tanzania,TZA,1976,0.48504528
Tanzania,TZA,1977,0.4700996
Tanzania,TZA,1978,0.51266
Tanzania,TZA,1979,0.49696618
Tanzania,TZA,1980,0.4817173
Tanzania,TZA,1981,0.46687502
Tanzania,TZA,1982,0.45245346
Tanzania,TZA,1983,0.43849677
Tanzania,TZA,1984,0.4250576
Tanzania,TZA,1985,0.45793837
Tanzania,TZA,1986,0.44422248
Tanzania,TZA,1987,0.43106174
Tanzania,TZA,1988,0.41823584
Tanzania,TZA,1989,0.40550557
Tanzania,TZA,1990,0.39277908
Tanzania,TZA,1991,0.38012522
Tanzania,TZA,1992,0.36003444
Tanzania,TZA,1993,0.35169578
Tanzania,TZA,1994,0.3405501
Tanzania,TZA,1995,0.33043203
Tanzania,TZA,1996,0.32455042
Tanzania,TZA,1997,0.3161979
Tanzania,TZA,1998,0.30815014
Tanzania,TZA,1999,0.30037662
Tanzania,TZA,2000,0.29258552
Tanzania,TZA,2001,0.28760982
Tanzania,TZA,2002,0.28250304
Tanzania,TZA,2003,0.27645373
Tanzania,TZA,2004,0.2812315
Tanzania,TZA,2005,0.28708562
Tanzania,TZA,2006,0.29214507
Tanzania,TZA,2007,0.2962142
Tanzania,TZA,2008,0.29984647
Tanzania,TZA,2009,0.29524073
Tanzania,TZA,2010,0.29880983
Tanzania,TZA,2011,0.29465953
Tanzania,TZA,2012,0.2907453
Tanzania,TZA,2013,0.28704748
Tanzania,TZA,2014,0.2835487
Tanzania,TZA,2015,0.28023326
Tanzania,TZA,2016,0.27708712
Tanzania,TZA,2017,0.27409768
Tanzania,TZA,2018,0.27125344
Tanzania,TZA,2019,0.26854414
Tanzania,TZA,2020,0.26594666
Tanzania,TZA,2021,0.2594282
Tanzania,TZA,2022,0.25322166
Tanzania,TZA,2023,0.2503432
Tanzania,TZA,2024,0.24627645
Tanzania,TZA,2025,0.24239129
Thailand,THA,-10000,0
Thailand,THA,-9000,0
Thailand,THA,-8000,0
Thailand,THA,-7000,0
Thailand,THA,-6000,0
Thailand,THA,-5000,0
Thailand,THA,-4000,0
Thailand,THA,-3000,0
Thailand,THA,-2000,0
Thailand,THA,-1000,0.2579755
Thailand,THA,0,0.24937941
Thailand,THA,100,0.2490228
Thailand,THA,200,0.24871503
Thailand,THA,300,0.24844953
Thailand,THA,400,0.24822056
Thailand,THA,500,0.24802318
Thailand,THA,600,0.24785303
Thailand,THA,700,0.24770635
Thailand,THA,800,0.24758
Thailand,THA,900,0.24747115
Thailand,THA,1000,0.2473774
Thailand,THA,1100,0.24729663
Thailand,THA,1200,0.24722709
Thailand,THA,1300,0.24716718
Thailand,THA,1400,0.24711561
Thailand,THA,1500,0.24707119
Thailand,THA,1600,0.24703294
Thailand,THA,1700,0.24700004
Thailand,THA,1710,0.24699701
Thailand,THA,1720,0.24699403
Thailand,THA,1730,0.2469911
Thailand,THA,1740,0.2469882
Thailand,THA,1750,0.24698536
Thailand,THA,1760,0.24698256
Thailand,THA,1770,0.24697976
Thailand,THA,1780,0.24697705
Thailand,THA,1790,0.24697435
Thailand,THA,1800,0.24697171
Thailand,THA,1810,0.24696909
Thailand,THA,1820,0.24696653
Thailand,THA,1830,0.24696401
Thailand,THA,1840,0.24696153
Thailand,THA,1850,0.24695905
Thailand,THA,1860,0.24695665
Thailand,THA,1870,0.24695426
Thailand,THA,1880,0.3064293
Thailand,THA,1890,0.32967526
Thailand,THA,1900,0.35292122
Thailand,THA,1910,0.37616718
Thailand,THA,1920,0.39941314
Thailand,THA,1930,0.40781608
Thailand,THA,1940,0.416219
Thailand,THA,1950,0.42434654
Thailand,THA,1951,0.42354926
Thailand,THA,1952,0.42275193
Thailand,THA,1953,0.42195457
Thailand,THA,1954,0.42115733
Thailand,THA,1955,0.42035997
Thailand,THA,1956,0.4195627
Thailand,THA,1957,0.4187654
Thailand,THA,1958,0.41796806
Thailand,THA,1959,0.41717073
Thailand,THA,1960,0.4155761
Thailand,THA,1961,0.4034709
Thailand,THA,1962,0.40220296
Thailand,THA,1963,0.405722
Thailand,THA,1964,0.4005701
Thailand,THA,1965,0.3960042
Thailand,THA,1966,0.39201346
Thailand,THA,1967,0.3873928
Thailand,THA,1968,0.38249332
Thailand,THA,1969,0.37706476
Thailand,THA,1970,0.37464654
Thailand,THA,1971,0.3671972
Thailand,THA,1972,0.3775763
Thailand,THA,1973,0.3878581
Thailand,THA,1974,0.3964512
Thailand,THA,1975,0.3936005
Thailand,THA,1976,0.3914623
Thailand,THA,1977,0.39142632
Thailand,THA,1978,0.39126015
Thailand,THA,1979,0.38927156
Thailand,THA,1980,0.38547254
Thailand,THA,1981,0.3856633
Thailand,THA,1982,0.38655496
Thailand,THA,1983,0.38108012
Thailand,THA,1984,0.37647423
Thailand,THA,1985,0.3793598
Thailand,THA,1986,0.37614855
Thailand,THA,1987,0.3779377
Thailand,THA,1988,0.3728493
Thailand,THA,1989,0.36652514
Thailand,THA,1990,0.36105978
Thailand,THA,1991,0.35995856
Thailand,THA,1992,0.35414335
Thailand,THA,1993,0.34882295
Thailand,THA,1994,0.34735006
Thailand,THA,1995,0.34590262
Thailand,THA,1996,0.34342209
Thailand,THA,1997,0.34099847
Thailand,THA,1998,0.33861375
Thailand,THA,1999,0.3362986
Thailand,THA,2000,0.3340349
Thailand,THA,2001,0.3317844
Thailand,THA,2002,0.32958335
Thailand,THA,2003,0.32743004
Thailand,THA,2004,0.32532305
Thailand,THA,2005,0.32326078
Thailand,THA,2006,0.32231268
Thailand,THA,2007,0.3213634
Thailand,THA,2008,0.3204423
Thailand,THA,2009,0.31953415
Thailand,THA,2010,0.3186388
Thailand,THA,2011,0.3169891
Thailand,THA,2012,0.315357
Thailand,THA,2013,0.31374595
Thailand,THA,2014,0.3121727
Thailand,THA,2015,0.31059152
Thailand,THA,2016,0.30891475
Thailand,THA,2017,0.30738086
Thailand,THA,2018,0.30577534
Thailand,THA,2019,0.3063336
Thailand,THA,2020,0.30850047
Thailand,THA,2021,0.31070548
Thailand,THA,2022,0.30978456
Thailand,THA,2023,0.31248987
Thailand,THA,2024,0.31402272
Thailand,THA,2025,0.31554666
Togo,TGO,-10000,0
Togo,TGO,-9000,0
Togo,TGO,-8000,0
Togo,TGO,-7000,0
Togo,TGO,-6000,0
Togo,TGO,-5000,0
Togo,TGO,-4000,0
Togo,TGO,-3000,0
Togo,TGO,-2000,0
Togo,TGO,-1000,0
Togo,TGO,0,0
Togo,TGO,100,0
Togo,TGO,200,0
Togo,TGO,300,0
Togo,TGO,400,0
Togo,TGO,500,0
Togo,TGO,600,0
Togo,TGO,700,0
Togo,TGO,800,0.031756733
Togo,TGO,900,0.055574287
Togo,TGO,1000,0.055729825
Togo,TGO,1100,0.05588451
Togo,TGO,1200,0.05603834
Togo,TGO,1300,0.05619133
Togo,TGO,1400,0.056343492
Togo,TGO,1500,0.05649484
Togo,TGO,1600,0.056645375
Togo,TGO,1700,0.056795117
Togo,TGO,1710,0.081038736
Togo,TGO,1720,0.10124926
Togo,TGO,1730,0.11966764
Togo,TGO,1740,0.13652357
Togo,TGO,1750,0.15200914
Togo,TGO,1760,0.16628614
Togo,TGO,1770,0.17949188
Togo,TGO,1780,0.19174364
Togo,TGO,1790,0.20314217
Togo,TGO,1800,0.21377449
Togo,TGO,1810,0.22371623
Togo,TGO,1820,0.2330333
Togo,TGO,1830,0.2417836
Togo,TGO,1840,0.25001797
Togo,TGO,1850,0.2577814
Togo,TGO,1860,0.25784838
Togo,TGO,1870,0.25791532
Togo,TGO,1880,0.2579822
Togo,TGO,1890,0.26322025
Togo,TGO,1900,0.2632884
Togo,TGO,1910,0.26335657
Togo,TGO,1920,0.25824443
Togo,TGO,1930,0.25831112
Togo,TGO,1940,0.25837785
Togo,TGO,1950,1.1828552
Togo,TGO,1951,1.1828858
Togo,TGO,1952,1.1829162
Togo,TGO,1953,1.1829467
Togo,TGO,1954,1.1829772
Togo,TGO,1955,1.1830077
Togo,TGO,1956,1.1830382
Togo,TGO,1957,1.1830686
Togo,TGO,1958,1.1830993
Togo,TGO,1959,1.1831297
Togo,TGO,1960,1.1831602
Togo,TGO,1961,1.17056
Togo,TGO,1962,1.1595066
Togo,TGO,1963,1.1459991
Togo,TGO,1964,1.125101
Togo,TGO,1965,1.0973704
Togo,TGO,1966,1.0569162
Togo,TGO,1967,1.0105408
Togo,TGO,1968,0.9636238
Togo,TGO,1969,0.921418
Togo,TGO,1970,0.88630605
Togo,TGO,1971,0.8601513
Togo,TGO,1972,0.83645445
Togo,TGO,1973,0.81620425
Togo,TGO,1974,0.797752
Togo,TGO,1975,0.77993864
Togo,TGO,1976,0.7628462
Togo,TGO,1977,0.7464565
Togo,TGO,1978,0.76849365
Togo,TGO,1979,0.76811135
Togo,TGO,1980,0.74793106
Togo,TGO,1981,0.7236742
Togo,TGO,1982,0.6980974
Togo,TGO,1983,0.6724521
Togo,TGO,1984,0.6639626
Togo,TGO,1985,0.642485
Togo,TGO,1986,0.6212805
Togo,TGO,1987,0.60735506
Togo,TGO,1988,0.59744364
Togo,TGO,1989,0.5805164
Togo,TGO,1990,0.57038134
Togo,TGO,1991,0.5628149
Togo,TGO,1992,0.55495054
Togo,TGO,1993,0.5485955
Togo,TGO,1994,0.5403923
Togo,TGO,1995,0.5311154
Togo,TGO,1996,0.520663
Togo,TGO,1997,0.51383257
Togo,TGO,1998,0.5022416
Togo,TGO,1999,0.49112004
Togo,TGO,2000,0.48286173
Togo,TGO,2001,0.47341722
Togo,TGO,2002,0.46463162
Togo,TGO,2003,0.45628214
Togo,TGO,2004,0.44809026
Togo,TGO,2005,0.44340676
Togo,TGO,2006,0.4402349
Togo,TGO,2007,0.43268853
Togo,TGO,2008,0.427635
Togo,TGO,2009,0.4194
Togo,TGO,2010,0.44211835
Togo,TGO,2011,0.4331405
Togo,TGO,2012,0.45398957
Togo,TGO,2013,0.44044486
Togo,TGO,2014,0.4320146
Togo,TGO,2015,0.423901
Togo,TGO,2016,0.4160865
Togo,TGO,2017,0.40855494
Togo,TGO,2018,0.40129116
Togo,TGO,2019,0.39428115
Togo,TGO,2020,0.38751188
Togo,TGO,2021,0.38126358
Togo,TGO,2022,0.37521356
Togo,TGO,2023,0.36935258
Togo,TGO,2024,0.36367187
Togo,TGO,2025,0.35816327
Tonga,TON,-1000,1.5112548
Tonga,TON,0,1.3254421
Tonga,TON,100,1.3037822
Tonga,TON,200,1.2813774
Tonga,TON,300,1.258161
Tonga,TON,400,1.2340542
Tonga,TON,500,1.208967
Tonga,TON,600,1.182793
Tonga,TON,700,1.1554062
Tonga,TON,800,1.1266558
Tonga,TON,900,1.0963581
Tonga,TON,1000,1.0642861
Tonga,TON,1100,1.0301553
Tonga,TON,1200,0.9935993
Tonga,TON,1300,0.95413506
Tonga,TON,1400,0.9111046
Tonga,TON,1500,0.8635734
Tonga,TON,1600,0.81014
Tonga,TON,1700,0.7485398
Tonga,TON,1710,0.74179834
Tonga,TON,1720,0.7349322
Tonga,TON,1730,0.72793525
Tonga,TON,1740,0.7208011
Tonga,TON,1750,0.713523
Tonga,TON,1760,0.7060931
Tonga,TON,1770,0.6985037
Tonga,TON,1780,0.6907455
Tonga,TON,1790,0.68280905
Tonga,TON,1800,0.6746837
Tonga,TON,1810,0.6663578
Tonga,TON,1820,0.65781844
Tonga,TON,1830,0.6490514
Tonga,TON,1840,0.64004093
Tonga,TON,1850,0.63076943
Tonga,TON,1860,0.621217
Tonga,TON,1870,0.6113613
Tonga,TON,1880,0.60117733
Tonga,TON,1890,0.59063596
Tonga,TON,1900,0.57970434
Tonga,TON,1910,0.56834406
Tonga,TON,1920,0.5565106
Tonga,TON,1930,0.54415125
Tonga,TON,1940,0.5312034
Tonga,TON,1950,0.51759154
Tonga,TON,1951,0.5161904
Tonga,TON,1952,0.5147817
Tonga,TON,1953,0.5133136
Tonga,TON,1954,0.5118904
Tonga,TON,1955,0.51031655
Tonga,TON,1956,0.5088791
Tonga,TON,1957,0.5072235
Tonga,TON,1958,0.50579804
Tonga,TON,1959,0.5043369
Tonga,TON,1960,0.5032234
Tonga,TON,1961,0.486298
Tonga,TON,1962,0.48584098
Tonga,TON,1963,0.46650732
Tonga,TON,1964,0.448616
Tonga,TON,1965,0.448823
Tonga,TON,1966,0.45032993
Tonga,TON,1967,0.4373815
Tonga,TON,1968,0.42635214
Tonga,TON,1969,0.44561076
Tonga,TON,1970,0.423949
Tonga,TON,1971,0.41999248
Tonga,TON,1972,0.41610906
Tonga,TON,1973,0.41229683
Tonga,TON,1974,0.40855384
Tonga,TON,1975,0.4048782
Tonga,TON,1976,0.38729984
Tonga,TON,1977,0.38330168
Tonga,TON,1978,0.37938523
Tonga,TON,1979,0.375548
Tonga,TON,1980,0.38460794
Tonga,TON,1981,0.3838279
Tonga,TON,1982,0.38305098
Tonga,TON,1983,0.3695347
Tonga,TON,1984,0.36878973
Tonga,TON,1985,0.36804777
Tonga,TON,1986,0.36710525
Tonga,TON,1987,0.36616755
Tonga,TON,1988,0.36523458
Tonga,TON,1989,0.351621
Tonga,TON,1990,0.35073212
Tonga,TON,1991,0.34988353
Tonga,TON,1992,0.34904006
Tonga,TON,1993,0.34818026
Tonga,TON,1994,0.34732848
Tonga,TON,1995,0.35902196
Tonga,TON,1996,0.35721904
Tonga,TON,1997,0.3307421
Tonga,TON,1998,0.329108
Tonga,TON,1999,0.32748944
Tonga,TON,2000,0.31390736
Tonga,TON,2001,0.31199807
Tonga,TON,2002,0.31011218
Tonga,TON,2003,0.30824918
Tonga,TON,2004,0.30640876
Tonga,TON,2005,0.30459052
Tonga,TON,2006,0.31435525
Tonga,TON,2007,0.31244203
Tonga,TON,2008,0.31058165
Tonga,TON,2009,0.32012206
Tonga,TON,2010,0.318207
Tonga,TON,2011,0.31689504
Tonga,TON,2012,0.3268651
Tonga,TON,2013,0.3255285
Tonga,TON,2014,0.33533826
Tonga,TON,2015,0.34035707
Tonga,TON,2016,0.33887255
Tonga,TON,2017,0.33739915
Tonga,TON,2018,0.33593673
Tonga,TON,2019,0.3344853
Tonga,TON,2020,0.3330447
Tonga,TON,2021,0.33230662
Tonga,TON,2022,0.33157006
Tonga,TON,2023,0.330835
Tonga,TON,2024,0.33010167
Tonga,TON,2025,0.32936996
Trinidad and Tobago,TTO,500,0
Trinidad and Tobago,TTO,600,0
Trinidad and Tobago,TTO,700,0
Trinidad and Tobago,TTO,800,0
Trinidad and Tobago,TTO,900,0
Trinidad and Tobago,TTO,1000,0
Trinidad and Tobago,TTO,1100,0
Trinidad and Tobago,TTO,1200,0
Trinidad and Tobago,TTO,1300,0
Trinidad and Tobago,TTO,1400,0
Trinidad and Tobago,TTO,1500,0.89502627
Trinidad and Tobago,TTO,1600,0.82493967
Trinidad and Tobago,TTO,1700,0.740353
Trinidad and Tobago,TTO,1710,0.73076755
Trinidad and Tobago,TTO,1720,0.7209238
Trinidad and Tobago,TTO,1730,0.71080357
Trinidad and Tobago,TTO,1740,0.7003868
Trinidad and Tobago,TTO,1750,0.6896505
Trinidad and Tobago,TTO,1760,0.6785691
Trinidad and Tobago,TTO,1770,0.6671134
Trinidad and Tobago,TTO,1780,0.65525025
Trinidad and Tobago,TTO,1790,0.6429412
Trinidad and Tobago,TTO,1800,0.6301419
Trinidad and Tobago,TTO,1810,0.6168003
Trinidad and Tobago,TTO,1820,0.60285515
Trinidad and Tobago,TTO,1830,0.60117
Trinidad and Tobago,TTO,1840,0.36343592
Trinidad and Tobago,TTO,1850,0.55658406
Trinidad and Tobago,TTO,1860,0.5393122
Trinidad and Tobago,TTO,1870,0.5208568
Trinidad and Tobago,TTO,1880,0.5009918
Trinidad and Tobago,TTO,1890,0.4794127
Trinidad and Tobago,TTO,1900,0.42110476
Trinidad and Tobago,TTO,1910,0.42881697
Trinidad and Tobago,TTO,1920,0.3989767
Trinidad and Tobago,TTO,1930,0.36296588
Trinidad and Tobago,TTO,1940,0.31853074
Trinidad and Tobago,TTO,1950,0.25606424
Trinidad and Tobago,TTO,1951,0.2479342
Trinidad and Tobago,TTO,1952,0.23922743
Trinidad and Tobago,TTO,1953,0.22983284
Trinidad and Tobago,TTO,1954,0.21959776
Trinidad and Tobago,TTO,1955,0.20832813
Trinidad and Tobago,TTO,1956,0.19563724
Trinidad and Tobago,TTO,1957,0.18106274
Trinidad and Tobago,TTO,1958,0.16366585
Trinidad and Tobago,TTO,1959,0.14144504
Trinidad and Tobago,TTO,1960,0.10842932
Trinidad and Tobago,TTO,1961,0.10631414
Trinidad and Tobago,TTO,1962,0.104542725
Trinidad and Tobago,TTO,1963,0.10307326
Trinidad and Tobago,TTO,1964,0.1018516
Trinidad and Tobago,TTO,1965,0.10083109
Trinidad and Tobago,TTO,1966,0.100010544
Trinidad and Tobago,TTO,1967,0.099361815
Trinidad and Tobago,TTO,1968,0.09876882
Trinidad and Tobago,TTO,1969,0.09809692
Trinidad and Tobago,TTO,1970,0.0972523
Trinidad and Tobago,TTO,1971,0.09933435
Trinidad and Tobago,TTO,1972,0.09806543
Trinidad and Tobago,TTO,1973,0.10584251
Trinidad and Tobago,TTO,1974,0.10531035
Trinidad and Tobago,TTO,1975,0.09886405
Trinidad and Tobago,TTO,1976,0.09749839
Trinidad and Tobago,TTO,1977,0.09617595
Trinidad and Tobago,TTO,1978,0.094866216
Trinidad and Tobago,TTO,1979,0.0935277
Trinidad and Tobago,TTO,1980,0.08753276
Trinidad and Tobago,TTO,1981,0.08072152
Trinidad and Tobago,TTO,1982,0.073174365
Trinidad and Tobago,TTO,1983,0.05971848
Trinidad and Tobago,TTO,1984,0.058839053
Trinidad and Tobago,TTO,1985,0.055511527
Trinidad and Tobago,TTO,1986,0.054896284
Trinidad and Tobago,TTO,1987,0.054382063
Trinidad and Tobago,TTO,1988,0.05477665
Trinidad and Tobago,TTO,1989,0.054382578
Trinidad and Tobago,TTO,1990,0.05810623
Trinidad and Tobago,TTO,1991,0.06098022
Trinidad and Tobago,TTO,1992,0.060606696
Trinidad and Tobago,TTO,1993,0.060269672
Trinidad and Tobago,TTO,1994,0.05998474
Trinidad and Tobago,TTO,1995,0.05577685
Trinidad and Tobago,TTO,1996,0.055627782
Trinidad and Tobago,TTO,1997,0.051559556
Trinidad and Tobago,TTO,1998,0.04752317
Trinidad and Tobago,TTO,1999,0.047439266
Trinidad and Tobago,TTO,2000,0.047319207
Trinidad and Tobago,TTO,2001,0.04165422
Trinidad and Tobago,TTO,2002,0.04147634
Trinidad and Tobago,TTO,2003,0.041275587
Trinidad and Tobago,TTO,2004,0.037193876
Trinidad and Tobago,TTO,2005,0.036239315
Trinidad and Tobago,TTO,2006,0.03606662
Trinidad and Tobago,TTO,2007,0.03589814
Trinidad and Tobago,TTO,2008,0.035731338
Trinidad and Tobago,TTO,2009,0.03556247
Trinidad and Tobago,TTO,2010,0.0353889
Trinidad and Tobago,TTO,2011,0.03527358
Trinidad and Tobago,TTO,2012,0.035159007
Trinidad and Tobago,TTO,2013,0.035045177
Trinidad and Tobago,TTO,2014,0.034932084
Trinidad and Tobago,TTO,2015,0.034819715
Trinidad and Tobago,TTO,2016,0.034708068
Trinidad and Tobago,TTO,2017,0.034597132
Trinidad and Tobago,TTO,2018,0.034486905
Trinidad and Tobago,TTO,2019,0.034377377
Trinidad and Tobago,TTO,2020,0.034268547
Trinidad and Tobago,TTO,2021,0.03429642
Trinidad and Tobago,TTO,2022,0.034324333
Trinidad and Tobago,TTO,2023,0.034352295
Trinidad and Tobago,TTO,2024,0.0343803
Trinidad and Tobago,TTO,2025,0.034408357
Tunisia,TUN,-10000,0
Tunisia,TUN,-9000,0
Tunisia,TUN,-8000,0
Tunisia,TUN,-7000,0
Tunisia,TUN,-6000,0
Tunisia,TUN,-5000,0
Tunisia,TUN,-4000,0
Tunisia,TUN,-3000,0
Tunisia,TUN,-2000,2
Tunisia,TUN,-1000,1.6
Tunisia,TUN,0,1.2
Tunisia,TUN,100,1.1906967
Tunisia,TUN,200,1.1813935
Tunisia,TUN,300,1.1720902
Tunisia,TUN,400,1.1627868
Tunisia,TUN,500,1.1534836
Tunisia,TUN,600,1.1441803
Tunisia,TUN,700,1.134877
Tunisia,TUN,800,1.1255736
Tunisia,TUN,900,1.1162704
Tunisia,TUN,1000,1.1069671
Tunisia,TUN,1100,1.0976638
Tunisia,TUN,1200,1.0883605
Tunisia,TUN,1300,1.0790572
Tunisia,TUN,1400,1.0697539
Tunisia,TUN,1500,1.0604507
Tunisia,TUN,1600,1.0511473
Tunisia,TUN,1700,1.041844
Tunisia,TUN,1710,1.0409137
Tunisia,TUN,1720,1.0399834
Tunisia,TUN,1730,1.0390531
Tunisia,TUN,1740,1.0381227
Tunisia,TUN,1750,1.0371923
Tunisia,TUN,1760,1.036262
Tunisia,TUN,1770,1.0353317
Tunisia,TUN,1780,1.0344014
Tunisia,TUN,1790,1.0334711
Tunisia,TUN,1800,1.0325407
Tunisia,TUN,1810,1.0316105
Tunisia,TUN,1820,1.0306801
Tunisia,TUN,1830,1.0297498
Tunisia,TUN,1840,1.0288194
Tunisia,TUN,1850,1.0278891
Tunisia,TUN,1860,1.0269588
Tunisia,TUN,1870,1.0260285
Tunisia,TUN,1880,1.0250982
Tunisia,TUN,1890,1.0241678
Tunisia,TUN,1900,1.0232375
Tunisia,TUN,1910,1.0223072
Tunisia,TUN,1920,1.0213768
Tunisia,TUN,1930,1.0204464
Tunisia,TUN,1940,1.0195162
Tunisia,TUN,1950,1.0185859
Tunisia,TUN,1951,1.0184928
Tunisia,TUN,1952,1.0183997
Tunisia,TUN,1953,1.0183066
Tunisia,TUN,1954,1.0182136
Tunisia,TUN,1955,1.0181205
Tunisia,TUN,1956,1.0180277
Tunisia,TUN,1957,1.0179346
Tunisia,TUN,1958,1.0178416
Tunisia,TUN,1959,1.0177485
Tunisia,TUN,1960,1.0176555
Tunisia,TUN,1961,1.00332
Tunisia,TUN,1962,0.98765296
Tunisia,TUN,1963,0.9708434
Tunisia,TUN,1964,0.9720516
Tunisia,TUN,1965,0.95350426
Tunisia,TUN,1966,0.9343991
Tunisia,TUN,1967,0.914804
Tunisia,TUN,1968,0.8950538
Tunisia,TUN,1969,0.9062346
Tunisia,TUN,1970,0.92344534
Tunisia,TUN,1971,0.90475154
Tunisia,TUN,1972,0.90401155
Tunisia,TUN,1973,0.9009584
Tunisia,TUN,1974,0.8902135
Tunisia,TUN,1975,0.88279897
Tunisia,TUN,1976,0.8751606
Tunisia,TUN,1977,0.86339724
Tunisia,TUN,1978,0.8246199
Tunisia,TUN,1979,0.79465455
Tunisia,TUN,1980,0.738203
Tunisia,TUN,1981,0.7287979
Tunisia,TUN,1982,0.7217149
Tunisia,TUN,1983,0.71669877
Tunisia,TUN,1984,0.7000619
Tunisia,TUN,1985,0.6744173
Tunisia,TUN,1986,0.64529395
Tunisia,TUN,1987,0.6318044
Tunisia,TUN,1988,0.61310107
Tunisia,TUN,1989,0.6057684
Tunisia,TUN,1990,0.5892287
Tunisia,TUN,1991,0.5791379
Tunisia,TUN,1992,0.5673454
Tunisia,TUN,1993,0.5636953
Tunisia,TUN,1994,0.5373693
Tunisia,TUN,1995,0.535222
Tunisia,TUN,1996,0.5324093
Tunisia,TUN,1997,0.5239685
Tunisia,TUN,1998,0.5210858
Tunisia,TUN,1999,0.52208817
Tunisia,TUN,2000,0.5144756
Tunisia,TUN,2001,0.50165033
Tunisia,TUN,2002,0.49755046
Tunisia,TUN,2003,0.49599192
Tunisia,TUN,2004,0.49363115
Tunisia,TUN,2005,0.4846334
Tunisia,TUN,2006,0.48498765
Tunisia,TUN,2007,0.4792152
Tunisia,TUN,2008,0.48436987
Tunisia,TUN,2009,0.46911973
Tunisia,TUN,2010,0.49480322
Tunisia,TUN,2011,0.4945986
Tunisia,TUN,2012,0.47969693
Tunisia,TUN,2013,0.47583166
Tunisia,TUN,2014,0.452273
Tunisia,TUN,2015,0.44790608
Tunisia,TUN,2016,0.44547716
Tunisia,TUN,2017,0.44673306
Tunisia,TUN,2018,0.4390362
Tunisia,TUN,2019,0.43520117
Tunisia,TUN,2020,0.43143257
Tunisia,TUN,2021,0.4287015
Tunisia,TUN,2022,0.42600474
Tunisia,TUN,2023,0.42334172
Tunisia,TUN,2024,0.42071176
Tunisia,TUN,2025,0.4181143
Turkey,TUR,-10000,0
Turkey,TUR,-9000,0.012677564
Turkey,TUR,-8000,0.04959051
Turkey,TUR,-7000,0.21264467
Turkey,TUR,-6000,0.77149487
Turkey,TUR,-5000,1.7147638
Turkey,TUR,-4000,1.6781198
Turkey,TUR,-3000,1.6353955
Turkey,TUR,-2000,1.5846175
Turkey,TUR,-1000,1.522204
Turkey,TUR,0,1.4407458
Turkey,TUR,100,1.4310021
Turkey,TUR,200,1.4208617
Turkey,TUR,300,1.4102877
Turkey,TUR,400,1.3992422
Turkey,TUR,500,1.387673
Turkey,TUR,600,1.3754928
Turkey,TUR,700,1.3626853
Turkey,TUR,800,1.3491211
Turkey,TUR,900,1.3347279
Turkey,TUR,1000,1.3193249
Turkey,TUR,1100,1.3027381
Turkey,TUR,1200,1.2848037
Turkey,TUR,1300,1.2651403
Turkey,TUR,1400,1.2433317
Turkey,TUR,1500,1.218714
Turkey,TUR,1600,1.1902351
Turkey,TUR,1700,1.1559317
Turkey,TUR,1710,1.152056
Turkey,TUR,1720,1.148079
Turkey,TUR,1730,1.1439942
Turkey,TUR,1740,1.1397941
Turkey,TUR,1750,1.13547
Turkey,TUR,1760,1.1310127
Turkey,TUR,1770,1.1264113
Turkey,TUR,1780,1.1216539
Turkey,TUR,1790,1.1167264
Turkey,TUR,1800,1.1116129
Turkey,TUR,1810,1.106295
Turkey,TUR,1820,1.1007507
Turkey,TUR,1830,1.0949543
Turkey,TUR,1840,1.0888747
Turkey,TUR,1850,1.082475
Turkey,TUR,1860,1.0757082
Turkey,TUR,1870,1.0685161
Turkey,TUR,1880,1.0608242
Turkey,TUR,1890,1.0525327
Turkey,TUR,1900,1.0435063
Turkey,TUR,1910,1.0335506
Turkey,TUR,1920,1.0223696
Turkey,TUR,1930,1.0094731
Turkey,TUR,1940,0.987069
Turkey,TUR,1950,0.9696398
Turkey,TUR,1951,0.96258765
Turkey,TUR,1952,0.95853686
Turkey,TUR,1953,0.9543872
Turkey,TUR,1954,0.95075023
Turkey,TUR,1955,0.9462815
Turkey,TUR,1956,0.9415561
Turkey,TUR,1957,0.9364395
Turkey,TUR,1958,0.9307611
Turkey,TUR,1959,0.92401123
Turkey,TUR,1960,0.9160853
Turkey,TUR,1961,0.89413065
Turkey,TUR,1962,0.8791375
Turkey,TUR,1963,0.884484
Turkey,TUR,1964,0.86270994
Turkey,TUR,1965,0.8441555
Turkey,TUR,1966,0.8318443
Turkey,TUR,1967,0.8082404
Turkey,TUR,1968,0.7998753
Turkey,TUR,1969,0.81464416
Turkey,TUR,1970,0.7850037
Turkey,TUR,1971,0.77094936
Turkey,TUR,1972,0.76784366
Turkey,TUR,1973,0.7502785
Turkey,TUR,1974,0.72270113
Turkey,TUR,1975,0.6987856
Turkey,TUR,1976,0.6841987
Turkey,TUR,1977,0.67471814
Turkey,TUR,1978,0.6630422
Turkey,TUR,1979,0.6664609
Turkey,TUR,1980,0.64570594
Turkey,TUR,1981,0.63132
Turkey,TUR,1982,0.5860938
Turkey,TUR,1983,0.56296426
Turkey,TUR,1984,0.56707853
Turkey,TUR,1985,0.5572916
Turkey,TUR,1986,0.54588515
Turkey,TUR,1987,0.5444721
Turkey,TUR,1988,0.5314712
Turkey,TUR,1989,0.5245361
Turkey,TUR,1990,0.5113036
Turkey,TUR,1991,0.5027312
Turkey,TUR,1992,0.49132738
Turkey,TUR,1993,0.48331863
Turkey,TUR,1994,0.47949117
Turkey,TUR,1995,0.46063417
Turkey,TUR,1996,0.45114332
Turkey,TUR,1997,0.44206226
Turkey,TUR,1998,0.436939
Turkey,TUR,1999,0.42763367
Turkey,TUR,2000,0.41458502
Turkey,TUR,2001,0.40834767
Turkey,TUR,2002,0.4061969
Turkey,TUR,2003,0.39234716
Turkey,TUR,2004,0.39549333
Turkey,TUR,2005,0.39044306
Turkey,TUR,2006,0.37466398
Turkey,TUR,2007,0.35561296
Turkey,TUR,2008,0.3455873
Turkey,TUR,2009,0.33821607
Turkey,TUR,2010,0.3353177
Turkey,TUR,2011,0.321157
Turkey,TUR,2012,0.31974244
Turkey,TUR,2013,0.31644297
Turkey,TUR,2014,0.31482017
Turkey,TUR,2015,0.31124446
Turkey,TUR,2016,0.30943394
Turkey,TUR,2017,0.3067849
Turkey,TUR,2018,0.30451468
Turkey,TUR,2019,0.28806698
Turkey,TUR,2020,0.28569773
Turkey,TUR,2021,0.28735003
Turkey,TUR,2022,0.2897401
Turkey,TUR,2023,0.28751272
Turkey,TUR,2024,0.28727314
Turkey,TUR,2025,0.2870374
Turkmenistan,TKM,-10000,0
Turkmenistan,TKM,-9000,0
Turkmenistan,TKM,-8000,0
Turkmenistan,TKM,-7000,0
Turkmenistan,TKM,-6000,0
Turkmenistan,TKM,-5000,0
Turkmenistan,TKM,-4000,0
Turkmenistan,TKM,-3000,0
Turkmenistan,TKM,-2000,0
Turkmenistan,TKM,-1000,1.3164382
Turkmenistan,TKM,0,1.1807101
Turkmenistan,TKM,100,1.1653174
Turkmenistan,TKM,200,1.149507
Turkmenistan,TKM,300,1.1332493
Turkmenistan,TKM,400,1.1165111
Turkmenistan,TKM,500,1.0992556
Turkmenistan,TKM,600,1.0814407
Turkmenistan,TKM,700,1.0630187
Turkmenistan,TKM,800,1.0439348
Turkmenistan,TKM,900,1.0241266
Turkmenistan,TKM,1000,1.003521
Turkmenistan,TKM,1100,0.9820325
Turkmenistan,TKM,1200,0.95956
Turkmenistan,TKM,1300,0.93598264
Turkmenistan,TKM,1400,0.91115344
Turkmenistan,TKM,1500,0.88489187
Turkmenistan,TKM,1600,0.85697156
Turkmenistan,TKM,1700,0.82710266
Turkmenistan,TKM,1710,0.823995
Turkmenistan,TKM,1720,0.82086366
Turkmenistan,TKM,1730,0.81770825
Turkmenistan,TKM,1740,0.8145283
Turkmenistan,TKM,1750,0.8113234
Turkmenistan,TKM,1760,0.8080929
Turkmenistan,TKM,1770,0.80483633
Turkmenistan,TKM,1780,0.80155325
Turkmenistan,TKM,1790,0.798243
Turkmenistan,TKM,1800,0.7949052
Turkmenistan,TKM,1810,0.791539
Turkmenistan,TKM,1820,0.7881439
Turkmenistan,TKM,1830,0.7847194
Turkmenistan,TKM,1840,0.78126466
Turkmenistan,TKM,1850,0.7777791
Turkmenistan,TKM,1860,0.77426213
Turkmenistan,TKM,1870,0.77071273
Turkmenistan,TKM,1880,0.76713055
Turkmenistan,TKM,1890,0.76351446
Turkmenistan,TKM,1900,0.7598638
Turkmenistan,TKM,1910,0.75617766
Turkmenistan,TKM,1920,0.7524554
Turkmenistan,TKM,1930,0.74869585
Turkmenistan,TKM,1940,0.7448981
Turkmenistan,TKM,1950,0.74106133
Turkmenistan,TKM,1951,0.7406754
Turkmenistan,TKM,1952,0.74028915
Turkmenistan,TKM,1953,0.7399025
Turkmenistan,TKM,1954,0.7395154
Turkmenistan,TKM,1955,0.7391279
Turkmenistan,TKM,1956,0.73874
Turkmenistan,TKM,1957,0.73835176
Turkmenistan,TKM,1958,0.73796296
Turkmenistan,TKM,1959,0.73757386
Turkmenistan,TKM,1960,0.7371843
Turkmenistan,TKM,1961,0.71268916
Turkmenistan,TKM,1962,0.6904253
Turkmenistan,TKM,1963,0.6626758
Turkmenistan,TKM,1964,0.6375063
Turkmenistan,TKM,1965,0.61601985
Turkmenistan,TKM,1966,0.59054005
Turkmenistan,TKM,1967,0.572181
Turkmenistan,TKM,1968,0.55453265
Turkmenistan,TKM,1969,0.5393632
Turkmenistan,TKM,1970,0.52313954
Turkmenistan,TKM,1971,0.5076662
Turkmenistan,TKM,1972,0.49305752
Turkmenistan,TKM,1973,0.47903675
Turkmenistan,TKM,1974,0.46756494
Turkmenistan,TKM,1975,0.45453316
Turkmenistan,TKM,1976,0.44274658
Turkmenistan,TKM,1977,0.43156517
Turkmenistan,TKM,1978,0.41967726
Turkmenistan,TKM,1979,0.40836993
Turkmenistan,TKM,1980,0.39883694
Turkmenistan,TKM,1981,0.38912818
Turkmenistan,TKM,1982,0.37967727
Turkmenistan,TKM,1983,0.37083817
Turkmenistan,TKM,1984,0.36184353
Turkmenistan,TKM,1985,0.3537767
Turkmenistan,TKM,1986,0.34459293
Turkmenistan,TKM,1987,0.33591554
Turkmenistan,TKM,1988,0.326744
Turkmenistan,TKM,1989,0.31652394
Turkmenistan,TKM,1990,0.3075989
Turkmenistan,TKM,1991,0.29911774
Turkmenistan,TKM,1992,0.2919301
Turkmenistan,TKM,1993,0.30011314
Turkmenistan,TKM,1994,0.3078794
Turkmenistan,TKM,1995,0.3152599
Turkmenistan,TKM,1996,0.32541555
Turkmenistan,TKM,1997,0.33527613
Turkmenistan,TKM,1998,0.34485412
Turkmenistan,TKM,1999,0.3541617
Turkmenistan,TKM,2000,0.36320996
Turkmenistan,TKM,2001,0.3592764
Turkmenistan,TKM,2002,0.36956534
Turkmenistan,TKM,2003,0.3894815
Turkmenistan,TKM,2004,0.39238328
Turkmenistan,TKM,2005,0.42872083
Turkmenistan,TKM,2006,0.42948326
Turkmenistan,TKM,2007,0.38826782
Turkmenistan,TKM,2008,0.38367656
Turkmenistan,TKM,2009,0.36874858
Turkmenistan,TKM,2010,0.36300734
Turkmenistan,TKM,2011,0.3549018
Turkmenistan,TKM,2012,0.35623085
Turkmenistan,TKM,2013,0.36471754
Turkmenistan,TKM,2014,0.325008
Turkmenistan,TKM,2015,0.33013687
Turkmenistan,TKM,2016,0.3435073
Turkmenistan,TKM,2017,0.3402531
Turkmenistan,TKM,2018,0.3368244
Turkmenistan,TKM,2019,0.33346412
Turkmenistan,TKM,2020,0.33017024
Turkmenistan,TKM,2021,0.32774395
Turkmenistan,TKM,2022,0.3253531
Turkmenistan,TKM,2023,0.32299682
Turkmenistan,TKM,2024,0.32067448
Turkmenistan,TKM,2025,0.31838524
Turks and Caicos Islands,TCA,800,0
Turks and Caicos Islands,TCA,900,0
Turks and Caicos Islands,TCA,1000,0
Turks and Caicos Islands,TCA,1100,0
Turks and Caicos Islands,TCA,1200,0
Turks and Caicos Islands,TCA,1300,0
Turks and Caicos Islands,TCA,1400,0
Turks and Caicos Islands,TCA,1500,1.6854719
Turks and Caicos Islands,TCA,1600,1.6268392
Turks and Caicos Islands,TCA,1700,1.5636448
Turks and Caicos Islands,TCA,1710,1.5570385
Turks and Caicos Islands,TCA,1720,1.5503759
Turks and Caicos Islands,TCA,1730,1.5436555
Turks and Caicos Islands,TCA,1740,1.536876
Turks and Caicos Islands,TCA,1750,1.5300362
Turks and Caicos Islands,TCA,1760,1.5231347
Turks and Caicos Islands,TCA,1770,1.51617
Turks and Caicos Islands,TCA,1780,1.5091408
Turks and Caicos Islands,TCA,1790,1.5020455
Turks and Caicos Islands,TCA,1800,1.4948826
Turks and Caicos Islands,TCA,1810,1.4876502
Turks and Caicos Islands,TCA,1820,1.4803469
Turks and Caicos Islands,TCA,1830,1.4729708
Turks and Caicos Islands,TCA,1840,1.4655201
Turks and Caicos Islands,TCA,1850,1.4579928
Turks and Caicos Islands,TCA,1860,1.4503871
Turks and Caicos Islands,TCA,1870,1.4427006
Turks and Caicos Islands,TCA,1880,1.4349314
Turks and Caicos Islands,TCA,1890,1.4270772
Turks and Caicos Islands,TCA,1900,1.4191355
Turks and Caicos Islands,TCA,1910,1.4111038
Turks and Caicos Islands,TCA,1920,1.4029799
Turks and Caicos Islands,TCA,1930,1.3947607
Turks and Caicos Islands,TCA,1940,1.3864434
Turks and Caicos Islands,TCA,1950,1.378025
Turks and Caicos Islands,TCA,1951,1.3771775
Turks and Caicos Islands,TCA,1952,1.376329
Turks and Caicos Islands,TCA,1953,1.3754793
Turks and Caicos Islands,TCA,1954,1.3746288
Turks and Caicos Islands,TCA,1955,1.373777
Turks and Caicos Islands,TCA,1956,1.3729244
Turks and Caicos Islands,TCA,1957,1.3720704
Turks and Caicos Islands,TCA,1958,1.3712157
Turks and Caicos Islands,TCA,1959,1.3703595
Turks and Caicos Islands,TCA,1960,1.3695027
Turks and Caicos Islands,TCA,1961,1.3607101
Turks and Caicos Islands,TCA,1962,1.3607101
Turks and Caicos Islands,TCA,1963,1.3661624
Turks and Caicos Islands,TCA,1964,1.3733401
Turks and Caicos Islands,TCA,1965,1.382541
Turks and Caicos Islands,TCA,1966,1.3931022
Turks and Caicos Islands,TCA,1967,1.4028215
Turks and Caicos Islands,TCA,1968,1.4106444
Turks and Caicos Islands,TCA,1969,1.4076059
Turks and Caicos Islands,TCA,1970,1.392113
Turks and Caicos Islands,TCA,1971,1.3623649
Turks and Caicos Islands,TCA,1972,1.3241763
Turks and Caicos Islands,TCA,1973,1.2800803
Turks and Caicos Islands,TCA,1974,1.2357031
Turks and Caicos Islands,TCA,1975,1.1975828
Turks and Caicos Islands,TCA,1976,1.1664096
Turks and Caicos Islands,TCA,1977,1.1387993
Turks and Caicos Islands,TCA,1978,1.111835
Turks and Caicos Islands,TCA,1979,1.0795391
Turks and Caicos Islands,TCA,1980,1.0429275
Turks and Caicos Islands,TCA,1981,0.9979349
Turks and Caicos Islands,TCA,1982,0.9512096
Turks and Caicos Islands,TCA,1983,0.90457636
Turks and Caicos Islands,TCA,1984,0.862207
Turks and Caicos Islands,TCA,1985,0.8249287
Turks and Caicos Islands,TCA,1986,0.79410344
Turks and Caicos Islands,TCA,1987,0.7669965
Turks and Caicos Islands,TCA,1988,0.7410482
Turks and Caicos Islands,TCA,1989,0.71178836
Turks and Caicos Islands,TCA,1990,0.67882377
Turks and Caicos Islands,TCA,1991,0.642327
Turks and Caicos Islands,TCA,1992,0.60447437
Turks and Caicos Islands,TCA,1993,0.56838787
Turks and Caicos Islands,TCA,1994,0.5368407
Turks and Caicos Islands,TCA,1995,0.51102966
Turks and Caicos Islands,TCA,1996,0.49066895
Turks and Caicos Islands,TCA,1997,0.47392306
Turks and Caicos Islands,TCA,1998,0.45761257
Turks and Caicos Islands,TCA,1999,0.4383751
Turks and Caicos Islands,TCA,2000,0.414893
Turks and Caicos Islands,TCA,2001,0.38792545
Turks and Caicos Islands,TCA,2002,0.36014512
Turks and Caicos Islands,TCA,2003,0.33448422
Turks and Caicos Islands,TCA,2004,0.3128606
Turks and Caicos Islands,TCA,2005,0.29606304
Turks and Caicos Islands,TCA,2006,0.28327456
Turks and Caicos Islands,TCA,2007,0.27340347
Turks and Caicos Islands,TCA,2008,0.26560414
Turks and Caicos Islands,TCA,2009,0.25889486
Turks and Caicos Islands,TCA,2010,0.25263843
Turks and Caicos Islands,TCA,2011,0.24355443
Turks and Caicos Islands,TCA,2012,0.23510104
Turks and Caicos Islands,TCA,2013,0.22721475
Turks and Caicos Islands,TCA,2014,0.2198404
Turks and Caicos Islands,TCA,2015,0.21292965
Turks and Caicos Islands,TCA,2016,0.20644017
Turks and Caicos Islands,TCA,2017,0.20033452
Turks and Caicos Islands,TCA,2018,0.19457968
Turks and Caicos Islands,TCA,2019,0.18914622
Turks and Caicos Islands,TCA,2020,0.18400796
Turks and Caicos Islands,TCA,2021,0.18294778
Turks and Caicos Islands,TCA,2022,0.18189976
Turks and Caicos Islands,TCA,2023,0.18086366
Turks and Caicos Islands,TCA,2024,0.17983931
Turks and Caicos Islands,TCA,2025,0.1788265
Uganda,UGA,-10000,0
Uganda,UGA,-9000,0
Uganda,UGA,-8000,0
Uganda,UGA,-7000,0
Uganda,UGA,-6000,0
Uganda,UGA,-5000,0
Uganda,UGA,-4000,0
Uganda,UGA,-3000,0
Uganda,UGA,-2000,0
Uganda,UGA,-1000,0
Uganda,UGA,0,0.57877475
Uganda,UGA,100,0.5794594
Uganda,UGA,200,0.5801424
Uganda,UGA,300,0.5808237
Uganda,UGA,400,0.5815035
Uganda,UGA,500,0.5821817
Uganda,UGA,600,0.58285826
Uganda,UGA,700,0.58353335
Uganda,UGA,800,0.5842068
Uganda,UGA,900,0.58487874
Uganda,UGA,1000,0.5855491
Uganda,UGA,1100,0.586218
Uganda,UGA,1200,0.58688533
Uganda,UGA,1300,0.5875512
Uganda,UGA,1400,0.58821553
Uganda,UGA,1500,0.58887833
Uganda,UGA,1600,0.5895397
Uganda,UGA,1700,0.5901995
Uganda,UGA,1710,0.5902654
Uganda,UGA,1720,0.59033126
Uganda,UGA,1730,0.59039724
Uganda,UGA,1740,0.5904631
Uganda,UGA,1750,0.59052896
Uganda,UGA,1760,0.5905947
Uganda,UGA,1770,0.5906605
Uganda,UGA,1780,0.5907264
Uganda,UGA,1790,0.5907922
Uganda,UGA,1800,0.59085786
Uganda,UGA,1810,0.5909236
Uganda,UGA,1820,0.59098935
Uganda,UGA,1830,0.59105515
Uganda,UGA,1840,0.5911209
Uganda,UGA,1850,0.5911865
Uganda,UGA,1860,0.5912522
Uganda,UGA,1870,0.5913179
Uganda,UGA,1880,0.5913836
Uganda,UGA,1890,0.5914492
Uganda,UGA,1900,0.5915148
Uganda,UGA,1910,0.59158045
Uganda,UGA,1920,0.5916461
Uganda,UGA,1930,0.5917116
Uganda,UGA,1940,0.5917772
Uganda,UGA,1950,0.5918427
Uganda,UGA,1951,0.5918493
Uganda,UGA,1952,0.5918558
Uganda,UGA,1953,0.59186244
Uganda,UGA,1954,0.591869
Uganda,UGA,1955,0.5918755
Uganda,UGA,1956,0.5918821
Uganda,UGA,1957,0.5918886
Uganda,UGA,1958,0.59189516
Uganda,UGA,1959,0.59190166
Uganda,UGA,1960,0.5919083
Uganda,UGA,1961,0.5734566
Uganda,UGA,1962,0.5682184
Uganda,UGA,1963,0.56868654
Uganda,UGA,1964,0.6290828
Uganda,UGA,1965,0.60778093
Uganda,UGA,1966,0.5890669
Uganda,UGA,1967,0.5696521
Uganda,UGA,1968,0.5550597
Uganda,UGA,1969,0.5402259
Uganda,UGA,1970,0.52720374
Uganda,UGA,1971,0.51746845
Uganda,UGA,1972,0.5105933
Uganda,UGA,1973,0.50504905
Uganda,UGA,1974,0.49972868
Uganda,UGA,1975,0.49939287
Uganda,UGA,1976,0.49713492
Uganda,UGA,1977,0.48278826
Uganda,UGA,1978,0.47468728
Uganda,UGA,1979,0.4606462
Uganda,UGA,1980,0.45260623
Uganda,UGA,1981,0.44546843
Uganda,UGA,1982,0.4383288
Uganda,UGA,1983,0.45867315
Uganda,UGA,1984,0.45857093
Uganda,UGA,1985,0.4506158
Uganda,UGA,1986,0.44244224
Uganda,UGA,1987,0.42719492
Uganda,UGA,1988,0.4122974
Uganda,UGA,1989,0.40068644
Uganda,UGA,1990,0.39279982
Uganda,UGA,1991,0.38358247
Uganda,UGA,1992,0.3720601
Uganda,UGA,1993,0.3616002
Uganda,UGA,1994,0.3511214
Uganda,UGA,1995,0.3411142
Uganda,UGA,1996,0.33298546
Uganda,UGA,1997,0.32287657
Uganda,UGA,1998,0.31616104
Uganda,UGA,1999,0.30722287
Uganda,UGA,2000,0.3078295
Uganda,UGA,2001,0.3017514
Uganda,UGA,2002,0.29940057
Uganda,UGA,2003,0.30047148
Uganda,UGA,2004,0.29562795
Uganda,UGA,2005,0.2855247
Uganda,UGA,2006,0.28087354
Uganda,UGA,2007,0.27622965
Uganda,UGA,2008,0.2731818
Uganda,UGA,2009,0.26852277
Uganda,UGA,2010,0.26776618
Uganda,UGA,2011,0.26134658
Uganda,UGA,2012,0.2539628
Uganda,UGA,2013,0.245709
Uganda,UGA,2014,0.23797482
Uganda,UGA,2015,0.23071265
Uganda,UGA,2016,0.22388062
Uganda,UGA,2017,0.21744154
Uganda,UGA,2018,0.21136251
Uganda,UGA,2019,0.20561415
Uganda,UGA,2020,0.20017016
Uganda,UGA,2021,0.19398315
Uganda,UGA,2022,0.18816712
Uganda,UGA,2023,0.18268973
Uganda,UGA,2024,0.17752217
Uganda,UGA,2025,0.17263891
Ukraine,UKR,-10000,0
Ukraine,UKR,-9000,0
Ukraine,UKR,-8000,0
Ukraine,UKR,-7000,0
Ukraine,UKR,-6000,0
Ukraine,UKR,-5000,0.11076131
Ukraine,UKR,-4000,0.8251363
Ukraine,UKR,-3000,1.0712683
Ukraine,UKR,-2000,1.0691297
Ukraine,UKR,-1000,1.0669961
Ukraine,UKR,0,1.0648665
Ukraine,UKR,100,1.0627409
Ukraine,UKR,200,1.0606197
Ukraine,UKR,300,1.0585027
Ukraine,UKR,400,1.0563899
Ukraine,UKR,500,1.0542814
Ukraine,UKR,600,1.052177
Ukraine,UKR,700,1.0500768
Ukraine,UKR,800,1.047981
Ukraine,UKR,900,1.0458889
Ukraine,UKR,1000,1.0438011
Ukraine,UKR,1100,1.0417181
Ukraine,UKR,1200,1.0396384
Ukraine,UKR,1300,1.0375632
Ukraine,UKR,1400,1.0354922
Ukraine,UKR,1500,1.0334257
Ukraine,UKR,1600,1.0313631
Ukraine,UKR,1700,1.0293045
Ukraine,UKR,1710,1.02725
Ukraine,UKR,1720,1.0251997
Ukraine,UKR,1730,1.0231533
Ukraine,UKR,1740,1.0211111
Ukraine,UKR,1750,1.0190729
Ukraine,UKR,1760,1.0170388
Ukraine,UKR,1770,1.0150088
Ukraine,UKR,1780,1.0129828
Ukraine,UKR,1790,1.0109609
Ukraine,UKR,1800,1.0089431
Ukraine,UKR,1810,1.0069292
Ukraine,UKR,1820,1.0049193
Ukraine,UKR,1830,1.0029135
Ukraine,UKR,1840,1.0009117
Ukraine,UKR,1850,0.9989139
Ukraine,UKR,1860,0.9969201
Ukraine,UKR,1870,0.99493015
Ukraine,UKR,1880,0.9929443
Ukraine,UKR,1890,0.9909624
Ukraine,UKR,1900,0.9889844
Ukraine,UKR,1910,0.9870104
Ukraine,UKR,1920,0.98504025
Ukraine,UKR,1930,0.98307407
Ukraine,UKR,1940,0.9811119
Ukraine,UKR,1950,0.97915363
Ukraine,UKR,1951,0.96295476
Ukraine,UKR,1952,0.9470281
Ukraine,UKR,1953,0.93136877
Ukraine,UKR,1954,0.91597205
Ukraine,UKR,1955,0.9008332
Ukraine,UKR,1956,0.88594794
Ukraine,UKR,1957,0.87131166
Ukraine,UKR,1958,0.85692006
Ukraine,UKR,1959,0.84276897
Ukraine,UKR,1960,0.8288542
Ukraine,UKR,1961,0.83303064
Ukraine,UKR,1962,0.8243526
Ukraine,UKR,1963,0.8082673
Ukraine,UKR,1964,0.79440254
Ukraine,UKR,1965,0.7843717
Ukraine,UKR,1966,0.7684477
Ukraine,UKR,1967,0.7609984
Ukraine,UKR,1968,0.75382775
Ukraine,UKR,1969,0.74934584
Ukraine,UKR,1970,0.7426586
Ukraine,UKR,1971,0.73599005
Ukraine,UKR,1972,0.7294291
Ukraine,UKR,1973,0.72266203
Ukraine,UKR,1974,0.71878
Ukraine,UKR,1975,0.7115908
Ukraine,UKR,1976,0.7089247
Ukraine,UKR,1977,0.7062807
Ukraine,UKR,1978,0.701542
Ukraine,UKR,1979,0.69684225
Ukraine,UKR,1980,0.6943315
Ukraine,UKR,1981,0.69237393
Ukraine,UKR,1982,0.6900342
Ukraine,UKR,1983,0.68800807
Ukraine,UKR,1984,0.6849205
Ukraine,UKR,1985,0.6828532
Ukraine,UKR,1986,0.6813288
Ukraine,UKR,1987,0.67987996
Ukraine,UKR,1988,0.67651355
Ukraine,UKR,1989,0.669995
Ukraine,UKR,1990,0.66525525
Ukraine,UKR,1991,0.66660583
Ukraine,UKR,1992,0.66988575
Ukraine,UKR,1993,0.6704915
Ukraine,UKR,1994,0.6706899
Ukraine,UKR,1995,0.671515
Ukraine,UKR,1996,0.6750963
Ukraine,UKR,1997,0.67850226
Ukraine,UKR,1998,0.679358
Ukraine,UKR,1999,0.6813237
Ukraine,UKR,2000,0.6851048
Ukraine,UKR,2001,0.68994284
Ukraine,UKR,2002,0.69550455
Ukraine,UKR,2003,0.6997747
Ukraine,UKR,2004,0.70557404
Ukraine,UKR,2005,0.7107887
Ukraine,UKR,2006,0.71511585
Ukraine,UKR,2007,0.71941173
Ukraine,UKR,2008,0.72491395
Ukraine,UKR,2009,0.7296345
Ukraine,UKR,2010,0.73432845
Ukraine,UKR,2011,0.7388697
Ukraine,UKR,2012,0.74337274
Ukraine,UKR,2013,0.7533407
Ukraine,UKR,2014,0.75741374
Ukraine,UKR,2015,0.7618046
Ukraine,UKR,2016,0.7662911
Ukraine,UKR,2017,0.7705773
Ukraine,UKR,2018,0.77696186
Ukraine,UKR,2019,0.7820545
Ukraine,UKR,2020,0.7866245
Ukraine,UKR,2021,0.79001945
Ukraine,UKR,2022,0.7934438
Ukraine,UKR,2023,0.7971339
Ukraine,UKR,2024,0.80073786
Ukraine,UKR,2025,0.8043735
United Arab Emirates,ARE,-10000,0
United Arab Emirates,ARE,-9000,0
United Arab Emirates,ARE,-8000,0
United Arab Emirates,ARE,-7000,0
United Arab Emirates,ARE,-6000,0
United Arab Emirates,ARE,-5000,0
United Arab Emirates,ARE,-4000,0
United Arab Emirates,ARE,-3000,0
United Arab Emirates,ARE,-2000,1.3836987
United Arab Emirates,ARE,-1000,1.2557955
United Arab Emirates,ARE,0,1.0946226
United Arab Emirates,ARE,100,1.0756903
United Arab Emirates,ARE,200,1.0560666
United Arab Emirates,ARE,300,1.0356857
United Arab Emirates,ARE,400,1.014469
United Arab Emirates,ARE,500,0.99232596
United Arab Emirates,ARE,600,0.9691479
United Arab Emirates,ARE,700,0.9448048
United Arab Emirates,ARE,800,0.919138
United Arab Emirates,ARE,900,0.89195174
United Arab Emirates,ARE,1000,0.8629987
United Arab Emirates,ARE,1100,0.8319607
United Arab Emirates,ARE,1200,0.7984158
United Arab Emirates,ARE,1300,0.7617872
United Arab Emirates,ARE,1400,0.7212503
United Arab Emirates,ARE,1500,0.67555904
United Arab Emirates,ARE,1600,0.62267613
United Arab Emirates,ARE,1700,0.5588573
United Arab Emirates,ARE,1710,0.5516257
United Arab Emirates,ARE,1720,0.5441994
United Arab Emirates,ARE,1730,0.53656465
United Arab Emirates,ARE,1740,0.52870625
United Arab Emirates,ARE,1750,0.5206071
United Arab Emirates,ARE,1760,0.5122477
United Arab Emirates,ARE,1770,0.50360614
United Arab Emirates,ARE,1780,0.4946575
United Arab Emirates,ARE,1790,0.48537272
United Arab Emirates,ARE,1800,0.47571844
United Arab Emirates,ARE,1810,0.46565557
United Arab Emirates,ARE,1820,0.45513785
United Arab Emirates,ARE,1830,0.4441103
United Arab Emirates,ARE,1840,0.432506
United Arab Emirates,ARE,1850,0.4202432
United Arab Emirates,ARE,1860,0.40721965
United Arab Emirates,ARE,1870,0.39330506
United Arab Emirates,ARE,1880,0.3783295
United Arab Emirates,ARE,1890,0.36206394
United Arab Emirates,ARE,1900,0.34418884
United Arab Emirates,ARE,1910,0.3242348
United Arab Emirates,ARE,1920,0.3014662
United Arab Emirates,ARE,1930,0.2746138
United Arab Emirates,ARE,1940,0.24113443
United Arab Emirates,ARE,1950,0.1942755
United Arab Emirates,ARE,1951,0.1881792
United Arab Emirates,ARE,1952,0.18166004
United Arab Emirates,ARE,1953,0.17463604
United Arab Emirates,ARE,1954,0.16699642
United Arab Emirates,ARE,1955,0.15858546
United Arab Emirates,ARE,1956,0.14917289
United Arab Emirates,ARE,1957,0.1383938
United Arab Emirates,ARE,1958,0.12560861
United Arab Emirates,ARE,1959,0.1095005
United Arab Emirates,ARE,1960,0.08636138
United Arab Emirates,ARE,1961,0.079146795
United Arab Emirates,ARE,1962,0.071128815
United Arab Emirates,ARE,1963,0.06371152
United Arab Emirates,ARE,1964,0.05774964
United Arab Emirates,ARE,1965,0.059855547
United Arab Emirates,ARE,1966,0.062312674
United Arab Emirates,ARE,1967,0.058725767
United Arab Emirates,ARE,1968,0.05458694
United Arab Emirates,ARE,1969,0.0490629
United Arab Emirates,ARE,1970,0.05095563
United Arab Emirates,ARE,1971,0.040662803
United Arab Emirates,ARE,1972,0.033829402
United Arab Emirates,ARE,1973,0.031375803
United Arab Emirates,ARE,1974,0.029539417
United Arab Emirates,ARE,1975,0.028113369
United Arab Emirates,ARE,1976,0.025393246
United Arab Emirates,ARE,1977,0.023395881
United Arab Emirates,ARE,1978,0.021866996
United Arab Emirates,ARE,1979,0.020659063
United Arab Emirates,ARE,1980,0.022632716
United Arab Emirates,ARE,1981,0.02493576
United Arab Emirates,ARE,1982,0.02349181
United Arab Emirates,ARE,1983,0.026318144
United Arab Emirates,ARE,1984,0.024952324
United Arab Emirates,ARE,1985,0.025945144
United Arab Emirates,ARE,1986,0.026371887
United Arab Emirates,ARE,1987,0.024790313
United Arab Emirates,ARE,1988,0.024003172
United Arab Emirates,ARE,1989,0.022717826
United Arab Emirates,ARE,1990,0.030409556
United Arab Emirates,ARE,1991,0.031305086
United Arab Emirates,ARE,1992,0.034080792
United Arab Emirates,ARE,1993,0.035168666
United Arab Emirates,ARE,1994,0.036598
United Arab Emirates,ARE,1995,0.03534112
United Arab Emirates,ARE,1996,0.0350026
United Arab Emirates,ARE,1997,0.036224704
United Arab Emirates,ARE,1998,0.035513546
United Arab Emirates,ARE,1999,0.07457275
United Arab Emirates,ARE,2000,0.08142434
United Arab Emirates,ARE,2001,0.080847666
United Arab Emirates,ARE,2002,0.07714988
United Arab Emirates,ARE,2003,0.06949373
United Arab Emirates,ARE,2004,0.06576601
United Arab Emirates,ARE,2005,0.06315506
United Arab Emirates,ARE,2006,0.05014905
United Arab Emirates,ARE,2007,0.042708006
United Arab Emirates,ARE,2008,0.039056174
United Arab Emirates,ARE,2009,0.012882474
United Arab Emirates,ARE,2010,0.012287514
United Arab Emirates,ARE,2011,0.011252658
United Arab Emirates,ARE,2012,0.009333255
United Arab Emirates,ARE,2013,0.009263749
United Arab Emirates,ARE,2014,0.009244564
United Arab Emirates,ARE,2015,0.008925029
United Arab Emirates,ARE,2016,0.008701612
United Arab Emirates,ARE,2017,0.008393835
United Arab Emirates,ARE,2018,0.007908763
United Arab Emirates,ARE,2019,0.008456697
United Arab Emirates,ARE,2020,0.008131943
United Arab Emirates,ARE,2021,0.008121159
United Arab Emirates,ARE,2022,0.007957715
United Arab Emirates,ARE,2023,0.008114964
United Arab Emirates,ARE,2024,0.008131614
United Arab Emirates,ARE,2025,0.008147634
United Kingdom,GBR,-10000,0
United Kingdom,GBR,-9000,0
United Kingdom,GBR,-8000,0
United Kingdom,GBR,-7000,0
United Kingdom,GBR,-6000,0
United Kingdom,GBR,-5000,0
United Kingdom,GBR,-4000,3.437591
United Kingdom,GBR,-3000,3.4404857
United Kingdom,GBR,-2000,3.440484
United Kingdom,GBR,-1000,3.4404728
United Kingdom,GBR,0,3.4404838
United Kingdom,GBR,100,3.4404812
United Kingdom,GBR,200,3.44048
United Kingdom,GBR,300,3.4404771
United Kingdom,GBR,400,3.4404771
United Kingdom,GBR,500,3.4404845
United Kingdom,GBR,600,3.440401
United Kingdom,GBR,700,3.440401
United Kingdom,GBR,800,3.4404845
United Kingdom,GBR,900,3.4404767
United Kingdom,GBR,1000,3.4402854
United Kingdom,GBR,1100,3.440082
United Kingdom,GBR,1200,1.9445634
United Kingdom,GBR,1300,1.5218726
United Kingdom,GBR,1400,2.1424751
United Kingdom,GBR,1500,1.4764897
United Kingdom,GBR,1600,1.5846994
United Kingdom,GBR,1700,1.2840041
United Kingdom,GBR,1710,1.1956099
United Kingdom,GBR,1720,1.110087
United Kingdom,GBR,1730,1.014688
United Kingdom,GBR,1740,0.96217775
United Kingdom,GBR,1750,0.90521044
United Kingdom,GBR,1760,0.8494499
United Kingdom,GBR,1770,0.7931506
United Kingdom,GBR,1780,0.7544526
United Kingdom,GBR,1790,0.70576245
United Kingdom,GBR,1800,0.6616585
United Kingdom,GBR,1810,0.6408736
United Kingdom,GBR,1820,0.51204437
United Kingdom,GBR,1830,0.44349435
United Kingdom,GBR,1840,0.38392428
United Kingdom,GBR,1850,0.35610467
United Kingdom,GBR,1860,0.29065967
United Kingdom,GBR,1870,0.30185592
United Kingdom,GBR,1880,0.26396614
United Kingdom,GBR,1890,0.23517354
United Kingdom,GBR,1900,0.20844263
United Kingdom,GBR,1910,0.18678197
United Kingdom,GBR,1920,0.17535561
United Kingdom,GBR,1930,0.16536346
United Kingdom,GBR,1940,0.1572221
United Kingdom,GBR,1950,0.14618465
United Kingdom,GBR,1951,0.14596274
United Kingdom,GBR,1952,0.14557053
United Kingdom,GBR,1953,0.14504619
United Kingdom,GBR,1954,0.14441945
United Kingdom,GBR,1955,0.14371143
United Kingdom,GBR,1956,0.14293411
United Kingdom,GBR,1957,0.14209114
United Kingdom,GBR,1958,0.14117952
United Kingdom,GBR,1959,0.14019243
United Kingdom,GBR,1960,0.13912952
United Kingdom,GBR,1961,0.13818954
United Kingdom,GBR,1962,0.1382512
United Kingdom,GBR,1963,0.13813691
United Kingdom,GBR,1964,0.13843724
United Kingdom,GBR,1965,0.13715605
United Kingdom,GBR,1966,0.13604
United Kingdom,GBR,1967,0.1350118
United Kingdom,GBR,1968,0.13374531
United Kingdom,GBR,1969,0.13099489
United Kingdom,GBR,1970,0.12939711
United Kingdom,GBR,1971,0.12960319
United Kingdom,GBR,1972,0.12921779
United Kingdom,GBR,1973,0.12794109
United Kingdom,GBR,1974,0.12748958
United Kingdom,GBR,1975,0.12366129
United Kingdom,GBR,1976,0.1240044
United Kingdom,GBR,1977,0.124418445
United Kingdom,GBR,1978,0.124636814
United Kingdom,GBR,1979,0.122741
United Kingdom,GBR,1980,0.12425623
United Kingdom,GBR,1981,0.12391342
United Kingdom,GBR,1982,0.12389036
United Kingdom,GBR,1983,0.12351291
United Kingdom,GBR,1984,0.12377349
United Kingdom,GBR,1985,0.12493607
United Kingdom,GBR,1986,0.12369295
United Kingdom,GBR,1987,0.123301074
United Kingdom,GBR,1988,0.12213832
United Kingdom,GBR,1989,0.11861594
United Kingdom,GBR,1990,0.11685855
United Kingdom,GBR,1991,0.11561586
United Kingdom,GBR,1992,0.115040496
United Kingdom,GBR,1993,0.10664981
United Kingdom,GBR,1994,0.10324916
United Kingdom,GBR,1995,0.10333256
United Kingdom,GBR,1996,0.10578865
United Kingdom,GBR,1997,0.11011522
United Kingdom,GBR,1998,0.107751854
United Kingdom,GBR,1999,0.101671696
United Kingdom,GBR,2000,0.10068941
United Kingdom,GBR,2001,0.09641555
United Kingdom,GBR,2002,0.098239966
United Kingdom,GBR,2003,0.0956574
United Kingdom,GBR,2004,0.09790279
United Kingdom,GBR,2005,0.0959425
United Kingdom,GBR,2006,0.10135499
United Kingdom,GBR,2007,0.10061398
United Kingdom,GBR,2008,0.09870734
United Kingdom,GBR,2009,0.09878545
United Kingdom,GBR,2010,0.096976615
United Kingdom,GBR,2011,0.09778573
United Kingdom,GBR,2012,0.09953845
United Kingdom,GBR,2013,0.099708505
United Kingdom,GBR,2014,0.09855304
United Kingdom,GBR,2015,0.09450722
United Kingdom,GBR,2016,0.09409218
United Kingdom,GBR,2017,0.09437959
United Kingdom,GBR,2018,0.09306381
United Kingdom,GBR,2019,0.093196854
United Kingdom,GBR,2020,0.090979055
United Kingdom,GBR,2021,0.09093993
United Kingdom,GBR,2022,0.09018209
United Kingdom,GBR,2023,0.089341715
United Kingdom,GBR,2024,0.088594906
United Kingdom,GBR,2025,0.087856494
United States,USA,-10000,0
United States,USA,-9000,0
United States,USA,-8000,0
United States,USA,-7000,0
United States,USA,-6000,0
United States,USA,-5000,0
United States,USA,-4000,0
United States,USA,-3000,0
United States,USA,-2000,0
United States,USA,-1000,0
United States,USA,0,0.026273057
United States,USA,100,0.02627304
United States,USA,200,0.02627301
United States,USA,300,0.026272949
United States,USA,400,0.026272839
United States,USA,500,0.026272625
United States,USA,600,0.026272219
United States,USA,700,0.026271438
United States,USA,800,0.3942874
United States,USA,900,0.6804604
United States,USA,1000,1.2036113
United States,USA,1100,1.2032192
United States,USA,1200,1.2030313
United States,USA,1300,1.2021506
United States,USA,1400,1.2022326
United States,USA,1500,1.1999325
United States,USA,1600,1.3387144
United States,USA,1700,1.3836373
United States,USA,1710,1.3634905
United States,USA,1720,1.3680431
United States,USA,1730,1.3880701
United States,USA,1740,1.4239486
United States,USA,1750,1.4775592
United States,USA,1760,1.5183845
United States,USA,1770,1.5725662
United States,USA,1780,1.642674
United States,USA,1790,1.7315936
United States,USA,1800,1.8053403
United States,USA,1810,1.8450282
United States,USA,1820,1.8648853
United States,USA,1830,1.8803432
United States,USA,1840,1.8748262
United States,USA,1850,1.7509353
United States,USA,1860,1.8550316
United States,USA,1870,1.7278085
United States,USA,1880,1.994621
United States,USA,1890,1.9931217
United States,USA,1900,1.8949267
United States,USA,1910,1.8238199
United States,USA,1920,1.6842139
United States,USA,1930,1.4971386
United States,USA,1940,1.3541129
United States,USA,1950,1.1951094
United States,USA,1951,1.2282381
United States,USA,1952,1.2024761
United States,USA,1953,1.1776298
United States,USA,1954,1.153651
United States,USA,1955,1.1304955
United States,USA,1956,1.1081213
United States,USA,1957,1.0864897
United States,USA,1958,1.065564
United States,USA,1959,1.0453107
United States,USA,1960,1.0160718
United States,USA,1961,1.0028896
United States,USA,1962,0.97096133
United States,USA,1963,0.9718159
United States,USA,1964,0.9511964
United States,USA,1965,0.9344186
United States,USA,1966,0.91620725
United States,USA,1967,0.898842
United States,USA,1968,0.9208348
United States,USA,1969,0.950928
United States,USA,1970,0.9373517
United States,USA,1971,0.9238005
United States,USA,1972,0.91055334
United States,USA,1973,0.8980757
United States,USA,1974,0.8854861
United States,USA,1975,0.87587804
United States,USA,1976,0.8664762
United States,USA,1977,0.8576157
United States,USA,1978,0.8591088
United States,USA,1979,0.8501747
United States,USA,1980,0.8414245
United States,USA,1981,0.8330089
United States,USA,1982,0.8211905
United States,USA,1983,0.8131383
United States,USA,1984,0.80524266
United States,USA,1985,0.79749864
United States,USA,1986,0.7899022
United States,USA,1987,0.7741094
United States,USA,1988,0.76687366
United States,USA,1989,0.759772
United States,USA,1990,0.7528005
United States,USA,1991,0.74326956
United States,USA,1992,0.72773844
United States,USA,1993,0.7139961
United States,USA,1994,0.7021999
United States,USA,1995,0.6937381
United States,USA,1996,0.67493165
United States,USA,1997,0.6625238
United States,USA,1998,0.65187335
United States,USA,1999,0.64001596
United States,USA,2000,0.63274175
United States,USA,2001,0.6267932
United States,USA,2002,0.612504
United States,USA,2003,0.6067469
United States,USA,2004,0.601097
United States,USA,2005,0.5955513
United States,USA,2006,0.59010696
United States,USA,2007,0.5473974
United States,USA,2008,0.54248315
United States,USA,2009,0.53765637
United States,USA,2010,0.53291476
United States,USA,2011,0.52827466
United States,USA,2012,0.50215125
United States,USA,2013,0.4995769
United States,USA,2014,0.49704626
United States,USA,2015,0.49455816
United States,USA,2016,0.49211156
United States,USA,2017,0.48970553
United States,USA,2018,0.4856866
United States,USA,2019,0.4817331
United States,USA,2020,0.47784346
United States,USA,2021,0.47427267
United States,USA,2022,0.4707549
United States,USA,2023,0.46728885
United States,USA,2024,0.46387354
United States,USA,2025,0.46050772
United States Virgin Islands,VIR,200,0
United States Virgin Islands,VIR,300,0
United States Virgin Islands,VIR,400,0
United States Virgin Islands,VIR,500,0
United States Virgin Islands,VIR,600,0
United States Virgin Islands,VIR,700,0
United States Virgin Islands,VIR,800,0
United States Virgin Islands,VIR,900,0
United States Virgin Islands,VIR,1000,0
United States Virgin Islands,VIR,1100,0
United States Virgin Islands,VIR,1200,0
United States Virgin Islands,VIR,1300,0
United States Virgin Islands,VIR,1400,0
United States Virgin Islands,VIR,1500,0.40829712
United States Virgin Islands,VIR,1600,0.39047658
United States Virgin Islands,VIR,1700,0.3708616
United States Virgin Islands,VIR,1710,0.36878288
United States Virgin Islands,VIR,1720,0.36668044
United States Virgin Islands,VIR,1730,0.3645537
United States Virgin Islands,VIR,1740,0.36240175
United States Virgin Islands,VIR,1750,0.36022398
United States Virgin Islands,VIR,1760,0.3580196
United States Virgin Islands,VIR,1770,0.35578766
United States Virgin Islands,VIR,1780,0.3535274
United States Virgin Islands,VIR,1790,0.35123786
United States Virgin Islands,VIR,1800,0.34891808
United States Virgin Islands,VIR,1810,0.346567
United States Virgin Islands,VIR,1820,0.3441836
United States Virgin Islands,VIR,1830,0.34176677
United States Virgin Islands,VIR,1840,0.33931518
United States Virgin Islands,VIR,1850,0.33682773
United States Virgin Islands,VIR,1860,0.3343029
United States Virgin Islands,VIR,1870,0.33173946
United States Virgin Islands,VIR,1880,0.32913566
United States Virgin Islands,VIR,1890,0.32649007
United States Virgin Islands,VIR,1900,0.32380086
United States Virgin Islands,VIR,1910,0.32106626
United States Virgin Islands,VIR,1920,0.3182842
United States Virgin Islands,VIR,1930,0.31545272
United States Virgin Islands,VIR,1940,0.31256944
United States Virgin Islands,VIR,1950,0.30963197
United States Virgin Islands,VIR,1951,0.31020728
United States Virgin Islands,VIR,1952,0.31066066
United States Virgin Islands,VIR,1953,0.3109717
United States Virgin Islands,VIR,1954,0.31120694
United States Virgin Islands,VIR,1955,0.3114983
United States Virgin Islands,VIR,1956,0.3115975
United States Virgin Islands,VIR,1957,0.31176168
United States Virgin Islands,VIR,1958,0.31182024
United States Virgin Islands,VIR,1959,0.31169552
United States Virgin Islands,VIR,1960,0.3113792
United States Virgin Islands,VIR,1961,0.28884062
United States Virgin Islands,VIR,1962,0.26382613
United States Virgin Islands,VIR,1963,0.3361509
United States Virgin Islands,VIR,1964,0.3084098
United States Virgin Islands,VIR,1965,0.28672472
United States Virgin Islands,VIR,1966,0.27030697
United States Virgin Islands,VIR,1967,0.2205869
United States Virgin Islands,VIR,1968,0.21081455
United States Virgin Islands,VIR,1969,0.20093642
United States Virgin Islands,VIR,1970,0.19029479
United States Virgin Islands,VIR,1971,0.17902258
United States Virgin Islands,VIR,1972,0.1679101
United States Virgin Islands,VIR,1973,0.15770188
United States Virgin Islands,VIR,1974,0.14904177
United States Virgin Islands,VIR,1975,0.14211331
United States Virgin Islands,VIR,1976,0.13672943
United States Virgin Islands,VIR,1977,0.13250318
United States Virgin Islands,VIR,1978,0.12914301
United States Virgin Islands,VIR,1979,0.12633538
United States Virgin Islands,VIR,1980,0.14450571
United States Virgin Islands,VIR,1981,0.14191763
United States Virgin Islands,VIR,1982,0.11971814
United States Virgin Islands,VIR,1983,0.118143834
United States Virgin Islands,VIR,1984,0.11704814
United States Virgin Islands,VIR,1985,0.09704723
United States Virgin Islands,VIR,1986,0.09702035
United States Virgin Islands,VIR,1987,0.09736531
United States Virgin Islands,VIR,1988,0.097888775
United States Virgin Islands,VIR,1989,0.09828936
United States Virgin Islands,VIR,1990,0.098364554
United States Virgin Islands,VIR,1991,0.09806516
United States Virgin Islands,VIR,1992,0.09741236
United States Virgin Islands,VIR,1993,0.09656711
United States Virgin Islands,VIR,1994,0.076600835
United States Virgin Islands,VIR,1995,0.076093175
United States Virgin Islands,VIR,1996,0.075756654
United States Virgin Islands,VIR,1997,0.07554736
United States Virgin Islands,VIR,1998,0.075423285
United States Virgin Islands,VIR,1999,0.056493264
United States Virgin Islands,VIR,2000,0.05640292
United States Virgin Islands,VIR,2001,0.056267664
United States Virgin Islands,VIR,2002,0.05612534
United States Virgin Islands,VIR,2003,0.055993453
United States Virgin Islands,VIR,2004,0.05588666
United States Virgin Islands,VIR,2005,0.05581942
United States Virgin Islands,VIR,2006,0.037195317
United States Virgin Islands,VIR,2007,0.03720616
United States Virgin Islands,VIR,2008,0.037236366
United States Virgin Islands,VIR,2009,0.037284654
United States Virgin Islands,VIR,2010,0.037344337
United States Virgin Islands,VIR,2011,0.037416894
United States Virgin Islands,VIR,2012,0.037502818
United States Virgin Islands,VIR,2013,0.03760091
United States Virgin Islands,VIR,2014,0.03771275
United States Virgin Islands,VIR,2015,0.037831213
United States Virgin Islands,VIR,2016,0.03796242
United States Virgin Islands,VIR,2017,0.038105566
United States Virgin Islands,VIR,2018,0.021043105
United States Virgin Islands,VIR,2019,0.021134011
United States Virgin Islands,VIR,2020,0.019663807
United States Virgin Islands,VIR,2021,0.019023659
United States Virgin Islands,VIR,2022,0.018916292
United States Virgin Islands,VIR,2023,0.01911291
United States Virgin Islands,VIR,2024,0.019342327
United States Virgin Islands,VIR,2025,0.019619908
Uruguay,URY,-10000,0
Uruguay,URY,-9000,0
Uruguay,URY,-8000,0
Uruguay,URY,-7000,0
Uruguay,URY,-6000,0
Uruguay,URY,-5000,0
Uruguay,URY,-4000,0
Uruguay,URY,-3000,0
Uruguay,URY,-2000,0
Uruguay,URY,-1000,0
Uruguay,URY,0,0
Uruguay,URY,100,0
Uruguay,URY,200,0
Uruguay,URY,300,0
Uruguay,URY,400,0
Uruguay,URY,500,0
Uruguay,URY,600,0
Uruguay,URY,700,0
Uruguay,URY,800,0
Uruguay,URY,900,0
Uruguay,URY,1000,0
Uruguay,URY,1100,0
Uruguay,URY,1200,0
Uruguay,URY,1300,0
Uruguay,URY,1400,0
Uruguay,URY,1500,0
Uruguay,URY,1600,0
Uruguay,URY,1700,0.42142415
Uruguay,URY,1710,0.5267802
Uruguay,URY,1720,0.6584752
Uruguay,URY,1730,0.823094
Uruguay,URY,1740,1.0288675
Uruguay,URY,1750,1.2860844
Uruguay,URY,1760,1.2857815
Uruguay,URY,1770,1.2854574
Uruguay,URY,1780,1.2851101
Uruguay,URY,1790,1.2847376
Uruguay,URY,1800,1.2843373
Uruguay,URY,1810,1.2839062
Uruguay,URY,1820,1.283441
Uruguay,URY,1830,1.2829373
Uruguay,URY,1840,1.2823901
Uruguay,URY,1850,1.2817937
Uruguay,URY,1860,1.2811397
Uruguay,URY,1870,1.2804186
Uruguay,URY,1880,1.2796175
Uruguay,URY,1890,1.2787191
Uruguay,URY,1900,1.2776985
Uruguay,URY,1910,1.2765201
Uruguay,URY,1920,1.1716651
Uruguay,URY,1930,1.1036187
Uruguay,URY,1940,1.0535419
Uruguay,URY,1950,1.015295
Uruguay,URY,1951,1.0118848
Uruguay,URY,1952,1.0085354
Uruguay,URY,1953,1.0052493
Uruguay,URY,1954,1.0015903
Uruguay,URY,1955,0.99783516
Uruguay,URY,1956,0.9939952
Uruguay,URY,1957,0.99003065
Uruguay,URY,1958,0.985794
Uruguay,URY,1959,0.9809677
Uruguay,URY,1960,0.9735292
Uruguay,URY,1961,0.97484535
Uruguay,URY,1962,0.940517
Uruguay,URY,1963,0.90735596
Uruguay,URY,1964,0.87566924
Uruguay,URY,1965,0.844672
Uruguay,URY,1966,0.8145796
Uruguay,URY,1967,0.7799736
Uruguay,URY,1968,0.74672747
Uruguay,URY,1969,0.7148362
Uruguay,URY,1970,0.6591209
Uruguay,URY,1971,0.6429476
Uruguay,URY,1972,0.6276939
Uruguay,URY,1973,0.61337715
Uruguay,URY,1974,0.5987814
Uruguay,URY,1975,0.5833568
Uruguay,URY,1976,0.5666163
Uruguay,URY,1977,0.54950726
Uruguay,URY,1978,0.5319952
Uruguay,URY,1979,0.51415336
Uruguay,URY,1980,0.4969514
Uruguay,URY,1981,0.48823932
Uruguay,URY,1982,0.47930428
Uruguay,URY,1983,0.47083148
Uruguay,URY,1984,0.46246713
Uruguay,URY,1985,0.45419714
Uruguay,URY,1986,0.4457219
Uruguay,URY,1987,0.4377098
Uruguay,URY,1988,0.42976782
Uruguay,URY,1989,0.42149782
Uruguay,URY,1990,0.4135063
Uruguay,URY,1991,0.41474435
Uruguay,URY,1992,0.41586697
Uruguay,URY,1993,0.41690856
Uruguay,URY,1994,0.41791514
Uruguay,URY,1995,0.4189402
Uruguay,URY,1996,0.41963834
Uruguay,URY,1997,0.42066517
Uruguay,URY,1998,0.42191428
Uruguay,URY,1999,0.42365223
Uruguay,URY,2000,0.42604506
Uruguay,URY,2001,0.42649716
Uruguay,URY,2002,0.4276133
Uruguay,URY,2003,0.42909074
Uruguay,URY,2004,0.42989132
Uruguay,URY,2005,0.43059742
Uruguay,URY,2006,0.42839435
Uruguay,URY,2007,0.45183143
Uruguay,URY,2008,0.5547889
Uruguay,URY,2009,0.66195726
Uruguay,URY,2010,0.61373603
Uruguay,URY,2011,0.7074853
Uruguay,URY,2012,0.64968145
Uruguay,URY,2013,0.69226307
Uruguay,URY,2014,0.72903055
Uruguay,URY,2015,0.7257184
Uruguay,URY,2016,0.66521263
Uruguay,URY,2017,0.65177405
Uruguay,URY,2018,0.6413916
Uruguay,URY,2019,0.62186146
Uruguay,URY,2020,0.60227334
Uruguay,URY,2021,0.60378915
Uruguay,URY,2022,0.62800527
Uruguay,URY,2023,0.60652834
Uruguay,URY,2024,0.60233474
Uruguay,URY,2025,0.59814686
Uzbekistan,UZB,-10000,0
Uzbekistan,UZB,-9000,0
Uzbekistan,UZB,-8000,0
Uzbekistan,UZB,-7000,0
Uzbekistan,UZB,-6000,0
Uzbekistan,UZB,-5000,0
Uzbekistan,UZB,-4000,0
Uzbekistan,UZB,-3000,0
Uzbekistan,UZB,-2000,0.5190453
Uzbekistan,UZB,-1000,0.53968585
Uzbekistan,UZB,0,0.558858
Uzbekistan,UZB,100,0.56070405
Uzbekistan,UZB,200,0.562538
Uzbekistan,UZB,300,0.5643601
Uzbekistan,UZB,400,0.5661706
Uzbekistan,UZB,500,0.5679695
Uzbekistan,UZB,600,0.56975704
Uzbekistan,UZB,700,0.57153356
Uzbekistan,UZB,800,0.57329905
Uzbekistan,UZB,900,0.57505375
Uzbekistan,UZB,1000,0.5767977
Uzbekistan,UZB,1100,0.57853127
Uzbekistan,UZB,1200,0.5802545
Uzbekistan,UZB,1300,0.5819676
Uzbekistan,UZB,1400,0.5836706
Uzbekistan,UZB,1500,0.5853636
Uzbekistan,UZB,1600,0.58704716
Uzbekistan,UZB,1700,0.588721
Uzbekistan,UZB,1710,0.58888775
Uzbekistan,UZB,1720,0.5890545
Uzbekistan,UZB,1730,0.5892212
Uzbekistan,UZB,1740,0.5893878
Uzbekistan,UZB,1750,0.5895543
Uzbekistan,UZB,1760,0.58972067
Uzbekistan,UZB,1770,0.58988696
Uzbekistan,UZB,1780,0.59005314
Uzbekistan,UZB,1790,0.59021926
Uzbekistan,UZB,1800,0.5903853
Uzbekistan,UZB,1810,0.5905512
Uzbekistan,UZB,1820,0.59071696
Uzbekistan,UZB,1830,0.5908827
Uzbekistan,UZB,1840,0.59104836
Uzbekistan,UZB,1850,0.59121394
Uzbekistan,UZB,1860,0.59137934
Uzbekistan,UZB,1870,0.59154475
Uzbekistan,UZB,1880,0.59171003
Uzbekistan,UZB,1890,0.5918752
Uzbekistan,UZB,1900,0.59204024
Uzbekistan,UZB,1910,0.5922052
Uzbekistan,UZB,1920,0.5923702
Uzbekistan,UZB,1930,0.59253496
Uzbekistan,UZB,1940,0.59269965
Uzbekistan,UZB,1950,0.59286433
Uzbekistan,UZB,1951,0.5928807
Uzbekistan,UZB,1952,0.59289724
Uzbekistan,UZB,1953,0.5929137
Uzbekistan,UZB,1954,0.5929302
Uzbekistan,UZB,1955,0.5929465
Uzbekistan,UZB,1956,0.59296304
Uzbekistan,UZB,1957,0.5929795
Uzbekistan,UZB,1958,0.592996
Uzbekistan,UZB,1959,0.5930124
Uzbekistan,UZB,1960,0.59302884
Uzbekistan,UZB,1961,0.57371235
Uzbekistan,UZB,1962,0.5559875
Uzbekistan,UZB,1963,0.53336966
Uzbekistan,UZB,1964,0.5121072
Uzbekistan,UZB,1965,0.493051
Uzbekistan,UZB,1966,0.47005126
Uzbekistan,UZB,1967,0.45229918
Uzbekistan,UZB,1968,0.43525538
Uzbekistan,UZB,1969,0.42091823
Uzbekistan,UZB,1970,0.40679702
Uzbekistan,UZB,1971,0.39426526
Uzbekistan,UZB,1972,0.38246286
Uzbekistan,UZB,1973,0.3711682
Uzbekistan,UZB,1974,0.36189318
Uzbekistan,UZB,1975,0.35145116
Uzbekistan,UZB,1976,0.34196115
Uzbekistan,UZB,1977,0.33297768
Uzbekistan,UZB,1978,0.32348523
Uzbekistan,UZB,1979,0.31447378
Uzbekistan,UZB,1980,0.30685803
Uzbekistan,UZB,1981,0.29877615
Uzbekistan,UZB,1982,0.29095384
Uzbekistan,UZB,1983,0.28365612
Uzbekistan,UZB,1984,0.27629024
Uzbekistan,UZB,1985,0.26967898
Uzbekistan,UZB,1986,0.263035
Uzbekistan,UZB,1987,0.2567421
Uzbekistan,UZB,1988,0.25003847
Uzbekistan,UZB,1989,0.24250051
Uzbekistan,UZB,1990,0.235925
Uzbekistan,UZB,1991,0.23052219
Uzbekistan,UZB,1992,0.22601031
Uzbekistan,UZB,1993,0.22074242
Uzbekistan,UZB,1994,0.2157003
Uzbekistan,UZB,1995,0.21130605
Uzbekistan,UZB,1996,0.20780902
Uzbekistan,UZB,1997,0.20442177
Uzbekistan,UZB,1998,0.20113914
Uzbekistan,UZB,1999,0.19795637
Uzbekistan,UZB,2000,0.19486903
Uzbekistan,UZB,2001,0.19292302
Uzbekistan,UZB,2002,0.1912112
Uzbekistan,UZB,2003,0.18800019
Uzbekistan,UZB,2004,0.18484765
Uzbekistan,UZB,2005,0.18175212
Uzbekistan,UZB,2006,0.17826876
Uzbekistan,UZB,2007,0.17486402
Uzbekistan,UZB,2008,0.17153527
Uzbekistan,UZB,2009,0.1682799
Uzbekistan,UZB,2010,0.16509561
Uzbekistan,UZB,2011,0.16104767
Uzbekistan,UZB,2012,0.16117123
Uzbekistan,UZB,2013,0.15570267
Uzbekistan,UZB,2014,0.15409489
Uzbekistan,UZB,2015,0.1529647
Uzbekistan,UZB,2016,0.1516242
Uzbekistan,UZB,2017,0.15021819
Uzbekistan,UZB,2018,0.14894721
Uzbekistan,UZB,2019,0.14769755
Uzbekistan,UZB,2020,0.1464687
Uzbekistan,UZB,2021,0.14554206
Uzbekistan,UZB,2022,0.14462706
Uzbekistan,UZB,2023,0.1437235
Uzbekistan,UZB,2024,0.14283116
Uzbekistan,UZB,2025,0.14194985
Vanuatu,VUT,0,0
Vanuatu,VUT,100,0
Vanuatu,VUT,200,0
Vanuatu,VUT,300,0
Vanuatu,VUT,400,0
Vanuatu,VUT,500,0
Vanuatu,VUT,600,0
Vanuatu,VUT,700,0
Vanuatu,VUT,800,0
Vanuatu,VUT,900,0
Vanuatu,VUT,1000,0
Vanuatu,VUT,1100,0
Vanuatu,VUT,1200,0.04039915
Vanuatu,VUT,1300,0.04051101
Vanuatu,VUT,1400,0.04062225
Vanuatu,VUT,1500,0.040732887
Vanuatu,VUT,1600,0.04084293
Vanuatu,VUT,1700,0.04095238
Vanuatu,VUT,1710,0.040963292
Vanuatu,VUT,1720,0.0409742
Vanuatu,VUT,1730,0.0409851
Vanuatu,VUT,1740,0.040995996
Vanuatu,VUT,1750,0.041006885
Vanuatu,VUT,1760,0.04101777
Vanuatu,VUT,1770,0.04102865
Vanuatu,VUT,1780,0.041039526
Vanuatu,VUT,1790,0.04105039
Vanuatu,VUT,1800,0.04106125
Vanuatu,VUT,1810,0.041072104
Vanuatu,VUT,1820,0.041082952
Vanuatu,VUT,1830,0.041093796
Vanuatu,VUT,1840,0.041104633
Vanuatu,VUT,1850,0.041115467
Vanuatu,VUT,1860,0.041126292
Vanuatu,VUT,1870,0.041137118
Vanuatu,VUT,1880,0.041147932
Vanuatu,VUT,1890,0.04115874
Vanuatu,VUT,1900,0.04116954
Vanuatu,VUT,1910,0.041180342
Vanuatu,VUT,1920,0.041191135
Vanuatu,VUT,1930,0.041201923
Vanuatu,VUT,1940,0.041212704
Vanuatu,VUT,1950,1.2555786
Vanuatu,VUT,1951,1.2556114
Vanuatu,VUT,1952,1.2556443
Vanuatu,VUT,1953,1.2556771
Vanuatu,VUT,1954,1.2557099
Vanuatu,VUT,1955,1.2557425
Vanuatu,VUT,1956,1.2557755
Vanuatu,VUT,1957,1.2558084
Vanuatu,VUT,1958,1.2558411
Vanuatu,VUT,1959,1.2558738
Vanuatu,VUT,1960,1.2559067
Vanuatu,VUT,1961,1.2174151
Vanuatu,VUT,1962,1.1798018
Vanuatu,VUT,1963,1.1434453
Vanuatu,VUT,1964,1.1090932
Vanuatu,VUT,1965,1.184563
Vanuatu,VUT,1966,1.1516365
Vanuatu,VUT,1967,1.120705
Vanuatu,VUT,1968,1.0908234
Vanuatu,VUT,1969,1.061008
Vanuatu,VUT,1970,1.1125555
Vanuatu,VUT,1971,1.076019
Vanuatu,VUT,1972,1.0418061
Vanuatu,VUT,1973,1.0097016
Vanuatu,VUT,1974,0.97951674
Vanuatu,VUT,1975,1.0111527
Vanuatu,VUT,1976,0.9802304
Vanuatu,VUT,1977,0.9605605
Vanuatu,VUT,1978,0.9328785
Vanuatu,VUT,1979,0.91563696
Vanuatu,VUT,1980,0.8906876
Vanuatu,VUT,1981,0.8774979
Vanuatu,VUT,1982,0.8566961
Vanuatu,VUT,1983,0.84490454
Vanuatu,VUT,1984,0.825782
Vanuatu,VUT,1985,0.822887
Vanuatu,VUT,1986,0.81739044
Vanuatu,VUT,1987,0.812161
Vanuatu,VUT,1988,0.8071798
Vanuatu,VUT,1989,0.8024294
Vanuatu,VUT,1990,0.7978941
Vanuatu,VUT,1991,0.78828096
Vanuatu,VUT,1992,0.7727637
Vanuatu,VUT,1993,0.76435256
Vanuatu,VUT,1994,0.7502855
Vanuatu,VUT,1995,0.74288464
Vanuatu,VUT,1996,0.7399846
Vanuatu,VUT,1997,0.7314812
Vanuatu,VUT,1998,0.7289055
Vanuatu,VUT,1999,0.7209218
Vanuatu,VUT,2000,0.71863145
Vanuatu,VUT,2001,0.7094315
Vanuatu,VUT,2002,0.695608
Vanuatu,VUT,2003,0.6874852
Vanuatu,VUT,2004,0.6748564
Vanuatu,VUT,2005,0.66765493
Vanuatu,VUT,2006,0.65934604
Vanuatu,VUT,2007,0.6514672
Vanuatu,VUT,2008,0.6352214
Vanuatu,VUT,2009,0.6197673
Vanuatu,VUT,2010,0.6050465
Vanuatu,VUT,2011,0.59168303
Vanuatu,VUT,2012,0.5788971
Vanuatu,VUT,2013,0.5666522
Vanuatu,VUT,2014,0.5549144
Vanuatu,VUT,2015,0.54365313
Vanuatu,VUT,2016,0.53283983
Vanuatu,VUT,2017,0.52244824
Vanuatu,VUT,2018,0.5124542
Vanuatu,VUT,2019,0.5028354
Vanuatu,VUT,2020,0.493571
Vanuatu,VUT,2021,0.4849661
Vanuatu,VUT,2022,0.47665602
Vanuatu,VUT,2023,0.468626
Vanuatu,VUT,2024,0.46086204
Vanuatu,VUT,2025,0.45335114
Venezuela,VEN,-10000,0
Venezuela,VEN,-9000,0
Venezuela,VEN,-8000,0
Venezuela,VEN,-7000,0
Venezuela,VEN,-6000,0
Venezuela,VEN,-5000,0
Venezuela,VEN,-4000,0
Venezuela,VEN,-3000,0
Venezuela,VEN,-2000,0
Venezuela,VEN,-1000,0.6409444
Venezuela,VEN,0,0.6357917
Venezuela,VEN,100,0.63496566
Venezuela,VEN,200,0.6340687
Venezuela,VEN,300,0.6330954
Venezuela,VEN,400,0.6320397
Venezuela,VEN,500,0.63089454
Venezuela,VEN,600,0.6296514
Venezuela,VEN,700,0.6283005
Venezuela,VEN,800,0.62682974
Venezuela,VEN,900,0.6252246
Venezuela,VEN,1000,0.62346697
Venezuela,VEN,1100,0.6215338
Venezuela,VEN,1200,0.61939543
Venezuela,VEN,1300,0.6170118
Venezuela,VEN,1400,0.6143271
Venezuela,VEN,1500,0.6112591
Venezuela,VEN,1600,0.60767776
Venezuela,VEN,1700,0.60335344
Venezuela,VEN,1710,0.6028654
Venezuela,VEN,1720,0.602365
Venezuela,VEN,1730,0.6018514
Venezuela,VEN,1740,0.60132384
Venezuela,VEN,1750,0.6007811
Venezuela,VEN,1760,0.60022235
Venezuela,VEN,1770,0.59964645
Venezuela,VEN,1780,0.5990519
Venezuela,VEN,1790,0.5984372
Venezuela,VEN,1800,0.5978007
Venezuela,VEN,1810,0.5971402
Venezuela,VEN,1820,0.5964534
Venezuela,VEN,1830,0.59573764
Venezuela,VEN,1840,0.59498954
Venezuela,VEN,1850,0.59420514
Venezuela,VEN,1860,0.5933795
Venezuela,VEN,1870,0.5925069
Venezuela,VEN,1880,0.59157944
Venezuela,VEN,1890,0.5665253
Venezuela,VEN,1900,0.5382533
Venezuela,VEN,1910,0.50981593
Venezuela,VEN,1920,0.48178566
Venezuela,VEN,1930,0.4541604
Venezuela,VEN,1940,0.4453679
Venezuela,VEN,1950,0.41063705
Venezuela,VEN,1951,0.408537
Venezuela,VEN,1952,0.40778136
Venezuela,VEN,1953,0.40795588
Venezuela,VEN,1954,0.4087193
Venezuela,VEN,1955,0.40978858
Venezuela,VEN,1956,0.4109253
Venezuela,VEN,1957,0.41192377
Venezuela,VEN,1958,0.41258824
Venezuela,VEN,1959,0.4126731
Venezuela,VEN,1960,0.4101173
Venezuela,VEN,1961,0.41150197
Venezuela,VEN,1962,0.39610544
Venezuela,VEN,1963,0.38136548
Venezuela,VEN,1964,0.3676559
Venezuela,VEN,1965,0.3546167
Venezuela,VEN,1966,0.34240314
Venezuela,VEN,1967,0.33206517
Venezuela,VEN,1968,0.32144842
Venezuela,VEN,1969,0.31151286
Venezuela,VEN,1970,0.3023017
Venezuela,VEN,1971,0.29368883
Venezuela,VEN,1972,0.28201824
Venezuela,VEN,1973,0.27617383
Venezuela,VEN,1974,0.27012417
Venezuela,VEN,1975,0.26420203
Venezuela,VEN,1976,0.25838587
Venezuela,VEN,1977,0.25623262
Venezuela,VEN,1978,0.25058636
Venezuela,VEN,1979,0.24444574
Venezuela,VEN,1980,0.23918276
Venezuela,VEN,1981,0.22459365
Venezuela,VEN,1982,0.2199446
Venezuela,VEN,1983,0.20941973
Venezuela,VEN,1984,0.20459868
Venezuela,VEN,1985,0.2107601
Venezuela,VEN,1986,0.21426323
Venezuela,VEN,1987,0.2093526
Venezuela,VEN,1988,0.20409754
Venezuela,VEN,1989,0.18619436
Venezuela,VEN,1990,0.1817545
Venezuela,VEN,1991,0.17765029
Venezuela,VEN,1992,0.1616418
Venezuela,VEN,1993,0.15811175
Venezuela,VEN,1994,0.15492706
Venezuela,VEN,1995,0.15214975
Venezuela,VEN,1996,0.1494916
Venezuela,VEN,1997,0.14694825
Venezuela,VEN,1998,0.1440848
Venezuela,VEN,1999,0.1412062
Venezuela,VEN,2000,0.13863741
Venezuela,VEN,2001,0.13620071
Venezuela,VEN,2002,0.13373372
Venezuela,VEN,2003,0.12756816
Venezuela,VEN,2004,0.1272447
Venezuela,VEN,2005,0.1252606
Venezuela,VEN,2006,0.12316822
Venezuela,VEN,2007,0.121298715
Venezuela,VEN,2008,0.12081715
Venezuela,VEN,2009,0.11543578
Venezuela,VEN,2010,0.113683216
Venezuela,VEN,2011,0.112071216
Venezuela,VEN,2012,0.11050431
Venezuela,VEN,2013,0.1089806
Venezuela,VEN,2014,0.10749835
Venezuela,VEN,2015,0.10605587
Venezuela,VEN,2016,0.1046516
Venezuela,VEN,2017,0.10328402
Venezuela,VEN,2018,0.10195173
Venezuela,VEN,2019,0.10065337
Venezuela,VEN,2020,0.09938767
Venezuela,VEN,2021,0.098303825
Venezuela,VEN,2022,0.09724335
Venezuela,VEN,2023,0.09620554
Venezuela,VEN,2024,0.09518962
Venezuela,VEN,2025,0.09419494
Vietnam,VNM,-10000,0
Vietnam,VNM,-9000,0
Vietnam,VNM,-8000,0
Vietnam,VNM,-7000,0
Vietnam,VNM,-6000,0
Vietnam,VNM,-5000,0
Vietnam,VNM,-4000,0
Vietnam,VNM,-3000,0
Vietnam,VNM,-2000,0
Vietnam,VNM,-1000,0
Vietnam,VNM,0,0.2277453
Vietnam,VNM,100,0.22730058
Vietnam,VNM,200,0.22691679
Vietnam,VNM,300,0.22658573
Vietnam,VNM,400,0.22629994
Vietnam,VNM,500,0.22605388
Vietnam,VNM,600,0.22584173
Vietnam,VNM,700,0.22565888
Vietnam,VNM,800,0.22550134
Vietnam,VNM,900,0.22536562
Vietnam,VNM,1000,0.22524871
Vietnam,VNM,1100,0.22514781
Vietnam,VNM,1200,0.22506116
Vietnam,VNM,1300,0.22498654
Vietnam,VNM,1400,0.22492227
Vietnam,VNM,1500,0.22486621
Vietnam,VNM,1600,0.22481933
Vietnam,VNM,1700,0.2247783
Vietnam,VNM,1710,0.22477451
Vietnam,VNM,1720,0.22477078
Vietnam,VNM,1730,0.22476712
Vietnam,VNM,1740,0.22476351
Vietnam,VNM,1750,0.22475995
Vietnam,VNM,1760,0.22475643
Vietnam,VNM,1770,0.224753
Vietnam,VNM,1780,0.2247496
Vietnam,VNM,1790,0.22474624
Vietnam,VNM,1800,0.22474295
Vietnam,VNM,1810,0.22473969
Vietnam,VNM,1820,0.2247365
Vietnam,VNM,1830,0.22473334
Vietnam,VNM,1840,0.22473024
Vietnam,VNM,1850,0.22472717
Vietnam,VNM,1860,0.22472414
Vietnam,VNM,1870,0.22472118
Vietnam,VNM,1880,0.22452441
Vietnam,VNM,1890,0.23569326
Vietnam,VNM,1900,0.2468621
Vietnam,VNM,1910,0.25803095
Vietnam,VNM,1920,0.26919982
Vietnam,VNM,1930,0.23709242
Vietnam,VNM,1940,0.204985
Vietnam,VNM,1950,0.17287762
Vietnam,VNM,1951,0.17391269
Vietnam,VNM,1952,0.17494775
Vietnam,VNM,1953,0.17598282
Vietnam,VNM,1954,0.1770179
Vietnam,VNM,1955,0.17805296
Vietnam,VNM,1956,0.17908803
Vietnam,VNM,1957,0.18012309
Vietnam,VNM,1958,0.18115816
Vietnam,VNM,1959,0.18219322
Vietnam,VNM,1960,0.18426336
Vietnam,VNM,1961,0.17881133
Vietnam,VNM,1962,0.1737104
Vietnam,VNM,1963,0.16880311
Vietnam,VNM,1964,0.16407935
Vietnam,VNM,1965,0.15953508
Vietnam,VNM,1966,0.15516178
Vietnam,VNM,1967,0.15146713
Vietnam,VNM,1968,0.14795184
Vietnam,VNM,1969,0.14441144
Vietnam,VNM,1970,0.14156608
Vietnam,VNM,1971,0.13756858
Vietnam,VNM,1972,0.13423136
Vietnam,VNM,1973,0.13128866
Vietnam,VNM,1974,0.12829734
Vietnam,VNM,1975,0.1250608
Vietnam,VNM,1976,0.12716572
Vietnam,VNM,1977,0.12687524
Vietnam,VNM,1978,0.12533371
Vietnam,VNM,1979,0.12350165
Vietnam,VNM,1980,0.12161452
Vietnam,VNM,1981,0.11903042
Vietnam,VNM,1982,0.11638435
Vietnam,VNM,1983,0.11402638
Vietnam,VNM,1984,0.11159944
Vietnam,VNM,1985,0.10647135
Vietnam,VNM,1986,0.103784636
Vietnam,VNM,1987,0.10134071
Vietnam,VNM,1988,0.09909314
Vietnam,VNM,1989,0.09704495
Vietnam,VNM,1990,0.09513933
Vietnam,VNM,1991,0.09381907
Vietnam,VNM,1992,0.09585743
Vietnam,VNM,1993,0.094869174
Vietnam,VNM,1994,0.09379461
Vietnam,VNM,1995,0.09121977
Vietnam,VNM,1996,0.093438916
Vietnam,VNM,1997,0.09487795
Vietnam,VNM,1998,0.09645056
Vietnam,VNM,1999,0.09987402
Vietnam,VNM,2000,0.103329174
Vietnam,VNM,2001,0.11101395
Vietnam,VNM,2002,0.10945207
Vietnam,VNM,2003,0.10927533
Vietnam,VNM,2004,0.11124869
Vietnam,VNM,2005,0.11317906
Vietnam,VNM,2006,0.112201616
Vietnam,VNM,2007,0.110783584
Vietnam,VNM,2008,0.11164832
Vietnam,VNM,2009,0.11103315
Vietnam,VNM,2010,0.11517677
Vietnam,VNM,2011,0.11416114
Vietnam,VNM,2012,0.1133458
Vietnam,VNM,2013,0.11293079
Vietnam,VNM,2014,0.11210065
Vietnam,VNM,2015,0.12488869
Vietnam,VNM,2016,0.124001406
Vietnam,VNM,2017,0.12283405
Vietnam,VNM,2018,0.12142485
Vietnam,VNM,2019,0.12292727
Vietnam,VNM,2020,0.1215454
Vietnam,VNM,2021,0.120849766
Vietnam,VNM,2022,0.1197006
Vietnam,VNM,2023,0.11998176
Vietnam,VNM,2024,0.11963214
Vietnam,VNM,2025,0.11928643
Western Sahara,ESH,-3000,0
Western Sahara,ESH,-2000,0
Western Sahara,ESH,-1000,0
Western Sahara,ESH,0,0
Western Sahara,ESH,100,0
Western Sahara,ESH,200,0
Western Sahara,ESH,300,0
Western Sahara,ESH,400,0
Western Sahara,ESH,500,0
Western Sahara,ESH,600,0
Western Sahara,ESH,700,0
Western Sahara,ESH,800,0
Western Sahara,ESH,900,0
Western Sahara,ESH,1000,0
Western Sahara,ESH,1100,0
Western Sahara,ESH,1200,0
Western Sahara,ESH,1300,0
Western Sahara,ESH,1400,0
Western Sahara,ESH,1500,0
Western Sahara,ESH,1600,0
Western Sahara,ESH,1700,0
Western Sahara,ESH,1710,0
Western Sahara,ESH,1720,0
Western Sahara,ESH,1730,0
Western Sahara,ESH,1740,0
Western Sahara,ESH,1750,0
Western Sahara,ESH,1760,0
Western Sahara,ESH,1770,0
Western Sahara,ESH,1780,0
Western Sahara,ESH,1790,0
Western Sahara,ESH,1800,0
Western Sahara,ESH,1810,0
Western Sahara,ESH,1820,0
Western Sahara,ESH,1830,0
Western Sahara,ESH,1840,0
Western Sahara,ESH,1850,0
Western Sahara,ESH,1860,0
Western Sahara,ESH,1870,0
Western Sahara,ESH,1880,0
Western Sahara,ESH,1890,0
Western Sahara,ESH,1900,0
Western Sahara,ESH,1910,0
Western Sahara,ESH,1920,0
Western Sahara,ESH,1930,0
Western Sahara,ESH,1940,0
Western Sahara,ESH,1950,0
Western Sahara,ESH,1951,0
Western Sahara,ESH,1952,0
Western Sahara,ESH,1953,0
Western Sahara,ESH,1954,0
Western Sahara,ESH,1955,0
Western Sahara,ESH,1956,0
Western Sahara,ESH,1957,0
Western Sahara,ESH,1958,0
Western Sahara,ESH,1959,0
Western Sahara,ESH,1960,0
Western Sahara,ESH,1961,0
Western Sahara,ESH,1962,0
Western Sahara,ESH,1963,0
Western Sahara,ESH,1964,0
Western Sahara,ESH,1965,0
Western Sahara,ESH,1966,0
Western Sahara,ESH,1967,0
Western Sahara,ESH,1968,0
Western Sahara,ESH,1969,0
Western Sahara,ESH,1970,0
Western Sahara,ESH,1971,0
Western Sahara,ESH,1972,0
Western Sahara,ESH,1973,0
Western Sahara,ESH,1974,0
Western Sahara,ESH,1975,0
Western Sahara,ESH,1976,0
Western Sahara,ESH,1977,0
Western Sahara,ESH,1978,0
Western Sahara,ESH,1979,0
Western Sahara,ESH,1980,0
Western Sahara,ESH,1981,0
Western Sahara,ESH,1982,0
Western Sahara,ESH,1983,0
Western Sahara,ESH,1984,0
Western Sahara,ESH,1985,0
Western Sahara,ESH,1986,0
Western Sahara,ESH,1987,0
Western Sahara,ESH,1988,0
Western Sahara,ESH,1989,0
Western Sahara,ESH,1990,0
Western Sahara,ESH,1991,0
Western Sahara,ESH,1992,0
Western Sahara,ESH,1993,0
Western Sahara,ESH,1994,0
Western Sahara,ESH,1995,0
Western Sahara,ESH,1996,0
Western Sahara,ESH,1997,0
Western Sahara,ESH,1998,0
Western Sahara,ESH,1999,0
Western Sahara,ESH,2000,0
Western Sahara,ESH,2001,0
Western Sahara,ESH,2002,0
Western Sahara,ESH,2003,0
Western Sahara,ESH,2004,0
Western Sahara,ESH,2005,0
Western Sahara,ESH,2006,0
Western Sahara,ESH,2007,0
Western Sahara,ESH,2008,0
Western Sahara,ESH,2009,0
Western Sahara,ESH,2010,0
Western Sahara,ESH,2011,0
Western Sahara,ESH,2012,0
Western Sahara,ESH,2013,0
Western Sahara,ESH,2014,0
Western Sahara,ESH,2015,0
Western Sahara,ESH,2016,0
Western Sahara,ESH,2017,0
Western Sahara,ESH,2018,0
Western Sahara,ESH,2019,0
Western Sahara,ESH,2020,0
Western Sahara,ESH,2021,0
Western Sahara,ESH,2022,0
Western Sahara,ESH,2023,0
Western Sahara,ESH,2024,0
Western Sahara,ESH,2025,0
World,OWID_WRL,-10000,0
World,OWID_WRL,-9000,0.003507984
World,OWID_WRL,-8000,0.02152244
World,OWID_WRL,-7000,0.04651943
World,OWID_WRL,-6000,0.099707894
World,OWID_WRL,-5000,0.21465494
World,OWID_WRL,-4000,0.32867947
World,OWID_WRL,-3000,0.39683253
World,OWID_WRL,-2000,0.5345336
World,OWID_WRL,-1000,0.57735425
World,OWID_WRL,0,0.6056748
World,OWID_WRL,100,0.6061373
World,OWID_WRL,200,0.59926367
World,OWID_WRL,300,0.5821424
World,OWID_WRL,400,0.5656351
World,OWID_WRL,500,0.5464684
World,OWID_WRL,600,0.53397113
World,OWID_WRL,700,0.52734435
World,OWID_WRL,800,0.53400105
World,OWID_WRL,900,0.5469648
World,OWID_WRL,1000,0.5551683
World,OWID_WRL,1100,0.56159586
World,OWID_WRL,1200,0.57118225
World,OWID_WRL,1300,0.56674355
World,OWID_WRL,1400,0.5342458
World,OWID_WRL,1500,0.5370859
World,OWID_WRL,1600,0.55280936
World,OWID_WRL,1700,0.5264918
World,OWID_WRL,1710,0.52965075
World,OWID_WRL,1720,0.52710587
World,OWID_WRL,1730,0.5292398
World,OWID_WRL,1740,0.5245699
World,OWID_WRL,1750,0.5072005
World,OWID_WRL,1760,0.5016915
World,OWID_WRL,1770,0.49463633
World,OWID_WRL,1780,0.4721161
World,OWID_WRL,1790,0.4692541
World,OWID_WRL,1800,0.4827555
World,OWID_WRL,1810,0.470033
World,OWID_WRL,1820,0.47785014
World,OWID_WRL,1830,0.46826738
World,OWID_WRL,1840,0.47516
World,OWID_WRL,1850,0.47257853
World,OWID_WRL,1860,0.4845203
World,OWID_WRL,1870,0.50893235
World,OWID_WRL,1880,0.5290399
World,OWID_WRL,1890,0.53084743
World,OWID_WRL,1900,0.5287482
World,OWID_WRL,1910,0.5439021
World,OWID_WRL,1920,0.5265659
World,OWID_WRL,1930,0.5196393
World,OWID_WRL,1940,0.5029328
World,OWID_WRL,1950,0.4735674
World,OWID_WRL,1951,0.47093177
World,OWID_WRL,1952,0.46833846
World,OWID_WRL,1953,0.46497086
World,OWID_WRL,1954,0.4617089
World,OWID_WRL,1955,0.4593415
World,OWID_WRL,1956,0.4565922
World,OWID_WRL,1957,0.45338318
World,OWID_WRL,1958,0.45012203
World,OWID_WRL,1959,0.4445055
World,OWID_WRL,1960,0.43842754
World,OWID_WRL,1961,0.4325671
World,OWID_WRL,1962,0.4264886
World,OWID_WRL,1963,0.4211898
World,OWID_WRL,1964,0.4145453
World,OWID_WRL,1965,0.4078464
World,OWID_WRL,1966,0.40075362
World,OWID_WRL,1967,0.39337656
World,OWID_WRL,1968,0.388462
World,OWID_WRL,1969,0.38302255
World,OWID_WRL,1970,0.37649864
World,OWID_WRL,1971,0.36874095
World,OWID_WRL,1972,0.3625166
World,OWID_WRL,1973,0.35724214
World,OWID_WRL,1974,0.35129738
World,OWID_WRL,1975,0.3455666
World,OWID_WRL,1976,0.34044448
World,OWID_WRL,1977,0.33517218
World,OWID_WRL,1978,0.3322694
World,OWID_WRL,1979,0.32855594
World,OWID_WRL,1980,0.32276726
World,OWID_WRL,1981,0.31769308
World,OWID_WRL,1982,0.3130928
World,OWID_WRL,1983,0.30753854
World,OWID_WRL,1984,0.30407298
World,OWID_WRL,1985,0.3001441
World,OWID_WRL,1986,0.29546216
World,OWID_WRL,1987,0.291269
World,OWID_WRL,1988,0.28639755
World,OWID_WRL,1989,0.28173003
World,OWID_WRL,1990,0.27771676
World,OWID_WRL,1991,0.27421173
World,OWID_WRL,1992,0.2699404
World,OWID_WRL,1993,0.26620933
World,OWID_WRL,1994,0.2623302
World,OWID_WRL,1995,0.25887713
World,OWID_WRL,1996,0.25526372
World,OWID_WRL,1997,0.2526621
World,OWID_WRL,1998,0.24910201
World,OWID_WRL,1999,0.246162
World,OWID_WRL,2000,0.24286392
World,OWID_WRL,2001,0.23980044
World,OWID_WRL,2002,0.23608586
World,OWID_WRL,2003,0.2337674
World,OWID_WRL,2004,0.23193891
World,OWID_WRL,2005,0.23039438
World,OWID_WRL,2006,0.22780965
World,OWID_WRL,2007,0.22386427
World,OWID_WRL,2008,0.22195968
World,OWID_WRL,2009,0.22074845
World,OWID_WRL,2010,0.21926434
World,OWID_WRL,2011,0.21908526
World,OWID_WRL,2012,0.21748942
World,OWID_WRL,2013,0.21621314
World,OWID_WRL,2014,0.21494976
World,OWID_WRL,2015,0.21403457
World,OWID_WRL,2016,0.21258074
World,OWID_WRL,2017,0.21125348
World,OWID_WRL,2018,0.20990026
World,OWID_WRL,2019,0.20771459
World,OWID_WRL,2020,0.20632039
World,OWID_WRL,2021,0.20540129
World,OWID_WRL,2022,0.20386593
World,OWID_WRL,2023,0.20268911
World,OWID_WRL,2024,0.2015726
World,OWID_WRL,2025,0.2004231
Yemen,YEM,-10000,0
Yemen,YEM,-9000,0
Yemen,YEM,-8000,0
Yemen,YEM,-7000,0
Yemen,YEM,-6000,0
Yemen,YEM,-5000,0
Yemen,YEM,-4000,0
Yemen,YEM,-3000,0
Yemen,YEM,-2000,1.2594155
Yemen,YEM,-1000,1.2594153
Yemen,YEM,0,1.0999051
Yemen,YEM,100,1.0812131
Yemen,YEM,200,1.0618508
Yemen,YEM,300,1.0417565
Yemen,YEM,400,1.0208561
Yemen,YEM,500,0.99906224
Yemen,YEM,600,0.9762727
Yemen,YEM,700,0.95236737
Yemen,YEM,800,0.9271976
Yemen,YEM,900,0.9005825
Yemen,YEM,1000,0.87229306
Yemen,YEM,1100,0.84203804
Yemen,YEM,1200,0.80943805
Yemen,YEM,1300,0.77397656
Yemen,YEM,1400,0.7349289
Yemen,YEM,1500,0.6912216
Yemen,YEM,1600,0.6411078
Yemen,YEM,1700,0.5817384
Yemen,YEM,1710,0.5750936
Yemen,YEM,1720,0.5682917
Yemen,YEM,1730,0.56132305
Yemen,YEM,1740,0.55417675
Yemen,YEM,1750,0.5468413
Yemen,YEM,1760,0.5393036
Yemen,YEM,1770,0.5315491
Yemen,YEM,1780,0.5235615
Yemen,YEM,1790,0.5153224
Yemen,YEM,1800,0.5068111
Yemen,YEM,1810,0.49800387
Yemen,YEM,1820,0.48887366
Yemen,YEM,1830,0.479389
Yemen,YEM,1840,0.46951345
Yemen,YEM,1850,0.45920393
Yemen,YEM,1860,0.44840953
Yemen,YEM,1870,0.43706876
Yemen,YEM,1880,0.4251068
Yemen,YEM,1890,0.41243088
Yemen,YEM,1900,0.39892384
Yemen,YEM,1910,0.3844344
Yemen,YEM,1920,0.36876172
Yemen,YEM,1930,0.35162997
Yemen,YEM,1940,0.33264318
Yemen,YEM,1950,0.3111994
Yemen,YEM,1951,0.3088867
Yemen,YEM,1952,0.30653888
Yemen,YEM,1953,0.30415452
Yemen,YEM,1954,0.30173215
Yemen,YEM,1955,0.29927027
Yemen,YEM,1956,0.29676723
Yemen,YEM,1957,0.29422122
Yemen,YEM,1958,0.29163036
Yemen,YEM,1959,0.28899264
Yemen,YEM,1960,0.2585006
Yemen,YEM,1961,0.2541583
Yemen,YEM,1962,0.2518776
Yemen,YEM,1963,0.24972168
Yemen,YEM,1964,0.24714346
Yemen,YEM,1965,0.24452291
Yemen,YEM,1966,0.24197246
Yemen,YEM,1967,0.23862201
Yemen,YEM,1968,0.234953
Yemen,YEM,1969,0.23226306
Yemen,YEM,1970,0.22893825
Yemen,YEM,1971,0.226589
Yemen,YEM,1972,0.22478217
Yemen,YEM,1973,0.22210656
Yemen,YEM,1974,0.21951176
Yemen,YEM,1975,0.2181897
Yemen,YEM,1976,0.2103087
Yemen,YEM,1977,0.20297718
Yemen,YEM,1978,0.19640829
Yemen,YEM,1979,0.19013757
Yemen,YEM,1980,0.1841368
Yemen,YEM,1981,0.17634057
Yemen,YEM,1982,0.16896576
Yemen,YEM,1983,0.16218303
Yemen,YEM,1984,0.15592384
Yemen,YEM,1985,0.15064223
Yemen,YEM,1986,0.1441711
Yemen,YEM,1987,0.13907936
Yemen,YEM,1988,0.13357763
Yemen,YEM,1989,0.12866837
Yemen,YEM,1990,0.13608734
Yemen,YEM,1991,0.12956576
Yemen,YEM,1992,0.11195784
Yemen,YEM,1993,0.1243854
Yemen,YEM,1994,0.119243085
Yemen,YEM,1995,0.114601284
Yemen,YEM,1996,0.11204625
Yemen,YEM,1997,0.10631605
Yemen,YEM,1998,0.1006399
Yemen,YEM,1999,0.09693062
Yemen,YEM,2000,0.09417043
Yemen,YEM,2001,0.087119065
Yemen,YEM,2002,0.08764981
Yemen,YEM,2003,0.07675145
Yemen,YEM,2004,0.07760341
Yemen,YEM,2005,0.07375787
Yemen,YEM,2006,0.076279625
Yemen,YEM,2007,0.0739203
Yemen,YEM,2008,0.0668548
Yemen,YEM,2009,0.062126312
Yemen,YEM,2010,0.06564803
Yemen,YEM,2011,0.058442734
Yemen,YEM,2012,0.05854784
Yemen,YEM,2013,0.05671698
Yemen,YEM,2014,0.053324915
Yemen,YEM,2015,0.051138505
Yemen,YEM,2016,0.048107304
Yemen,YEM,2017,0.049056116
Yemen,YEM,2018,0.047777183
Yemen,YEM,2019,0.046563238
Yemen,YEM,2020,0.045409456
Yemen,YEM,2021,0.04427222
Yemen,YEM,2022,0.043190558
Yemen,YEM,2023,0.04216049
Yemen,YEM,2024,0.0411784
Yemen,YEM,2025,0.040241033
Zambia,ZMB,-10000,0
Zambia,ZMB,-9000,0
Zambia,ZMB,-8000,0
Zambia,ZMB,-7000,0
Zambia,ZMB,-6000,0
Zambia,ZMB,-5000,0
Zambia,ZMB,-4000,0
Zambia,ZMB,-3000,0
Zambia,ZMB,-2000,0
Zambia,ZMB,-1000,0
Zambia,ZMB,0,0
Zambia,ZMB,100,0
Zambia,ZMB,200,0
Zambia,ZMB,300,0
Zambia,ZMB,400,0
Zambia,ZMB,500,0
Zambia,ZMB,600,0
Zambia,ZMB,700,0
Zambia,ZMB,800,0
Zambia,ZMB,900,0
Zambia,ZMB,1000,0.81426275
Zambia,ZMB,1100,0.81426275
Zambia,ZMB,1200,0.81426275
Zambia,ZMB,1300,0.81426275
Zambia,ZMB,1400,0.8142628
Zambia,ZMB,1500,0.81426275
Zambia,ZMB,1600,0.8142627
Zambia,ZMB,1700,0.81426275
Zambia,ZMB,1710,0.81426275
Zambia,ZMB,1720,0.81426275
Zambia,ZMB,1730,0.81426275
Zambia,ZMB,1740,0.81426275
Zambia,ZMB,1750,0.81426275
Zambia,ZMB,1760,0.81426275
Zambia,ZMB,1770,0.8142627
Zambia,ZMB,1780,0.8142628
Zambia,ZMB,1790,0.81426275
Zambia,ZMB,1800,0.8142628
Zambia,ZMB,1810,0.81426275
Zambia,ZMB,1820,0.81426275
Zambia,ZMB,1830,0.8142628
Zambia,ZMB,1840,0.8142627
Zambia,ZMB,1850,0.8142628
Zambia,ZMB,1860,0.81426275
Zambia,ZMB,1870,0.81426275
Zambia,ZMB,1880,0.8142627
Zambia,ZMB,1890,0.8142628
Zambia,ZMB,1900,0.81426275
Zambia,ZMB,1910,0.81426275
Zambia,ZMB,1920,0.81426275
Zambia,ZMB,1930,0.8142628
Zambia,ZMB,1940,0.81426275
Zambia,ZMB,1950,0.81426275
Zambia,ZMB,1951,0.81426275
Zambia,ZMB,1952,0.81426275
Zambia,ZMB,1953,0.81426275
Zambia,ZMB,1954,0.81426275
Zambia,ZMB,1955,0.8142628
Zambia,ZMB,1956,0.8142627
Zambia,ZMB,1957,0.8142627
Zambia,ZMB,1958,0.8142628
Zambia,ZMB,1959,0.81426275
Zambia,ZMB,1960,0.81426275
Zambia,ZMB,1961,0.81426275
Zambia,ZMB,1962,0.78998035
Zambia,ZMB,1963,0.7724628
Zambia,ZMB,1964,0.7555876
Zambia,ZMB,1965,0.733287
Zambia,ZMB,1966,0.72547954
Zambia,ZMB,1967,0.70703584
Zambia,ZMB,1968,0.69400334
Zambia,ZMB,1969,0.67938906
Zambia,ZMB,1970,0.6646018
Zambia,ZMB,1971,0.6723412
Zambia,ZMB,1972,0.65169317
Zambia,ZMB,1973,0.63161504
Zambia,ZMB,1974,0.6156729
Zambia,ZMB,1975,0.5915609
Zambia,ZMB,1976,0.56722766
Zambia,ZMB,1977,0.5442273
Zambia,ZMB,1978,0.4971421
Zambia,ZMB,1979,0.4076076
Zambia,ZMB,1980,0.3983543
Zambia,ZMB,1981,0.39430895
Zambia,ZMB,1982,0.38996407
Zambia,ZMB,1983,0.38579834
Zambia,ZMB,1984,0.38167232
Zambia,ZMB,1985,0.37798992
Zambia,ZMB,1986,0.37430328
Zambia,ZMB,1987,0.37112328
Zambia,ZMB,1988,0.36802283
Zambia,ZMB,1989,0.37241766
Zambia,ZMB,1990,0.36263964
Zambia,ZMB,1991,0.33690417
Zambia,ZMB,1992,0.33127177
Zambia,ZMB,1993,0.3232144
Zambia,ZMB,1994,0.32295018
Zambia,ZMB,1995,0.31388593
Zambia,ZMB,1996,0.30539784
Zambia,ZMB,1997,0.29710618
Zambia,ZMB,1998,0.28883773
Zambia,ZMB,1999,0.2806719
Zambia,ZMB,2000,0.27309275
Zambia,ZMB,2001,0.25452405
Zambia,ZMB,2002,0.23524314
Zambia,ZMB,2003,0.2546843
Zambia,ZMB,2004,0.24693681
Zambia,ZMB,2005,0.22917062
Zambia,ZMB,2006,0.24613504
Zambia,ZMB,2007,0.23448107
Zambia,ZMB,2008,0.23596376
Zambia,ZMB,2009,0.26648995
Zambia,ZMB,2010,0.26251912
Zambia,ZMB,2011,0.26980212
Zambia,ZMB,2012,0.2766775
Zambia,ZMB,2013,0.26219976
Zambia,ZMB,2014,0.25531974
Zambia,ZMB,2015,0.24879496
Zambia,ZMB,2016,0.24253371
Zambia,ZMB,2017,0.24290724
Zambia,ZMB,2018,0.2370871
Zambia,ZMB,2019,0.23153935
Zambia,ZMB,2020,0.22624528
Zambia,ZMB,2021,0.22052757
Zambia,ZMB,2022,0.21509172
Zambia,ZMB,2023,0.2099174
Zambia,ZMB,2024,0.20498618
Zambia,ZMB,2025,0.20028132
Zimbabwe,ZWE,-10000,0
Zimbabwe,ZWE,-9000,0
Zimbabwe,ZWE,-8000,0
Zimbabwe,ZWE,-7000,0
Zimbabwe,ZWE,-6000,0
Zimbabwe,ZWE,-5000,0
Zimbabwe,ZWE,-4000,0
Zimbabwe,ZWE,-3000,0
Zimbabwe,ZWE,-2000,0
Zimbabwe,ZWE,-1000,0
Zimbabwe,ZWE,0,0
Zimbabwe,ZWE,100,0
Zimbabwe,ZWE,200,0
Zimbabwe,ZWE,300,0
Zimbabwe,ZWE,400,0
Zimbabwe,ZWE,500,0
Zimbabwe,ZWE,600,0
Zimbabwe,ZWE,700,0
Zimbabwe,ZWE,800,0
Zimbabwe,ZWE,900,0
Zimbabwe,ZWE,1000,0.25721297
Zimbabwe,ZWE,1100,0.25721297
Zimbabwe,ZWE,1200,0.25721297
Zimbabwe,ZWE,1300,0.25721297
Zimbabwe,ZWE,1400,0.25721297
Zimbabwe,ZWE,1500,0.25721297
Zimbabwe,ZWE,1600,0.25721297
Zimbabwe,ZWE,1700,0.25721297
Zimbabwe,ZWE,1710,0.25721297
Zimbabwe,ZWE,1720,0.25721297
Zimbabwe,ZWE,1730,0.25721297
Zimbabwe,ZWE,1740,0.25721294
Zimbabwe,ZWE,1750,0.25721297
Zimbabwe,ZWE,1760,0.25721297
Zimbabwe,ZWE,1770,0.25721297
Zimbabwe,ZWE,1780,0.25721297
Zimbabwe,ZWE,1790,0.25721297
Zimbabwe,ZWE,1800,0.25721297
Zimbabwe,ZWE,1810,0.25721297
Zimbabwe,ZWE,1820,0.25721297
Zimbabwe,ZWE,1830,0.25721297
Zimbabwe,ZWE,1840,0.25721297
Zimbabwe,ZWE,1850,0.25721294
Zimbabwe,ZWE,1860,0.25721297
Zimbabwe,ZWE,1870,0.25721297
Zimbabwe,ZWE,1880,0.25721297
Zimbabwe,ZWE,1890,0.25721297
Zimbabwe,ZWE,1900,0.25721294
Zimbabwe,ZWE,1910,0.25721294
Zimbabwe,ZWE,1920,0.25721297
Zimbabwe,ZWE,1930,0.25721294
Zimbabwe,ZWE,1940,0.25721297
Zimbabwe,ZWE,1950,0.25721297
Zimbabwe,ZWE,1951,0.25721297
Zimbabwe,ZWE,1952,0.25721297
Zimbabwe,ZWE,1953,0.25721297
Zimbabwe,ZWE,1954,0.25721297
Zimbabwe,ZWE,1955,0.25721294
Zimbabwe,ZWE,1956,0.25721297
Zimbabwe,ZWE,1957,0.25721297
Zimbabwe,ZWE,1958,0.25721297
Zimbabwe,ZWE,1959,0.25721297
Zimbabwe,ZWE,1960,0.25721297
Zimbabwe,ZWE,1961,0.25721297
Zimbabwe,ZWE,1962,0.25846335
Zimbabwe,ZWE,1963,0.26592848
Zimbabwe,ZWE,1964,0.26528636
Zimbabwe,ZWE,1965,0.26686797
Zimbabwe,ZWE,1966,0.2539942
Zimbabwe,ZWE,1967,0.26061136
Zimbabwe,ZWE,1968,0.25645813
Zimbabwe,ZWE,1969,0.26634872
Zimbabwe,ZWE,1970,0.27017158
Zimbabwe,ZWE,1971,0.27698788
Zimbabwe,ZWE,1972,0.2865086
Zimbabwe,ZWE,1973,0.2870685
Zimbabwe,ZWE,1974,0.29320887
Zimbabwe,ZWE,1975,0.29325187
Zimbabwe,ZWE,1976,0.2914441
Zimbabwe,ZWE,1977,0.29658255
Zimbabwe,ZWE,1978,0.29102683
Zimbabwe,ZWE,1979,0.28811997
Zimbabwe,ZWE,1980,0.28906977
Zimbabwe,ZWE,1981,0.29549545
Zimbabwe,ZWE,1982,0.29536343
Zimbabwe,ZWE,1983,0.3065563
Zimbabwe,ZWE,1984,0.30217585
Zimbabwe,ZWE,1985,0.297479
Zimbabwe,ZWE,1986,0.30005932
Zimbabwe,ZWE,1987,0.27919978
Zimbabwe,ZWE,1988,0.27992028
Zimbabwe,ZWE,1989,0.29569578
Zimbabwe,ZWE,1990,0.2989863
Zimbabwe,ZWE,1991,0.29712713
Zimbabwe,ZWE,1992,0.26624802
Zimbabwe,ZWE,1993,0.27004665
Zimbabwe,ZWE,1994,0.289274
Zimbabwe,ZWE,1995,0.28197324
Zimbabwe,ZWE,1996,0.2931005
Zimbabwe,ZWE,1997,0.28247648
Zimbabwe,ZWE,1998,0.27642462
Zimbabwe,ZWE,1999,0.29085928
Zimbabwe,ZWE,2000,0.30759186
Zimbabwe,ZWE,2001,0.29571238
Zimbabwe,ZWE,2002,0.2966817
Zimbabwe,ZWE,2003,0.29367533
Zimbabwe,ZWE,2004,0.30200273
Zimbabwe,ZWE,2005,0.30583695
Zimbabwe,ZWE,2006,0.31653866
Zimbabwe,ZWE,2007,0.30403954
Zimbabwe,ZWE,2008,0.31719342
Zimbabwe,ZWE,2009,0.30051333
Zimbabwe,ZWE,2010,0.32198176
Zimbabwe,ZWE,2011,0.33668506
Zimbabwe,ZWE,2012,0.32246745
Zimbabwe,ZWE,2013,0.29555264
Zimbabwe,ZWE,2014,0.2645442
Zimbabwe,ZWE,2015,0.26064166
Zimbabwe,ZWE,2016,0.26626346
Zimbabwe,ZWE,2017,0.2553454
Zimbabwe,ZWE,2018,0.2595611
Zimbabwe,ZWE,2019,0.24474116
Zimbabwe,ZWE,2020,0.25077263
Zimbabwe,ZWE,2021,0.23941842
Zimbabwe,ZWE,2022,0.24200578
Zimbabwe,ZWE,2023,0.23567826
Zimbabwe,ZWE,2024,0.23193644
Zimbabwe,ZWE,2025,0.22820894