{"type":"FeatureCollection","features":[{"type":"Feature","id":2242,"geometry":{"type":"Polygon","coordinates":[[[15.401836039556454,47.134348275282719],[15.401560841239977,47.134406836303171],[15.401286946710419,47.134458661053309],[15.401232723172486,47.134468922517918],[15.401179690498878,47.134478923827828],[15.401170696906139,47.134480649413362],[15.400949138680506,47.134494491913117],[15.400840669094856,47.134501251961723],[15.400750842662395,47.134452125306161],[15.400725975467797,47.134404428614985],[15.400709338826161,47.13436093683827],[15.400623964053798,47.134260934731259],[15.400264301832314,47.134054889377381],[15.400004413063963,47.133924586765509],[15.399835912471191,47.133859524832786],[15.399517917424463,47.133743048147473],[15.399400640675779,47.133725988004507],[15.399224696418932,47.133754592215837],[15.399173407424394,47.133762897810442],[15.399046405271651,47.133766716101292],[15.39892098369288,47.133740593826623],[15.398895767915068,47.133735350289427],[15.398777353528567,47.133648029228709],[15.398669475041567,47.13350124736089],[15.398564345264298,47.133430585613375],[15.398489767482193,47.133394534797048],[15.398372215478677,47.133337713431438],[15.398328175141755,47.133269620468511],[15.398291500513757,47.133212921504168],[15.398249832120213,47.133108894902293],[15.398180132851769,47.132934873487486],[15.398185047837329,47.132799287067854],[15.398186527377309,47.132758623775644],[15.398169168479482,47.132658906923815],[15.398133425942758,47.132585214977176],[15.3980786920137,47.132519642883068],[15.398003231825619,47.132470901559074],[15.39789694500497,47.13243620972483],[15.39773518612051,47.132419152272384],[15.397689730435195,47.132414363293961],[15.397618389433656,47.13241620739214],[15.397535848426269,47.132372894690434],[15.397589087021634,47.132298672418571],[15.397669197535432,47.132168469512116],[15.397769145396685,47.132006011073017],[15.397847892307263,47.131845375755596],[15.397944614157112,47.131299721458575],[15.398000065073854,47.131069633641211],[15.398145002934617,47.130660108686214],[15.398196568380627,47.13051598120267],[15.398274888317109,47.130296964457521],[15.398299768600632,47.130253722296843],[15.398328863810406,47.130203138735617],[15.398386099953546,47.130103762778376],[15.398487926831566,47.129927034972681],[15.398559782670121,47.12979071917357],[15.398688354862383,47.129547017397783],[15.398706312584828,47.129492654622801],[15.398771054000278,47.129296103840986],[15.398799870504439,47.129208818233643],[15.398890428673788,47.128930624064509],[15.398904278328811,47.128892508604466],[15.39896744343481,47.128777349635889],[15.398976035297324,47.128761678670038],[15.399077461218628,47.128645033692742],[15.399131941266916,47.128582334433169],[15.399141761850947,47.128570991111545],[15.399148281647097,47.128562229338904],[15.399336811884895,47.128309032819651],[15.399361930420763,47.128184567416518],[15.399350842928527,47.12804289525851],[15.39929413606764,47.127864690012558],[15.399244401203926,47.127623468741653],[15.39923826731351,47.127593753017287],[15.399276255223356,47.127329340550908],[15.399297062976633,47.127240190279032],[15.399339114658112,47.127059554584342],[15.39942675001423,47.126834856317394],[15.39956640144438,47.12658251889291],[15.399603171105412,47.126530018832348],[15.399779412399257,47.126287874838049],[15.39989154180787,47.126120431808587],[15.399913128445867,47.126088199228846],[15.399926120380025,47.126060573798625],[15.399946532844742,47.126017141816995],[15.399855554164665,47.125674047881226],[15.399770385297593,47.125435523425473],[15.399666330513982,47.125319446537802],[15.39937899705602,47.125200971181812],[15.399063981678488,47.1251354291634],[15.398668540308565,47.125146854996487],[15.39824579108206,47.125212295794057],[15.398006102617746,47.125142600317183],[15.397816817010304,47.125054607642149],[15.397641353037047,47.124930118192566],[15.397684780652467,47.124783855267239],[15.397743101056221,47.124585093494872],[15.397717014407453,47.124472262148515],[15.397623345411104,47.124268836906133],[15.39762155548391,47.124264954381616],[15.397630546473126,47.12399355842927],[15.397583761708315,47.123806258586654],[15.397450411024918,47.123655398702596],[15.397329815785811,47.123536125777832],[15.397166818062868,47.123429997632783],[15.396960754198929,47.123269905804385],[15.396791315343012,47.123155448882926],[15.396659588132005,47.123047327713614],[15.396520266846215,47.122906492168553],[15.396341910454897,47.122729805826964],[15.396501997862845,47.122462168208507],[15.396692612979367,47.122256936352862],[15.396868658396883,47.122093231637024],[15.397000013717491,47.121982770533421],[15.397063583865359,47.121642920175525],[15.397091565506596,47.12146819643074],[15.397107369014453,47.121259101794969],[15.39694018825211,47.121039151950484],[15.396797678113968,47.120847648562759],[15.396831458899847,47.12056809045108],[15.396786846547283,47.120444852549312],[15.39674951004053,47.120327521069029],[15.39659463215281,47.119903034791889],[15.396490230689786,47.119807640600776],[15.396445326571337,47.119761667414515],[15.396223318884198,47.119534340441803],[15.395953831698305,47.119257780294731],[15.395833738385637,47.119133202745296],[15.395663318718372,47.118925727437968],[15.395465068337105,47.11879457096412],[15.395311663865186,47.118758230316089],[15.395110529211914,47.118730942083637],[15.394970038194536,47.118761899923349],[15.394977488181491,47.118556154940869],[15.394875621236658,47.118354728711523],[15.394749157220174,47.118053705160293],[15.394817348484491,47.117893164695516],[15.394793368374456,47.117668901462437],[15.394684689461608,47.117330874511417],[15.394407180699817,47.11692750470219],[15.394262147207273,47.116544113272901],[15.394138617848549,47.116263891599388],[15.39395270292739,47.115904989764175],[15.393802030503204,47.115572643067743],[15.393637510585773,47.115241081701598],[15.393586233443598,47.115137756552279],[15.393393925036252,47.114917450546493],[15.392746068109611,47.114175242843039],[15.392724435829189,47.11415045424247],[15.391637392511095,47.112905055333556],[15.391417457241982,47.112906569529954],[15.391066698427986,47.112899807826274],[15.390774814974129,47.112849635262506],[15.390412808208257,47.112860498932051],[15.390190727011394,47.112864151861025],[15.390038309686002,47.112892216701162],[15.389949219089445,47.112893369670338],[15.389767886040572,47.112909951464211],[15.389498136235373,47.112934257534818],[15.389204539618698,47.112973297566953],[15.388751500934431,47.113131731442365],[15.388606484330356,47.113136198650778],[15.388211115843443,47.113148398454925],[15.387855435933536,47.113151570676621],[15.387287711726264,47.113105131663161],[15.386764618314508,47.113120046148509],[15.38648510610027,47.113122676112063],[15.386431733096643,47.113123222997622],[15.386419260215005,47.113179968199255],[15.386407913285073,47.113214900777805],[15.386371168734712,47.113327987497392],[15.3863594209699,47.113440238076279],[15.386275738963731,47.113418765550307],[15.386008103225244,47.113375888015952],[15.385561939186188,47.113295548097241],[15.385265166218757,47.113298121772168],[15.385188042765337,47.11326355215833],[15.384985692423005,47.113172838975856],[15.384873101272516,47.113169205356819],[15.384731300306996,47.113244575255891],[15.384519398774543,47.11330533028336],[15.384116367362211,47.113178209113045],[15.383858249257521,47.113148538417484],[15.383726224524036,47.113133768139619],[15.383310005559906,47.113088659147103],[15.38253587328029,47.113039039969088],[15.381810044671848,47.112800832318158],[15.381570890611247,47.11277923011292],[15.381235471865113,47.11285783910737],[15.380889386813321,47.112516379824989],[15.380668811930303,47.112435923240412],[15.380576133427519,47.112460884832053],[15.380185558484968,47.112566096624001],[15.380029820181102,47.112610131598672],[15.379309874742294,47.112676799041402],[15.37922686721868,47.112555455077775],[15.379153322908023,47.11244793454361],[15.37907032926387,47.112326590576927],[15.379033814009372,47.11227321469935],[15.379029692416728,47.112267198554697],[15.379026765199187,47.112262910443661],[15.379002661290899,47.112247768246803],[15.378916277616613,47.112193534806735],[15.37869957572517,47.112396900279464],[15.378602061148667,47.112514387792359],[15.378541203532995,47.112587710248398],[15.378529205366785,47.11260872128549],[15.378498352757228,47.112662757369016],[15.378486436344193,47.112683616169328],[15.378398639227846,47.112837389787508],[15.378106346052446,47.113353958847682],[15.378029599393155,47.113489501712095],[15.377902070066,47.113628037764592],[15.377582376198172,47.113974999630067],[15.37716511636031,47.114464434626029],[15.376925896140742,47.1147688022848],[15.376887059593363,47.114818219562217],[15.376681692369633,47.115100292689228],[15.376376778994034,47.115519065368481],[15.376109452702085,47.115920342116191],[15.376072341437821,47.115979973939965],[15.376069356257334,47.115984770254578],[15.376037699585723,47.116035641652068],[15.3759634491671,47.116154967970026],[15.375916990390126,47.116221456546597],[15.375864850776562,47.11629608295388],[15.375803748986423,47.116383254221631],[15.37579452546233,47.116396417571728],[15.375740897092538,47.116473208235561],[15.375624922042615,47.116638940619637],[15.375560511198918,47.11674446085442],[15.375529880525228,47.116794648093602],[15.375448687910691,47.116927642258162],[15.375439648668017,47.116952518657037],[15.375227002337629,47.117537714584934],[15.374915989102073,47.118300312088479],[15.37484018331106,47.118477867407726],[15.374819646151558,47.118593820873585],[15.374763746136477,47.118909886772457],[15.37466052654219,47.119336284206355],[15.374513309001038,47.11957962307951],[15.374367285231964,47.119820992873223],[15.374304399356721,47.119924897057238],[15.374210353569218,47.12006137135694],[15.374154103879055,47.120111450972281],[15.374115023603812,47.120146248304295],[15.373953344876446,47.120290204828123],[15.373889965117208,47.120341033964721],[15.373774841845281,47.12043316522719],[15.373684120672323,47.120480166496236],[15.373678620474161,47.120470945347648],[15.37367595855202,47.120466560389943],[15.373624871299189,47.120382342386023],[15.373590602958778,47.120324216364189],[15.373554512211905,47.120286763579379],[15.373518035973243,47.120248767841268],[15.373465120112741,47.120187777546086],[15.373457477541679,47.120178979135446],[15.37345168131765,47.120172292085151],[15.37336848010537,47.120091006256402],[15.373295768517089,47.120019954942258],[15.373202013046159,47.119928406884803],[15.373136179481792,47.119845009149685],[15.373147198135007,47.119760188723951],[15.373197388662362,47.119658876941529],[15.373157659469634,47.11956823281367],[15.373137523006307,47.119522278806045],[15.373113077609919,47.119431043565733],[15.373082710498142,47.119317450851959],[15.372912614934098,47.119016575908198],[15.372903345517198,47.118989872661651],[15.372839353613241,47.118879730014434],[15.372829180508377,47.118862212081424],[15.372709211312971,47.118655693510817],[15.371711388473255,47.118665015759298],[15.37129358565856,47.118644460240489],[15.371136219895934,47.118650303477033],[15.368618773849132,47.118729125376902],[15.367167065969536,47.118774555786935],[15.366280174049255,47.118826335214209],[15.365146561531073,47.118925677922014],[15.36406996194904,47.118999821494221],[15.362563332663392,47.11916437931874],[15.36037060202368,47.119397975663972],[15.360223423839901,47.119413650311643],[15.360045502349832,47.119435071445956],[15.359752953686424,47.11945474158604],[15.359212160960436,47.119491102394505],[15.359211039973751,47.119450120461728],[15.359205321714436,47.119239165164856],[15.359204445851331,47.119207108393326],[15.359210240795079,47.118811376381522],[15.359211775899128,47.118727519786731],[15.359212677464956,47.118678270674906],[15.359212342400944,47.118637547301127],[15.359211787467496,47.118568523676487],[15.359210796997557,47.118457066762623],[15.359227785466974,47.117759376921128],[15.359194328681728,47.117485102777898],[15.359189967487948,47.117447646230772],[15.359188178873451,47.117432339414066],[15.359195545340093,47.11739200554689],[15.359202970751641,47.117351330370404],[15.35920795340618,47.117323884043898],[15.359212846139128,47.117297030622368],[15.359246489752424,47.11711189392912],[15.359258359996717,47.117046511316119],[15.359620801285399,47.115847145665626],[15.359622548558168,47.115845271605473],[15.360027372903348,47.115807435311332],[15.360321811686418,47.115688331450542],[15.36043949626168,47.115629786933589],[15.360688561110495,47.115505888003625],[15.360781189198871,47.11546141384666],[15.361101168242415,47.115308722128582],[15.361333617971077,47.115157929096767],[15.361429442910023,47.115097074673756],[15.361549226252327,47.114972523292892],[15.361561072817725,47.114960210947139],[15.361905417162518,47.114676468700019],[15.362056439017817,47.114509366118249],[15.362339462262,47.114293103492763],[15.362571403581368,47.114059945026085],[15.362759065095508,47.113682579068907],[15.362869428423673,47.113374807198774],[15.362895745422831,47.113159959410794],[15.362999628497324,47.112810035528014],[15.363028521348474,47.112714034077847],[15.36306969547292,47.112370773309884],[15.363129806529841,47.112130666630243],[15.36324623198897,47.11154059141829],[15.36338961444792,47.111141260028695],[15.363452801175455,47.110949122841824],[15.363378401888992,47.110490553226455],[15.363347380164674,47.110299324927773],[15.363325780456906,47.10987232654589],[15.363334151075451,47.109745567497079],[15.362732894539436,47.109698721827961],[15.362329680134879,47.10972317873928],[15.361904712088833,47.109647334318709],[15.361526042982769,47.10951809194281],[15.360669055529977,47.109255156702517],[15.360556608712537,47.109222536338116],[15.359941036971119,47.10904395650568],[15.359481635127185,47.108956745657743],[15.358962180757942,47.108889799160693],[15.35860714036434,47.108672417326353],[15.358311166307823,47.10853199661436],[15.357606826027121,47.108223207501425],[15.35682926186573,47.108210660557376],[15.356824731066464,47.108210585834918],[15.356797073038715,47.108210079479441],[15.356745610175599,47.108192215990933],[15.356698205681276,47.108175763429017],[15.356260320950062,47.108023788375434],[15.355714563844524,47.107725429276762],[15.355297505533256,47.107851476932105],[15.354640086112523,47.107894238125937],[15.354423626155151,47.107836064852819],[15.354333678158637,47.10781189766832],[15.354220696088094,47.107781533230543],[15.354146954347975,47.10775945677041],[15.354143652522421,47.107758465989114],[15.354090207087564,47.107741735671652],[15.353847259962313,47.107534295176798],[15.353437849084292,47.107158837576833],[15.352876538338441,47.107420183468911],[15.352482398053368,47.107503421293835],[15.352353400057734,47.107525808355305],[15.35219294559195,47.107553645875143],[15.351541659627379,47.107399630240387],[15.351087334979038,47.107067314128159],[15.350745993608342,47.106852454290596],[15.350568308735962,47.106707544203658],[15.350238486056163,47.106711001958033],[15.349875302453025,47.106594807115755],[15.350146512261302,47.106188946803329],[15.350172974580476,47.106149272560607],[15.350263497262889,47.10601293122847],[15.350225048567285,47.105880552845903],[15.350190786529964,47.105762602577457],[15.35013113723573,47.105645396200877],[15.350117763102592,47.10561912343676],[15.350089082966326,47.105562756362175],[15.349936315321537,47.105231763189046],[15.349713964468824,47.104745293607515],[15.349725955232408,47.104474195924979],[15.34996728555736,47.104182693567971],[15.35015192682984,47.103957499952386],[15.350442360543074,47.103738991435009],[15.350873328316803,47.103422026027154],[15.351428015621501,47.1029537465147],[15.351800515988206,47.102684884163388],[15.351979349144782,47.102552538612834],[15.352420838614321,47.102221175708607],[15.352244570258488,47.102085761056138],[15.351955590279641,47.101861783692208],[15.35166162087611,47.101651336244799],[15.351484128328204,47.101525363690058],[15.351161950115831,47.101391085456008],[15.35092945198055,47.101294187721862],[15.35085151825955,47.101227133713586],[15.350825991049009,47.101204156588686],[15.351354657020783,47.101024170021361],[15.35159353240849,47.100943064472617],[15.351851215438586,47.100920713902575],[15.351933171467927,47.100912522127281],[15.352123910641156,47.100862889284919],[15.35237463965418,47.100817549374625],[15.35247721676819,47.100805486563864],[15.352888449228486,47.100757107409216],[15.353215024574773,47.100770614858732],[15.353489350936469,47.10086741710726],[15.354086693273514,47.1013361463108],[15.354267602240375,47.101417753495191],[15.354377778421199,47.101467451252503],[15.35450948463628,47.101497544311677],[15.354745511697566,47.101506763166462],[15.355305482671843,47.101543942517729],[15.355714579522342,47.101647920240346],[15.356151040508456,47.101768321761256],[15.356600184724453,47.101951453698028],[15.356899551599255,47.102077048209757],[15.3570581962312,47.102161249064935],[15.35749409288761,47.102288395912495],[15.357746648305961,47.102362055485955],[15.358161530436188,47.102452851126905],[15.358292394559319,47.102399692364173],[15.35850700593144,47.102312509460937],[15.358698030596038,47.102204040435424],[15.358866428891854,47.101978622153595],[15.358984367567727,47.101890217601323],[15.359170439792447,47.101778692182862],[15.359375230654409,47.101652034508383],[15.359764785317033,47.101521239931543],[15.36020215340511,47.10146847884667],[15.360248123993774,47.10146293383881],[15.360238063825744,47.10136467603477],[15.360207416655642,47.101016162141541],[15.360275619631732,47.10083059953697],[15.360312917975357,47.100735875538376],[15.360402990373721,47.100514105172422],[15.360719697694883,47.100296217143033],[15.36074277692974,47.100280339533583],[15.361174479997796,47.100084145212179],[15.361691266639523,47.099888493331214],[15.362130812107029,47.099904735531162],[15.362918345931462,47.099944802272105],[15.363003922801697,47.09989026380434],[15.363329665457256,47.099681053597827],[15.363391718258535,47.099623436596644],[15.363767847363357,47.099280176919585],[15.36387536130206,47.099032825993824],[15.363898874700114,47.098985783540932],[15.363994237471118,47.098805270594113],[15.364056703043607,47.098702447543786],[15.364083723527198,47.098590805290726],[15.364094884496545,47.098544278609232],[15.364111545062697,47.098432251578146],[15.364032766400113,47.098258967651006],[15.364030783736078,47.098092901945463],[15.364189468750736,47.097907061503278],[15.364343942074619,47.097708663968895],[15.364450815153939,47.097573673353011],[15.364473416222765,47.097485488600363],[15.364514787918086,47.097337196158641],[15.364562482126388,47.097249719000736],[15.364592883975721,47.097222182161836],[15.364594660760877,47.097153474937265],[15.364631122259913,47.097008603891226],[15.364664942513242,47.096874234652155],[15.364725163117033,47.096811357241037],[15.364736643216112,47.096799374243268],[15.364744666304693,47.096792785946668],[15.364761496058875,47.096751011688887],[15.364895272029123,47.096623516835827],[15.364928974292773,47.09650137980033],[15.364968193351382,47.096423545261338],[15.365033064379418,47.096362029394918],[15.365071443047857,47.096279690159719],[15.365235590407567,47.096020386851471],[15.365465327924076,47.095659113464507],[15.365540814859035,47.095544634373518],[15.365634003154616,47.095439642118258],[15.365827263857918,47.095343683211148],[15.365864428315209,47.095314296369807],[15.365922919888268,47.095269564708907],[15.36610102453734,47.095057980266006],[15.366139131090335,47.094990480215344],[15.366163496879208,47.094947060506456],[15.366162426051574,47.094860968633135],[15.366193733964634,47.094761658388123],[15.366209780356707,47.094733909577499],[15.366149229298715,47.094659277374454],[15.366130942775216,47.094585542827893],[15.366087006189717,47.094517167958912],[15.366023116582161,47.094474080099609],[15.365960851524008,47.094428577297826],[15.365929973658728,47.09436642963859],[15.36596251682731,47.094329645644514],[15.366006293038335,47.09425454785098],[15.365911561839157,47.094205351867799],[15.365834760414131,47.094068245986193],[15.365727533290926,47.093894901962528],[15.365372973218253,47.093546306458776],[15.365296439047455,47.093343898249231],[15.365149398902181,47.093216180960674],[15.365140951857708,47.093144688476812],[15.365084352430614,47.093077465149427],[15.364930072142421,47.092949596231144],[15.364910757028422,47.092845629301827],[15.364945057086004,47.092719449473115],[15.364765726546416,47.092542344743421],[15.364768987268228,47.09251223890854],[15.364783302791867,47.092379772963618],[15.36460933393416,47.092219354337757],[15.364548103300518,47.092131672629549],[15.364719310926777,47.091980388655841],[15.364768496793577,47.091911993546155],[15.364804340420031,47.09180376300845],[15.364843333069459,47.091686042377638],[15.364960874221758,47.091400366213591],[15.365096166832105,47.091152439843832],[15.365262668697914,47.090911973948749],[15.365421767120667,47.090687456283881],[15.365604971233708,47.090527907221322],[15.365659538421983,47.090414725864235],[15.365789455871276,47.090160042763891],[15.365777985078694,47.089972218339057],[15.365882440093685,47.089761179358618],[15.365895089490103,47.089652086299608],[15.365865746092052,47.089549113921862],[15.365861854530042,47.0893573059152],[15.365832789586438,47.089326026646305],[15.365836503012263,47.089266600650021],[15.365938445722145,47.08915754448509],[15.366065378652664,47.088985014765875],[15.366125869146517,47.088866792119859],[15.366110349094836,47.088742348688861],[15.366126366366975,47.088650824514829],[15.366173029640017,47.088576020896603],[15.3662211098816,47.088466688159194],[15.366282014232159,47.088303853337685],[15.366356990667672,47.088218990049583],[15.366419856434904,47.088183137293512],[15.366545632498793,47.088059620401189],[15.36658622172944,47.088030622094202],[15.366586942263394,47.088030106479771],[15.366601005677175,47.088020061102149],[15.366627104384632,47.088030446489277],[15.366714631837169,47.088065278789614],[15.366940956088223,47.088112529593367],[15.367094283958476,47.088147198846769],[15.367255044490202,47.08815692445895],[15.367469026800123,47.088216662910128],[15.367643181049736,47.088235856146866],[15.368006170068423,47.08819817761858],[15.368285477479185,47.088308749248995],[15.368339900523333,47.088343390475686],[15.368358835025024,47.088337793635603],[15.369173730906386,47.088093948306785],[15.369310146425949,47.088053129016259],[15.369657063736209,47.087949312683527],[15.370823370129228,47.087601343315612],[15.371632045091943,47.087362348358411],[15.371701083026993,47.08734180933385],[15.371717740609542,47.087336822418756],[15.371729202368897,47.087335137915588],[15.371756602580433,47.087331095992717],[15.371795254508481,47.087325331804486],[15.371806768229927,47.087321497907247],[15.371829968309701,47.087313750607258],[15.371893429800117,47.087292786717775],[15.371995926234536,47.08732729126357],[15.372111477916315,47.087346254178343],[15.372146497192119,47.08738342878339],[15.37216476283402,47.087429457435199],[15.372195297719349,47.087437810026266],[15.372253462654948,47.087411134456204],[15.37230635768023,47.087399166433237],[15.372331382181141,47.087377159196578],[15.372379937239383,47.087335650756458],[15.372387730553932,47.087334367079237],[15.372506715980201,47.087316298767234],[15.372601109615616,47.087325458418995],[15.372654355421705,47.087308635844096],[15.372748546099901,47.087285231481935],[15.372813087210382,47.087277408980157],[15.372832974074639,47.087284682373799],[15.37284424482449,47.087287745553908],[15.372864013319161,47.087301584353924],[15.372881948042597,47.087278348002215],[15.372867812476954,47.087229655679863],[15.372822195174221,47.087195180622786],[15.372716530978725,47.087139871534802],[15.3726891649476,47.087101861980578],[15.372677372765306,47.087075865941827],[15.37268021179265,47.087013374026597],[15.37267310196215,47.086991366218847],[15.372587432234354,47.086973896612228],[15.372471726053357,47.086940900552072],[15.372398939502954,47.08688821553524],[15.372351195470197,47.086825657742622],[15.372274518312912,47.086703219040388],[15.372270910124593,47.086633125995917],[15.372251095523577,47.086526970198328],[15.37221368038562,47.086440131606402],[15.372190869002184,47.086419790621271],[15.372106175411123,47.086413239900295],[15.372060639877359,47.086404221299034],[15.372000322613504,47.086367778166682],[15.371907059277461,47.08620925522748],[15.371877892074975,47.086132461509372],[15.371821955138351,47.086027008922876],[15.371793430646616,47.085900756642168],[15.371735770264657,47.085833167783122],[15.371631204169191,47.08578216657255],[15.371502107181447,47.085773280496696],[15.371329215595189,47.085765482528849],[15.37109342485221,47.085730106069015],[15.371073448147039,47.085727122267159],[15.370993725367194,47.085715206565993],[15.370965958209576,47.085684928978061],[15.370963413796082,47.085682164034104],[15.370945204144961,47.085662284349119],[15.370913912551179,47.085628091168616],[15.370917695202364,47.085615529935865],[15.370937743054,47.085548235791528],[15.370931195859558,47.085465245956364],[15.370962929993267,47.085380896678615],[15.370976104189706,47.085245757655045],[15.37090674638805,47.085031917685427],[15.370867465570218,47.084990209222738],[15.370693699599544,47.084944218795329],[15.370625475408291,47.084878339323346],[15.370286587662966,47.084698728310798],[15.370227246334842,47.084688603079556],[15.370131104025509,47.084638777929356],[15.370036553868704,47.084491441434544],[15.370019892216146,47.08444425658768],[15.369839407863255,47.08431114476307],[15.369659623446065,47.084300281748256],[15.369649060267854,47.084299643901296],[15.369642881538535,47.084299052051051],[15.369589906380909,47.084293747609784],[15.369567125961371,47.084286359274543],[15.369514232301887,47.084269271926111],[15.369251672523507,47.084090041196262],[15.369246276286436,47.084085507089078],[15.368990469505498,47.083870145542242],[15.36894228288862,47.083716732193707],[15.368822211746837,47.083551467800994],[15.368731474840462,47.083426569161972],[15.368668513964792,47.083303704121136],[15.368548226868558,47.08319627600499],[15.368508443477861,47.083160679128476],[15.368422508223436,47.082997591689967],[15.368423174970983,47.082989861550004],[15.368424726460622,47.082969635716537],[15.368431407218036,47.082884328801505],[15.368445816007483,47.082699511579378],[15.368296832526008,47.082556669908882],[15.368240188272686,47.082485040040389],[15.368285266734599,47.08235913000324],[15.368120125918075,47.082170546446498],[15.368003084460897,47.082089140970844],[15.367903662945821,47.081987375547314],[15.367874187820833,47.081957082745767],[15.367870757774336,47.081928359414455],[15.367859590354824,47.081832467306455],[15.367798238320921,47.081631933769842],[15.367865572110727,47.081545961356866],[15.367825577641433,47.081380401406122],[15.367688037225957,47.081226960500068],[15.367491405200985,47.081185755073534],[15.367292412765796,47.081077929698743],[15.367250685347321,47.0810552688516],[15.367052095474509,47.080867210262362],[15.366997673069456,47.080774909849843],[15.366897385821911,47.080604953415957],[15.366925342423798,47.080595475327598],[15.366868641769008,47.08047635019836],[15.367037494215507,47.080394394722198],[15.367076697705158,47.08037466741721],[15.367241958392682,47.080301946188563],[15.367330142751884,47.080255566964254],[15.367728412919639,47.080046102713609],[15.367783703912762,47.080022193562257],[15.367819352497797,47.080006771576407],[15.368026501036743,47.079917177790271],[15.368393160898663,47.079760910814151],[15.368701136016517,47.079631195157951],[15.369100449662888,47.079496673046066],[15.369330697718791,47.079419775132564],[15.369359975549338,47.079409992775112],[15.369690508311431,47.079299624431442],[15.370064194130855,47.079183952269865],[15.370277480281844,47.079066206570587],[15.370435409206991,47.078979026742445],[15.370591069016939,47.078849055901514],[15.370870284693043,47.078617492351356],[15.371026223576887,47.078462471932795],[15.37113089675217,47.078371091358264],[15.371220334852872,47.078293560693716],[15.371428833942057,47.078108039453518],[15.37190752986654,47.077966170597747],[15.372174371298465,47.077889350186389],[15.372181732584608,47.077890041806555],[15.372616588292965,47.078003171648525],[15.373001858764052,47.07807675416511],[15.373252309134029,47.07812032763232],[15.373691498676887,47.078124649203026],[15.373766275453347,47.078125457525431],[15.373838682443468,47.078126245885713],[15.373997846824476,47.078127943036222],[15.374471928990859,47.078161608910534],[15.374862316920105,47.078199787471355],[15.375262061570975,47.078296151503565],[15.375567399952617,47.078399637987246],[15.375840306495633,47.078454098304164],[15.376138340511806,47.078509848024403],[15.3764401019613,47.078578041430724],[15.376723661579264,47.078633308520963],[15.376985531666826,47.078693880254804],[15.376849360506299,47.078511488583842],[15.376527762711595,47.078176695420758],[15.3767566751022,47.07792683174219],[15.377529041130664,47.077089038226426],[15.377584902430145,47.077028510087111],[15.377518533376445,47.076823316157494],[15.37760716865612,47.076822187099516],[15.377884664361462,47.076818644632333],[15.377969254539753,47.076602480710733],[15.378016301671931,47.076504737865022],[15.378225015894404,47.076364271451034],[15.378411127453345,47.076191862944349],[15.378644836783394,47.075927562435538],[15.378706698609276,47.075862685308934],[15.378872015802155,47.075718976444087],[15.379211645209336,47.075509980437445],[15.379427251446851,47.075329811083435],[15.379590955030162,47.075180420780647],[15.379716857785009,47.075016952047903],[15.379813403445164,47.074867900026106],[15.379898050800339,47.074649396372379],[15.379921490489357,47.074588875191829],[15.379942587383821,47.074509903490537],[15.379963684536017,47.07443091379637],[15.379956445622781,47.074224685726264],[15.379906950318121,47.073856103099843],[15.379828650472909,47.073625714455723],[15.379790959705144,47.073443698713319],[15.379673678826494,47.073169717977613],[15.379347111658339,47.072900015427521],[15.379473323210059,47.072726385021504],[15.379506807517441,47.072643100264173],[15.379513450766087,47.072639737621166],[15.37966775001332,47.072331145267022],[15.379777396829553,47.072111860949114],[15.379782580993988,47.072101739779598],[15.379786592959871,47.072098265195088],[15.379790534124806,47.072098747863429],[15.379937233560057,47.071957220629876],[15.380160861167575,47.071769291043545],[15.380440032262339,47.071479100509265],[15.380379354907376,47.071102598856285],[15.380303640945089,47.070786598632587],[15.380245477808336,47.070600903982573],[15.3801555354515,47.070388588355762],[15.38015412001899,47.070384546733486],[15.380144223230774,47.070356363412024],[15.380072929611563,47.070153306435522],[15.379982532516587,47.069895831436618],[15.379743743922155,47.069923431308936],[15.379260853925429,47.069981193747488],[15.378833129231632,47.070068199653761],[15.378517879675796,47.070140313186783],[15.377723730464176,47.070321973016689],[15.377415854702974,47.070392391183468],[15.377367972553104,47.070403342128422],[15.377304662793543,47.070417824887812],[15.37679741226105,47.070534110996569],[15.376250957573317,47.070604640978992],[15.375977523405938,47.070625735970225],[15.375515215123398,47.070680506896146],[15.375185685531774,47.070687456867972],[15.37483405060763,47.070693680624885],[15.374830811575222,47.070605843231405],[15.374814134864581,47.070358895571793],[15.374779627729124,47.070267395533151],[15.374719685989501,47.070108488518173],[15.374653411080013,47.069932797398373],[15.374503074168867,47.069485647690307],[15.374492541570156,47.069441753078728],[15.374446681805473,47.069246623920449],[15.374393196127896,47.069014370853743],[15.374338473146192,47.068872867987089],[15.374372447565216,47.068711421308301],[15.374421230942701,47.068568359051071],[15.374457776361666,47.068373741984487],[15.374502916799743,47.068323388650576],[15.374591665175464,47.068205398453905],[15.374706562434904,47.068053536267605],[15.374810564138098,47.067914535453546],[15.374866598728932,47.067851320470524],[15.375115635881819,47.067575461834387],[15.375229251172518,47.067421519477122],[15.375291390681838,47.06734819103589],[15.375359798665471,47.067233717553741],[15.375393189004038,47.067141168167282],[15.375402464772073,47.067042569639959],[15.375372509816211,47.06688535366785],[15.375376960148715,47.066696313800968],[15.375432399089556,47.06657822336232],[15.37550429326202,47.066482129051629],[15.375576692269476,47.066431194382233],[15.375619504972697,47.066400340458351],[15.375775370214601,47.066312596113043],[15.375811149430472,47.066233559291192],[15.37584763008946,47.065998193316446],[15.376028035789759,47.065892664188119],[15.376238063571964,47.065779647284565],[15.376527293838201,47.065691220718136],[15.376434969808171,47.065625322419649],[15.376288965001887,47.065521104693644],[15.375941222780995,47.065272892736971],[15.37514240834153,47.064702531222039],[15.373877979520334,47.063799687925233],[15.372978485102237,47.063157385660325],[15.371850901498881,47.062352188170642],[15.37182870385795,47.062336340749638],[15.371590145896693,47.062165979011205],[15.370798389945827,47.061600566566554],[15.370144157442915,47.061133348103425],[15.370061297317809,47.061074171823762],[15.370014993998618,47.06104110191351],[15.369892848531771,47.060953871103649],[15.369862841763076,47.0609324433956],[15.369719360286597,47.060852435344536],[15.369667428097509,47.060797990358523],[15.369652068105566,47.060781885388984],[15.369668306998705,47.060749361162756],[15.369696850777412,47.060692222192742],[15.369870595160066,47.060561640024112],[15.370033476731756,47.060310971037651],[15.370152301638401,47.060167331917633],[15.370233405558471,47.059969493730357],[15.370160900621439,47.059640290353791],[15.370173152846553,47.059472094980016],[15.370251044708638,47.059204247612385],[15.370427910043842,47.059002539477788],[15.370521460009693,47.058785916252063],[15.370491467281145,47.058682849082494],[15.370423900124052,47.058364481586899],[15.370268963779438,47.058336009589638],[15.370267590208574,47.058200711344142],[15.370271719560415,47.05803766457749],[15.370308124746167,47.057902235212076],[15.370323050908846,47.057826442253756],[15.370342475765147,47.057720193762663],[15.370355754405006,47.057655450905933],[15.369991993337855,47.057303011759792],[15.369986945294009,47.057261861446726],[15.369958853793245,47.057046371080709],[15.369934619571984,47.05685052262028],[15.369923025678315,47.056756425728913],[15.369905090532594,47.056678196701895],[15.369880536890376,47.056575085275341],[15.369823490200911,47.056335513435108],[15.369818837125049,47.056308938545904],[15.369812473240172,47.056282349219472],[15.369755716828267,47.05604349939253],[15.369753425048838,47.056039216361555],[15.369730379899378,47.055996151100878],[15.369600948577878,47.055758486856028],[15.369535037867857,47.055603843978197],[15.369512460100374,47.055360155277889],[15.369508801842251,47.055300396745402],[15.36950484288333,47.055257276661465],[15.369498158067678,47.055175634416926],[15.369476294071411,47.054907035209375],[15.36945991474548,47.054677251293072],[15.369443030359966,47.054439007679683],[15.369440633340668,47.054338601796005],[15.369328751443412,47.054120604752889],[15.369124930497016,47.053717341098526],[15.368981434730919,47.053391764798953],[15.368843157244417,47.052988784293198],[15.368635912154481,47.052418720994716],[15.368541737450721,47.052066215563222],[15.368510551910223,47.05194946506591],[15.368486814488469,47.051857514115],[15.368384438437511,47.051478313615853],[15.368367314207809,47.051413673779486],[15.368421628723832,47.051328589069563],[15.368442287334505,47.051299709366845],[15.368265793757939,47.051052740498982],[15.368126777651293,47.050873011976513],[15.367962417438822,47.050712048735015],[15.367602376712609,47.050484665357253],[15.367354750765463,47.050365184119791],[15.367007031286835,47.050242516530595],[15.366652989017632,47.05014929839875],[15.366298806793282,47.050078385923669],[15.365989862864625,47.050009402790579],[15.365958798140234,47.050002465208628],[15.365940276193834,47.050012175946257],[15.365908686390943,47.05002983560199],[15.365824047493913,47.050074274022919],[15.365672692340601,47.050153812701865],[15.365545944709298,47.050220426857599],[15.365426957946465,47.05026910739371],[15.365036617346171,47.050432018908033],[15.364892470997574,47.050452177824454],[15.364771387930647,47.050469114051324],[15.364492766011939,47.050508082867687],[15.364463580472018,47.050512161878231],[15.363524322089136,47.050643513620876],[15.362366044238669,47.050967542181539],[15.362263235308976,47.050947121436344],[15.36161693722973,47.051110974468415],[15.361168846038348,47.051224564697485],[15.360791943112357,47.051301906471949],[15.360459452270687,47.051370135557072],[15.360353638020966,47.051391811714375],[15.36017353705256,47.051430431151978],[15.360128098914624,47.051440172399211],[15.360049356627933,47.051449575776786],[15.360144781531613,47.051389977808128],[15.360195915274737,47.051358040124882],[15.360262491406379,47.051316465304588],[15.360308002601247,47.051274576009526],[15.360504130212751,47.051120649328865],[15.36061242790505,47.051035650437427],[15.360676289953625,47.050990589125753],[15.361064878662312,47.050675650745497],[15.361360894623393,47.050450054313885],[15.361491666517454,47.050351411374535],[15.361632258745967,47.05026994261987],[15.361691315282402,47.050235723958622],[15.361676922313766,47.050202229516934],[15.361655546268011,47.050152556360409],[15.361649839600419,47.050139275948695],[15.361635256349617,47.050105393090945],[15.361560775563619,47.049932295439163],[15.361547291170881,47.049900949554932],[15.361506976766426,47.049807245892872],[15.361489421723045,47.049759512192757],[15.361485106105329,47.04969300138734],[15.361497378813892,47.049633378126472],[15.361497670980047,47.049624565377414],[15.36150135356425,47.049596522893822],[15.36150196559907,47.049591823645585],[15.361562612482578,47.049130025656133],[15.361567360044317,47.04909336589337],[15.361568978477901,47.049069542548146],[15.361571203987596,47.049057184177173],[15.361576885147773,47.049025623608166],[15.361610002272732,47.048717552065526],[15.361631909487247,47.04854080409865],[15.361630766291885,47.048379601454869],[15.361569630439121,47.048101850918655],[15.361505971309093,47.047682360405929],[15.36150018984995,47.047644306724287],[15.361619004378145,47.04752982032722],[15.361639392779745,47.047510114575786],[15.36164461692573,47.047505076779267],[15.36166307534859,47.047487288554549],[15.361683388221916,47.047463057596104],[15.361923375341794,47.04717674233153],[15.362092742338909,47.04696715710034],[15.362271504806573,47.046783557530254],[15.362337652600226,47.046713778063449],[15.362407038277119,47.046639618471275],[15.362460200154462,47.046581961899768],[15.362555500243346,47.046479418010705],[15.362572804223849,47.046461394943002],[15.362725324420607,47.046302308179129],[15.362871004088385,47.04615026923134],[15.362960185633298,47.046043984985872],[15.363010227985221,47.045969660626263],[15.363124802978421,47.045798467205145],[15.363136646547279,47.045783995709385],[15.363270577944897,47.045590388799035],[15.363321402338256,47.04551643074867],[15.363395819462017,47.045411459944319],[15.363521734351641,47.045231637153151],[15.363650623098129,47.045047431854009],[15.36384835363426,47.044768012661876],[15.363956891415725,47.044588401631209],[15.363999858742844,47.044497735541945],[15.36417277740391,47.04412068768405],[15.364281709447472,47.043890257095541],[15.364473841125356,47.043302795408607],[15.36448992605767,47.043243114164866],[15.364538721558462,47.043037179511913],[15.364575432165593,47.042882234738023],[15.36463743257324,47.042685317267107],[15.364646619192438,47.042672172339024],[15.364782645523601,47.042478401442885],[15.364876381005383,47.042398330163778],[15.364917775286107,47.042362970524188],[15.365040951217745,47.042268126911978],[15.365170132052782,47.042168656607437],[15.365340099990183,47.042004137221085],[15.365678830690854,47.041676076933669],[15.365897757071748,47.041510892207896],[15.365923371325943,47.041491589763261],[15.366111927505493,47.041375710573625],[15.366152132689699,47.041349965221087],[15.366401276369455,47.041194480400236],[15.366459010221057,47.041167174306082],[15.366659020266825,47.041072619761344],[15.366737250055746,47.041047016230038],[15.366953937234761,47.040976079697884],[15.367282009426937,47.040792476493181],[15.367475023263236,47.040684458549094],[15.367599744544263,47.040605546656842],[15.367700374370823,47.040541812587009],[15.367868950764722,47.040366213610206],[15.367950799012185,47.040155069866088],[15.367948668066123,47.040105578512858],[15.367946223800432,47.04005158693397],[15.367739842387294,47.039378803345173],[15.367596370543131,47.038778152859841],[15.367583826601756,47.038707884555521],[15.367567815872079,47.038565265883918],[15.36747380873855,47.037727561447177],[15.367444245227581,47.037129223419484],[15.367392278021999,47.036867294568822],[15.367195051249873,47.036394819276865],[15.367132315240221,47.036160953992521],[15.367142205194622,47.035832714404876],[15.367232436109029,47.035543474021587],[15.367293748628446,47.035238157394758],[15.367379268365617,47.034976492147457],[15.367723591843864,47.034277962132663],[15.367851222808907,47.034070083895578],[15.368138948113197,47.033601440012205],[15.368309301101965,47.033391763559997],[15.368656091370308,47.033065021509074],[15.368813076390415,47.032772205987825],[15.368838624148049,47.032663103593059],[15.368916270433832,47.032332674518692],[15.368896015183918,47.032041150061886],[15.368869534738375,47.031983474259626],[15.368776642912332,47.031781620614858],[15.368578621515347,47.031469884178087],[15.368540315018675,47.031260063084297],[15.368634058440982,47.031008540814547],[15.368734200719823,47.030868792482202],[15.368811267928811,47.030739193565395],[15.368899708348984,47.030511643353009],[15.369031088251148,47.030055438791059],[15.369022927763963,47.029771662288397],[15.368977191590398,47.029582017655997],[15.368924405807061,47.029363169105963],[15.36900671985987,47.028964838709385],[15.369119993345441,47.028549409017607],[15.369227749915535,47.027944044556776],[15.3694374454545,47.027696199135917],[15.369517794559505,47.027501052592136],[15.369595381182265,47.027502607059297],[15.369579300154145,47.027249347199231],[15.370189682174074,47.026724862309813],[15.370284440969908,47.026627632272444],[15.370471410806056,47.026435795052819],[15.370770463624583,47.02606852519699],[15.371008146474987,47.025755967641686],[15.371367061062976,47.025278290251954],[15.371597162231804,47.025106531988008],[15.371671871194755,47.025050761551583],[15.372260543988265,47.024911255995434],[15.372422696633187,47.024911343562437],[15.372495426462951,47.024911388978047],[15.372594780641082,47.024911442511709],[15.372741174449738,47.024911522947534],[15.372969953417671,47.024911648578794],[15.372962718351335,47.024864857788216],[15.372889944216222,47.024394202745142],[15.372854719910498,47.023844211239805],[15.372862356532071,47.023771423554614],[15.372879487569925,47.023608125321282],[15.372908638421459,47.023330185723317],[15.37292616671556,47.023163067862683],[15.372931565900879,47.023118857010715],[15.373153728289365,47.023046155641083],[15.373679711051251,47.023099781677637],[15.374110772547889,47.023143342789034],[15.374840522333661,47.023005908691317],[15.375551999627788,47.02294828377412],[15.376399835915812,47.02293722310251],[15.376545789818957,47.022925583272233],[15.376659961120991,47.022911158285737],[15.376790777527132,47.022878072727472],[15.377026051411496,47.022792700549843],[15.377233961048308,47.022744248807847],[15.377629816853807,47.022652933989498],[15.378093017696392,47.022546979454589],[15.378199026029979,47.022525558346935],[15.378281860496545,47.022520134602637],[15.378420078656278,47.022514364487506],[15.378498385542205,47.022504674983601],[15.378580426148661,47.022477440074915],[15.378604112025387,47.022469578474748],[15.378711580750949,47.022388531081539],[15.378820949618181,47.022274757028228],[15.378925881458148,47.022129552606962],[15.379042499760383,47.021992811287113],[15.379173150899426,47.021865722016997],[15.379278399974119,47.021813080296646],[15.379730514940681,47.021620223023021],[15.380026361649698,47.021508455026634],[15.380223599767602,47.02145316235972],[15.380437037666089,47.021418783429432],[15.380677262619717,47.021401718468645],[15.380951708742247,47.021390785352501],[15.381146992008157,47.021334395366168],[15.381729184539935,47.021200543974395],[15.382279313389354,47.021064803386622],[15.38267523927861,47.020953592359461],[15.382920328911135,47.02092909720421],[15.383233933690462,47.020971906971596],[15.383287994384727,47.020979292145881],[15.383303546324088,47.020925810300525],[15.383233746286537,47.02081242989162],[15.383242029261401,47.020701759178486],[15.383244969024217,47.020662213851764],[15.383841202149735,47.020403795383125],[15.384304479946206,47.02020291721005],[15.384300295927925,47.020217049836297],[15.384292023940267,47.020245091007169],[15.3847815037341,47.020049915775182],[15.385435728378834,47.01992482961623],[15.386387105977784,47.019783404972593],[15.386850069059403,47.019740415268949],[15.386877999636793,47.019737822341845],[15.388016259608264,47.019775588137989],[15.388212357718633,47.019783868186273],[15.388397174872289,47.01986473557325],[15.388634569548984,47.019970666554471],[15.389243218418148,47.020242246675821],[15.389458409458843,47.020286663192465],[15.389611320000085,47.020312484169551],[15.389650707520406,47.020145409490873],[15.389670908632482,47.020121721261724],[15.389960516636556,47.019767339021371],[15.390123014613474,47.019566065294789],[15.390254933332558,47.019433144957631],[15.390722463799413,47.0189589843908],[15.390812725502625,47.018878898943036],[15.390844120675684,47.018852865227217],[15.391016246496775,47.018701179166641],[15.391426684674615,47.018418420613784],[15.391757363774326,47.018189171750606],[15.39183745317824,47.018113697072316],[15.391879478196326,47.018074788679165],[15.391971658023607,47.017989419965566],[15.392515259133125,47.017485520502177],[15.392635508421849,47.01746861102724],[15.392783866770881,47.017461288005755],[15.39281203767788,47.017459900966017],[15.39299564121351,47.017437846082657],[15.393494956991452,47.017338153468266],[15.393708057505185,47.017269205523164],[15.393952188481608,47.01721571438285],[15.3940697811056,47.017192754768885],[15.394137239116098,47.01720777402258],[15.39421164072345,47.017224343557736],[15.394279531202811,47.017239456236929],[15.39431150162927,47.01724637564994],[15.394305871718332,47.017229958109311],[15.394377697622776,47.017176847659179],[15.394429671730004,47.017138209055751],[15.394518294330521,47.017072310583089],[15.394657805244085,47.016969653393438],[15.39476029804568,47.01691526567555],[15.394904644052353,47.0168218230218],[15.395124539823591,47.016680301191819],[15.395147952649387,47.016665237776301],[15.395357896106621,47.016483731072739],[15.395422240382594,47.016467078933864],[15.395717911177284,47.01639178935622],[15.395938068367984,47.016504867768411],[15.396085385690128,47.016543938071209],[15.396110612767677,47.016550630710931],[15.396125814700829,47.016546257923828],[15.396357398751849,47.016480425198338],[15.396433107313456,47.016460717451508],[15.396819714207384,47.016367281423882],[15.397098037585812,47.016323329110698],[15.397121869718065,47.016319566680103],[15.397679990741963,47.01628555313814],[15.398708847190571,47.016243068422249],[15.398744986375027,47.016270304865841],[15.398837387367843,47.016337580675938],[15.398843763939823,47.01634222041767],[15.39885638517443,47.016342503637617],[15.398857700214277,47.016342514402318],[15.39918348214959,47.016350038137034],[15.399314951559463,47.016353092815457],[15.399446427278502,47.01635578758723],[15.399490733130229,47.016356779694298],[15.399918012834059,47.016366480854508],[15.400049483910927,47.016369444751163],[15.400304672086653,47.016375038861476],[15.401115320940445,47.016393445277707],[15.401160019806506,47.016394529899955],[15.401469101443585,47.016401910758653],[15.401736906532799,47.016408054426904],[15.401759615277843,47.016408356681097],[15.401783297154712,47.01640866687184],[15.402225139537324,47.016414466404207],[15.403236618958442,47.016433236357081],[15.403349090757377,47.016432110769927],[15.403485503554167,47.016430766305852],[15.403529177102374,47.016430312470497],[15.403534701852292,47.016430267517812],[15.403561412901471,47.016429585557724],[15.403760360258639,47.016424729231609],[15.404098519032337,47.016416418291634],[15.404171809219953,47.016414586155946],[15.40423088754279,47.01641317801608],[15.404314320771169,47.01641043887205],[15.404379018724994,47.016411091309855],[15.404400164000423,47.016411299360719],[15.404462034769651,47.016411919750368],[15.404483653461677,47.016412131637949],[15.404553519386404,47.016412835022429],[15.404776709960993,47.016410791770575],[15.405114161503002,47.016407590336534],[15.405378765810271,47.016424628604568],[15.405443128097232,47.01642870487651],[15.405757352045814,47.016471727878283],[15.405946451389218,47.016497740150655],[15.405966514085824,47.01650045776811],[15.406452013153904,47.016566701433391],[15.406505539346664,47.016572982894608],[15.407123257424917,47.016645460359264],[15.407167775232443,47.016649419624294],[15.407951233632957,47.016734481166793],[15.408053653464195,47.016744216606213],[15.40824300521496,47.016761852615005],[15.408264018961084,47.016763588066816],[15.408480542055871,47.016781317934459],[15.408666157106342,47.016796773120937],[15.408755569227795,47.016804243723591],[15.408943967689847,47.016819990858686],[15.409046171563265,47.016828545292356],[15.409065411906882,47.016830158295896],[15.409232222790575,47.016843895150139],[15.409264136315402,47.016846600181466],[15.409302747914058,47.01684986315238],[15.409363424138151,47.016854941827702],[15.409379209327158,47.016856328918216],[15.409407286326294,47.016858804963015],[15.409420029924078,47.016859627719349],[15.409795361301152,47.016892259017787],[15.410313104003276,47.016934226292548],[15.410417526802421,47.016942266727462],[15.41114691726573,47.016998831268687],[15.411266956674982,47.017008139473809],[15.411462927728385,47.017023394922646],[15.411558945830375,47.017030709793595],[15.411799582129472,47.017049050863356],[15.412178197849801,47.017082060666986],[15.412443078436052,47.017105516382685],[15.413240220265722,47.017175900001845],[15.413283688498497,47.017179758475912],[15.41325118467107,47.017386835364],[15.413555073523419,47.017360139956445],[15.413673481472825,47.017349697069569],[15.413766096318476,47.017341600914889],[15.414205396762199,47.017303041466398],[15.414207385767911,47.017302868582611],[15.41427552947647,47.017296724825549],[15.41428943905286,47.017295532511952],[15.414714317727906,47.017315413611414],[15.414704347460328,47.017482103980925],[15.414702490790686,47.01751357216272],[15.414875566979195,47.017514245234246],[15.415077446404936,47.017514969841528],[15.415155298827232,47.017515596071121],[15.415151514620112,47.017536794252841],[15.415268594865957,47.017520195330569],[15.415266028637081,47.017585299779483],[15.415459154286395,47.017559687391682],[15.415742320310402,47.017514289482961],[15.415862974643916,47.017519307109488],[15.416137924595057,47.017531051518105],[15.416530100683891,47.017548324363339],[15.416639923045558,47.017550717533794],[15.416833728883331,47.017559757714395],[15.416884461193789,47.017561892096928],[15.417175053631277,47.017574191365235],[15.417284771907335,47.017578822880893],[15.417544624319262,47.017589741129996],[15.417602598294749,47.017592194151099],[15.417816185819035,47.01760047384878],[15.418078759532342,47.017613013852291],[15.418102810046244,47.01761410620275],[15.418209546613193,47.017617750441431],[15.418379632990002,47.017624061208274],[15.418421163273239,47.017625923258485],[15.418568747988939,47.017632862958685],[15.418716594220831,47.017639894515725],[15.418776673308267,47.017641545247933],[15.418950803656724,47.017642130652284],[15.418959623929243,47.017641661594425],[15.419149900500436,47.017644085113446],[15.419204335546903,47.017645060757971],[15.419426146996127,47.017657001380087],[15.419640300303078,47.017670679310008],[15.419768150653267,47.017677954237278],[15.419883255529284,47.017684497368698],[15.420133768348183,47.017710159054033],[15.420049668850028,47.01802089924103],[15.420745713240983,47.018112999563456],[15.421576350829925,47.018225960160841],[15.422191559014298,47.01831524714575],[15.423584857556708,47.018522094968979],[15.423713689563536,47.018541381868559],[15.424277200012611,47.01863150498373],[15.424310254915374,47.018636805518199],[15.42434318290811,47.018641835177242],[15.424752338922021,47.018705360301176],[15.424997118256936,47.018743738844265],[15.425198864858807,47.018775747748769],[15.425448321148417,47.018809844850892],[15.425659332163574,47.018838508461371],[15.42600036840842,47.018893751582993],[15.426323042670214,47.018945969331078],[15.426744489178354,47.019014082572433],[15.426991468938384,47.019054723116184],[15.427304738549349,47.019101646219745],[15.427408236554857,47.019117300709581],[15.427618338082308,47.019147761517416],[15.427962793405797,47.019195523940894],[15.428239014275547,47.019233821094737],[15.428296095521572,47.019241739679693],[15.428413342708129,47.019261828949702],[15.428829349125415,47.019333039690835],[15.429047262661177,47.01936597947703],[15.429567462903123,47.019443769828321],[15.429712954307808,47.019465970373204],[15.42991643753988,47.019496725378502],[15.430072736125869,47.019517661722659],[15.430085343107233,47.019518840903245],[15.430237361958499,47.019539302393326],[15.430419308061794,47.019568087072457],[15.430711748161643,47.019616626117291],[15.430860774664232,47.019639842624706],[15.430867858135773,47.01964097804872],[15.430874943129542,47.019657585179992],[15.430886228190435,47.019666939427474],[15.43088817048857,47.019684315464943],[15.430939932048593,47.019703524589154],[15.430996126321281,47.019717281676009],[15.431329949063413,47.019779737967994],[15.431898765863655,47.019892083529136],[15.432486007177818,47.020011767804888],[15.432747650840884,47.020064745074677],[15.432760233738367,47.02006736299775],[15.432889090648152,47.020093386134789],[15.432900101453987,47.020095631834167],[15.433161878980238,47.020148519259969],[15.433414724642603,47.020200706006548],[15.433617619767995,47.020243233461585],[15.43386984816004,47.020293075591532],[15.434035788227101,47.020257233015869],[15.434127065624779,47.020257592301107],[15.434276059891051,47.020259485549417],[15.43442678585615,47.020283520360117],[15.435054210599398,47.020446774652832],[15.435262321233854,47.020523431926506],[15.435327513299637,47.020549760961671],[15.43538839123112,47.020566701045198],[15.435414872012625,47.02057746069184],[15.435501055711248,47.020612464185731],[15.435539176701543,47.0206279478735],[15.43567723815646,47.020684021163767],[15.435695316284866,47.020688391061057],[15.435876785523675,47.020738122049082],[15.436004682663901,47.020766652774697],[15.43607767416162,47.020782878152986],[15.436156477966883,47.020797628985697],[15.436293368540959,47.020823252674887],[15.436308894996472,47.020815099136968],[15.436340200457435,47.020822901092771],[15.436483916291321,47.020849396749362],[15.436610772625647,47.020892940551221],[15.436830114079344,47.020935501552145],[15.436987664016614,47.020968491798421],[15.437180416153058,47.020991089935698],[15.437244518202233,47.02099860042015],[15.437270957230345,47.021001695424587],[15.437346585200823,47.021010564651078],[15.43743241319128,47.021020638282153],[15.437453824200912,47.021023154070136],[15.437466812274938,47.021009493399873],[15.437545239712989,47.020882107660583],[15.437549023295135,47.020876110590315],[15.437584590089212,47.020818101011393],[15.437595139634734,47.020800823122265],[15.437688705188842,47.020649179166192],[15.437768751996895,47.020519287326103],[15.437771727020129,47.020514598098551],[15.437849789929357,47.020385175473479],[15.437913036012967,47.020276650177131],[15.43790080457852,47.020260902630127],[15.437928747506465,47.02021038907418],[15.437930805947472,47.02019745217703],[15.438025263780414,47.020070911456138],[15.438060376145145,47.020016406274451],[15.438175818861604,47.019830661892023],[15.438270153537493,47.019680012939531],[15.438535191339669,47.019256079641828],[15.438556632467021,47.019224584718899],[15.438766297690128,47.018886660377291],[15.438865047243912,47.018731368024582],[15.439015336219081,47.018490845368774],[15.439126376244783,47.018300567904596],[15.43914840624271,47.018218164802732],[15.439234587355417,47.01803569818518],[15.439286219171308,47.017834970542687],[15.439236762257705,47.017599539270606],[15.439158259007886,47.017543514048569],[15.439084286643112,47.017389746729265],[15.439100072209206,47.017298506417184],[15.439103945870849,47.017276111795638],[15.439128121018969,47.017267422951335],[15.439339107413071,47.017191591210597],[15.439386848850493,47.017174433528311],[15.439458386923771,47.017214392642082],[15.439551933055522,47.017243909738845],[15.439852746747047,47.017156492990495],[15.439929430134477,47.017117712350668],[15.43998061858656,47.017091829096323],[15.440097570627023,47.016909422724105],[15.4402418128362,47.016683783064693],[15.44025123871284,47.01666910472904],[15.440341633528083,47.016528425808083],[15.440412150388514,47.016418678637294],[15.440777368402049,47.015850341462489],[15.44082747664134,47.015865377429456],[15.440871852979649,47.015878695454873],[15.440918701544698,47.015892824367533],[15.440956184756132,47.015908589125146],[15.441413101167887,47.016065438242585],[15.441457295904776,47.016080985424743],[15.441472463335229,47.016086321140165],[15.442195930904701,47.01634059840098],[15.442284467549387,47.016213198305628],[15.442392898230583,47.016004906895148],[15.442403390298075,47.015983040563171],[15.442515782925391,47.015734301662611],[15.442584380892264,47.015572114282371],[15.442601933416077,47.015544851953038],[15.442628802436101,47.015503108127803],[15.442698671595751,47.015406595380902],[15.442766543952922,47.015311506238568],[15.442846059705328,47.015328147028981],[15.443541579902339,47.01549376620936],[15.443647679969885,47.015518880245395],[15.444032451135126,47.015610031474068],[15.444046605612709,47.015613020210871],[15.444133341799086,47.015640771431784],[15.444143428056931,47.015643224733623],[15.444461863988986,47.015720805724953],[15.4444621652506,47.01572088003244],[15.444674656983238,47.015772664731614],[15.445002328575475,47.015852537930044],[15.446191858272714,47.01614243907477],[15.446906159478385,47.016316468298527],[15.447433405910708,47.016444965021371],[15.447476359311588,47.016456182558805],[15.44748691766004,47.016458738176354],[15.447520505238861,47.016466869624601],[15.447618216348888,47.016491285205618],[15.447477315303685,47.016699779283158],[15.447465356847829,47.01672532271558],[15.447384593855357,47.01689776300001],[15.447279960200964,47.017116073205969],[15.447190881915288,47.017300502323941],[15.447160642081503,47.017363233756797],[15.446566140029351,47.017696295322665],[15.446661340983153,47.017951148516708],[15.446873264690215,47.018250085017819],[15.44767919192563,47.018135536190982],[15.447765622065884,47.018174166424551],[15.448696277540439,47.018588774522101],[15.44909324017364,47.018310211693169],[15.449296933366234,47.018146008527033],[15.449319868696822,47.018071526244562],[15.449421092084199,47.018114407579731],[15.449439246913506,47.018122104115797],[15.449582360376098,47.018033980199689],[15.449592344223207,47.018026771413055],[15.449869382197651,47.017825508281923],[15.449914109196412,47.017793228984445],[15.450035558276712,47.017681279516033],[15.450051837507221,47.017667193125433],[15.45021221677851,47.017526670227205],[15.450253169284556,47.017499911612809],[15.450392611772394,47.017402943007035],[15.450530079644402,47.017306048909425],[15.450770181586371,47.01747692500318],[15.45085704220225,47.017537324550247],[15.451324398012167,47.017892828118704],[15.451752607767471,47.018213872740048],[15.45186649484207,47.018300845099091],[15.451922040846615,47.018342948679873],[15.451964342100787,47.018374695464956],[15.452002511458327,47.018402578386876],[15.452072697668068,47.018454185896061],[15.452093091391339,47.018468906534274],[15.452282021017753,47.018611382346592],[15.452311353606072,47.018632792390505],[15.452588343353311,47.018835027658255],[15.452630019067868,47.018868064671302],[15.453129483127938,47.019263953950471],[15.453068243982662,47.019579751794495],[15.453083871219883,47.019592429569627],[15.453115177432268,47.019617839483402],[15.453121070161442,47.019622616385597],[15.453616377904542,47.020023931492553],[15.454211734796525,47.020516416494715],[15.454676679267491,47.020867102147683],[15.454718033096489,47.02089829189935],[15.454830930151516,47.020983715464631],[15.455039647641199,47.021137250086738],[15.455211795889571,47.021267025601901],[15.455233447887895,47.021282933718837],[15.455242597281032,47.021289660529952],[15.45526755552047,47.021308481524059],[15.455306390090589,47.021337735709253],[15.455321425931231,47.021343248473322],[15.455424310324451,47.021380974018435],[15.45578334118219,47.021512626713786],[15.455907702180955,47.021288118990533],[15.458388236266314,47.016809577038174],[15.459449269270348,47.014892981741184],[15.459610731516632,47.014598267648381],[15.459835830009014,47.014186392460914],[15.460364197892481,47.013117580336612],[15.460649093909424,47.012329298847796],[15.460649342068921,47.012328599121389],[15.460808970165928,47.011886896976669],[15.460964260916795,47.011910940789384],[15.460964628222136,47.011910997567931],[15.461189759807267,47.011945829382064],[15.46125141372298,47.011957031741083],[15.461381251898667,47.011980601652326],[15.461402834820337,47.011984517529221],[15.461453739862481,47.012000018313138],[15.461523049120649,47.012007923804418],[15.461636500588858,47.012021860349961],[15.461869677312816,47.012050509616977],[15.462239794453506,47.012130963452876],[15.462571305962767,47.012203025898074],[15.462716617013516,47.012219786053791],[15.462793135581601,47.01222918499731],[15.462855978956325,47.012236842468383],[15.462898373355706,47.012242005205266],[15.462912837263634,47.012243770626888],[15.463634554459327,47.01234132013132],[15.463686440329294,47.012349145513035],[15.463705226979689,47.012351969222507],[15.463709844964402,47.01235266105715],[15.463962416344337,47.01239056594779],[15.464558740177118,47.012547889833286],[15.464657071887782,47.012573806802166],[15.464855019004061,47.012625974080571],[15.465081506706786,47.012686930544845],[15.465602093711567,47.012845336897819],[15.465630936972627,47.012854101605072],[15.46564096147282,47.01285714622589],[15.465682714896772,47.01286942723705],[15.465769609614394,47.012897550070647],[15.465776909641562,47.012899917321626],[15.465824313183017,47.01290441542632],[15.46609805331099,47.012931547360346],[15.466308952198645,47.012952444354553],[15.466859629290541,47.012837350353529],[15.467130465598059,47.012858655884955],[15.467306423532634,47.012883468606304],[15.467397150100195,47.012949461985201],[15.467472090416543,47.013001150136148],[15.467649475803544,47.013131009825166],[15.467831237302892,47.013252204087124],[15.467931037736957,47.013415683595923],[15.467945818927841,47.013557748531539],[15.467943171912374,47.013567704109647],[15.467873867688724,47.013705344476591],[15.468070235069453,47.013590885573379],[15.468189181036816,47.013522524436979],[15.468520758410088,47.013334159805702],[15.468723953709752,47.013220201273349],[15.468873258118791,47.013492590754105],[15.468897815287306,47.013537068996769],[15.469150064760282,47.013991940291021],[15.469262236537043,47.014194218520039],[15.469278490278203,47.014223584884526],[15.469453691129079,47.014125649417771],[15.469721300944823,47.013980198838901],[15.471195410918728,47.014480861166639],[15.471637211032863,47.014609320544785],[15.472151123072541,47.014759910783873],[15.472519214987503,47.014867751311208],[15.47269802457792,47.014920192415403],[15.473102771566809,47.015038741867421],[15.47364549097143,47.015197728113719],[15.473718534149079,47.015219147095252],[15.473761656337594,47.015162982206533],[15.473772671346415,47.015148672892458],[15.473842264350571,47.015057626166019],[15.473908764490275,47.014970783836567],[15.474086096652442,47.014739234069509],[15.47420760851309,47.014780807019818],[15.474258350854196,47.014798639616707],[15.47452710490859,47.014892952752433],[15.47533167046646,47.015175425846117],[15.475509530117803,47.015238109906349],[15.476310536713552,47.015521718716066],[15.476403694051401,47.015556051171075],[15.477339264341074,47.015900687822594],[15.477339630538079,47.015900816501578],[15.478152793494635,47.016200191122181],[15.478184537780047,47.01621365188398],[15.478253883688501,47.016244395237457],[15.47861184516791,47.016401478726856],[15.479078061564781,47.016603186911794],[15.479656034813981,47.016851100821754],[15.479722769286965,47.016879934761469],[15.479938589328514,47.016972750792867],[15.480096542657149,47.017040675943555],[15.480277586166149,47.017118848056313],[15.480316876694861,47.017135872744362],[15.480822195385338,47.017354857915713],[15.480912271724627,47.017393895128507],[15.481320001479975,47.017570960276849],[15.481381091401994,47.017597565279395],[15.481491023327491,47.017645196716174],[15.482171348660652,47.017939988987919],[15.482362987248452,47.018023040222261],[15.483222387152303,47.018395242441791],[15.483266226533383,47.018414161995203],[15.483392688708042,47.018468787026961],[15.484166797826711,47.018801847584506],[15.484277771961361,47.018849592027557],[15.485504052641442,47.019377162844833],[15.485504144130172,47.019377199505165],[15.485520656708871,47.019384302421912],[15.485735034156273,47.019476458094012],[15.48581466817684,47.019510898301895],[15.48582872062673,47.01951638176542],[15.485938238718056,47.019560749586681],[15.485950758893582,47.019565816875463],[15.485962155038752,47.019570435054],[15.486155537144716,47.019648788381211],[15.486196782979665,47.019665501729357],[15.486580948530094,47.019821144539392],[15.486947315939284,47.019969583860949],[15.48701991532127,47.019998996730116],[15.487812109662656,47.02031995119448],[15.488032942881835,47.02040942483714],[15.488124624912288,47.02044656126408],[15.488351144451602,47.020538334188473],[15.488644022143923,47.020682535889961],[15.488605271416443,47.020714181888756],[15.488592438835701,47.020724665211802],[15.488569801681818,47.020742964714394],[15.488558743189285,47.020751887012608],[15.488464485131267,47.020829240257221],[15.488445561242647,47.020844787720051],[15.488406953668802,47.020876515667361],[15.488330100338578,47.02095366483524],[15.488269347325751,47.021015812307304],[15.488255362477895,47.021030110002847],[15.488292095658601,47.021044504403967],[15.488409350350729,47.021090708172551],[15.488323267596313,47.021169228227947],[15.488216630129532,47.021266575793945],[15.488519128885576,47.021401494073423],[15.488364037388362,47.021532673677427],[15.488363624123254,47.021533021428844],[15.488314347918786,47.021574753924654],[15.488134010327711,47.021736878524912],[15.488062019771313,47.021801722158472],[15.488371666773871,47.021930622024385],[15.48848397044436,47.02197728378443],[15.488249640958557,47.022180638440197],[15.488451512397194,47.022274423429721],[15.488353102253356,47.022358789035245],[15.488305678970278,47.022399752662473],[15.488200138684965,47.022490784723047],[15.487435102354382,47.022194501227247],[15.486762489611962,47.02193401532562],[15.486625442168696,47.021880934655428],[15.486579686742015,47.021863144572499],[15.486537840695309,47.021846840694202],[15.486519682646254,47.021839761699177],[15.486463733477317,47.021817812128923],[15.486451066343703,47.021812851750177],[15.486431275015013,47.021805085984141],[15.486283140518134,47.021746984284363],[15.486250394653114,47.021734139017809],[15.485743085222182,47.021529681433563],[15.485704803605024,47.021514249266787],[15.485702411790975,47.021513287010556],[15.485701797504635,47.021513039578828],[15.485685918125583,47.021506607036244],[15.485679108941289,47.021503848918847],[15.48557722114885,47.021462478965773],[15.485563053706837,47.021456751750144],[15.485521010406051,47.021511696693814],[15.485520822420852,47.02151193816664],[15.485469360455891,47.021579343378718],[15.485469158889593,47.021579611736009],[15.485379114867184,47.021698506403439],[15.485367248988297,47.021714321681053],[15.4853502767264,47.021736935336882],[15.4853463797544,47.021742123573738],[15.485313427009885,47.021786188875225],[15.485151528730484,47.021991694519862],[15.485112591472383,47.022041508167341],[15.485099043542506,47.022058867077277],[15.485067745702079,47.022098923770038],[15.48504338541276,47.022122903700776],[15.485004285846042,47.022161400194292],[15.484910065757212,47.022254087529284],[15.484867922292253,47.022285464166679],[15.484855888747429,47.022294432827756],[15.48482698537892,47.02230796254225],[15.484683210275188,47.022375274704551],[15.484486715466304,47.022416063644165],[15.484427578331694,47.022428333937846],[15.484294358643393,47.022484462186938],[15.484260723083898,47.022498604204536],[15.484141662274011,47.022607279386399],[15.483948315525216,47.022829550149957],[15.48388360606719,47.022903458488017],[15.48380317176035,47.022998388358538],[15.483784752976714,47.023020082499876],[15.48367332898847,47.023151283938191],[15.483653703760531,47.023174390311013],[15.483625661057619,47.023205691564606],[15.483545630712925,47.023295020274801],[15.483517271748527,47.023328001240863],[15.48347071231465,47.023382165191151],[15.483435877190093,47.023422024181748],[15.483406909783088,47.023455207477411],[15.483392734230335,47.023471446108651],[15.483326509123092,47.023549570561435],[15.483281617359932,47.023595633222307],[15.483231965295175,47.023646553772487],[15.483179447321366,47.023701491777473],[15.483132307107585,47.023750784881251],[15.483113981523768,47.023769897996765],[15.483097554822908,47.023787064311655],[15.483023688724639,47.023864214155026],[15.482997108979921,47.023894464723028],[15.482943533931243,47.023955448482191],[15.482901949749971,47.024002749983318],[15.482867613626384,47.02404178496154],[15.482864306028251,47.024045457322806],[15.482779764456769,47.024139537292946],[15.482778278141284,47.024141181324616],[15.482760483526295,47.024160802068401],[15.482756869246035,47.024164733000376],[15.482751175346667,47.024170393493307],[15.482729629274754,47.024191821284681],[15.482651014514611,47.024269727064691],[15.482551970464808,47.024368295288944],[15.482434780259791,47.024482919415981],[15.48241659000356,47.024501763572239],[15.482467839039158,47.024520738651852],[15.482652871619564,47.024588943002364],[15.482866621543259,47.024667813425516],[15.482916041123568,47.024686046063138],[15.483060532184847,47.024741930123447],[15.483120004734348,47.024764933039897],[15.483127025357849,47.024767647907026],[15.483372230049657,47.02485965075654],[15.483743504058664,47.024998943670113],[15.483841717247053,47.025036797753302],[15.483987010122592,47.025092839525016],[15.484064608695952,47.025122552300893],[15.484359537155859,47.025233776875424],[15.484385466095338,47.025243603564135],[15.484497746312414,47.025286167239479],[15.484695689773261,47.025370844475646],[15.48471976958149,47.025378669409299],[15.484841874320466,47.025418076537235],[15.484962781161496,47.025466649686614],[15.485095198495012,47.025519356078256],[15.485404372632271,47.025641657915664],[15.485404621110019,47.025641749713301],[15.485521357305176,47.02568794354822],[15.48584803690064,47.025817201544648],[15.486025705626499,47.025886614054144],[15.486290167548017,47.026014959086062],[15.486290728847841,47.026015233106591],[15.486564587768122,47.026147515159899],[15.486523975943941,47.026194978089343],[15.486432255667413,47.026304757964532],[15.486342290354502,47.026461415530918],[15.486291285139886,47.026550358842158],[15.486117901511262,47.026848880269213],[15.486113834146181,47.026856495953879],[15.486014153771908,47.027028372886278],[15.485942558768578,47.027154672946239],[15.485867234763894,47.027283823717099],[15.485788679500549,47.027434178994888],[15.485637267852598,47.027723867673217],[15.485516178834548,47.027959630598701],[15.485472053470181,47.028037650550402],[15.485373980142247,47.02821574548679],[15.485363377854403,47.028237219089945],[15.485259394168871,47.028447778477393],[15.485158635836857,47.028750004308726],[15.485156619886276,47.028755998085849],[15.485101095288387,47.02887243240292],[15.485068142148185,47.028934433907366],[15.485054469319037,47.02895870913401],[15.485005468359205,47.029045417948751],[15.484847440910366,47.029320394244053],[15.48516430973571,47.029414320173395],[15.485115798937757,47.029519832529765],[15.485024438728553,47.029713988380045],[15.48497663941812,47.029816087805195],[15.484972398648676,47.029826310749456],[15.484968868490347,47.029833210771478],[15.484924346097126,47.029919503073167],[15.484917829077984,47.029932227735095],[15.484911312055718,47.02994495239664],[15.48482728823363,47.030107859504888],[15.484822943046758,47.030116372589021],[15.484759612374411,47.030243722757902],[15.485327635113288,47.030486244155682],[15.485373905608013,47.030505999474535],[15.485396629227063,47.03051570316088],[15.485326374884972,47.030565535997667],[15.485259712936131,47.030612822874112],[15.485017439169267,47.030766548377848],[15.484979836533153,47.030789926104113],[15.484878927343411,47.030856369705489],[15.484766662130125,47.030950253928523],[15.484363467872885,47.0312045165469],[15.484271605297007,47.031256274866891],[15.484304575139873,47.031284315139011],[15.484321943080873,47.031292450020423],[15.484608319702254,47.031426538808041],[15.48467726855309,47.031458894341071],[15.484976443937096,47.031599014167831],[15.485045524778835,47.031631370458818],[15.485135238203041,47.031673414902855],[15.485307491260786,47.031753627338283],[15.485308431522361,47.031754066091757],[15.48534509959169,47.031771312382247],[15.485386105961769,47.031790416907739],[15.485414313854687,47.031803579489264],[15.485626005040661,47.031902299607999],[15.485714156551092,47.031943342528393],[15.485783371260625,47.031975609414204],[15.485852062728936,47.032007692469662],[15.485865639177597,47.032014359737985],[15.486037115872941,47.032093890668222],[15.486103459816045,47.032124696823622],[15.486106463947362,47.032126068396181],[15.486176851619939,47.032159063361568],[15.486340486450192,47.032235387325329],[15.486367362894837,47.032247919124458],[15.486417158810957,47.032271136321171],[15.486436734965423,47.032280267736944],[15.486514708479328,47.032316107278668],[15.486540177295115,47.032327810034531],[15.48655085989038,47.032334455749634],[15.486560165425056,47.032336683626632],[15.486614443027802,47.032362686502474],[15.486628453194562,47.032369392878117],[15.486655395856246,47.032382734663344],[15.486787981995722,47.032448366288556],[15.486999961037199,47.032553310624849],[15.487143036609432,47.032618749767337],[15.48722043898913,47.032654161819117],[15.487654970090528,47.032854645950799],[15.487919484318656,47.032974621934109],[15.488205455406808,47.033102222162448],[15.488277595972647,47.033135183832982],[15.488463694799762,47.033219811678336],[15.488890720648856,47.033412949467127],[15.4889305783508,47.033429975333846],[15.488967810787869,47.033446621958099],[15.489235867885952,47.033559245078806],[15.489303176189678,47.033587537861997],[15.489582215192225,47.033704649002708],[15.489649523863601,47.03373294158397],[15.48965370643681,47.033734681580121],[15.489977174219092,47.033856941577461],[15.490004730628574,47.033867345694183],[15.490291018502335,47.033975513523622],[15.490388845602755,47.034012486531239],[15.490998980595423,47.034241779907305],[15.491143895958675,47.034296280516827],[15.491051751593689,47.034405961868273],[15.490889348261684,47.03460239537489],[15.490887203658195,47.034604898183019],[15.490871863319525,47.034614868495289],[15.490904602436682,47.034627874265588],[15.491872874346406,47.034982319758143],[15.492083055069674,47.03505322174852],[15.492148753016238,47.035075384284461],[15.4923282034186,47.035142731116196],[15.492510395637691,47.035211447136398],[15.492635986956959,47.035256808336086],[15.492660192590701,47.035265352118898],[15.492677879592426,47.03527177000376],[15.49268347877276,47.03527379917255],[15.492813245334144,47.03544665202466],[15.492822523094269,47.035459043690999],[15.492959137241652,47.035488762213809],[15.493027988481959,47.035503742357456],[15.493034806784566,47.035505222786789],[15.4931005712426,47.035506516546093],[15.49319642890776,47.035518466160603],[15.493286344003264,47.035531811175446],[15.493377393568153,47.035548312767048],[15.493466421725641,47.035567857756902],[15.493469960671735,47.035568711352916],[15.493471389235738,47.035569063681031],[15.4935579155054,47.035589579653035],[15.493679216958883,47.035623394362673],[15.494035462341211,47.035726670372163],[15.49429518577753,47.035801710577466],[15.4943212351137,47.035810177611097],[15.494375691903663,47.035827758654989],[15.494613382920342,47.035906683981445],[15.495114103642962,47.035967661741992],[15.495315947650219,47.035782494979216],[15.495828258489302,47.035976772684805],[15.496278259461397,47.036293554589555],[15.496364015922499,47.036370822092302],[15.49647713852633,47.036464931202744],[15.496556867222434,47.036523894234186],[15.496626584697617,47.036575227899519],[15.496720767019704,47.036642995076228],[15.496814534097034,47.036710408320474],[15.496900988219245,47.036771804115851],[15.497464567639319,47.037347753906793],[15.497630425573002,47.037515999183974],[15.497650559773847,47.037535944906807],[15.497708797132518,47.037564346200249],[15.497744446618208,47.037581608022187],[15.497813447113199,47.03761503538918],[15.497888872542363,47.037651568093047],[15.497949659796065,47.037680995384413],[15.498223562382803,47.037813591334881],[15.498271753281307,47.037836611696349],[15.49829517162997,47.037845148521441],[15.498318866253328,47.037861252269501],[15.498415032080736,47.037929509287977],[15.498449662709573,47.037953051032417],[15.498457179194494,47.037960392076442],[15.498540201206659,47.038036198696581],[15.498578885369184,47.038047914467839],[15.498609870646433,47.038057217190946],[15.499111102601182,47.038203176165212],[15.499205106087874,47.038230596800936],[15.499216305493107,47.038233817957085],[15.499280349261893,47.038252815996046],[15.499481980264719,47.038314044053323],[15.49959267650239,47.038347658048338],[15.499860848097221,47.038428998909467],[15.499921281828993,47.038447493481982],[15.49993073675016,47.038450369008785],[15.499931548639445,47.038450617806205],[15.499947564317445,47.038455493185431],[15.500020854486639,47.038472219595839],[15.500342731265533,47.03856236190515],[15.500699842172718,47.038662834922867],[15.500748432816431,47.038677221827783],[15.50077174704524,47.038684048309953],[15.500786546218823,47.038688473935345],[15.501354128198294,47.038834646216337],[15.501641031168736,47.038906530640595],[15.501668423928622,47.038913395657687],[15.501709054223626,47.038923586383362],[15.501732510063945,47.038929784042196],[15.501759506896235,47.038936727108528],[15.501793974791182,47.038945523631277],[15.5020834231784,47.039023011466931],[15.502182466889977,47.03904888322046],[15.502225475865565,47.039060116530948],[15.502468299853357,47.03915750287922],[15.502679055135486,47.039379327793938],[15.50291545658555,47.039542870589464],[15.50306663763387,47.039631025417677],[15.503066989778803,47.039631225872434],[15.503243936784054,47.039733618304872],[15.503563985103002,47.039916747855116],[15.504047095253446,47.040123279492406],[15.504258115883403,47.040193265626279],[15.504605135484937,47.040292303837603],[15.504870120372516,47.040344420592831],[15.504923388369743,47.040354342110348],[15.504977174272383,47.040364807069921],[15.505029910455798,47.040375084482733],[15.505236354484868,47.040426415677892],[15.505535206080319,47.040500814692308],[15.505654877404258,47.040530646988017],[15.505982967848242,47.040611823326735],[15.50598860292231,47.040613303399482],[15.505997514624692,47.040615616787569],[15.50611154812286,47.040525412739861],[15.506145056701587,47.040570721210521],[15.506036106018223,47.040647109642215],[15.505852426320597,47.040790689450276],[15.505650097172188,47.040948885713043],[15.505628561531271,47.04097148719152],[15.505465111463351,47.04114255827529],[15.505310622101554,47.041304249254743],[15.505238149727216,47.041378562851961],[15.505015472422158,47.041635106954253],[15.504845208005074,47.041835451786113],[15.504828093480423,47.041855476620462],[15.504791769972439,47.041898209612981],[15.504707056421465,47.041998070101656],[15.504649453772823,47.042063766013314],[15.504499613533435,47.042239252177225],[15.504363777412898,47.042375522176002],[15.504295910937813,47.042442861420206],[15.504266576195569,47.042471054919943],[15.50419333674585,47.042540342992048],[15.504129937022235,47.042598809415679],[15.504082749618494,47.042641984960177],[15.504023806544016,47.042695626340347],[15.503818578501759,47.042883716043228],[15.503658838769756,47.043030380716914],[15.503494466165117,47.043149990127013],[15.503231178439799,47.043343089631733],[15.503149973259113,47.043386305192271],[15.502849509504513,47.043541353859219],[15.502735418256508,47.043600700931634],[15.50253376997928,47.043705465557515],[15.50224459271262,47.043870669331632],[15.502058478730596,47.044008648291737],[15.501994946435438,47.044040747853529],[15.501838251968064,47.04411984280199],[15.501660308823737,47.044209666787893],[15.501557374756404,47.044296789968868],[15.501556961398572,47.044297137765945],[15.501547226980009,47.044305360320791],[15.501257290772473,47.044426030206488],[15.501236231150152,47.044434781831633],[15.501099943253575,47.044491176941541],[15.500956328881486,47.044544819916936],[15.50083508974855,47.044589720761749],[15.500597890818986,47.044678481172767],[15.500399242335936,47.044784433282416],[15.500204527753096,47.04489122332501],[15.499955162676304,47.045084686748133],[15.499756527271632,47.04526538728733],[15.499650087663239,47.045415637879927],[15.499521465221029,47.045545397332035],[15.499447956536383,47.045853392871386],[15.499352937436187,47.046274569666402],[15.49915321468289,47.046684186956405],[15.498926341950945,47.047062572219204],[15.498915236871142,47.047082640091695],[15.498778315512379,47.04733026399569],[15.498667439192152,47.04762899057269],[15.498608753041056,47.047931157096471],[15.498631829872785,47.048081166530814],[15.498703979697316,47.048548198910161],[15.498709642213173,47.048572347231023],[15.498714941087677,47.048594504971618],[15.4987149526977,47.048594604002773],[15.498720590454425,47.048618653195561],[15.498746818501701,47.048729646831774],[15.498828581840316,47.049071096619222],[15.498852871890431,47.049141975829322],[15.498916564349678,47.049327201174997],[15.499030601630263,47.049659234981654],[15.499089646904109,47.050074251393575],[15.499109316853721,47.050398399149728],[15.499124467748652,47.050641287987098],[15.499138992455483,47.050873737905135],[15.499143790320574,47.050886725935463],[15.499213572876855,47.051086657603449],[15.499270366730077,47.051241968497202],[15.499360279838026,47.051442317030542],[15.499449808674875,47.051642033020272],[15.499459854338657,47.051664504245046],[15.499568639581458,47.051853206890712],[15.499755061015097,47.052084933417085],[15.499805473139917,47.052227694201939],[15.499799338124713,47.052333881643015],[15.499781326192849,47.052374767792564],[15.499656215285574,47.05267447052131],[15.499655401973296,47.052692814603226],[15.499627528703776,47.052825648658128],[15.499598330697859,47.052866453061313],[15.499510205800162,47.052989132199365],[15.499458632522726,47.053066176295538],[15.49943770395997,47.053097443295201],[15.499428803244456,47.053111140777027],[15.499182310372653,47.05345484157921],[15.49916724339869,47.053475690058157],[15.499051086581311,47.053606529394578],[15.498885036780811,47.053746448695733],[15.498717688417562,47.053885188893354],[15.498704871777162,47.053896788805829],[15.498560744216345,47.054006644385808],[15.498460364935671,47.05407112467055],[15.498131983130461,47.054289641876821],[15.497918712564173,47.054410594322427],[15.497689540687915,47.054471162727573],[15.497277335963357,47.054495219153331],[15.497057683983714,47.054880147613787],[15.49704942654186,47.054894731141282],[15.497430503067584,47.054984235645712],[15.497650062547461,47.055058434018363],[15.497784503663658,47.055115943588305],[15.497823556008743,47.055132654547698],[15.498164480723151,47.055323687252304],[15.498380491216594,47.055464961732525],[15.498700103223346,47.055714484989387],[15.498765118222723,47.055765243061522],[15.499014983390643,47.055896509466805],[15.499172199781283,47.055993456511779],[15.499784372344987,47.056304392360808],[15.499903390527887,47.05636121109589],[15.50011180219694,47.05647553142672],[15.500180133519459,47.056524783730282],[15.500339055299367,47.056639192108243],[15.500501048333733,47.056531803433444],[15.500775796683081,47.056751624433787],[15.500809972890401,47.056778975984045],[15.500995167878431,47.056927144815482],[15.501161195511768,47.057078105989014],[15.501179234976757,47.057094509662072],[15.501227475001803,47.057138334714722],[15.501269912677511,47.057176963251003],[15.501287561456444,47.057193103200419],[15.501354788071948,47.057254229270917],[15.501367247117175,47.057265554976432],[15.501401897991411,47.057297110519734],[15.501404884272324,47.057299740867371],[15.501490309656441,47.057378899765268],[15.501599505243769,47.057480071936169],[15.501622211179182,47.05750110604243],[15.501741854313002,47.057611808061999],[15.501744306643801,47.057614074705988],[15.501821897620683,47.057685881239408],[15.501856281606219,47.05771770455096],[15.501970456487332,47.057823778986567],[15.501930661894729,47.057851913618762],[15.501923617838676,47.057856269903802],[15.501556101552179,47.058085305823703],[15.501519150370038,47.058108333827469],[15.501574489113741,47.058197518783999],[15.501645609166914,47.058312904506224],[15.501749184877976,47.058490952663043],[15.501826286574865,47.058619514696211],[15.501856960217744,47.058669840874956],[15.501865488631916,47.058683404651994],[15.501867877821139,47.058687191004694],[15.502006449915966,47.058908580394828],[15.502133844945586,47.059112437714248],[15.502246376086024,47.059298826106144],[15.50234008405649,47.059443070218549],[15.502415924454887,47.059559839068584],[15.502556949119921,47.059750842179945],[15.502625061000742,47.059823028892524],[15.502813599988011,47.060022832899371],[15.502921986249888,47.060137589457995],[15.503094084047923,47.060319822874],[15.503298036725614,47.06053592936302],[15.503333778739519,47.060573698852991],[15.503458914094633,47.060675560791559],[15.503486314658504,47.060697869974099],[15.50356070461479,47.060758426129553],[15.503562810342096,47.060760141512326],[15.503579799263523,47.060773973554575],[15.503586116589494,47.060779110707628],[15.503663925315808,47.060842453144652],[15.503717882076641,47.060886372643175],[15.503765978444893,47.060925401162095],[15.503768187939176,47.060927216241339],[15.503771667407355,47.060932008933108],[15.503785330451331,47.060950638141151],[15.504142347003089,47.061439417464292],[15.504210585155796,47.061529144561113],[15.504346867813917,47.062059585801663],[15.504364607463133,47.06212843717153],[15.504415392542635,47.062325609689971],[15.504417999755345,47.062335712125993],[15.504418867940448,47.06233913656714],[15.504430794154397,47.062376372922259],[15.504464004425193,47.062551658635591],[15.504470087489038,47.062583725345831],[15.504522790762531,47.062766798430459],[15.504543149886853,47.062837377854144],[15.504546268388996,47.062848464464317],[15.504630083948379,47.063180992000618],[15.504721177171795,47.06356196588694],[15.504726862663313,47.063585754206947],[15.504840914238738,47.063887198143433],[15.504856592474441,47.063928689373178],[15.505023639304246,47.064140656837111],[15.505059345026762,47.064206400230049],[15.505091597595948,47.064265642086298],[15.505144015710378,47.064433421105626],[15.505164817952146,47.064628045904364],[15.505177237442451,47.064743722928803],[15.505162925479073,47.065012392352607],[15.505117780176505,47.06533372913875],[15.505078160368683,47.065782296537407],[15.505066265498481,47.06609020202557],[15.50520836175011,47.06645112660626],[15.50526766520656,47.066531793070858],[15.505304029944874,47.066563719613335],[15.505316238356317,47.06657442238874],[15.505380915853666,47.066631200850381],[15.505384080955356,47.066633382632247],[15.505511036448285,47.06672092623559],[15.505692780288808,47.066792585912793],[15.506002587894688,47.066883073929738],[15.50605225719432,47.066897556257928],[15.506327740461673,47.066951904190852],[15.506654408813738,47.067016426865102],[15.506810722577992,47.067047242772574],[15.506975439202519,47.067088013902143],[15.507281529030628,47.06716380954218],[15.507360215897799,47.06718326871794],[15.507473389028249,47.067220068055555],[15.507575297633059,47.067253187745386],[15.507690699409332,47.067333089451338],[15.507738282461377,47.067414299486465],[15.507767030266455,47.067487637482408],[15.507780225561165,47.067502664772299],[15.507794066489707,47.067518506288387],[15.507984992987144,47.067558655984961],[15.50819481792746,47.067585629271647],[15.50840264621289,47.06759702624489],[15.508571657141525,47.067598697492258],[15.508635210480499,47.067668868653627],[15.508635150619115,47.067672736107468],[15.508634280394448,47.067941592893945],[15.508630324540478,47.068035562938576],[15.508629248719743,47.068062540416918],[15.508624358399116,47.068182859302787],[15.508546992385213,47.068469153441207],[15.508519326540629,47.068674491156905],[15.508514113577881,47.068713582094254],[15.508498413051177,47.068783810174111],[15.508456143737678,47.06903950473454],[15.508419479149678,47.069239290367278],[15.508385980492847,47.06942164840649],[15.508369165192317,47.069495826238715],[15.508326179578953,47.069593651860743],[15.508247622118656,47.069761112092955],[15.508174293525306,47.069913948089258],[15.508191918609333,47.069940521056004],[15.508278229933012,47.070097029795754],[15.508285332957444,47.070114441650112],[15.508416598865749,47.070241591482421],[15.508591903398759,47.070415563973228],[15.508793405272321,47.070615271484399],[15.509196154409763,47.071014413727134],[15.509219882681229,47.071046517599427],[15.509279072536755,47.071126731337742],[15.509275701890683,47.071159089285715],[15.509243347042453,47.071470175350377],[15.509028594816408,47.072186071940841],[15.508970066064746,47.07236087331286],[15.508963697692987,47.072415067630345],[15.508954468945928,47.072492448585315],[15.508943724675671,47.072582681551793],[15.509026524050688,47.072779372275676],[15.509062589626227,47.072865085981498],[15.509241267619828,47.073289774523758],[15.509288002751228,47.073400751402573],[15.50928990651761,47.073405352636769],[15.50912799011005,47.073429009865869],[15.509056466972552,47.073439467324945],[15.50895856461994,47.073444427108775],[15.508623341908196,47.073410972268945],[15.508308121071247,47.073369745370734],[15.507933349773188,47.073348056017771],[15.507658882415159,47.073353356745208],[15.507567990290896,47.073407209317828],[15.507582678021951,47.073793204333043],[15.50758351989252,47.073815338309487],[15.507585158426066,47.073854028988329],[15.507585620091298,47.073866715384646],[15.507591210874534,47.074024169649412],[15.507594845270011,47.07410398225926],[15.507201711379688,47.074332130794282],[15.506814003226935,47.074269776357738],[15.506525923424929,47.074218666625661],[15.506703078197372,47.074401110656353],[15.506721582285175,47.074430478667708],[15.506752594087269,47.074604128303896],[15.506763955136638,47.074703516202817],[15.506713223175828,47.074833397451961],[15.50671214204862,47.074835188636513],[15.506697284757591,47.0749034076104],[15.506696263727914,47.074908113633974],[15.50669248301821,47.074922658270573],[15.506688984165207,47.074941099815376],[15.506653565683649,47.075131152051519],[15.50666875281539,47.075248701731631],[15.506679064923349,47.075329138406389],[15.506662865188872,47.075499117902794],[15.506590253541715,47.075621914396365],[15.506581234934366,47.075637140691448],[15.506526028864105,47.075730289532551],[15.506606818498611,47.076200417534949],[15.50677673149638,47.076476627521799],[15.506829971695744,47.076543288763986],[15.507065169936013,47.076836450024693],[15.50709957992877,47.076952465691789],[15.506923748216829,47.077150883233848],[15.506984317005246,47.077261241540562],[15.507088889605312,47.077471853605452],[15.507041754071771,47.077675340644753],[15.506969568099175,47.077736614142339],[15.506975113986131,47.077871400434574],[15.50706329219145,47.077993022517063],[15.507137154523631,47.077993467271398],[15.507333322475192,47.0780970711237],[15.507528950892915,47.078205797922692],[15.507610223194368,47.078250641673812],[15.507900498484387,47.078399450940417],[15.507918744234036,47.078432873643557],[15.507998065577459,47.078578168922235],[15.508114754868195,47.078755046161433],[15.508149780139808,47.079061041741646],[15.508089093409001,47.079127976011748],[15.50790273722933,47.079283052616717],[15.508210791512766,47.079321620175492],[15.508507033409177,47.079332216831872],[15.508839816067605,47.079449128532254],[15.509048273206199,47.079576025459559],[15.509214136286827,47.079655930059189],[15.509234729117939,47.079661142974558],[15.509414293839107,47.079706578176591],[15.509506001612985,47.079745289304284],[15.509651382389615,47.079838448068536],[15.509823354751177,47.079923613008361],[15.509846384839694,47.079933017109511],[15.510123138889554,47.080046039700903],[15.510335500683542,47.080159199980422],[15.510340634806827,47.080161845570899],[15.510571045836903,47.080280442647975],[15.510764155796741,47.080395442255117],[15.510935992848076,47.080532236207283],[15.510957775753909,47.080580651686013],[15.511038615946045,47.080759651247853],[15.511120280223572,47.080928807088512],[15.511190242379726,47.081079798492929],[15.511242156984876,47.081222744199962],[15.511276405166456,47.081315028370796],[15.511296228372895,47.08136844890813],[15.511310226062266,47.081405996173146],[15.511314853249319,47.0814184606769],[15.51135006595203,47.08147557207824],[15.511376440950368,47.081518299681079],[15.511391163657594,47.081542152675944],[15.511396145156267,47.081547873430637],[15.511420108004771,47.081575399985489],[15.51149791068638,47.081664714531875],[15.511636610729635,47.081790294805437],[15.511660575183042,47.081804076864906],[15.51188561507074,47.081933462639874],[15.511906407834477,47.081945422807209],[15.512024303778091,47.081996697580585],[15.512090845179536,47.082025636778013],[15.512226346394273,47.082094074667651],[15.512355255873297,47.082205731226601],[15.512476659053187,47.082377240760188],[15.512668746553606,47.082764420292236],[15.512704385140422,47.082759009657309],[15.512927328157884,47.082724902049378],[15.51298639713468,47.082959468061269],[15.513003134740595,47.083215048073384],[15.513032981508275,47.083457409603675],[15.513031686734683,47.083652593087216],[15.51303048817187,47.08371330112255],[15.513022438899178,47.083739149039999],[15.512930516241232,47.084133461354021],[15.512869761668485,47.084388565236196],[15.512809261259097,47.084644228596346],[15.51280182784854,47.084677097067036],[15.512760107016215,47.084861762485509],[15.512740845251404,47.084947769663131],[15.51255198790715,47.085247566169954],[15.512564728270922,47.085394996820988],[15.512661106614736,47.085490317865585],[15.512728245779011,47.085611514266994],[15.512876979381804,47.085924352194191],[15.512891777432349,47.085955401562472],[15.513012788649089,47.086110266737016],[15.513142512728724,47.086332207553291],[15.513234127503788,47.08648902004068],[15.513366862777174,47.086720786832792],[15.513458111630667,47.086884342791024],[15.513546650856853,47.087121278848599],[15.513620282340533,47.087231637306637],[15.513716820282164,47.087436698225282],[15.513802841781855,47.087614878283908],[15.51389800871018,47.0878149819114],[15.513990199418553,47.087977464767391],[15.51408576466112,47.088143209985361],[15.514184407905502,47.08831437424071],[15.514275894858265,47.08847991011767],[15.514368026853006,47.088689166494156],[15.514406968395802,47.088777507465153],[15.514423172911654,47.088828535723678],[15.514426192441729,47.088838577875777],[15.514469779523306,47.088983674945275],[15.514409888321749,47.089186173574554],[15.514393091592019,47.089242991723509],[15.514300576443379,47.089392455251449],[15.514216790250492,47.089513826841461],[15.514172741563732,47.089577645409022],[15.514021467379521,47.089796758399416],[15.513982756372645,47.089856027732615],[15.51392338659018,47.089973976359701],[15.513896771204347,47.090026046510886],[15.513852011660754,47.090144549745389],[15.513854392184903,47.090200381117022],[15.513856895316525,47.09025937063052],[15.5138575243924,47.090274118032461],[15.5139080977081,47.090419661223166],[15.513732481495975,47.090440258217257],[15.513620447910206,47.09045344094433],[15.51355739191335,47.090460858724605],[15.513405263426463,47.090478565600456],[15.513360588002085,47.09048376760753],[15.513254586207047,47.090496102800977],[15.513026521905765,47.090484389426599],[15.512710410942583,47.090459989213102],[15.512520422677071,47.090592649270803],[15.512244272550344,47.090785882506246],[15.512084498910447,47.090898673254074],[15.511937073374073,47.091012659034838],[15.511874134510766,47.091088394121208],[15.511848860007426,47.091130219085038],[15.51182181805841,47.091177329404637],[15.512143082653916,47.091258932672538],[15.512522331592722,47.091370051030474],[15.512681356200835,47.091422934073819],[15.512832004074708,47.091473283038404],[15.513145172387388,47.091583924261194],[15.513449056528668,47.091672334136376],[15.514356692660721,47.091888246231868],[15.515124937625169,47.092103151927816],[15.515442113808923,47.092188368596517],[15.515539096187513,47.092212054876306],[15.516015659446998,47.092336460930973],[15.51645894739397,47.092433039040912],[15.516763134812832,47.092516944747004],[15.517100731884881,47.092652792097269],[15.517251084379197,47.092719468118986],[15.51726440051972,47.092726327605853],[15.517538918010757,47.09286771330995],[15.517976534853075,47.093071016165986],[15.518220379080521,47.093170336149427],[15.518578466064364,47.093323335080697],[15.518916745006109,47.093472926342656],[15.519433539525497,47.093719631950272],[15.519726923253689,47.09385968072008],[15.520040213786759,47.094041751505053],[15.52014455109515,47.094135278812615],[15.520237077659171,47.094214770572229],[15.520339872968201,47.09440930102928],[15.520415363612633,47.094581464133114],[15.520481554120627,47.094733025267736],[15.520511815596532,47.094797294472983],[15.520568735937548,47.094847793214228],[15.520687534550252,47.09493896734746],[15.521265018090219,47.095293713368179],[15.521581618601473,47.095497148658112],[15.521940609325815,47.095757544186313],[15.522407109234964,47.096062229489654],[15.52274738086653,47.096210816052647],[15.523049959721211,47.096309859184252],[15.523713767582175,47.096522328400042],[15.524049888258054,47.096675792919164],[15.525214434848186,47.097482048263821],[15.525422069869846,47.097617328418259],[15.525587810884709,47.097725308603401],[15.525850850459237,47.09799950361937],[15.52617006021787,47.098264992306191],[15.526401075864021,47.098457131715087],[15.526462271170873,47.098497358397069],[15.526606364826065,47.098592078279573],[15.526897434575959,47.098673111725397],[15.527326712228216,47.098674075308502],[15.527509474202025,47.098617968550464],[15.527522562648034,47.098613950231382],[15.527895387668485,47.09845616451139],[15.52812359918719,47.098377898920837],[15.528251310037696,47.098334094559483],[15.528365151057224,47.098299807922309],[15.528463158874127,47.098281186802986],[15.528902759881733,47.098197663963049],[15.529050236681597,47.098175091382849],[15.529228634543395,47.098147789205015],[15.529405012871951,47.098180046635079],[15.529683905721233,47.098231051754098],[15.530050438643913,47.09827833746639],[15.530116437587171,47.098292834227429],[15.530495508805558,47.098376096940058],[15.530639226578446,47.098394009502968],[15.530709770031381,47.09840328478451],[15.5307430434297,47.098407665490129],[15.531101171747096,47.098490958815468],[15.531476741254789,47.09867131303276],[15.531838530301462,47.098825726504991],[15.531965309442059,47.09888477865811],[15.532426982795055,47.099001104994301],[15.532766433590997,47.099068115940781],[15.533044817111495,47.099108836960134],[15.533455547809904,47.099124930068058],[15.533631647254687,47.099153338144269],[15.533693290578867,47.099163286813372],[15.53383900909736,47.099219213383137],[15.533918614951803,47.099269837365462],[15.533943388458315,47.099294675268403],[15.534116557714141,47.099468250876619],[15.534165908073996,47.09951262713885],[15.5341995966608,47.099542933425873],[15.534138364154753,47.099567870638545],[15.533841305500417,47.099805507624581],[15.53370680785363,47.099919701747851],[15.533618688045479,47.100015699932158],[15.5334488756518,47.100200698031337],[15.533394102416613,47.100260310981852],[15.533127368997635,47.100539445832446],[15.532877023419228,47.100832367436048],[15.532841922992064,47.100906420190846],[15.53279339474674,47.101067450629422],[15.532320132309016,47.101545633894162],[15.532096178737548,47.101747439443187],[15.532018360703939,47.10176254444638],[15.53200567911172,47.101659912084052],[15.531957983543748,47.10152051405089],[15.531838081082205,47.10138231798269],[15.531699441480052,47.101368661279054],[15.531505269189624,47.101464803371115],[15.531305495343309,47.101740266636675],[15.531013736873051,47.102000421039477],[15.530924811098515,47.102131842873284],[15.53080643771092,47.102329081073982],[15.530744009489997,47.102441709573647],[15.530467692780288,47.102734443197114],[15.53041990608631,47.102792484747852],[15.530358190080454,47.102867428878142],[15.530454016400743,47.102968577484091],[15.530339302595179,47.103088933446109],[15.530179594891507,47.103205284709098],[15.53014470009755,47.103262742235941],[15.530117856831316,47.103306943777724],[15.53009751460502,47.10333675404992],[15.529911724577811,47.103322043739546],[15.529726274168739,47.103302298304257],[15.529464831127168,47.103255122217007],[15.529328194506983,47.103230682727457],[15.529288886988004,47.10322527864934],[15.529054810172017,47.103189178397386],[15.528729822670618,47.103136515599559],[15.52861661053559,47.10309631919921],[15.528605157522057,47.103095788694063],[15.528414373002331,47.103028149979316],[15.528175933731093,47.102975736162925],[15.527906264007068,47.102941361363804],[15.527832897798779,47.10294066369169],[15.527663377554877,47.102939107345868],[15.527387241660714,47.1029924771425],[15.527095942188524,47.10307281418838],[15.526815848106656,47.103030897310248],[15.526547530030301,47.103020365684827],[15.52609951540815,47.102967005585697],[15.525750773956563,47.102926039754259],[15.5257413473174,47.102974276349286],[15.525700777712069,47.102999984902915],[15.525863941432746,47.10346384356572],[15.525997256903432,47.103503069509337],[15.526264871995437,47.10358181572974],[15.526348607889153,47.103611974476941],[15.526561374128717,47.103688614123236],[15.526844924591659,47.103850369784588],[15.526895293828026,47.103884753879456],[15.526939195864362,47.103914720675903],[15.527141827134074,47.104191759759701],[15.527220300621956,47.104333715839587],[15.527345139366291,47.104554435913712],[15.527402655241485,47.104653697390681],[15.527453734460748,47.104751744034971],[15.527654730963432,47.105093624744285],[15.527725962954051,47.105183268246918],[15.527429916961129,47.105341379572359],[15.527200979579145,47.105478555992242],[15.527181169526244,47.105490469400337],[15.527176250624992,47.105493403014115],[15.527248804644289,47.105617507083828],[15.528478527718832,47.106224444613787],[15.528974318410588,47.10640487192061],[15.529307192245099,47.106529819554055],[15.529793273148549,47.106699290921966],[15.530203216463006,47.10687694964119],[15.530182151695142,47.106962389028659],[15.530151852704467,47.107085272661585],[15.530059546854524,47.107239157482219],[15.530040216187995,47.107271673351065],[15.530133891920778,47.107287983967232],[15.530306171856463,47.107317980321596],[15.530504056253919,47.107370284276634],[15.53070987338601,47.107412029552684],[15.530632783883705,47.107889968454131],[15.530599078486121,47.108098937541399],[15.530552902646516,47.108385185049208],[15.530546507914313,47.108424799104668],[15.530542237849321,47.108499103898794],[15.530534355026793,47.108636456344946],[15.530533081354358,47.108659744482011],[15.530513765498661,47.10899683181912],[15.530504135547195,47.109041289415394],[15.530435046839841,47.109358957157653],[15.530380995703814,47.109473749097042],[15.530312121657632,47.109620000229633],[15.530306282326718,47.109632399252092],[15.530266206496545,47.109818961749156],[15.530258865540468,47.109853154121637],[15.530244496914356,47.109919984931302],[15.530494412860861,47.110101103801],[15.530587779813388,47.11016877339928],[15.530636024849715,47.110228353890918],[15.530772741160039,47.110397198306401],[15.530549295382492,47.1104315169584],[15.530405793632127,47.110424210993422],[15.5301739526942,47.110412415375272],[15.529755164559802,47.110399842892988],[15.529687121411623,47.110412406570148],[15.529739797790647,47.110527463912888],[15.529733375925964,47.110621146752727],[15.529470580422096,47.110634947451274],[15.52919257343323,47.110652688129711],[15.52890367085984,47.110685193114527],[15.528630344420886,47.110724463503281],[15.528515175726051,47.110725450444129],[15.528357704905522,47.11067477738699],[15.528245401300735,47.110495164359314],[15.528237077792307,47.110357391959695],[15.528181522435816,47.110215148661922],[15.528094833764465,47.110101649635673],[15.527774627710951,47.109991539810942],[15.527549288221287,47.109916010098253],[15.527443409133292,47.109869208057162],[15.527300036079998,47.109827448193649],[15.527059114667447,47.109754326074018],[15.526634969629995,47.109608847933231],[15.526717542867297,47.109532973887525],[15.526366694807002,47.109436945626754],[15.525810016970308,47.109360598473863],[15.525589100318538,47.109285689854381],[15.5252466504833,47.10916957774495],[15.525013728880648,47.109090598221229],[15.524615862387742,47.108846533380053],[15.524401808883274,47.108445277835855],[15.524190107902024,47.10824471742594],[15.523730110335775,47.107971784711182],[15.523280375373023,47.107803894856502],[15.523125362130603,47.107705198599376],[15.522927158223093,47.107579120454112],[15.522045509402478,47.107501166662459],[15.521612782704967,47.107281220008531],[15.521542648318393,47.107227200820368],[15.521219792326127,47.106978530400767],[15.521214925130652,47.106978046017787],[15.520451821326379,47.107006075177374],[15.519962516270292,47.106997552064136],[15.519188174996271,47.107139999352839],[15.518754015786437,47.107207332658575],[15.518585454592849,47.107233474401497],[15.518019100351388,47.107367809587004],[15.517959624468,47.107381920673525],[15.517944646513298,47.107381813672944],[15.517918194819309,47.107381615705663],[15.517597098770567,47.107379240336364],[15.517572384987732,47.107255382152957],[15.517574937161749,47.107198911654969],[15.517583545877008,47.107008638510841],[15.51764029074141,47.106839218031851],[15.517518312381224,47.106726358201875],[15.517257241977857,47.106482705637148],[15.517053282246156,47.106492553896651],[15.516987888551446,47.106495711193823],[15.516800808813072,47.106461541153685],[15.516572041858911,47.106388124051897],[15.51638065466412,47.106334223398299],[15.516296340294042,47.106325524356215],[15.515904638312865,47.1063873040167],[15.515820425143867,47.106404600967558],[15.515724766805457,47.106424244527787],[15.515556824982333,47.106447867645691],[15.515509237172363,47.106452267055872],[15.515131871751024,47.106487188711576],[15.514870944417167,47.106500519542728],[15.515046585155508,47.106875791962672],[15.514033636230847,47.107035652925681],[15.51400154382279,47.107040729622419],[15.513879698972236,47.107059958786003],[15.513646019885694,47.107096824536519],[15.513581742393079,47.107010370490876],[15.51354924959891,47.106913170771755],[15.513477021005096,47.106932351080573],[15.513461916362106,47.10693790944822],[15.513069021183322,47.107042397200331],[15.512858916623543,47.107100254240166],[15.512621181928084,47.107163399189368],[15.512550950140206,47.107182053570426],[15.511998842051465,47.107341611526799],[15.511276570306885,47.107616876695168],[15.511261754360961,47.107622481826752],[15.51121945308093,47.107638503118885],[15.511173466675533,47.107655982029947],[15.510162182154788,47.108072718578271],[15.510210318440496,47.108188831653536],[15.510332115710241,47.108568130480364],[15.510437676122908,47.10881328628448],[15.510330613322871,47.108852632162424],[15.510425290437768,47.108949651454331],[15.510584326249555,47.109068092990427],[15.511028564451575,47.109282857149687],[15.511173034899201,47.109372049060902],[15.511399315314643,47.109572648576304],[15.511856654634869,47.110082810307922],[15.512078404398872,47.110295609069013],[15.512535775493195,47.110556876104141],[15.51260264633013,47.110594956134008],[15.512637006739588,47.110613822884709],[15.512795784721003,47.110741074569461],[15.512949605775511,47.110899323212259],[15.513042433006122,47.111014317036158],[15.513294611649728,47.111347775349486],[15.513468814825837,47.111667000594963],[15.513485664941742,47.111697884581403],[15.51357016185678,47.111840612722538],[15.513708102612545,47.11209778137561],[15.513836849456901,47.112293267988903],[15.513912418357485,47.11250249486833],[15.513952021816982,47.112651556715406],[15.514177047411321,47.113174792739933],[15.514202882983556,47.113234012424861],[15.51424248944523,47.113324777492458],[15.51426842709605,47.113384222768772],[15.514391952937917,47.113670970623588],[15.514547070126531,47.114096827940692],[15.514596357339851,47.114173369241556],[15.514642712594265,47.114774298651312],[15.514691379045512,47.114891223047536],[15.51481981335521,47.115450194570059],[15.514934737492775,47.1157483936584],[15.515181852666467,47.116176798498181],[15.515227235905177,47.116255470316148],[15.515276187502717,47.116328320934144],[15.51543628035777,47.116500103524366],[15.515562065982175,47.116657877731669],[15.515739104787105,47.116893196098978],[15.516182985002235,47.117085359858642],[15.516774127237454,47.117350175743013],[15.516885924500652,47.117398082331],[15.517239632072933,47.117549641114266],[15.517279507565888,47.117566728884398],[15.517333246636646,47.117589753512114],[15.517660894092403,47.117757513578894],[15.517868642476596,47.11786432952087],[15.518228882256546,47.118063803317547],[15.518353562331495,47.118132830784823],[15.518453860596598,47.118188362446894],[15.518545103951819,47.118238882129731],[15.518548043866291,47.118240513222112],[15.518605314527155,47.118272215653811],[15.518613271973996,47.118276626035772],[15.518614996728076,47.118277582822365],[15.518648577774625,47.118296172324406],[15.519226724105893,47.118576623966575],[15.519348056189434,47.118638124629513],[15.519367539498708,47.118647996166821],[15.519438855981475,47.118684151924498],[15.519447289960166,47.118688430721008],[15.519560423934799,47.118745770977775],[15.519876955555468,47.118883042292893],[15.520269320738771,47.119093892374352],[15.52035507232797,47.119156478758249],[15.520459720584407,47.119232872060529],[15.52055314092393,47.119354160327823],[15.520572652099421,47.119379485271736],[15.520647596541171,47.119476715187616],[15.520778294718264,47.119642164292848],[15.521074007148266,47.119952437845868],[15.521201354460585,47.120139000860028],[15.521143191468642,47.120159455404682],[15.520683024451861,47.120324008781651],[15.520525862940215,47.120380205868386],[15.520488327402781,47.120583999162278],[15.520487349742885,47.120589335230491],[15.52046121596968,47.120661019173937],[15.520410128515429,47.120711656987723],[15.520292619233034,47.120828114818707],[15.520268982880358,47.120908811505757],[15.520276645171196,47.121079950994258],[15.520303644006928,47.121210300964187],[15.520403837984036,47.121449022304674],[15.520446772325085,47.121657652271338],[15.52050614645453,47.121814147338263],[15.520511758453894,47.121828930106254],[15.520585781435482,47.121969419400983],[15.520609483965037,47.122246544181749],[15.520584435932561,47.122329920367179],[15.52057436936626,47.122363436010289],[15.520546030844418,47.122457744662853],[15.520305351117603,47.122796671116674],[15.520022185568704,47.123061175546958],[15.519915281217056,47.123166284868198],[15.519839806540674,47.123275755792754],[15.519789771502706,47.123427954324534],[15.519786075854043,47.123438659014752],[15.51976596836958,47.123497028149274],[15.519742331006658,47.12356559943013],[15.519687584614935,47.123818958035208],[15.519659707905369,47.123883793137288],[15.519617729500983,47.123951235195534],[15.519573292289367,47.124022608511197],[15.51954810770779,47.124063077343763],[15.519414523503537,47.124189044252226],[15.519342451057248,47.124256892263659],[15.519119411583082,47.124466953704257],[15.518981948783836,47.124596490432026],[15.51888513455955,47.124687818464842],[15.518809184173167,47.124759236463504],[15.518631008134518,47.124888032476662],[15.518527897142839,47.124944702521042],[15.51826975974126,47.125086581539144],[15.518050853097877,47.125172719367676],[15.518002309199568,47.125191981712462],[15.517914145013766,47.125226972091816],[15.517763749242047,47.125305773136603],[15.51772586393751,47.125335545714051],[15.517664095318858,47.125384396897715],[15.517474489880625,47.125533689973139],[15.51742599768999,47.12557187790955],[15.517359669568183,47.125624096443282],[15.517321005486972,47.125670234206893],[15.517278846105533,47.125720844464716],[15.51722525696454,47.125906477787169],[15.517197704587597,47.125967086942879],[15.517052895767094,47.126162502104059],[15.517051033779978,47.126215109496776],[15.517111633722413,47.126251073074862],[15.517348807313731,47.126392011305413],[15.517455771109711,47.126455560961887],[15.517406495856214,47.126497485204446],[15.517380322033013,47.126519785585067],[15.517369198358567,47.126529249753958],[15.517316825376136,47.126573778350888],[15.517298197105564,47.126589611286349],[15.517021240444549,47.12682511671381],[15.516818956228033,47.127029745138238],[15.516810933456171,47.127044961243818],[15.51680167445727,47.127062579163166],[15.516752881389129,47.127155418222408],[15.516735598845427,47.127188297206189],[15.516663359206241,47.127325745550372],[15.516645180544096,47.127360327156495],[15.516357034633799,47.127585928365043],[15.516168240242958,47.127727147536241],[15.515841771008759,47.127581969408006],[15.51572108124266,47.127528214429248],[15.515567022130256,47.127798282797038],[15.515502561701432,47.127911283776669],[15.515329889329937,47.128213978201046],[15.515315680534956,47.128238882447206],[15.515175210315924,47.128353632209802],[15.515110260552065,47.12840669583521],[15.514664295435878,47.1280359628702],[15.514597018120844,47.127979981234567],[15.514263882648208,47.128173592091045],[15.514050037349087,47.128297807372668],[15.513884930724187,47.128457902367472],[15.513830059370989,47.128537653794382],[15.513597798185884,47.128471312074787],[15.513195702673599,47.128427136725463],[15.512898152007825,47.128475100536043],[15.512610930081477,47.128511354401816],[15.512404066159933,47.128601345892967],[15.512243436947989,47.12870156408794],[15.512034197084581,47.128894080700526],[15.511756055822341,47.129024845148251],[15.511532002978978,47.12909258366674],[15.511526581695707,47.12909371398468],[15.511278817962078,47.12916056169837],[15.511111489287464,47.129216474705359],[15.511092953020203,47.129221918077299],[15.511073873191583,47.129228418939391],[15.51098152147325,47.129259883748141],[15.51088683584916,47.129128675275354],[15.51083790612917,47.129060869293802],[15.510747458071783,47.128977823424378],[15.510536024837673,47.128783626884278],[15.510393688500859,47.128587319570116],[15.510308018714017,47.128468147932274],[15.510035728956222,47.128178344639728],[15.509907350690856,47.128076674728398],[15.509870242453928,47.128047353212814],[15.509719786868478,47.127958566557176],[15.509494580432271,47.127871219124145],[15.509231593081729,47.127806535717745],[15.509065615595446,47.127783929223924],[15.508734701227551,47.12777362359973],[15.508489122299636,47.127784766094365],[15.508368838617109,47.127790229324034],[15.508329628102736,47.127794533383067],[15.508095161165274,47.1278200034115],[15.507941401555092,47.127833913334243],[15.507733301340741,47.127731574537577],[15.507571712419189,47.127553744052143],[15.507481573192317,47.127486942764968],[15.507412750804983,47.127435928943022],[15.507263466564808,47.127356952062748],[15.507044284673192,47.127467533234956],[15.506888486565376,47.127493930027782],[15.506519654375685,47.127464274081944],[15.506149022321251,47.127474091923276],[15.505632899938902,47.127449212428033],[15.505103719202252,47.127433500702807],[15.504878535901591,47.127446798315624],[15.504530338800272,47.127496981360004],[15.504288630573601,47.12750503068402],[15.504008114594395,47.127457748199625],[15.503687112143981,47.127454336194205],[15.503447115239391,47.12748785201093],[15.503408375123838,47.127495782787577],[15.502938203185716,47.127592090943281],[15.502523081468141,47.127547513490825],[15.502504569259502,47.127547180864028],[15.502451009217047,47.127546206347915],[15.502386302430764,47.127545024735873],[15.502363086468451,47.127544603875691],[15.502176607771574,47.1275412223617],[15.502109990449455,47.127540008692499],[15.502052042804273,47.12753895706507],[15.50154968134097,47.127509014241838],[15.501438180063008,47.127502372956052],[15.500956474758382,47.127535381108487],[15.500491954298697,47.127413618824725],[15.5002580388352,47.127386932856574],[15.499990838851406,47.127356441410235],[15.499530360410143,47.127320067221412],[15.499448774332231,47.127313624514521],[15.49923623721925,47.127226439379434],[15.498910156867895,47.12704280713929],[15.498551419598348,47.126773572647878],[15.498044096393937,47.126323439896183],[15.497827028220716,47.126130797614465],[15.497550568678715,47.125910105446636],[15.497240456811824,47.125717590314622],[15.496596325752783,47.125244231289571],[15.496401777381534,47.125035650282214],[15.496342302399052,47.124971889426817],[15.496280372577511,47.124770217212003],[15.496198222015714,47.124664283357447],[15.49592244640999,47.124568442792132],[15.495751693945394,47.124456731454842],[15.495689451184109,47.124405623898326],[15.495595176541222,47.124328213729655],[15.495422179720236,47.124216845224161],[15.495290521747279,47.124158400696253],[15.495282360062092,47.124155309462701],[15.495244696055385,47.124141027732101],[15.495121656020666,47.124094375759725],[15.495068485363255,47.124056386221511],[15.494827821825259,47.123948927440118],[15.494839290400916,47.123960435331632],[15.494957946283849,47.124079501140109],[15.49491481833018,47.124058208046641],[15.49502713681262,47.124227356367875],[15.495044955379386,47.124402035186584],[15.495026626033992,47.124494675005522],[15.495007478660336,47.124502935720415],[15.494950085732778,47.124682585106363],[15.494894876741284,47.124795579568385],[15.494823407433234,47.124903381383966],[15.494658340836819,47.125022854667826],[15.494495279423857,47.125137143337803],[15.494463751551258,47.125157420252179],[15.494144289500229,47.125435617200843],[15.493751348318122,47.1256663459435],[15.493504880352992,47.125844342950941],[15.493497913902683,47.125970842316114],[15.493600900547627,47.126162545743405],[15.493739646455319,47.126284782868815],[15.49372646301723,47.126291719992423],[15.493880417747606,47.126432373622059],[15.494004178472101,47.126578921637503],[15.494041626582479,47.12667293382691],[15.493993236444579,47.126753622953302],[15.493899046341147,47.126841063333586],[15.493746916308751,47.126909466865207],[15.493535433239892,47.126933978743978],[15.493167405165382,47.126857475740415],[15.49316380716958,47.126854139100985],[15.492694718087227,47.12676942488276],[15.492476639550741,47.126746797432567],[15.492028576893073,47.12689428827251],[15.49194047443739,47.126923286444409],[15.491612472841394,47.127310657550034],[15.491111947162244,47.127677046938039],[15.490729952779299,47.12787880118087],[15.490154218187449,47.128130907491972],[15.489803792880897,47.128245613377928],[15.489529391597539,47.128328498178661],[15.488873864214574,47.128350995666366],[15.488592005813222,47.128387957582525],[15.48851541631409,47.128397995906859],[15.488408386314763,47.128340535317932],[15.488313509438631,47.128289640985415],[15.488224121875062,47.128241665609615],[15.487981657625102,47.128247156327575],[15.487747996585581,47.128295797764103],[15.487489473302459,47.128308274532685],[15.487182617739155,47.128260395868089],[15.486843862640699,47.128196268756021],[15.486450704316493,47.128376949618428],[15.486138451785486,47.12846847752224],[15.485754996170755,47.128580938000013],[15.485198046980026,47.128744081441212],[15.484478899327975,47.128876809478598],[15.484056524277273,47.129020151517516],[15.483756131980705,47.129101398923353],[15.483585768604657,47.129147471601243],[15.483546343328316,47.129162550576602],[15.483178569419952,47.129332219377893],[15.482919265417655,47.129425266169449],[15.48290682938813,47.129413354106909],[15.48282186460535,47.129327196734096],[15.482796197497965,47.129301171884045],[15.482619516383075,47.129130776497313],[15.482587352703256,47.129099746945165],[15.481926922168588,47.129032577995808],[15.481709025866715,47.128911049438678],[15.48136104265795,47.128863657912994],[15.480993034760065,47.128856863150396],[15.480828167585493,47.128798423938569],[15.480637932821159,47.128801410730688],[15.480339521527036,47.12857241759751],[15.48020588859163,47.128489564571396],[15.480041264452069,47.128416104394269],[15.479902412358511,47.128288956620125],[15.479830223355727,47.128179937281317],[15.479808178999523,47.128137720860998],[15.479781505649083,47.128086654729906],[15.47948916288248,47.127833148376645],[15.47939674164037,47.127753031269606],[15.47974189601903,47.127354561602679],[15.480148604594881,47.126868327978748],[15.480422343417052,47.126572459114499],[15.480453756590647,47.126421667776256],[15.480324289576041,47.126440939212664],[15.480137197072745,47.126418636717943],[15.47971814369051,47.126368676113934],[15.479154425597523,47.126321733366268],[15.478916214054255,47.126334531649704],[15.478874122459011,47.126336789183604],[15.478779571124051,47.126341874234271],[15.478450435664348,47.126359549807873],[15.478407692157207,47.126370383517873],[15.478319060020048,47.126530280470668],[15.478163879656327,47.126714235210287],[15.477785868637413,47.126789479529506],[15.477480375581974,47.126870933131329],[15.477065122593251,47.126950753166625],[15.476690581419954,47.126974028804831],[15.476336748966851,47.127037126621481],[15.475945900881262,47.127131697698559],[15.475563388622064,47.1272650085671],[15.475548174743054,47.127268564214361],[15.475228549009298,47.127343357260401],[15.475008251919428,47.127412761665973],[15.474629049498212,47.127528554050507],[15.474275301092117,47.127586069232002],[15.473902763516268,47.127623652880153],[15.473584423691346,47.127659394736632],[15.473307368709007,47.127652360685822],[15.472978659489236,47.127652852299882],[15.472563280014548,47.127641985479592],[15.47209047726899,47.127604238674984],[15.471517094573267,47.127527052196655],[15.471236745908266,47.127495611825175],[15.470941335188655,47.127442109192494],[15.470456844406639,47.127336984754614],[15.470076981533058,47.127395458942352],[15.469871384198051,47.127427635378695],[15.469498386095259,47.127412310625012],[15.469247912018146,47.127464744919202],[15.468873270900563,47.127688312869189],[15.46857050064796,47.127860522865568],[15.467943685800472,47.128151258948179],[15.467509818732603,47.128385257415303],[15.467291155923728,47.128482912662029],[15.467112720222261,47.128562594879732],[15.466954536223723,47.128620761556142],[15.46676957424248,47.128728826899518],[15.466549207714564,47.128882317734394],[15.466328262623728,47.128990379012514],[15.466041249798966,47.129116737529024],[15.465592822264048,47.129264715878747],[15.465500275828424,47.129302421068012],[15.465182565070823,47.129431872226256],[15.465408702910556,47.129837646843001],[15.465407296856075,47.130198335489411],[15.465386714919624,47.130506437511002],[15.465368610147394,47.13064662179265],[15.465455745682238,47.130783108633629],[15.465597190829024,47.130943485136001],[15.465767829748559,47.131140333133594],[15.465493007546844,47.131270021077576],[15.465427518479178,47.131268893597259],[15.465012074195425,47.131268433124362],[15.464465066811522,47.131180528074118],[15.463865570141797,47.130941464569091],[15.463196010271689,47.130876456798731],[15.462410518149948,47.130928844980964],[15.461932014805875,47.131020450775814],[15.461376294331286,47.130990122376588],[15.460757839850753,47.130814942157414],[15.46029828884584,47.13068334023653],[15.459523396428624,47.130596007435358],[15.459020125652454,47.130526455048113],[15.458593247455861,47.130467452226931],[15.458570510274809,47.130464309670025],[15.458495317309872,47.130444214380901],[15.458079257939477,47.13044147529002],[15.457969081231811,47.130433587517473],[15.457505270565537,47.130400373960171],[15.457435745260657,47.130395505006888],[15.456466026905643,47.130326733502365],[15.454936075242793,47.129846603275325],[15.454790071317802,47.129748873597194],[15.454302130435847,47.129422557233625],[15.454180790170359,47.129339093830566],[15.453999542868527,47.129214421571717],[15.453757268676741,47.129047766966771],[15.453600569783468,47.128983324808559],[15.452938450581543,47.128733826890993],[15.452751115372715,47.1286332572692],[15.452714928862353,47.12861381881465],[15.452652573072825,47.128527165738248],[15.452575015771748,47.12841934705677],[15.452386278919738,47.128156856000672],[15.451756549838491,47.12833162547399],[15.451554198172085,47.128267322712993],[15.451167615228739,47.12814447800109],[15.450823465228963,47.128050690012849],[15.450759962216663,47.128033387483661],[15.450584531844774,47.128002077887722],[15.450434254357498,47.127895008737887],[15.450331442992077,47.127821749914453],[15.45009176702661,47.127595740575607],[15.45003791494098,47.127544951949048],[15.449654104867403,47.12757778207591],[15.449244340965688,47.127372132327451],[15.448961442408658,47.127225391678124],[15.448641542353144,47.127060913310928],[15.448266828921728,47.126871992485256],[15.44815529345764,47.126802945682762],[15.447937818305608,47.126859187230437],[15.447642370452131,47.126936141684233],[15.447448657596842,47.126807989153889],[15.447402721768306,47.12677666292452],[15.447380516458251,47.12676150494319],[15.447352759463849,47.126742579945095],[15.447290326214906,47.126699989834641],[15.447274615059076,47.126670004493036],[15.447266695097444,47.12665492137166],[15.447261569350955,47.126646156437943],[15.447254844383115,47.126630542889437],[15.446758553319649,47.126762154962272],[15.446302582839593,47.126878336889114],[15.446194148414477,47.126851085066086],[15.446123827524744,47.126833412158796],[15.44609842548123,47.126821872064568],[15.445909310246204,47.126735948217139],[15.445820079442312,47.126688912368216],[15.445752927933958,47.126653507729884],[15.445713905093534,47.126622621347103],[15.445666522436559,47.126579346799815],[15.445615583377586,47.126535954631038],[15.444703195065838,47.126660813789989],[15.444520816380431,47.126701913563814],[15.444464446418763,47.126714616430043],[15.44443464091597,47.126721328529008],[15.444406067249856,47.126727672420699],[15.444348571169094,47.126737569015795],[15.444277593167984,47.126749789253132],[15.443718303705579,47.126904554446625],[15.443704532610981,47.126908404947848],[15.443660573225506,47.126920565473107],[15.443647994142156,47.126924065455732],[15.443636475298851,47.126927213898611],[15.443562502037715,47.126882112173156],[15.443454475023051,47.126816416279347],[15.443302560374541,47.126678283208435],[15.443272987787564,47.126651382487076],[15.443231461280259,47.126663867643835],[15.443047804222955,47.126719068269885],[15.442937857539347,47.126744476318315],[15.442813220199213,47.126773547583241],[15.4426065956094,47.126826868306139],[15.442280972594569,47.126910886464088],[15.441957301569934,47.126996331151169],[15.441769449455919,47.127069702865093],[15.441632091576251,47.127094895611044],[15.441174206551777,47.127215161887776],[15.440990583240442,47.127263397344059],[15.440946627970472,47.127283112663797],[15.440713968949789,47.12738752499709],[15.440220037303853,47.127416494189099],[15.439919151917977,47.127471078582104],[15.439692433478374,47.127488463681573],[15.439262619976105,47.127638913377353],[15.438620670442186,47.127879808162795],[15.437904150152452,47.128150067917773],[15.437869132884385,47.128163285797875],[15.437569206333732,47.127886675491638],[15.437408755164853,47.127678621432487],[15.437371281285328,47.127681205779432],[15.436677527429804,47.12774223281783],[15.436492485835188,47.127749954415471],[15.436487014787504,47.127746133539667],[15.436294222096739,47.127705490758281],[15.436042955799923,47.127670054994184],[15.435864515804099,47.127622418226728],[15.435603101629145,47.127508915037033],[15.435317807287772,47.127303294476057],[15.435217595958942,47.127181163641936],[15.435207137567989,47.127035632132468],[15.435225130458726,47.126836444327971],[15.435195714971423,47.126744283981964],[15.435184248754842,47.126713071064756],[15.43489480193751,47.126488347336867],[15.434759992258691,47.126417215372051],[15.434670889954919,47.126394386392789],[15.434455632406696,47.126396649767869],[15.43437646537463,47.126409815838272],[15.434087419491995,47.126457884794164],[15.433821384707084,47.12653242671238],[15.43371854362443,47.126542680331802],[15.433591357889616,47.12654293746526],[15.43357794558341,47.126541122722628],[15.43335811973617,47.126517352465733],[15.433323508163287,47.126514381144709],[15.432905714018549,47.126499213729964],[15.432754647111008,47.12649325494737],[15.432551229958968,47.126488951827653],[15.432212483824634,47.126475484882462],[15.431835728009617,47.126496257666481],[15.43181805472258,47.126497017627372],[15.431804469553649,47.126497629964106],[15.431708088929389,47.126515488594556],[15.431620039133657,47.126531703884147],[15.431280941753277,47.126593339721644],[15.431249208576087,47.126599385521146],[15.430885908748479,47.126673691834092],[15.43084861849227,47.126688778558176],[15.430561128893816,47.126807938459805],[15.430342293612982,47.126842277993255],[15.430053977672648,47.126847013595402],[15.429842814747053,47.126771044131445],[15.429705150657746,47.126705370581284],[15.429607210824459,47.126659800301653],[15.429375560482747,47.126494347387165],[15.429182963408969,47.126334240456821],[15.429001623049677,47.12624852112193],[15.428824412871919,47.126161763810323],[15.42874327437714,47.126128828942349],[15.428642367061384,47.126095116727605],[15.428549115237088,47.126084753164612],[15.428354994005389,47.126077197092833],[15.428228733552137,47.126085101360594],[15.427919612180077,47.12613701638606],[15.427888300885044,47.126142273039498],[15.427827317192051,47.126152511477642],[15.427742027774366,47.126145898356278],[15.427642624140748,47.126136915470113],[15.427546424337807,47.12603576806795],[15.427505484673677,47.125955567610347],[15.427390686488083,47.125770259139493],[15.427367923060942,47.125729421083605],[15.427237650275611,47.125709857643812],[15.427215434040788,47.125706533088902],[15.427136954781039,47.125694756453946],[15.427060761598751,47.125726713656263],[15.426986030105022,47.125757962809701],[15.426913808370683,47.125788872037504],[15.426812516435811,47.125824227830527],[15.426773218481488,47.125825624876398],[15.426713194921986,47.125852223271785],[15.426644101996988,47.125861928950634],[15.426633665733368,47.125863375229535],[15.426586629668574,47.125878023377524],[15.426517999291148,47.125899246265448],[15.42649796952645,47.125899087189438],[15.426415159437845,47.125924874803445],[15.426217652691244,47.125968280924759],[15.426146712072814,47.125978124539749],[15.425979202124505,47.126001376888588],[15.425859924078733,47.126009423981301],[15.425748858608566,47.126030489041945],[15.425699813729128,47.126031538394471],[15.425634004029217,47.126041899213142],[15.425595416723828,47.126047978909213],[15.425447853461392,47.126083955082322],[15.425302061969965,47.126101055635992],[15.425209006881827,47.126109310586209],[15.425144223848566,47.126113562682661],[15.425052120628964,47.126150968906288],[15.42502890942807,47.126159599375079],[15.424942159689119,47.126199926499318],[15.424924177571576,47.126257351496669],[15.424926049330931,47.126309807290454],[15.424928255956441,47.126342656628466],[15.424936011286343,47.126513623494525],[15.424938769842578,47.12657589090022],[15.424947161265093,47.126758232509594],[15.424954723283108,47.126922775388508],[15.424962565891279,47.127113334056801],[15.424932705063195,47.127301379995259],[15.424897394631559,47.127493646196534],[15.424946206154416,47.127629805167182],[15.424970032526584,47.127693229615652],[15.424983034367859,47.127726794474654],[15.42498895918429,47.127742582869764],[15.424964207399958,47.127748772416368],[15.424658717855237,47.127824958070057],[15.424320659015541,47.127909698734584],[15.424176243899156,47.127961619488474],[15.424113783555569,47.127984059410402],[15.423938998202075,47.128046981785651],[15.423849086478551,47.128079304319215],[15.423768019907737,47.128108450044394],[15.423683452254705,47.12813885410641],[15.423571250831012,47.128179786967706],[15.423539422016326,47.128191316823127],[15.422908574754116,47.128371945518182],[15.422903899492123,47.128373275481501],[15.422852458878769,47.128387877978788],[15.422832817863501,47.128393442186578],[15.422710970807586,47.128428027770475],[15.422701185177354,47.128416840896286],[15.422663270744291,47.128373497411573],[15.422584911923005,47.128284478507283],[15.42254811829193,47.12824265508403],[15.422487319667217,47.128173394287586],[15.422333266265863,47.128079966475788],[15.422256968408789,47.128033033431691],[15.4221870889576,47.128023813646884],[15.422013744918853,47.128000941217039],[15.421802765673709,47.127973099679458],[15.421375786835233,47.127916619760384],[15.421339886582915,47.127911925474884],[15.421303987879327,47.127907141240421],[15.421044298736655,47.127871515333538],[15.421023390545265,47.127868739730474],[15.420669955258948,47.127789277834367],[15.420408919182705,47.127701648574934],[15.420167618420326,47.127662119940901],[15.419999508761167,47.127635409471054],[15.419859508891189,47.127591203470189],[15.419864632332231,47.127584498201664],[15.419691588732249,47.127538138690078],[15.419519553369661,47.127440785288805],[15.419442273113708,47.127397530451923],[15.41932061070472,47.127306336710205],[15.419297668169484,47.127291581145805],[15.419040082583926,47.127126169548909],[15.419007754266733,47.127105402066114],[15.418847422028545,47.127048079196513],[15.418400152451232,47.126991875405935],[15.418339001392528,47.126984099443767],[15.418103313300316,47.126955675287292],[15.417892714559981,47.126962748210588],[15.41782216335678,47.12696511493975],[15.417290992727976,47.126821792040104],[15.41719678602289,47.126797289407939],[15.417010475176181,47.126756306342074],[15.416712168512978,47.126690677154706],[15.416637817130939,47.126668852051353],[15.416522674160969,47.126773259174207],[15.416488016923831,47.126803563933976],[15.416484000061427,47.126807219634706],[15.416341718137199,47.126933896182756],[15.416296342066323,47.12697435112424],[15.416245612031082,47.127019566382018],[15.416205457009845,47.127055313855159],[15.416175915684763,47.127075531229309],[15.416115592393332,47.127116828504818],[15.416061684128207,47.127153733746951],[15.416012141242456,47.127185115117612],[15.415801309809101,47.127318679141169],[15.41565448142074,47.12741077746027],[15.415436149058042,47.127529825546091],[15.415381173705157,47.127553670130553],[15.415040962622259,47.127701241229616],[15.41486600980801,47.127857246763064],[15.414649084776366,47.128062476842338],[15.414564486646714,47.128153095510569],[15.414469826032624,47.128253977401577],[15.414160469886889,47.128461341112988],[15.414059696354544,47.128496419948128],[15.413911319532154,47.128548115971036],[15.413771085165768,47.128715823020052],[15.413757396966389,47.128730734448531],[15.413752870098918,47.128735663236462],[15.413747577615201,47.128741422394086],[15.41369612874813,47.128797496692904],[15.413693428776819,47.128800434305255],[15.413618082643648,47.128882527552776],[15.413600910739341,47.128896151601765],[15.413409479573664,47.129048064356347],[15.413331082313432,47.129111441207499],[15.413253353425045,47.129174265699604],[15.413057123580449,47.129287280765652],[15.412846844002651,47.129412415446254],[15.412764342829831,47.129494279542428],[15.412583998206753,47.129673220328193],[15.412447270859913,47.129828271052325],[15.412483672633421,47.12984970287868],[15.412509245362548,47.129864750863007],[15.412790353839663,47.130033784817847],[15.412905823457379,47.130193117682225],[15.412952709350407,47.130286593907257],[15.412988799875471,47.13035650613908],[15.413095704254353,47.130570639294696],[15.413222074846191,47.130823751638225],[15.413346127756149,47.13107223971501],[15.413443750281084,47.131562534283738],[15.413346027560047,47.131885657045416],[15.413167850538777,47.132196437905634],[15.412649457174892,47.132052827817859],[15.412315712828423,47.131960375267916],[15.411628780769224,47.132459452203115],[15.411449909968452,47.132589065439291],[15.411168653850282,47.132792869913068],[15.410946605070626,47.132592376893577],[15.410696258353527,47.132366828587337],[15.410388489118768,47.132487357078695],[15.410383499301668,47.1324893046434],[15.410369259378593,47.132494883382847],[15.410316119806437,47.132536316596273],[15.410192617148255,47.132632608172855],[15.410027521666825,47.132735345545541],[15.409889036654224,47.132664334543264],[15.409866697203171,47.13265282018056],[15.40955940048692,47.13249630419795],[15.409404054222129,47.132417186626782],[15.409364543379173,47.132589840825659],[15.409296701364905,47.132731682743682],[15.409029140122799,47.133019156353598],[15.408777827780268,47.133289220637685],[15.408726676634714,47.13334277648142],[15.40870853951072,47.13335414322372],[15.408694826369985,47.133362757335448],[15.408650983381294,47.133390196868191],[15.408593280638186,47.13342633924627],[15.408495467096625,47.133487522643783],[15.408362789993376,47.133529713956968],[15.408160704333737,47.1335610884869],[15.407988823435211,47.133576156627385],[15.407801365814935,47.133592537459464],[15.407601983800141,47.133604863515089],[15.407490992348754,47.133612778766064],[15.407376974322077,47.13362039951744],[15.40706285551069,47.133643757543844],[15.406893728355302,47.133630862930133],[15.406831964505038,47.133626143162857],[15.406453766399382,47.133590062328153],[15.406187679588179,47.133602833914921],[15.4059688905041,47.133586665301294],[15.405752202342381,47.133540739880686],[15.40553643553951,47.133494911485307],[15.405363098214043,47.133502767851162],[15.405231445032408,47.133508803953902],[15.405076842367112,47.13353831020666],[15.404942108860439,47.133569776791511],[15.404491147965164,47.13371506676129],[15.404284031264371,47.133792807737137],[15.403939166224752,47.133919034736415],[15.403901304712473,47.133932893706998],[15.403785699342457,47.133970928053195],[15.403728426837596,47.133989774096023],[15.40352756580069,47.134048855025753],[15.403373995167392,47.134102114185943],[15.403336994951548,47.134114945558963],[15.403140020920233,47.134207968618519],[15.403091041923044,47.134232674680298],[15.402889473062533,47.134334376032982],[15.402812827737945,47.134335640449109],[15.402808780065937,47.134335697415771],[15.402612584513532,47.134338955802725],[15.402378931362092,47.13433597178652],[15.402103893134083,47.13433273976036],[15.402020341598643,47.134331698576311],[15.401836039556454,47.134348275282719]]]},"properties":{"OBJEKT_ID":2242,"STADT":"Graz"}}]}