Entity,Code,Year,Solar
Afghanistan,AFG,2009,0.000002
Afghanistan,AFG,2010,0.000102
Afghanistan,AFG,2011,0.00012
Afghanistan,AFG,2012,0.016122
Afghanistan,AFG,2013,0.016843
Afghanistan,AFG,2014,0.018363
Afghanistan,AFG,2015,0.019090999
Afghanistan,AFG,2016,0.02116
Afghanistan,AFG,2017,0.023301
Afghanistan,AFG,2018,0.023076
Afghanistan,AFG,2019,0.052591003
Afghanistan,AFG,2020,0.052013002
Afghanistan,AFG,2021,0.052186
Afghanistan,AFG,2022,0.053956002
Afghanistan,AFG,2023,0.053956002
Afghanistan,AFG,2024,0.063956
Afghanistan,AFG,2025,0.065956004
Africa,OWID_AFR,2000,0.00835525
Africa,OWID_AFR,2001,0.009789251
Africa,OWID_AFR,2002,0.01143245
Africa,OWID_AFR,2003,0.01323645
Africa,OWID_AFR,2004,0.01583121
Africa,OWID_AFR,2005,0.01864061
Africa,OWID_AFR,2006,0.02397778
Africa,OWID_AFR,2007,0.030262254
Africa,OWID_AFR,2008,0.037201073
Africa,OWID_AFR,2009,0.07330782
Africa,OWID_AFR,2010,0.20307682
Africa,OWID_AFR,2011,0.27878314
Africa,OWID_AFR,2012,0.32547536
Africa,OWID_AFR,2013,0.63444436
Africa,OWID_AFR,2014,1.6308565
Africa,OWID_AFR,2015,2.1170692
Africa,OWID_AFR,2016,3.0350258
Africa,OWID_AFR,2017,3.7783337
Africa,OWID_AFR,2018,5.640458
Africa,OWID_AFR,2019,7.1960726
Africa,OWID_AFR,2020,8.395521
Africa,OWID_AFR,2021,9.492353
Africa,OWID_AFR,2022,12.030018
Africa,OWID_AFR,2023,15.571128
Africa,OWID_AFR,2024,18.374887
Africa,OWID_AFR,2025,22.193642
Albania,ALB,2001,0.000100000005
Albania,ALB,2002,0.00020000001
Albania,ALB,2003,0.00020000001
Albania,ALB,2004,0.00020000001
Albania,ALB,2005,0.00020000001
Albania,ALB,2006,0.00020000001
Albania,ALB,2007,0.00020000001
Albania,ALB,2008,0.00020000001
Albania,ALB,2009,0.0003
Albania,ALB,2010,0.00040000002
Albania,ALB,2011,0.000564
Albania,ALB,2012,0.00067900005
Albania,ALB,2013,0.000758
Albania,ALB,2014,0.000874
Albania,ALB,2015,0.00105
Albania,ALB,2016,0.001
Albania,ALB,2017,0.001
Albania,ALB,2018,0.001
Albania,ALB,2019,0.014
Albania,ALB,2020,0.021
Albania,ALB,2021,0.023
Albania,ALB,2022,0.10014
Albania,ALB,2023,0.20673399
Albania,ALB,2024,0.71957
Albania,ALB,2025,0.87557
Algeria,DZA,2010,0.025
Algeria,DZA,2011,0.025
Algeria,DZA,2012,0.025
Algeria,DZA,2013,0.025
Algeria,DZA,2014,0.028299998
Algeria,DZA,2015,0.061740004
Algeria,DZA,2016,0.26174
Algeria,DZA,2017,0.35474002
Algeria,DZA,2018,0.36674002
Algeria,DZA,2019,0.36674002
Algeria,DZA,2020,0.36674002
Algeria,DZA,2021,0.36674002
Algeria,DZA,2022,0.4508
Algeria,DZA,2023,0.4618
Algeria,DZA,2024,0.4618
Algeria,DZA,2025,0.4618
American Samoa,ASM,2012,0.002416
American Samoa,ASM,2013,0.002416
American Samoa,ASM,2014,0.002416
American Samoa,ASM,2015,0.002416
American Samoa,ASM,2016,0.00392
American Samoa,ASM,2017,0.00427
American Samoa,ASM,2018,0.0051599997
American Samoa,ASM,2019,0.00481
American Samoa,ASM,2020,0.00481
American Samoa,ASM,2021,0.00481
American Samoa,ASM,2022,0.0071099997
American Samoa,ASM,2023,0.0071099997
American Samoa,ASM,2024,0.0071099997
American Samoa,ASM,2025,0.0071099997
Andorra,AND,2013,0.000127
Andorra,AND,2014,0.000127
Andorra,AND,2015,0.000191
Andorra,AND,2016,0.000201
Andorra,AND,2017,0.00026300002
Andorra,AND,2018,0.000365
Andorra,AND,2019,0.000525
Andorra,AND,2020,0.000644
Andorra,AND,2021,0.0010520001
Andorra,AND,2022,0.001816
Andorra,AND,2023,0.00481
Andorra,AND,2024,0.0068130004
Andorra,AND,2025,0.009647001
Angola,AGO,2013,0.000021125
Angola,AGO,2014,0.00032012502
Angola,AGO,2015,0.00032012502
Angola,AGO,2016,0.000327885
Angola,AGO,2017,0.000423915
Angola,AGO,2018,0.00043652498
Angola,AGO,2019,0.001365785
Angola,AGO,2020,0.001373545
Angola,AGO,2021,0.001441445
Angola,AGO,2022,0.28545988
Angola,AGO,2023,0.3104754
Angola,AGO,2024,0.3619054
Angola,AGO,2025,0.38454542
Anguilla,AIA,2012,0.000062
Anguilla,AIA,2013,0.000062
Anguilla,AIA,2014,0.001172
Anguilla,AIA,2015,0.001172
Anguilla,AIA,2016,0.002272
Anguilla,AIA,2017,0.002272
Anguilla,AIA,2018,0.001172
Anguilla,AIA,2019,0.001542
Anguilla,AIA,2020,0.001542
Anguilla,AIA,2021,0.001542
Anguilla,AIA,2022,0.001542
Anguilla,AIA,2023,0.001542
Anguilla,AIA,2024,0.001542
Anguilla,AIA,2025,0.0015452
Antigua and Barbuda,ATG,2009,0.000100000005
Antigua and Barbuda,ATG,2010,0.000100000005
Antigua and Barbuda,ATG,2011,0.0003
Antigua and Barbuda,ATG,2012,0.0003
Antigua and Barbuda,ATG,2013,0.00040000002
Antigua and Barbuda,ATG,2014,0.00040000002
Antigua and Barbuda,ATG,2015,0.0034
Antigua and Barbuda,ATG,2016,0.00351
Antigua and Barbuda,ATG,2017,0.0043140003
Antigua and Barbuda,ATG,2018,0.008714
Antigua and Barbuda,ATG,2019,0.008714
Antigua and Barbuda,ATG,2020,0.012863999
Antigua and Barbuda,ATG,2021,0.014864
Antigua and Barbuda,ATG,2022,0.014864
Antigua and Barbuda,ATG,2023,0.015583999
Antigua and Barbuda,ATG,2024,0.015583999
Antigua and Barbuda,ATG,2025,0.015583999
Argentina,ARG,2000,0.000133
Argentina,ARG,2001,0.00023399999
Argentina,ARG,2002,0.00023399999
Argentina,ARG,2003,0.000255
Argentina,ARG,2004,0.00027000002
Argentina,ARG,2005,0.000193
Argentina,ARG,2006,0.000115999996
Argentina,ARG,2007,0.000127
Argentina,ARG,2008,0.000147
Argentina,ARG,2009,0.002727
Argentina,ARG,2010,0.00441
Argentina,ARG,2011,0.0060699997
Argentina,ARG,2012,0.01146
Argentina,ARG,2013,0.013756
Argentina,ARG,2014,0.013723
Argentina,ARG,2015,0.014202999
Argentina,ARG,2016,0.013738
Argentina,ARG,2017,0.013590001
Argentina,ARG,2018,0.196106
Argentina,ARG,2019,0.445852
Argentina,ARG,2020,0.76787204
Argentina,ARG,2021,1.076918
Argentina,ARG,2022,1.1126679
Argentina,ARG,2023,1.405303
Argentina,ARG,2024,1.7406001
Argentina,ARG,2025,2.591752
Armenia,ARM,2016,0.001
Armenia,ARM,2017,0.0024
Armenia,ARM,2018,0.01732
Armenia,ARM,2019,0.021099998
Armenia,ARM,2020,0.0505
Armenia,ARM,2021,0.1461
Armenia,ARM,2022,0.23519501
Armenia,ARM,2023,0.40170002
Armenia,ARM,2024,0.4854
Armenia,ARM,2025,0.7058
Aruba,ABW,2010,0.000100000005
Aruba,ABW,2011,0.0003
Aruba,ABW,2012,0.001
Aruba,ABW,2013,0.0016000001
Aruba,ABW,2014,0.0049110004
Aruba,ABW,2015,0.006111
Aruba,ABW,2016,0.007262
Aruba,ABW,2017,0.007315
Aruba,ABW,2018,0.014815
Aruba,ABW,2019,0.014815
Aruba,ABW,2020,0.014815
Aruba,ABW,2021,0.014815
Aruba,ABW,2022,0.014804
Aruba,ABW,2023,0.014804
Aruba,ABW,2024,0.014804
Aruba,ABW,2025,0.014904
Asia,OWID_ASI,2000,0.36904502
Asia,OWID_ASI,2001,0.505004
Asia,OWID_ASI,2002,0.710955
Asia,OWID_ASI,2003,0.949784
Asia,OWID_ASI,2004,1.238958
Asia,OWID_ASI,2005,1.6100329
Asia,OWID_ASI,2006,1.971668
Asia,OWID_ASI,2007,2.2963622
Asia,OWID_ASI,2008,2.881341
Asia,OWID_ASI,2009,3.767543
Asia,OWID_ASI,2010,5.7497807
Asia,OWID_ASI,2011,10.092157
Asia,OWID_ASI,2012,16.83238
Asia,OWID_ASI,2013,37.178226
Asia,OWID_ASI,2014,61.826355
Asia,OWID_ASI,2015,92.06412
Asia,OWID_ASI,2016,143.03479
Asia,OWID_ASI,2017,217.65338
Asia,OWID_ASI,2018,284.83875
Asia,OWID_ASI,2019,343.56448
Asia,OWID_ASI,2020,427.14383
Asia,OWID_ASI,2021,507.05344
Asia,OWID_ASI,2022,624.464
Asia,OWID_ASI,2023,878.8572
Asia,OWID_ASI,2024,1209.5652
Asia,OWID_ASI,2025,1599.8987
Australia,AUS,2000,0.025
Australia,AUS,2001,0.029
Australia,AUS,2002,0.034
Australia,AUS,2003,0.0394
Australia,AUS,2004,0.046400003
Australia,AUS,2005,0.0524
Australia,AUS,2006,0.0614
Australia,AUS,2007,0.073
Australia,AUS,2008,0.085
Australia,AUS,2009,0.332
Australia,AUS,2010,1.091
Australia,AUS,2011,1.421
Australia,AUS,2012,2.511
Australia,AUS,2013,3.312
Australia,AUS,2014,4.137
Australia,AUS,2015,5.036
Australia,AUS,2016,5.881
Australia,AUS,2017,7.241227
Australia,AUS,2018,11.127774
Australia,AUS,2019,15.452684
Australia,AUS,2020,19.772625
Australia,AUS,2021,24.39662
Australia,AUS,2022,28.88709
Australia,AUS,2023,33.181633
Australia,AUS,2024,37.372623
Australia,AUS,2025,42.442623
Austria,AUT,2000,0.005
Austria,AUT,2001,0.007
Austria,AUT,2002,0.009
Austria,AUT,2003,0.023
Austria,AUT,2004,0.027
Austria,AUT,2005,0.023550998
Austria,AUT,2006,0.02516
Austria,AUT,2007,0.027059
Austria,AUT,2008,0.033242002
Austria,AUT,2009,0.052268002
Austria,AUT,2010,0.092358
Austria,AUT,2011,0.17825699
Austria,AUT,2012,0.34187403
Austria,AUT,2013,0.631164
Austria,AUT,2014,0.79073507
Austria,AUT,2015,0.942633
Austria,AUT,2016,1.102503
Austria,AUT,2017,1.2759341
Austria,AUT,2018,1.462329
Austria,AUT,2019,1.70979
Austria,AUT,2020,2.0511308
Austria,AUT,2021,2.791299
Austria,AUT,2022,3.800401
Austria,AUT,2023,6.394311
Austria,AUT,2024,8.903771
Austria,AUT,2025,10.303771
Azerbaijan,AZE,2007,0.000100000005
Azerbaijan,AZE,2008,0.000100000005
Azerbaijan,AZE,2009,0.000100000005
Azerbaijan,AZE,2010,0.0003
Azerbaijan,AZE,2011,0.001
Azerbaijan,AZE,2012,0.001
Azerbaijan,AZE,2013,0.001
Azerbaijan,AZE,2014,0.0024
Azerbaijan,AZE,2015,0.0048
Azerbaijan,AZE,2016,0.0249
Azerbaijan,AZE,2017,0.0284
Azerbaijan,AZE,2018,0.034900002
Azerbaijan,AZE,2019,0.033099998
Azerbaijan,AZE,2020,0.035099998
Azerbaijan,AZE,2021,0.0479
Azerbaijan,AZE,2022,0.051200002
Azerbaijan,AZE,2023,0.2818
Azerbaijan,AZE,2024,0.281
Azerbaijan,AZE,2025,0.281
Bahamas,BHS,2007,0.000100000005
Bahamas,BHS,2008,0.000100000005
Bahamas,BHS,2009,0.00020000001
Bahamas,BHS,2010,0.0003
Bahamas,BHS,2011,0.000651
Bahamas,BHS,2012,0.00086000003
Bahamas,BHS,2013,0.001414
Bahamas,BHS,2014,0.0020650001
Bahamas,BHS,2015,0.002776
Bahamas,BHS,2016,0.002872
Bahamas,BHS,2017,0.002813
Bahamas,BHS,2018,0.002927
Bahamas,BHS,2019,0.0046689995
Bahamas,BHS,2020,0.005112
Bahamas,BHS,2021,0.0102119995
Bahamas,BHS,2022,0.015264
Bahamas,BHS,2023,0.015335
Bahamas,BHS,2024,0.021334998
Bahamas,BHS,2025,0.021334998
Bahrain,BHR,2014,0.005
Bahrain,BHR,2015,0.005
Bahrain,BHR,2016,0.006
Bahrain,BHR,2017,0.006
Bahrain,BHR,2018,0.00631
Bahrain,BHR,2019,0.009704
Bahrain,BHR,2020,0.010101
Bahrain,BHR,2021,0.021334998
Bahrain,BHR,2022,0.045592
Bahrain,BHR,2023,0.056623
Bahrain,BHR,2024,0.066028
Bahrain,BHR,2025,0.11223
Bangladesh,BGD,2003,0.000621
Bangladesh,BGD,2004,0.0013969999
Bangladesh,BGD,2005,0.002483
Bangladesh,BGD,2006,0.003966
Bangladesh,BGD,2007,0.006604
Bangladesh,BGD,2008,0.011104999
Bangladesh,BGD,2009,0.018323999
Bangladesh,BGD,2010,0.032339
Bangladesh,BGD,2011,0.090247005
Bangladesh,BGD,2012,0.113878995
Bangladesh,BGD,2013,0.14182201
Bangladesh,BGD,2014,0.16923702
Bangladesh,BGD,2015,0.196129
Bangladesh,BGD,2016,0.16541201
Bangladesh,BGD,2017,0.216654
Bangladesh,BGD,2018,0.240359
Bangladesh,BGD,2019,0.279614
Bangladesh,BGD,2020,0.343267
Bangladesh,BGD,2021,0.505717
Bangladesh,BGD,2022,0.522855
Bangladesh,BGD,2023,0.745905
Bangladesh,BGD,2024,0.846048
Bangladesh,BGD,2025,1.146048
Barbados,BRB,2001,0.000100000005
Barbados,BRB,2002,0.000100000005
Barbados,BRB,2003,0.000100000005
Barbados,BRB,2004,0.000100000005
Barbados,BRB,2005,0.00020000001
Barbados,BRB,2006,0.00020000001
Barbados,BRB,2007,0.0006
Barbados,BRB,2008,0.0006
Barbados,BRB,2009,0.00080000004
Barbados,BRB,2010,0.001
Barbados,BRB,2011,0.00125
Barbados,BRB,2012,0.0015
Barbados,BRB,2013,0.000427
Barbados,BRB,2014,0.0012950001
Barbados,BRB,2015,0.003095
Barbados,BRB,2016,0.014938
Barbados,BRB,2017,0.016398001
Barbados,BRB,2018,0.017246999
Barbados,BRB,2019,0.033211
Barbados,BRB,2020,0.049155
Barbados,BRB,2021,0.063926995
Barbados,BRB,2022,0.069343
Barbados,BRB,2023,0.069343
Barbados,BRB,2024,0.069343
Barbados,BRB,2025,0.069343
Belarus,BLR,2014,0.004
Belarus,BLR,2015,0.006
Belarus,BLR,2016,0.047
Belarus,BLR,2017,0.08
Belarus,BLR,2018,0.154
Belarus,BLR,2019,0.154
Belarus,BLR,2020,0.1603
Belarus,BLR,2021,0.1637
Belarus,BLR,2022,0.2725
Belarus,BLR,2023,0.2727
Belarus,BLR,2024,0.265
Belarus,BLR,2025,0.277
Belgium,BEL,2002,0.001
Belgium,BEL,2003,0.001
Belgium,BEL,2004,0.001
Belgium,BEL,2005,0.002
Belgium,BEL,2006,0.002
Belgium,BEL,2007,0.02
Belgium,BEL,2008,0.062
Belgium,BEL,2009,0.386
Belgium,BEL,2010,0.8402
Belgium,BEL,2011,1.8649
Belgium,BEL,2012,2.5955
Belgium,BEL,2013,2.864
Belgium,BEL,2014,2.9771001
Belgium,BEL,2015,3.1081002
Belgium,BEL,2016,3.2912
Belgium,BEL,2017,3.6004002
Belgium,BEL,2018,3.9628
Belgium,BEL,2019,4.523
Belgium,BEL,2020,5.453
Belgium,BEL,2021,5.933
Belgium,BEL,2022,6.7798
Belgium,BEL,2023,8.3604
Belgium,BEL,2024,9.642401
Belgium,BEL,2025,10.3975
Belize,BLZ,2000,0.00001066
Belize,BLZ,2001,0.00001066
Belize,BLZ,2002,0.00001066
Belize,BLZ,2003,0.00001066
Belize,BLZ,2004,0.00001066
Belize,BLZ,2005,0.00001066
Belize,BLZ,2006,0.00001066
Belize,BLZ,2007,0.00001066
Belize,BLZ,2008,0.00001066
Belize,BLZ,2009,0.00001066
Belize,BLZ,2010,0.00001066
Belize,BLZ,2011,0.00001083
Belize,BLZ,2012,0.00049783
Belize,BLZ,2013,0.00068465504
Belize,BLZ,2014,0.000691175
Belize,BLZ,2015,0.000700925
Belize,BLZ,2016,0.000700925
Belize,BLZ,2017,0.00073780504
Belize,BLZ,2018,0.001088865
Belize,BLZ,2019,0.006835755
Belize,BLZ,2020,0.006901795
Belize,BLZ,2021,0.006901795
Belize,BLZ,2022,0.006911795
Belize,BLZ,2023,0.0069588353
Belize,BLZ,2024,0.0069588353
Belize,BLZ,2025,0.0069588353
Benin,BEN,2014,0.00025
Benin,BEN,2015,0.00143602
Benin,BEN,2016,0.00219508
Benin,BEN,2017,0.00243624
Benin,BEN,2018,0.00258488
Benin,BEN,2019,0.0038062702
Benin,BEN,2020,0.00484708
Benin,BEN,2021,0.0060159303
Benin,BEN,2022,0.03338176
Benin,BEN,2023,0.03525774
Benin,BEN,2024,0.03525774
Benin,BEN,2025,0.03525774
Bhutan,BTN,2005,0.000012
Bhutan,BTN,2006,0.000024
Bhutan,BTN,2007,0.000035999998
Bhutan,BTN,2008,0.000048
Bhutan,BTN,2009,0.00006
Bhutan,BTN,2010,0.000071999995
Bhutan,BTN,2011,0.000107
Bhutan,BTN,2012,0.000119000004
Bhutan,BTN,2013,0.000131
Bhutan,BTN,2014,0.00012
Bhutan,BTN,2015,0.00012
Bhutan,BTN,2016,0.00012
Bhutan,BTN,2017,0.00012
Bhutan,BTN,2018,0.00012
Bhutan,BTN,2019,0.00012
Bhutan,BTN,2020,0.00012
Bhutan,BTN,2021,0.00039200002
Bhutan,BTN,2022,0.00039200002
Bhutan,BTN,2023,0.00127
Bhutan,BTN,2024,0.0033699998
Bhutan,BTN,2025,0.0212
Bolivia,BOL,2010,0.000001
Bolivia,BOL,2011,0.000068
Bolivia,BOL,2012,0.000069
Bolivia,BOL,2013,0.000424
Bolivia,BOL,2014,0.00042899998
Bolivia,BOL,2015,0.005617
Bolivia,BOL,2016,0.005627
Bolivia,BOL,2017,0.010698999
Bolivia,BOL,2018,0.070497
Bolivia,BOL,2019,0.071003
Bolivia,BOL,2020,0.121322
Bolivia,BOL,2021,0.171154
Bolivia,BOL,2022,0.17182699
Bolivia,BOL,2023,0.173315
Bolivia,BOL,2024,0.17707
Bolivia,BOL,2025,0.19424
Bonaire Sint Eustatius and Saba,BES,2015,0.0003
Bonaire Sint Eustatius and Saba,BES,2016,0.002245
Bonaire Sint Eustatius and Saba,BES,2017,0.004505
Bonaire Sint Eustatius and Saba,BES,2018,0.005645
Bonaire Sint Eustatius and Saba,BES,2019,0.006645
Bonaire Sint Eustatius and Saba,BES,2020,0.006645
Bonaire Sint Eustatius and Saba,BES,2021,0.006645
Bonaire Sint Eustatius and Saba,BES,2022,0.006645
Bonaire Sint Eustatius and Saba,BES,2023,0.01623
Bonaire Sint Eustatius and Saba,BES,2024,0.02153
Bonaire Sint Eustatius and Saba,BES,2025,0.023975
Bosnia and Herzegovina,BIH,2003,0.000100000005
Bosnia and Herzegovina,BIH,2004,0.00020000001
Bosnia and Herzegovina,BIH,2005,0.0003
Bosnia and Herzegovina,BIH,2006,0.0003
Bosnia and Herzegovina,BIH,2007,0.0003
Bosnia and Herzegovina,BIH,2008,0.0003
Bosnia and Herzegovina,BIH,2009,0.0003
Bosnia and Herzegovina,BIH,2010,0.0003
Bosnia and Herzegovina,BIH,2011,0.0003
Bosnia and Herzegovina,BIH,2012,0.000349
Bosnia and Herzegovina,BIH,2013,0.001339
Bosnia and Herzegovina,BIH,2014,0.007166
Bosnia and Herzegovina,BIH,2015,0.00817
Bosnia and Herzegovina,BIH,2016,0.0141199995
Bosnia and Herzegovina,BIH,2017,0.016
Bosnia and Herzegovina,BIH,2018,0.01815
Bosnia and Herzegovina,BIH,2019,0.02235
Bosnia and Herzegovina,BIH,2020,0.03489
Bosnia and Herzegovina,BIH,2021,0.056509998
Bosnia and Herzegovina,BIH,2022,0.10156
Bosnia and Herzegovina,BIH,2023,0.21219
Bosnia and Herzegovina,BIH,2024,0.60764
Bosnia and Herzegovina,BIH,2025,0.91439
Botswana,BWA,2009,0.00002
Botswana,BWA,2010,0.000139
Botswana,BWA,2011,0.000169
Botswana,BWA,2012,0.0016119999
Botswana,BWA,2013,0.0017147999
Botswana,BWA,2014,0.0018598
Botswana,BWA,2015,0.0021528
Botswana,BWA,2016,0.0032568
Botswana,BWA,2017,0.0034009998
Botswana,BWA,2018,0.003705
Botswana,BWA,2019,0.0059065
Botswana,BWA,2020,0.0059065
Botswana,BWA,2021,0.0062594097
Botswana,BWA,2022,0.0062594097
Botswana,BWA,2023,0.00925941
Botswana,BWA,2024,0.06556399
Botswana,BWA,2025,0.168864
Brazil,BRA,2000,0.001561
Brazil,BRA,2001,0.0015959999
Brazil,BRA,2002,0.0015959999
Brazil,BRA,2003,0.002276
Brazil,BRA,2004,0.002276
Brazil,BRA,2005,0.002276
Brazil,BRA,2006,0.002276
Brazil,BRA,2007,0.002276
Brazil,BRA,2008,0.002297
Brazil,BRA,2009,0.002527
Brazil,BRA,2010,0.002579
Brazil,BRA,2011,0.008144
Brazil,BRA,2012,0.009194
Brazil,BRA,2013,0.010125999
Brazil,BRA,2014,0.022728
Brazil,BRA,2015,0.049794
Brazil,BRA,2016,0.135046
Brazil,BRA,2017,1.206452
Brazil,BRA,2018,2.454394
Brazil,BRA,2019,4.666103
Brazil,BRA,2020,8.382364
Brazil,BRA,2021,14.306791
Brazil,BRA,2022,25.065971
Brazil,BRA,2023,37.56062
Brazil,BRA,2024,53.11147
Brazil,BRA,2025,64.68963
British Virgin Islands,VGB,2010,0.000019
British Virgin Islands,VGB,2011,0.000019
British Virgin Islands,VGB,2012,0.000019
British Virgin Islands,VGB,2013,0.000022
British Virgin Islands,VGB,2014,0.000051
British Virgin Islands,VGB,2015,0.000763
British Virgin Islands,VGB,2016,0.000925
British Virgin Islands,VGB,2017,0.000926
British Virgin Islands,VGB,2018,0.000935
British Virgin Islands,VGB,2019,0.00099
British Virgin Islands,VGB,2020,0.001235
British Virgin Islands,VGB,2021,0.001486
British Virgin Islands,VGB,2022,0.001516
British Virgin Islands,VGB,2023,0.0025259997
British Virgin Islands,VGB,2024,0.0025259997
British Virgin Islands,VGB,2025,0.003778
Brunei,BRN,2010,0.0012
Brunei,BRN,2011,0.0012
Brunei,BRN,2012,0.0012
Brunei,BRN,2013,0.0012
Brunei,BRN,2014,0.0012140002
Brunei,BRN,2015,0.001215
Brunei,BRN,2016,0.001215
Brunei,BRN,2017,0.0012160001
Brunei,BRN,2018,0.0012240001
Brunei,BRN,2019,0.001226
Brunei,BRN,2020,0.0014610001
Brunei,BRN,2021,0.004881
Brunei,BRN,2022,0.004909
Brunei,BRN,2023,0.005054
Brunei,BRN,2024,0.0053439997
Brunei,BRN,2025,0.005892
Bulgaria,BGR,2007,0.00003
Bulgaria,BGR,2008,0.000100000005
Bulgaria,BGR,2009,0.002
Bulgaria,BGR,2010,0.025
Bulgaria,BGR,2011,0.154
Bulgaria,BGR,2012,0.921987
Bulgaria,BGR,2013,1.038535
Bulgaria,BGR,2014,1.028917
Bulgaria,BGR,2015,1.027888
Bulgaria,BGR,2016,1.029885
Bulgaria,BGR,2017,1.030701
Bulgaria,BGR,2018,1.0330579
Bulgaria,BGR,2019,1.04439
Bulgaria,BGR,2020,1.100211
Bulgaria,BGR,2021,1.274713
Bulgaria,BGR,2022,1.736537
Bulgaria,BGR,2023,2.927246
Bulgaria,BGR,2024,4.559877
Bulgaria,BGR,2025,5.909877
Burkina Faso,BFA,2004,0.00011
Burkina Faso,BFA,2005,0.00011
Burkina Faso,BFA,2006,0.00011
Burkina Faso,BFA,2007,0.00011
Burkina Faso,BFA,2008,0.00011
Burkina Faso,BFA,2009,0.000112
Burkina Faso,BFA,2010,0.000209
Burkina Faso,BFA,2011,0.000267
Burkina Faso,BFA,2012,0.000833
Burkina Faso,BFA,2013,0.001341
Burkina Faso,BFA,2014,0.001824
Burkina Faso,BFA,2015,0.00275
Burkina Faso,BFA,2016,0.003165
Burkina Faso,BFA,2017,0.038252
Burkina Faso,BFA,2018,0.053695
Burkina Faso,BFA,2019,0.058027
Burkina Faso,BFA,2020,0.058516998
Burkina Faso,BFA,2021,0.059302
Burkina Faso,BFA,2022,0.08989701
Burkina Faso,BFA,2023,0.17704199
Burkina Faso,BFA,2024,0.205642
Burkina Faso,BFA,2025,0.205642
Burundi,BDI,2012,0.00040299998
Burundi,BDI,2013,0.00041367
Burundi,BDI,2014,0.00042628
Burundi,BDI,2015,0.00072362
Burundi,BDI,2016,0.0015185501
Burundi,BDI,2017,0.00186878
Burundi,BDI,2018,0.00188042
Burundi,BDI,2019,0.0019201899
Burundi,BDI,2020,0.00205987
Burundi,BDI,2021,0.00901764
Burundi,BDI,2022,0.00886341
Burundi,BDI,2023,0.009407581
Burundi,BDI,2024,0.00998764
Burundi,BDI,2025,0.00998764
Cambodia,KHM,2000,0.000093999995
Cambodia,KHM,2001,0.000185
Cambodia,KHM,2002,0.000283
Cambodia,KHM,2003,0.000328
Cambodia,KHM,2004,0.00036
Cambodia,KHM,2005,0.000543
Cambodia,KHM,2006,0.00069300004
Cambodia,KHM,2007,0.001556
Cambodia,KHM,2008,0.0019019999
Cambodia,KHM,2009,0.00214
Cambodia,KHM,2010,0.002196
Cambodia,KHM,2011,0.003899
Cambodia,KHM,2012,0.0046869996
Cambodia,KHM,2013,0.005877
Cambodia,KHM,2014,0.009187
Cambodia,KHM,2015,0.012188999
Cambodia,KHM,2016,0.018363
Cambodia,KHM,2017,0.032039
Cambodia,KHM,2018,0.042728
Cambodia,KHM,2019,0.139988
Cambodia,KHM,2020,0.333125
Cambodia,KHM,2021,0.395391
Cambodia,KHM,2022,0.480804
Cambodia,KHM,2023,0.487056
Cambodia,KHM,2024,0.971753
Cambodia,KHM,2025,1.4817531
Cameroon,CMR,2009,0.00001127
Cameroon,CMR,2010,0.00001127
Cameroon,CMR,2011,0.00004127
Cameroon,CMR,2012,0.00005183
Cameroon,CMR,2013,0.000060230002
Cameroon,CMR,2014,0.0000638
Cameroon,CMR,2015,0.00014537001
Cameroon,CMR,2016,0.000435731
Cameroon,CMR,2017,0.02330233
Cameroon,CMR,2018,0.02529945
Cameroon,CMR,2019,0.02622376
Cameroon,CMR,2020,0.04022368
Cameroon,CMR,2021,0.052899756
Cameroon,CMR,2022,0.052976068
Cameroon,CMR,2023,0.08941063
Cameroon,CMR,2024,0.08942905
Cameroon,CMR,2025,0.08941063
Canada,CAN,2004,0.001
Canada,CAN,2005,0.001
Canada,CAN,2006,0.001
Canada,CAN,2007,0.002
Canada,CAN,2008,0.004
Canada,CAN,2009,0.05
Canada,CAN,2010,0.188
Canada,CAN,2011,0.423
Canada,CAN,2012,0.651
Canada,CAN,2013,1.029
Canada,CAN,2014,1.567
Canada,CAN,2015,2.141
Canada,CAN,2016,2.265
Canada,CAN,2017,2.493
Canada,CAN,2018,2.631
Canada,CAN,2019,2.828
Canada,CAN,2020,3.068
Canada,CAN,2021,3.854
Canada,CAN,2022,4.322
Canada,CAN,2023,5.041
Canada,CAN,2024,5.29
Canada,CAN,2025,5.4025
Cape Verde,CPV,2010,0.0055
Cape Verde,CPV,2011,0.0055
Cape Verde,CPV,2012,0.0055743
Cape Verde,CPV,2013,0.0055743
Cape Verde,CPV,2014,0.0055743
Cape Verde,CPV,2015,0.0059590028
Cape Verde,CPV,2016,0.006059003
Cape Verde,CPV,2017,0.006216553
Cape Verde,CPV,2018,0.010710074
Cape Verde,CPV,2019,0.014071674
Cape Verde,CPV,2020,0.014879624
Cape Verde,CPV,2021,0.017094173
Cape Verde,CPV,2022,0.022941075
Cape Verde,CPV,2023,0.02604292
Cape Verde,CPV,2024,0.031042919
Cape Verde,CPV,2025,0.032642916
Cayman Islands,CYM,2016,0.002754
Cayman Islands,CYM,2017,0.008766
Cayman Islands,CYM,2018,0.009916999
Cayman Islands,CYM,2019,0.011194
Cayman Islands,CYM,2020,0.012837
Cayman Islands,CYM,2021,0.013801
Cayman Islands,CYM,2022,0.013801
Cayman Islands,CYM,2023,0.0141
Cayman Islands,CYM,2024,0.0141
Cayman Islands,CYM,2025,0.0141
Central African Republic,CAF,2014,0.000094999996
Central African Republic,CAF,2015,0.000099
Central African Republic,CAF,2016,0.00020876
Central African Republic,CAF,2017,0.00027386998
Central African Republic,CAF,2018,0.00029922
Central African Republic,CAF,2019,0.00029631
Central African Republic,CAF,2020,0.00033877
Central African Republic,CAF,2021,0.00033682998
Central African Republic,CAF,2022,0.00033392
Central African Republic,CAF,2023,0.04044046
Central African Republic,CAF,2024,0.040523104
Central African Republic,CAF,2025,0.040523104
Chad,TCD,2010,0.000002
Chad,TCD,2011,0.0000025
Chad,TCD,2012,0.0000025
Chad,TCD,2013,0.000045425
Chad,TCD,2014,0.000050225
Chad,TCD,2015,0.000171925
Chad,TCD,2016,0.000179685
Chad,TCD,2017,0.000190135
Chad,TCD,2018,0.00056215504
Chad,TCD,2019,0.000557305
Chad,TCD,2020,0.0011058049
Chad,TCD,2021,0.0015922249
Chad,TCD,2022,0.001637815
Chad,TCD,2023,0.001662065
Chad,TCD,2024,0.001662065
Chad,TCD,2025,0.11096236
Chile,CHL,2010,0.000002
Chile,CHL,2011,0.000007
Chile,CHL,2012,0.002036
Chile,CHL,2013,0.015059
Chile,CHL,2014,0.221069
Chile,CHL,2015,0.576079
Chile,CHL,2016,1.125105
Chile,CHL,2017,1.724349
Chile,CHL,2018,2.2981012
Chile,CHL,2019,2.720785
Chile,CHL,2020,3.287322
Chile,CHL,2021,4.712269
Chile,CHL,2022,6.8871307
Chile,CHL,2023,8.738685
Chile,CHL,2024,11.015647
Chile,CHL,2025,12.141144
China,CHN,2000,0.033515
China,CHN,2001,0.03802
China,CHN,2002,0.05653
China,CHN,2003,0.066599995
China,CHN,2004,0.07660001
China,CHN,2005,0.14119999
China,CHN,2006,0.1602
China,CHN,2007,0.199
China,CHN,2008,0.253
China,CHN,2009,0.4148
China,CHN,2010,1.0218
China,CHN,2011,3.1078
China,CHN,2012,6.7187996
China,CHN,2013,17.7588
China,CHN,2014,28.3988
China,CHN,2015,43.5488
China,CHN,2016,77.818794
China,CHN,2017,130.83229
China,CHN,2018,175.26186
China,CHN,2019,204.9708
China,CHN,2020,253.8638
China,CHN,2021,306.9728
China,CHN,2022,393.0318
China,CHN,2023,609.92084
China,CHN,2024,887.0998
China,CHN,2025,1202.1787
Colombia,COL,2000,0.0006
Colombia,COL,2001,0.00099
Colombia,COL,2002,0.0010299999
Colombia,COL,2003,0.00107
Colombia,COL,2004,0.00109
Colombia,COL,2005,0.00112
Colombia,COL,2006,0.00116
Colombia,COL,2007,0.0011799999
Colombia,COL,2008,0.00123
Colombia,COL,2009,0.00125
Colombia,COL,2010,0.00127
Colombia,COL,2011,0.00131
Colombia,COL,2012,0.00132
Colombia,COL,2013,0.00138
Colombia,COL,2014,0.00142
Colombia,COL,2015,0.00146
Colombia,COL,2016,0.0015199999
Colombia,COL,2017,0.01132
Colombia,COL,2018,0.01338
Colombia,COL,2019,0.022612002
Colombia,COL,2020,0.073626
Colombia,COL,2021,0.152741
Colombia,COL,2022,0.307415
Colombia,COL,2023,0.53294504
Colombia,COL,2024,1.4170611
Colombia,COL,2025,1.72624
Comoros,COM,2016,0.0008051
Comoros,COM,2017,0.0011455701
Comoros,COM,2018,0.0011455701
Comoros,COM,2019,0.00116502
Comoros,COM,2020,0.00115241
Comoros,COM,2021,0.00336186
Comoros,COM,2022,0.0030339998
Comoros,COM,2023,0.00306989
Comoros,COM,2024,0.00306989
Comoros,COM,2025,0.00936989
Congo,COG,2013,0.00000324
Congo,COG,2014,0.0000152
Congo,COG,2015,0.0000185
Congo,COG,2016,0.000027760001
Congo,COG,2017,0.00005726
Congo,COG,2018,0.00006404999
Congo,COG,2019,0.00006211
Congo,COG,2020,0.00052189
Congo,COG,2021,0.00056457
Congo,COG,2022,0.00064023
Congo,COG,2023,0.0007285
Congo,COG,2024,0.0007906
Congo,COG,2025,0.0007906
Cook Islands,COK,2000,0.000056999997
Cook Islands,COK,2001,0.000056999997
Cook Islands,COK,2002,0.000056999997
Cook Islands,COK,2003,0.000056999997
Cook Islands,COK,2004,0.000056999997
Cook Islands,COK,2005,0.000056999997
Cook Islands,COK,2006,0.000056999997
Cook Islands,COK,2007,0.000056999997
Cook Islands,COK,2008,0.000056999997
Cook Islands,COK,2009,0.000056999997
Cook Islands,COK,2010,0.000056999997
Cook Islands,COK,2011,0.000056999997
Cook Islands,COK,2012,0.000056999997
Cook Islands,COK,2013,0.000711
Cook Islands,COK,2014,0.0016710002
Cook Islands,COK,2015,0.0028970002
Cook Islands,COK,2016,0.003011
Cook Islands,COK,2017,0.003011
Cook Islands,COK,2018,0.0048330002
Cook Islands,COK,2019,0.00557
Cook Islands,COK,2020,0.00557
Cook Islands,COK,2021,0.00557
Cook Islands,COK,2022,0.00557
Cook Islands,COK,2023,0.00557
Cook Islands,COK,2024,0.00557
Cook Islands,COK,2025,0.00557
Costa Rica,CRI,2000,0.000244503
Costa Rica,CRI,2001,0.000297387
Costa Rica,CRI,2002,0.00035027097
Costa Rica,CRI,2003,0.000403155
Costa Rica,CRI,2004,0.000456039
Costa Rica,CRI,2005,0.00050892297
Costa Rica,CRI,2006,0.00052987
Costa Rica,CRI,2007,0.00055081805
Costa Rica,CRI,2008,0.000571766
Costa Rica,CRI,2009,0.000592713
Costa Rica,CRI,2010,0.000615661
Costa Rica,CRI,2011,0.00076717103
Costa Rica,CRI,2012,0.002273855
Costa Rica,CRI,2013,0.0025534448
Costa Rica,CRI,2014,0.004766445
Costa Rica,CRI,2015,0.008524446
Costa Rica,CRI,2016,0.013381453
Costa Rica,CRI,2017,0.018859634
Costa Rica,CRI,2018,0.031554695
Costa Rica,CRI,2019,0.04726374
Costa Rica,CRI,2020,0.055758633
Costa Rica,CRI,2021,0.07258253
Costa Rica,CRI,2022,0.07258719
Costa Rica,CRI,2023,0.07254918
Costa Rica,CRI,2024,0.07254918
Costa Rica,CRI,2025,0.08263618
Cote d'Ivoire,CIV,2013,0.000008999999
Cote d'Ivoire,CIV,2014,0.000008999999
Cote d'Ivoire,CIV,2015,0.00028365498
Cote d'Ivoire,CIV,2016,0.000450495
Cote d'Ivoire,CIV,2017,0.001007275
Cote d'Ivoire,CIV,2018,0.002097085
Cote d'Ivoire,CIV,2019,0.004205865
Cote d'Ivoire,CIV,2020,0.006401945
Cote d'Ivoire,CIV,2021,0.007759275
Cote d'Ivoire,CIV,2022,0.009008635
Cote d'Ivoire,CIV,2023,0.039083995
Cote d'Ivoire,CIV,2024,0.039083995
Cote d'Ivoire,CIV,2025,0.039083995
Croatia,HRV,2009,0.0003
Croatia,HRV,2010,0.0003
Croatia,HRV,2011,0.0003
Croatia,HRV,2012,0.004
Croatia,HRV,2013,0.019
Croatia,HRV,2014,0.033
Croatia,HRV,2015,0.0478
Croatia,HRV,2016,0.0558
Croatia,HRV,2017,0.06
Croatia,HRV,2018,0.0677
Croatia,HRV,2019,0.084800005
Croatia,HRV,2020,0.1085
Croatia,HRV,2021,0.1383
Croatia,HRV,2022,0.222
Croatia,HRV,2023,0.4625
Croatia,HRV,2024,0.9018
Croatia,HRV,2025,1.3188001
Cuba,CUB,2012,0.0006
Cuba,CUB,2013,0.0061500003
Cuba,CUB,2014,0.0072649997
Cuba,CUB,2015,0.018299002
Cuba,CUB,2016,0.031411998
Cuba,CUB,2017,0.070397004
Cuba,CUB,2018,0.124309994
Cuba,CUB,2019,0.151862
Cuba,CUB,2020,0.214153
Cuba,CUB,2021,0.24644001
Cuba,CUB,2022,0.267156
Cuba,CUB,2023,0.279643
Cuba,CUB,2024,0.391693
Cuba,CUB,2025,0.566693
Curacao,CUW,2000,0.000025000001
Curacao,CUW,2001,0.000025000001
Curacao,CUW,2002,0.000025000001
Curacao,CUW,2003,0.000025000001
Curacao,CUW,2004,0.000025000001
Curacao,CUW,2005,0.000025000001
Curacao,CUW,2006,0.000025000001
Curacao,CUW,2007,0.000025000001
Curacao,CUW,2008,0.000025000001
Curacao,CUW,2009,0.000025000001
Curacao,CUW,2010,0.000025000001
Curacao,CUW,2011,0.000025000001
Curacao,CUW,2012,0.000125
Curacao,CUW,2013,0.003125
Curacao,CUW,2014,0.007725
Curacao,CUW,2015,0.010125
Curacao,CUW,2016,0.011125
Curacao,CUW,2017,0.011125
Curacao,CUW,2018,0.011924999
Curacao,CUW,2019,0.011924999
Curacao,CUW,2020,0.013224999
Curacao,CUW,2021,0.013224999
Curacao,CUW,2022,0.013224999
Curacao,CUW,2023,0.013361
Curacao,CUW,2024,0.014361
Curacao,CUW,2025,0.014361
Cyprus,CYP,2004,0.001
Cyprus,CYP,2005,0.001
Cyprus,CYP,2006,0.001
Cyprus,CYP,2007,0.001
Cyprus,CYP,2008,0.002
Cyprus,CYP,2009,0.004
Cyprus,CYP,2010,0.007
Cyprus,CYP,2011,0.01
Cyprus,CYP,2012,0.017
Cyprus,CYP,2013,0.035
Cyprus,CYP,2014,0.064
Cyprus,CYP,2015,0.076
Cyprus,CYP,2016,0.084
Cyprus,CYP,2017,0.110046
Cyprus,CYP,2018,0.118479
Cyprus,CYP,2019,0.151261
Cyprus,CYP,2020,0.22913401
Cyprus,CYP,2021,0.314523
Cyprus,CYP,2022,0.42409298
Cyprus,CYP,2023,0.58071995
Cyprus,CYP,2024,0.751259
Cyprus,CYP,2025,0.860959
Czechia,CZE,2000,0.000071999995
Czechia,CZE,2001,0.000124
Czechia,CZE,2002,0.000155
Czechia,CZE,2003,0.00028900002
Czechia,CZE,2004,0.000413
Czechia,CZE,2005,0.00058600004
Czechia,CZE,2006,0.000841
Czechia,CZE,2007,0.003961
Czechia,CZE,2008,0.0395
Czechia,CZE,2009,0.4646
Czechia,CZE,2010,1.727
Czechia,CZE,2011,1.909353
Czechia,CZE,2012,2.014161
Czechia,CZE,2013,2.052946
Czechia,CZE,2014,2.056459
Czechia,CZE,2015,2.063038
Czechia,CZE,2016,2.055408
Czechia,CZE,2017,2.061906
Czechia,CZE,2018,2.06752
Czechia,CZE,2019,2.0848482
Czechia,CZE,2020,2.124177
Czechia,CZE,2021,2.176671
Czechia,CZE,2022,2.403759
Czechia,CZE,2023,3.239399
Czechia,CZE,2024,3.98421
Czechia,CZE,2025,4.54081
Democratic Republic of Congo,COD,2011,0.00002285
Democratic Republic of Congo,COD,2012,0.00008687
Democratic Republic of Congo,COD,2013,0.0003881
Democratic Republic of Congo,COD,2014,0.0012610101
Democratic Republic of Congo,COD,2015,0.00135503
Democratic Republic of Congo,COD,2016,0.004609955
Democratic Republic of Congo,COD,2017,0.0056704604
Democratic Republic of Congo,COD,2018,0.008332635
Democratic Republic of Congo,COD,2019,0.0095778555
Democratic Republic of Congo,COD,2020,0.014388115
Democratic Republic of Congo,COD,2021,0.017712805
Democratic Republic of Congo,COD,2022,0.022365283
Democratic Republic of Congo,COD,2023,0.023916297
Democratic Republic of Congo,COD,2024,0.028766297
Democratic Republic of Congo,COD,2025,0.028766297
Denmark,DNK,2000,0.001
Denmark,DNK,2001,0.001
Denmark,DNK,2002,0.002
Denmark,DNK,2003,0.002
Denmark,DNK,2004,0.002
Denmark,DNK,2005,0.003
Denmark,DNK,2006,0.003
Denmark,DNK,2007,0.003
Denmark,DNK,2008,0.003
Denmark,DNK,2009,0.005
Denmark,DNK,2010,0.007
Denmark,DNK,2011,0.017
Denmark,DNK,2012,0.402
Denmark,DNK,2013,0.571
Denmark,DNK,2014,0.60669
Denmark,DNK,2015,0.78210795
Denmark,DNK,2016,0.850953
Denmark,DNK,2017,0.90634996
Denmark,DNK,2018,0.998
Denmark,DNK,2019,1.08
Denmark,DNK,2020,1.304295
Denmark,DNK,2021,1.704041
Denmark,DNK,2022,3.0698998
Denmark,DNK,2023,3.529
Denmark,DNK,2024,3.945
Denmark,DNK,2025,5.046
Djibouti,DJI,2010,0.000008999999
Djibouti,DJI,2011,0.000013
Djibouti,DJI,2012,0.000043
Djibouti,DJI,2013,0.000105
Djibouti,DJI,2014,0.000105
Djibouti,DJI,2015,0.000105
Djibouti,DJI,2016,0.000405
Djibouti,DJI,2017,0.000416
Djibouti,DJI,2018,0.00042899998
Djibouti,DJI,2019,0.00042899998
Djibouti,DJI,2020,0.00042899998
Djibouti,DJI,2021,0.00042899998
Djibouti,DJI,2022,0.00042899998
Djibouti,DJI,2023,0.00042899998
Djibouti,DJI,2024,0.00042899998
Djibouti,DJI,2025,0.00072909996
Dominica,DMA,2000,0.00008
Dominica,DMA,2001,0.00008
Dominica,DMA,2002,0.00009
Dominica,DMA,2003,0.00009
Dominica,DMA,2004,0.000100000005
Dominica,DMA,2005,0.000100000005
Dominica,DMA,2006,0.00012
Dominica,DMA,2007,0.00018
Dominica,DMA,2008,0.00020000001
Dominica,DMA,2009,0.00021
Dominica,DMA,2010,0.00022
Dominica,DMA,2011,0.00022
Dominica,DMA,2012,0.00023
Dominica,DMA,2013,0.00023
Dominica,DMA,2014,0.00023
Dominica,DMA,2015,0.00023
Dominica,DMA,2016,0.00063
Dominica,DMA,2017,0.00063
Dominica,DMA,2018,0.000315
Dominica,DMA,2019,0.000315
Dominica,DMA,2020,0.000315
Dominica,DMA,2021,0.000315
Dominica,DMA,2022,0.000315
Dominica,DMA,2023,0.000945
Dominica,DMA,2024,0.000955
Dominica,DMA,2025,0.000955
Dominican Republic,DOM,2011,0.00001
Dominican Republic,DOM,2012,0.00293
Dominican Republic,DOM,2013,0.00836
Dominican Republic,DOM,2014,0.0148
Dominican Republic,DOM,2015,0.0236
Dominican Republic,DOM,2016,0.07131
Dominican Republic,DOM,2017,0.094950005
Dominican Republic,DOM,2018,0.191
Dominican Republic,DOM,2019,0.33479998
Dominican Republic,DOM,2020,0.3855
Dominican Republic,DOM,2021,0.58379996
Dominican Republic,DOM,2022,0.735169
Dominican Republic,DOM,2023,1.076787
Dominican Republic,DOM,2024,1.422587
Dominican Republic,DOM,2025,2.083057
East Timor,TLS,2004,0.000004
East Timor,TLS,2005,0.000008
East Timor,TLS,2006,0.000012
East Timor,TLS,2007,0.000016
East Timor,TLS,2008,0.00006
East Timor,TLS,2009,0.000100000005
East Timor,TLS,2010,0.00014
East Timor,TLS,2011,0.00044499998
East Timor,TLS,2012,0.00075
East Timor,TLS,2013,0.000941
East Timor,TLS,2014,0.001138
East Timor,TLS,2015,0.001324
East Timor,TLS,2016,0.0013280001
East Timor,TLS,2017,0.0010220001
East Timor,TLS,2018,0.00080300006
East Timor,TLS,2019,0.00058500003
East Timor,TLS,2020,0.00035500003
East Timor,TLS,2021,0.00035000002
East Timor,TLS,2022,0.000389
East Timor,TLS,2023,0.000405
East Timor,TLS,2024,0.000405
East Timor,TLS,2025,0.0010299999
Ecuador,ECU,2005,0.00002
Ecuador,ECU,2006,0.00002
Ecuador,ECU,2007,0.00002
Ecuador,ECU,2008,0.00002
Ecuador,ECU,2009,0.00002
Ecuador,ECU,2010,0.00002
Ecuador,ECU,2011,0.00004
Ecuador,ECU,2012,0.00008
Ecuador,ECU,2013,0.00391
Ecuador,ECU,2014,0.02645
Ecuador,ECU,2015,0.02555
Ecuador,ECU,2016,0.02652
Ecuador,ECU,2017,0.02652
Ecuador,ECU,2018,0.02767
Ecuador,ECU,2019,0.02767
Ecuador,ECU,2020,0.02767
Ecuador,ECU,2021,0.02769
Ecuador,ECU,2022,0.028690001
Ecuador,ECU,2023,0.029994998
Ecuador,ECU,2024,0.084265
Ecuador,ECU,2025,0.131355
Egypt,EGY,2000,0.000100000005
Egypt,EGY,2001,0.0005
Egypt,EGY,2002,0.0006
Egypt,EGY,2003,0.0006
Egypt,EGY,2004,0.0006
Egypt,EGY,2005,0.0006
Egypt,EGY,2006,0.0006
Egypt,EGY,2007,0.0007
Egypt,EGY,2008,0.0009
Egypt,EGY,2009,0.0013
Egypt,EGY,2010,0.015
Egypt,EGY,2011,0.035
Egypt,EGY,2012,0.035
Egypt,EGY,2013,0.035
Egypt,EGY,2014,0.035
Egypt,EGY,2015,0.036
Egypt,EGY,2016,0.059
Egypt,EGY,2017,0.18
Egypt,EGY,2018,0.76420003
Egypt,EGY,2019,1.6472
Egypt,EGY,2020,1.643
Egypt,EGY,2021,1.6625
Egypt,EGY,2022,1.68854
Egypt,EGY,2023,1.8202801
Egypt,EGY,2024,2.55428
Egypt,EGY,2025,3.26728
El Salvador,SLV,2000,0.000044160002
El Salvador,SLV,2001,0.000044160002
El Salvador,SLV,2002,0.000044160002
El Salvador,SLV,2003,0.000044160002
El Salvador,SLV,2004,0.000044160002
El Salvador,SLV,2005,0.000044160002
El Salvador,SLV,2006,0.000044160002
El Salvador,SLV,2007,0.000044160002
El Salvador,SLV,2008,0.000044160002
El Salvador,SLV,2009,0.000044160002
El Salvador,SLV,2010,0.000044160002
El Salvador,SLV,2011,0.0000528
El Salvador,SLV,2012,0.0000528
El Salvador,SLV,2013,0.00015079998
El Salvador,SLV,2014,0.00015079998
El Salvador,SLV,2015,0.0109928
El Salvador,SLV,2016,0.0121193
El Salvador,SLV,2017,0.1097193
El Salvador,SLV,2018,0.1665959
El Salvador,SLV,2019,0.41041893
El Salvador,SLV,2020,0.4785461
El Salvador,SLV,2021,0.54316497
El Salvador,SLV,2022,0.57127655
El Salvador,SLV,2023,0.6469058
El Salvador,SLV,2024,0.7394508
El Salvador,SLV,2025,0.7394508
Equatorial Guinea,GNQ,2016,0.00016008
Equatorial Guinea,GNQ,2017,0.00035408
Equatorial Guinea,GNQ,2018,0.00035408
Equatorial Guinea,GNQ,2019,0.00033565
Equatorial Guinea,GNQ,2020,0.00032497998
Equatorial Guinea,GNQ,2021,0.00018918
Equatorial Guinea,GNQ,2022,0.00000585
Equatorial Guinea,GNQ,2023,0.00000585
Equatorial Guinea,GNQ,2024,0.00000585
Equatorial Guinea,GNQ,2025,0.00000585
Eritrea,ERI,2007,6e-7
Eritrea,ERI,2008,0.000001496
Eritrea,ERI,2009,0.000001496
Eritrea,ERI,2010,0.0000040259997
Eritrea,ERI,2011,0.0000040259997
Eritrea,ERI,2012,0.000008106
Eritrea,ERI,2013,0.000034506
Eritrea,ERI,2014,0.007858906
Eritrea,ERI,2015,0.007858906
Eritrea,ERI,2016,0.009014006
Eritrea,ERI,2017,0.023354476
Eritrea,ERI,2018,0.025863975
Eritrea,ERI,2019,0.025919065
Eritrea,ERI,2020,0.025906457
Eritrea,ERI,2021,0.025124636
Eritrea,ERI,2022,0.024785135
Eritrea,ERI,2023,0.024785135
Eritrea,ERI,2024,0.024785135
Eritrea,ERI,2025,0.025077105
Estonia,EST,2009,0.000100000005
Estonia,EST,2010,0.000100000005
Estonia,EST,2011,0.00020000001
Estonia,EST,2012,0.00037999998
Estonia,EST,2013,0.0015
Estonia,EST,2014,0.0033399998
Estonia,EST,2015,0.0065
Estonia,EST,2016,0.01
Estonia,EST,2017,0.015
Estonia,EST,2018,0.0319
Estonia,EST,2019,0.1206
Estonia,EST,2020,0.20767
Estonia,EST,2021,0.39477
Estonia,EST,2022,0.52
Estonia,EST,2023,0.813
Estonia,EST,2024,0.87721
Estonia,EST,2025,0.98421
Eswatini,SWZ,2015,0.000026
Eswatini,SWZ,2016,0.000126
Eswatini,SWZ,2017,0.00012900001
Eswatini,SWZ,2018,0.00012900001
Eswatini,SWZ,2019,0.00012900001
Eswatini,SWZ,2020,0.000164
Eswatini,SWZ,2021,0.010163999
Eswatini,SWZ,2022,0.010163999
Eswatini,SWZ,2023,0.027935999
Eswatini,SWZ,2024,0.027935999
Eswatini,SWZ,2025,0.027935999
Ethiopia,ETH,2007,0.000001
Ethiopia,ETH,2008,0.000001
Ethiopia,ETH,2009,0.000028
Ethiopia,ETH,2010,0.000028
Ethiopia,ETH,2011,0.00033500002
Ethiopia,ETH,2012,0.001148
Ethiopia,ETH,2013,0.003344
Ethiopia,ETH,2014,0.009130999
Ethiopia,ETH,2015,0.00989
Ethiopia,ETH,2016,0.01404
Ethiopia,ETH,2017,0.012494001
Ethiopia,ETH,2018,0.0123459995
Ethiopia,ETH,2019,0.0123459995
Ethiopia,ETH,2020,0.020184
Ethiopia,ETH,2021,0.021184
Ethiopia,ETH,2022,0.021184
Ethiopia,ETH,2023,0.021184
Ethiopia,ETH,2024,0.021554
Ethiopia,ETH,2025,0.021554
Europe,OWID_EUR,2000,0.203366
Europe,OWID_EUR,2001,0.304527
Europe,OWID_EUR,2002,0.390919
Europe,OWID_EUR,2003,0.630134
Europe,OWID_EUR,2004,1.343197
Europe,OWID_EUR,2005,2.326953
Europe,OWID_EUR,2006,3.290978
Europe,OWID_EUR,2007,5.0648313
Europe,OWID_EUR,2008,10.544179
Europe,OWID_EUR,2009,17.14833
Europe,OWID_EUR,2010,30.724129
Europe,OWID_EUR,2011,54.527897
Europe,OWID_EUR,2012,73.41735
Europe,OWID_EUR,2013,83.8925
Europe,OWID_EUR,2014,91.03457
Europe,OWID_EUR,2015,99.4474
Europe,OWID_EUR,2016,105.99186
Europe,OWID_EUR,2017,111.61423
Europe,OWID_EUR,2018,121.33891
Europe,OWID_EUR,2019,142.49796
Europe,OWID_EUR,2020,163.31992
Europe,OWID_EUR,2021,192.21428
Europe,OWID_EUR,2022,227.02225
Europe,OWID_EUR,2023,285.5033
Europe,OWID_EUR,2024,348.53116
Europe,OWID_EUR,2025,411.30167
European Union (27),OWID_EU27,2000,0.185366
European Union (27),OWID_EU27,2001,0.283427
European Union (27),OWID_EU27,2002,0.366719
European Union (27),OWID_EU27,2003,0.601834
European Union (27),OWID_EU27,2004,1.310797
European Union (27),OWID_EU27,2005,2.28678
European Union (27),OWID_EU27,2006,3.245552
European Union (27),OWID_EU27,2007,5.0084047
European Union (27),OWID_EU27,2008,10.461053
European Union (27),OWID_EU27,2009,17.030024
European Union (27),OWID_EU27,2010,30.488514
European Union (27),OWID_EU27,2011,53.101646
European Union (27),OWID_EU27,2012,70.83592
European Union (27),OWID_EU27,2013,79.42798
European Union (27),OWID_EU27,2014,83.28233
European Union (27),OWID_EU27,2015,87.215836
European Union (27),OWID_EU27,2016,90.94252
European Union (27),OWID_EU27,2017,95.07528
European Union (27),OWID_EU27,2018,103.0227
European Union (27),OWID_EU27,2019,118.977
European Union (27),OWID_EU27,2020,137.12344
European Union (27),OWID_EU27,2021,163.83261
European Union (27),OWID_EU27,2022,196.2886
European Union (27),OWID_EU27,2023,250.73611
European Union (27),OWID_EU27,2024,310.3275
European Union (27),OWID_EU27,2025,367.52582
Falkland Islands,FLK,2015,0.00007
Falkland Islands,FLK,2016,0.00007
Falkland Islands,FLK,2017,0.00007
Falkland Islands,FLK,2018,0.00007
Falkland Islands,FLK,2019,0.00007
Falkland Islands,FLK,2020,0.00007
Falkland Islands,FLK,2021,0.00007
Falkland Islands,FLK,2022,0.00007
Falkland Islands,FLK,2023,0.00007
Falkland Islands,FLK,2024,0.000082
Falkland Islands,FLK,2025,0.000082
Faroe Islands,FRO,2019,0.000261
Faroe Islands,FRO,2020,0.000261
Faroe Islands,FRO,2021,0.000261
Faroe Islands,FRO,2022,0.000261
Faroe Islands,FRO,2023,0.000261
Faroe Islands,FRO,2024,0.000261
Faroe Islands,FRO,2025,0.000877
Fiji,FJI,2000,0.000148
Fiji,FJI,2001,0.000148
Fiji,FJI,2002,0.000148
Fiji,FJI,2003,0.000114
Fiji,FJI,2004,0.00004
Fiji,FJI,2005,0.000112999995
Fiji,FJI,2006,0.000141
Fiji,FJI,2007,0.000141
Fiji,FJI,2008,0.000175
Fiji,FJI,2009,0.000198
Fiji,FJI,2010,0.000282
Fiji,FJI,2011,0.000284
Fiji,FJI,2012,0.000926
Fiji,FJI,2013,0.0016290001
Fiji,FJI,2014,0.0022
Fiji,FJI,2015,0.004198
Fiji,FJI,2016,0.0062489994
Fiji,FJI,2017,0.008158
Fiji,FJI,2018,0.00873
Fiji,FJI,2019,0.008824
Fiji,FJI,2020,0.009176
Fiji,FJI,2021,0.009465001
Fiji,FJI,2022,0.009907001
Fiji,FJI,2023,0.010929
Fiji,FJI,2024,0.011936999
Fiji,FJI,2025,0.012211
Finland,FIN,2000,0.002
Finland,FIN,2001,0.003
Finland,FIN,2002,0.003
Finland,FIN,2003,0.003
Finland,FIN,2004,0.004
Finland,FIN,2005,0.004
Finland,FIN,2006,0.005
Finland,FIN,2007,0.005
Finland,FIN,2008,0.006
Finland,FIN,2009,0.006
Finland,FIN,2010,0.007
Finland,FIN,2011,0.007
Finland,FIN,2012,0.008
Finland,FIN,2013,0.009
Finland,FIN,2014,0.011
Finland,FIN,2015,0.017
Finland,FIN,2016,0.037
Finland,FIN,2017,0.077
Finland,FIN,2018,0.133
Finland,FIN,2019,0.21
Finland,FIN,2020,0.299
Finland,FIN,2021,0.398
Finland,FIN,2022,0.64900017
Finland,FIN,2023,0.9862067
Finland,FIN,2024,1.2188302
Finland,FIN,2025,1.5658302
France,FRA,2000,0.007
France,FRA,2001,0.007
France,FRA,2002,0.008
France,FRA,2003,0.009
France,FRA,2004,0.011
France,FRA,2005,0.013
France,FRA,2006,0.015
France,FRA,2007,0.026
France,FRA,2008,0.08
France,FRA,2009,0.277
France,FRA,2010,1.044
France,FRA,2011,2.988578
France,FRA,2012,4.3007565
France,FRA,2013,5.1602807
France,FRA,2014,5.8614054
France,FRA,2015,6.8195405
France,FRA,2016,7.3190794
France,FRA,2017,7.6560597
France,FRA,2018,8.86435
France,FRA,2019,9.961096
France,FRA,2020,11.289886
France,FRA,2021,14.390626
France,FRA,2022,16.989643
France,FRA,2023,20.322178
France,FRA,2024,25.672602
France,FRA,2025,31.442602
French Guiana,GUF,2000,0.000100000005
French Guiana,GUF,2001,0.000100000005
French Guiana,GUF,2002,0.000100000005
French Guiana,GUF,2003,0.000100000005
French Guiana,GUF,2004,0.000100000005
French Guiana,GUF,2005,0.000222
French Guiana,GUF,2006,0.000222
French Guiana,GUF,2007,0.000222
French Guiana,GUF,2008,0.000637
French Guiana,GUF,2009,0.001945
French Guiana,GUF,2010,0.022615
French Guiana,GUF,2011,0.035503
French Guiana,GUF,2012,0.035951998
French Guiana,GUF,2013,0.036208
French Guiana,GUF,2014,0.03642
French Guiana,GUF,2015,0.046216
French Guiana,GUF,2016,0.046216
French Guiana,GUF,2017,0.046272
French Guiana,GUF,2018,0.046342
French Guiana,GUF,2019,0.046342
French Guiana,GUF,2020,0.056368
French Guiana,GUF,2021,0.057285
French Guiana,GUF,2022,0.058756
French Guiana,GUF,2023,0.065042
French Guiana,GUF,2024,0.067816
French Guiana,GUF,2025,0.068505995
French Polynesia,PYF,2000,0.000548
French Polynesia,PYF,2001,0.000698
French Polynesia,PYF,2002,0.000828
French Polynesia,PYF,2003,0.001022
French Polynesia,PYF,2004,0.001249
French Polynesia,PYF,2005,0.001531
French Polynesia,PYF,2006,0.001849
French Polynesia,PYF,2007,0.002119
French Polynesia,PYF,2008,0.002459
French Polynesia,PYF,2009,0.002762
French Polynesia,PYF,2010,0.0029000002
French Polynesia,PYF,2011,0.011
French Polynesia,PYF,2012,0.01418
French Polynesia,PYF,2013,0.019100001
French Polynesia,PYF,2014,0.0255
French Polynesia,PYF,2015,0.0295
French Polynesia,PYF,2016,0.0319
French Polynesia,PYF,2017,0.0348
French Polynesia,PYF,2018,0.0381
French Polynesia,PYF,2019,0.0411
French Polynesia,PYF,2020,0.044614
French Polynesia,PYF,2021,0.045675
French Polynesia,PYF,2022,0.052121997
French Polynesia,PYF,2023,0.052867997
French Polynesia,PYF,2024,0.080572
French Polynesia,PYF,2025,0.080907
Gabon,GAB,2009,0.00002
Gabon,GAB,2010,0.0000202
Gabon,GAB,2011,0.0000202
Gabon,GAB,2012,0.0000202
Gabon,GAB,2013,0.0000462
Gabon,GAB,2014,0.0000462
Gabon,GAB,2015,0.000058200003
Gabon,GAB,2016,0.00006596
Gabon,GAB,2017,0.00008051
Gabon,GAB,2018,0.000086329994
Gabon,GAB,2019,0.00009797
Gabon,GAB,2020,0.00009021
Gabon,GAB,2021,0.00049021
Gabon,GAB,2022,0.00050961
Gabon,GAB,2023,0.00050379004
Gabon,GAB,2024,0.01149312
Gabon,GAB,2025,0.01149312
Gambia,GMB,2007,0.000068
Gambia,GMB,2008,0.000068
Gambia,GMB,2009,0.00007
Gambia,GMB,2010,0.0000718
Gambia,GMB,2011,0.00018260001
Gambia,GMB,2012,0.00018619999
Gambia,GMB,2013,0.00022345
Gambia,GMB,2014,0.00035845
Gambia,GMB,2015,0.00050445
Gambia,GMB,2016,0.00066965
Gambia,GMB,2017,0.0011748701
Gambia,GMB,2018,0.00131755
Gambia,GMB,2019,0.00182899
Gambia,GMB,2020,0.0018192899
Gambia,GMB,2021,0.0018057099
Gambia,GMB,2022,0.0017220099
Gambia,GMB,2023,0.0017302199
Gambia,GMB,2024,0.02473822
Gambia,GMB,2025,0.02473822
Georgia,GEO,2016,0.0003
Georgia,GEO,2017,0.00045
Georgia,GEO,2018,0.00095200003
Georgia,GEO,2019,0.002836
Georgia,GEO,2020,0.0048060003
Georgia,GEO,2021,0.018466
Georgia,GEO,2022,0.035336
Georgia,GEO,2023,0.064166
Georgia,GEO,2024,0.13851601
Georgia,GEO,2025,0.31691602
Germany,DEU,2000,0.114
Germany,DEU,2001,0.195
Germany,DEU,2002,0.26
Germany,DEU,2003,0.435
Germany,DEU,2004,1.105
Germany,DEU,2005,2.056
Germany,DEU,2006,2.899
Germany,DEU,2007,4.17
Germany,DEU,2008,6.12
Germany,DEU,2009,10.566
Germany,DEU,2010,18.006
Germany,DEU,2011,25.916
Germany,DEU,2012,34.077
Germany,DEU,2013,36.71
Germany,DEU,2014,37.9
Germany,DEU,2015,39.224
Germany,DEU,2016,40.679
Germany,DEU,2017,42.293
Germany,DEU,2018,45.158
Germany,DEU,2019,48.914
Germany,DEU,2020,53.671
Germany,DEU,2021,60.038
Germany,DEU,2022,61.188
Germany,DEU,2023,75.519
Germany,DEU,2024,91.204
Germany,DEU,2025,107.192
Ghana,GHA,2013,0.00313856
Ghana,GHA,2014,0.0079004
Ghana,GHA,2015,0.03319822
Ghana,GHA,2016,0.03743632
Ghana,GHA,2017,0.04300972
Ghana,GHA,2018,0.07265773
Ghana,GHA,2019,0.08249436
Ghana,GHA,2020,0.10590377
Ghana,GHA,2021,0.16305816
Ghana,GHA,2022,0.16615617
Ghana,GHA,2023,0.1854693
Ghana,GHA,2024,0.18552573
Ghana,GHA,2025,0.18552573
Greece,GRC,2001,0.001
Greece,GRC,2002,0.001
Greece,GRC,2003,0.001
Greece,GRC,2004,0.001
Greece,GRC,2005,0.001
Greece,GRC,2006,0.005
Greece,GRC,2007,0.009
Greece,GRC,2008,0.012
Greece,GRC,2009,0.046
Greece,GRC,2010,0.202
Greece,GRC,2011,0.612
Greece,GRC,2012,1.536
Greece,GRC,2013,2.579
Greece,GRC,2014,2.596
Greece,GRC,2015,2.604
Greece,GRC,2016,2.604
Greece,GRC,2017,2.551539
Greece,GRC,2018,2.5910301
Greece,GRC,2019,2.753803
Greece,GRC,2020,3.1737251
Greece,GRC,2021,4.0734
Greece,GRC,2022,5.1040783
Greece,GRC,2023,6.688703
Greece,GRC,2024,8.826921
Greece,GRC,2025,11.076922
Greenland,GRL,2018,0.000139
Greenland,GRL,2019,0.000139
Greenland,GRL,2020,0.00034099998
Greenland,GRL,2021,0.00058999995
Greenland,GRL,2022,0.00062
Greenland,GRL,2023,0.00062
Greenland,GRL,2024,0.00072500005
Greenland,GRL,2025,0.00085
Grenada,GRD,2007,0
Grenada,GRD,2008,0.000069
Grenada,GRD,2009,0.000112
Grenada,GRD,2010,0.00017900001
Grenada,GRD,2011,0.00027000002
Grenada,GRD,2012,0.00031200002
Grenada,GRD,2013,0.00051499996
Grenada,GRD,2014,0.00069799996
Grenada,GRD,2015,0.001023
Grenada,GRD,2016,0.0021849999
Grenada,GRD,2017,0.0022820001
Grenada,GRD,2018,0.002655
Grenada,GRD,2019,0.003274
Grenada,GRD,2020,0.0036
Grenada,GRD,2021,0.0036540001
Grenada,GRD,2022,0.0036540001
Grenada,GRD,2023,0.00378
Grenada,GRD,2024,0.00378
Grenada,GRD,2025,0.00378
Guadeloupe,GLP,2005,0.000559
Guadeloupe,GLP,2006,0.001715
Guadeloupe,GLP,2007,0.00272
Guadeloupe,GLP,2008,0.005034
Guadeloupe,GLP,2009,0.011074
Guadeloupe,GLP,2010,0.022478001
Guadeloupe,GLP,2011,0.055066
Guadeloupe,GLP,2012,0.066879
Guadeloupe,GLP,2013,0.068675004
Guadeloupe,GLP,2014,0.069599
Guadeloupe,GLP,2015,0.069864
Guadeloupe,GLP,2016,0.069863
Guadeloupe,GLP,2017,0.07049201
Guadeloupe,GLP,2018,0.072217
Guadeloupe,GLP,2019,0.083472
Guadeloupe,GLP,2020,0.08760499
Guadeloupe,GLP,2021,0.08989599
Guadeloupe,GLP,2022,0.093031995
Guadeloupe,GLP,2023,0.095
Guadeloupe,GLP,2024,0.095
Guadeloupe,GLP,2025,0.105
Guam,GUM,2009,0.000045
Guam,GUM,2010,0.00009
Guam,GUM,2011,0.00013500001
Guam,GUM,2012,0.000315
Guam,GUM,2013,0.00081
Guam,GUM,2014,0.00144
Guam,GUM,2015,0.03195
Guam,GUM,2016,0.03465
Guam,GUM,2017,0.0363
Guam,GUM,2018,0.03808
Guam,GUM,2019,0.03973
Guam,GUM,2020,0.04138
Guam,GUM,2021,0.043029997
Guam,GUM,2022,0.10468
Guam,GUM,2023,0.104797006
Guam,GUM,2024,0.104797006
Guam,GUM,2025,0.104797006
Guatemala,GTM,2011,0.0001287
Guatemala,GTM,2012,0.0001287
Guatemala,GTM,2013,0.0001287
Guatemala,GTM,2014,0.00514875
Guatemala,GTM,2015,0.08514947
Guatemala,GTM,2016,0.08519393
Guatemala,GTM,2017,0.09294945
Guatemala,GTM,2018,0.092971765
Guatemala,GTM,2019,0.09310744
Guatemala,GTM,2020,0.09364443
Guatemala,GTM,2021,0.093639955
Guatemala,GTM,2022,0.09704541
Guatemala,GTM,2023,0.10193283
Guatemala,GTM,2024,0.10195459
Guatemala,GTM,2025,0.10195459
Guinea,GIN,2012,0.00002
Guinea,GIN,2013,0.000110525
Guinea,GIN,2014,0.000110525
Guinea,GIN,2015,0.000110525
Guinea,GIN,2016,0.000266885
Guinea,GIN,2017,0.00046573498
Guinea,GIN,2018,0.012979575
Guinea,GIN,2019,0.014094385
Guinea,GIN,2020,0.014710335
Guinea,GIN,2021,0.015041105
Guinea,GIN,2022,0.016139144
Guinea,GIN,2023,0.016837545
Guinea,GIN,2024,0.017158614
Guinea,GIN,2025,0.017283464
Guinea-Bissau,GNB,2010,0.0000010949999
Guinea-Bissau,GNB,2011,0.000006015
Guinea-Bissau,GNB,2012,0.000015475
Guinea-Bissau,GNB,2013,0.000067714995
Guinea-Bissau,GNB,2014,0.000120645
Guinea-Bissau,GNB,2015,0.000171085
Guinea-Bissau,GNB,2016,0.000700755
Guinea-Bissau,GNB,2017,0.00094519503
Guinea-Bissau,GNB,2018,0.0018261451
Guinea-Bissau,GNB,2019,0.001822265
Guinea-Bissau,GNB,2020,0.001761155
Guinea-Bissau,GNB,2021,0.002052155
Guinea-Bissau,GNB,2022,0.001803835
Guinea-Bissau,GNB,2023,0.001994925
Guinea-Bissau,GNB,2024,0.002747215
Guinea-Bissau,GNB,2025,0.002747215
Guyana,GUY,2000,0.000011
Guyana,GUY,2001,0.000011
Guyana,GUY,2002,0.000011
Guyana,GUY,2003,0.000017
Guyana,GUY,2004,0.000017
Guyana,GUY,2005,0.00004
Guyana,GUY,2006,0.000071
Guyana,GUY,2007,0.000093
Guyana,GUY,2008,0.00015800001
Guyana,GUY,2009,0.000207
Guyana,GUY,2010,0.000421
Guyana,GUY,2011,0.001296
Guyana,GUY,2012,0.001466
Guyana,GUY,2013,0.00167
Guyana,GUY,2014,0.0018529999
Guyana,GUY,2015,0.001881
Guyana,GUY,2016,0.002326
Guyana,GUY,2017,0.003428
Guyana,GUY,2018,0.005843
Guyana,GUY,2019,0.007111
Guyana,GUY,2020,0.007323
Guyana,GUY,2021,0.007145
Guyana,GUY,2022,0.012619
Guyana,GUY,2023,0.018466
Guyana,GUY,2024,0.021516
Guyana,GUY,2025,0.039066
Haiti,HTI,2001,0.000309
Haiti,HTI,2002,0.000309
Haiti,HTI,2003,0.000309
Haiti,HTI,2009,0.00001
Haiti,HTI,2010,0.000558
Haiti,HTI,2011,0.00058600004
Haiti,HTI,2012,0.001158
Haiti,HTI,2013,0.001411
Haiti,HTI,2014,0.001597
Haiti,HTI,2015,0.001964
Haiti,HTI,2016,0.0022449999
Haiti,HTI,2017,0.002739
Haiti,HTI,2018,0.003139
Haiti,HTI,2019,0.002974
Haiti,HTI,2020,0.002956
Haiti,HTI,2021,0.002971
Haiti,HTI,2022,0.003185
Haiti,HTI,2023,0.0038779997
Haiti,HTI,2024,0.0038779997
Haiti,HTI,2025,0.00787
High-income countries,OWID_HIC,2000,1.1590894
High-income countries,OWID_HIC,2001,1.2528794
High-income countries,OWID_HIC,2002,1.5266963
High-income countries,OWID_HIC,2003,2.2199273
High-income countries,OWID_HIC,2004,3.286724
High-income countries,OWID_HIC,2005,4.7029467
High-income countries,OWID_HIC,2006,6.203022
High-income countries,OWID_HIC,2007,8.590942
High-income countries,OWID_HIC,2008,14.7747555
High-income countries,OWID_HIC,2009,22.828455
High-income countries,OWID_HIC,2010,39.933506
High-income countries,OWID_HIC,2011,68.05656
High-income countries,OWID_HIC,2012,93.37954
High-income countries,OWID_HIC,2013,117.14669
High-income countries,OWID_HIC,2014,141.52135
High-income countries,OWID_HIC,2015,170.0827
High-income countries,OWID_HIC,2016,198.79617
High-income countries,OWID_HIC,2017,224.7163
High-income countries,OWID_HIC,2018,257.1871
High-income countries,OWID_HIC,2019,302.53378
High-income countries,OWID_HIC,2020,357.52075
High-income countries,OWID_HIC,2021,425.15704
High-income countries,OWID_HIC,2022,497.5196
High-income countries,OWID_HIC,2023,605.0217
High-income countries,OWID_HIC,2024,729.61017
High-income countries,OWID_HIC,2025,850.8433
Honduras,HND,2000,0.001599
Honduras,HND,2001,0.001804
Honduras,HND,2002,0.0019750001
Honduras,HND,2003,0.002128
Honduras,HND,2004,0.002376
Honduras,HND,2005,0.002668
Honduras,HND,2006,0.002872
Honduras,HND,2007,0.003228
Honduras,HND,2008,0.003228
Honduras,HND,2009,0.0035120002
Honduras,HND,2010,0.003728
Honduras,HND,2011,0.004479
Honduras,HND,2012,0.005156
Honduras,HND,2013,0.005156
Honduras,HND,2014,0.005156
Honduras,HND,2015,0.396156
Honduras,HND,2016,0.41213
Honduras,HND,2017,0.454609
Honduras,HND,2018,0.514521
Honduras,HND,2019,0.51795197
Honduras,HND,2020,0.525076
Honduras,HND,2021,0.528712
Honduras,HND,2022,0.528812
Honduras,HND,2023,0.528812
Honduras,HND,2024,0.553812
Honduras,HND,2025,0.58891207
Hong Kong,HKG,2017,0.001
Hong Kong,HKG,2018,0.001
Hong Kong,HKG,2019,0.089
Hong Kong,HKG,2020,0.091
Hong Kong,HKG,2021,0.095341004
Hong Kong,HKG,2022,0.1848
Hong Kong,HKG,2023,0.33310002
Hong Kong,HKG,2024,0.405
Hong Kong,HKG,2025,0.421
Hungary,HUN,2007,0.00040000002
Hungary,HUN,2008,0.001
Hungary,HUN,2009,0.001
Hungary,HUN,2010,0.002
Hungary,HUN,2011,0.004
Hungary,HUN,2012,0.012
Hungary,HUN,2013,0.035
Hungary,HUN,2014,0.089
Hungary,HUN,2015,0.172
Hungary,HUN,2016,0.235
Hungary,HUN,2017,0.344
Hungary,HUN,2018,0.728
Hungary,HUN,2019,1.4
Hungary,HUN,2020,2.131
Hungary,HUN,2021,2.968
Hungary,HUN,2022,4.235
Hungary,HUN,2023,5.91
Hungary,HUN,2024,7.166
Hungary,HUN,2025,8.177
Iceland,ISL,2012,0.00064
Iceland,ISL,2013,0.00092
Iceland,ISL,2014,0.001139
Iceland,ISL,2015,0.002539
Iceland,ISL,2016,0.0035269998
Iceland,ISL,2017,0.004333
Iceland,ISL,2018,0.005275
Iceland,ISL,2019,0.007001
Iceland,ISL,2020,0.007001
Iceland,ISL,2021,0.007001
Iceland,ISL,2022,0.007037
Iceland,ISL,2023,0.0070809997
Iceland,ISL,2024,0.0070809997
Iceland,ISL,2025,0.0070809997
India,IND,2001,0.005535
India,IND,2002,0.006705
India,IND,2003,0.007885001
India,IND,2004,0.00781
India,IND,2005,0.013439001
India,IND,2006,0.011475
India,IND,2007,0.028831001
India,IND,2008,0.031453997
India,IND,2009,0.043094
India,IND,2010,0.068832
India,IND,2011,0.56928504
India,IND,2012,0.98557097
India,IND,2013,1.60282
India,IND,2014,3.7760148
India,IND,2015,5.69699
India,IND,2016,9.982136
India,IND,2017,18.256847
India,IND,2018,27.48472
India,IND,2019,35.250195
India,IND,2020,39.705452
India,IND,2021,49.978718
India,IND,2022,63.478516
India,IND,2023,73.051605
India,IND,2024,97.57622
India,IND,2025,135.5015
Indonesia,IDN,2000,0.00034099998
Indonesia,IDN,2001,0.00061299995
Indonesia,IDN,2002,0.000937
Indonesia,IDN,2003,0.001304
Indonesia,IDN,2004,0.0013329999
Indonesia,IDN,2005,0.0013860001
Indonesia,IDN,2006,0.002216
Indonesia,IDN,2007,0.005702
Indonesia,IDN,2008,0.009504
Indonesia,IDN,2009,0.013436
Indonesia,IDN,2010,0.0145809995
Indonesia,IDN,2011,0.016989
Indonesia,IDN,2012,0.026423
Indonesia,IDN,2013,0.038376
Indonesia,IDN,2014,0.041647
Indonesia,IDN,2015,0.078618
Indonesia,IDN,2016,0.088484004
Indonesia,IDN,2017,0.097407
Indonesia,IDN,2018,0.068276
Indonesia,IDN,2019,0.157802
Indonesia,IDN,2020,0.166138
Indonesia,IDN,2021,0.22093798
Indonesia,IDN,2022,0.30588698
Indonesia,IDN,2023,0.63025695
Indonesia,IDN,2024,0.940967
Indonesia,IDN,2025,1.493967
Iran,IRN,2001,0.000005
Iran,IRN,2002,0.000005
Iran,IRN,2003,0.000005
Iran,IRN,2004,0.000035
Iran,IRN,2005,0.000035
Iran,IRN,2006,0.000077
Iran,IRN,2007,0.000108
Iran,IRN,2008,0.00011
Iran,IRN,2009,0.00017300001
Iran,IRN,2010,0.000389
Iran,IRN,2011,0.00044799998
Iran,IRN,2012,0.00044799998
Iran,IRN,2013,0.000987
Iran,IRN,2014,0.009378
Iran,IRN,2015,0.009378
Iran,IRN,2016,0.043208
Iran,IRN,2017,0.18447801
Iran,IRN,2018,0.286378
Iran,IRN,2019,0.345878
Iran,IRN,2020,0.429768
Iran,IRN,2021,0.455858
Iran,IRN,2022,0.539378
Iran,IRN,2023,0.59502804
Iran,IRN,2024,0.781638
Iran,IRN,2025,1.781638
Iraq,IRQ,2013,0.0295
Iraq,IRQ,2014,0.0365
Iraq,IRQ,2015,0.0365
Iraq,IRQ,2016,0.0365
Iraq,IRQ,2017,0.0365
Iraq,IRQ,2018,0.037076
Iraq,IRQ,2019,0.037076
Iraq,IRQ,2020,0.037076
Iraq,IRQ,2021,0.037076
Iraq,IRQ,2022,0.041576
Iraq,IRQ,2023,0.041576
Iraq,IRQ,2024,0.041576
Iraq,IRQ,2025,0.063576
Ireland,IRL,2009,0.001178
Ireland,IRL,2010,0.001323
Ireland,IRL,2011,0.001506
Ireland,IRL,2012,0.0017949999
Ireland,IRL,2013,0.002111
Ireland,IRL,2014,0.003122
Ireland,IRL,2015,0.005059
Ireland,IRL,2016,0.012189999
Ireland,IRL,2017,0.030296002
Ireland,IRL,2018,0.055978
Ireland,IRL,2019,0.102196
Ireland,IRL,2020,0.16278501
Ireland,IRL,2021,0.247223
Ireland,IRL,2022,0.36209202
Ireland,IRL,2023,0.919064
Ireland,IRL,2024,1.488673
Ireland,IRL,2025,2.493673
Israel,ISR,2005,0.001
Israel,ISR,2006,0.0013
Israel,ISR,2007,0.0018
Israel,ISR,2008,0.009
Israel,ISR,2009,0.0306
Israel,ISR,2010,0.076
Israel,ISR,2011,0.1958
Israel,ISR,2012,0.2861
Israel,ISR,2013,0.4461
Israel,ISR,2014,0.6561
Israel,ISR,2015,0.79609996
Israel,ISR,2016,0.9061
Israel,ISR,2017,1.0060999
Israel,ISR,2018,1.3461
Israel,ISR,2019,2.1381001
Israel,ISR,2020,2.652
Israel,ISR,2021,3.591
Israel,ISR,2022,4.632
Israel,ISR,2023,5.516
Israel,ISR,2024,5.6054
Israel,ISR,2025,7.363
Italy,ITA,2000,0.019
Italy,ITA,2001,0.02
Italy,ITA,2002,0.022
Italy,ITA,2003,0.026
Italy,ITA,2004,0.031
Italy,ITA,2005,0.034
Italy,ITA,2006,0.045
Italy,ITA,2007,0.11
Italy,ITA,2008,0.483
Italy,ITA,2009,1.264
Italy,ITA,2010,3.59672
Italy,ITA,2011,13.041719
Italy,ITA,2012,16.65872
Italy,ITA,2013,18.03172
Italy,ITA,2014,18.440722
Italy,ITA,2015,18.74172
Italy,ITA,2016,19.11572
Italy,ITA,2017,19.504011
Italy,ITA,2018,19.916315
Italy,ITA,2019,20.624992
Italy,ITA,2020,21.358759
Italy,ITA,2021,22.285671
Italy,ITA,2022,24.559967
Italy,ITA,2023,29.356115
Italy,ITA,2024,35.441868
Italy,ITA,2025,41.187866
Jamaica,JAM,2001,0.000100000005
Jamaica,JAM,2002,0.000100000005
Jamaica,JAM,2003,0.000100000005
Jamaica,JAM,2004,0.00020000001
Jamaica,JAM,2005,0.00020000001
Jamaica,JAM,2006,0.00020000001
Jamaica,JAM,2007,0.00040000002
Jamaica,JAM,2008,0.0006
Jamaica,JAM,2009,0.0007
Jamaica,JAM,2010,0.001
Jamaica,JAM,2011,0.0015
Jamaica,JAM,2012,0.0018
Jamaica,JAM,2013,0.002106
Jamaica,JAM,2014,0.0041079996
Jamaica,JAM,2015,0.006513
Jamaica,JAM,2016,0.027513001
Jamaica,JAM,2017,0.055513002
Jamaica,JAM,2018,0.055513002
Jamaica,JAM,2019,0.107013
Jamaica,JAM,2020,0.107013
Jamaica,JAM,2021,0.108013004
Jamaica,JAM,2022,0.110063
Jamaica,JAM,2023,0.113063
Jamaica,JAM,2024,0.116573
Jamaica,JAM,2025,0.116573
Japan,JPN,2000,0.33
Japan,JPN,2001,0.453
Japan,JPN,2002,0.637
Japan,JPN,2003,0.86
Japan,JPN,2004,1.132
Japan,JPN,2005,1.422
Japan,JPN,2006,1.708
Japan,JPN,2007,1.919
Japan,JPN,2008,2.144
Japan,JPN,2009,2.627
Japan,JPN,2010,3.618
Japan,JPN,2011,4.914
Japan,JPN,2012,6.632
Japan,JPN,2013,13.599
Japan,JPN,2014,23.339
Japan,JPN,2015,34.15
Japan,JPN,2016,42.04
Japan,JPN,2017,49.49963
Japan,JPN,2018,56.16163
Japan,JPN,2019,63.192
Japan,JPN,2020,71.868
Japan,JPN,2021,78.413
Japan,JPN,2022,83.057
Japan,JPN,2023,87.068
Japan,JPN,2024,89.601
Japan,JPN,2025,92.211
Jordan,JOR,2000,0.000015
Jordan,JOR,2001,0.000015
Jordan,JOR,2002,0.000015
Jordan,JOR,2003,0.000015
Jordan,JOR,2004,0.000015
Jordan,JOR,2005,0.000015
Jordan,JOR,2006,0.000015
Jordan,JOR,2007,0.000015
Jordan,JOR,2008,0.000015
Jordan,JOR,2009,0.000015
Jordan,JOR,2010,0.000015
Jordan,JOR,2011,0.000043
Jordan,JOR,2012,0.000072999996
Jordan,JOR,2013,0.000141
Jordan,JOR,2014,0.000236
Jordan,JOR,2015,0.056766998
Jordan,JOR,2016,0.31108803
Jordan,JOR,2017,0.417538
Jordan,JOR,2018,0.760193
Jordan,JOR,2019,0.97099
Jordan,JOR,2020,1.540875
Jordan,JOR,2021,1.810825
Jordan,JOR,2022,1.965925
Jordan,JOR,2023,1.9899249
Jordan,JOR,2024,2.195125
Jordan,JOR,2025,2.195125
Kazakhstan,KAZ,2013,0.0005
Kazakhstan,KAZ,2014,0.00504
Kazakhstan,KAZ,2015,0.057056
Kazakhstan,KAZ,2016,0.057299998
Kazakhstan,KAZ,2017,0.0588
Kazakhstan,KAZ,2018,0.209
Kazakhstan,KAZ,2019,0.5417
Kazakhstan,KAZ,2020,0.9116
Kazakhstan,KAZ,2021,1.0376099
Kazakhstan,KAZ,2022,1.146232
Kazakhstan,KAZ,2023,1.2049379
Kazakhstan,KAZ,2024,1.228807
Kazakhstan,KAZ,2025,1.325267
Kenya,KEN,2005,2.4e-7
Kenya,KEN,2006,0.00000154
Kenya,KEN,2007,0.00000154
Kenya,KEN,2008,0.00015944
Kenya,KEN,2009,0.00017914
Kenya,KEN,2010,0.00019132
Kenya,KEN,2011,0.0012513399
Kenya,KEN,2012,0.0028353601
Kenya,KEN,2013,0.0058005494
Kenya,KEN,2014,0.01296391
Kenya,KEN,2015,0.026729368
Kenya,KEN,2016,0.03091964
Kenya,KEN,2017,0.036843732
Kenya,KEN,2018,0.092251986
Kenya,KEN,2019,0.10396509
Kenya,KEN,2020,0.11032346
Kenya,KEN,2021,0.17337838
Kenya,KEN,2022,0.2672135
Kenya,KEN,2023,0.47492906
Kenya,KEN,2024,0.55106956
Kenya,KEN,2025,0.55106956
Kiribati,KIR,2000,0
Kiribati,KIR,2001,0
Kiribati,KIR,2002,0
Kiribati,KIR,2003,0
Kiribati,KIR,2004,0
Kiribati,KIR,2005,0
Kiribati,KIR,2006,0
Kiribati,KIR,2007,0
Kiribati,KIR,2008,0.000017999999
Kiribati,KIR,2009,0.000017999999
Kiribati,KIR,2010,0.000017999999
Kiribati,KIR,2011,0.000017999999
Kiribati,KIR,2012,0.000017999999
Kiribati,KIR,2013,0.000027999999
Kiribati,KIR,2014,0.000038000002
Kiribati,KIR,2015,0.00095500005
Kiribati,KIR,2016,0.0015029999
Kiribati,KIR,2017,0.0015029999
Kiribati,KIR,2018,0.001833
Kiribati,KIR,2019,0.001833
Kiribati,KIR,2020,0.001833
Kiribati,KIR,2021,0.001833
Kiribati,KIR,2022,0.001816
Kiribati,KIR,2023,0.0040929997
Kiribati,KIR,2024,0.0040929997
Kiribati,KIR,2025,0.0040929997
Kosovo,OWID_KOS,2015,0.000102
Kosovo,OWID_KOS,2016,0.0019500001
Kosovo,OWID_KOS,2017,0.0066020004
Kosovo,OWID_KOS,2018,0.0066020004
Kosovo,OWID_KOS,2019,0.01
Kosovo,OWID_KOS,2020,0.01
Kosovo,OWID_KOS,2021,0.014148
Kosovo,OWID_KOS,2022,0.014148
Kosovo,OWID_KOS,2023,0.014148
Kosovo,OWID_KOS,2024,0.023733
Kosovo,OWID_KOS,2025,0.024933001
Kuwait,KWT,2011,0.000007
Kuwait,KWT,2012,0.000007
Kuwait,KWT,2013,0.000114
Kuwait,KWT,2014,0.003549
Kuwait,KWT,2015,0.0046809996
Kuwait,KWT,2016,0.022009
Kuwait,KWT,2017,0.022924
Kuwait,KWT,2018,0.033984
Kuwait,KWT,2019,0.084259
Kuwait,KWT,2020,0.084259
Kuwait,KWT,2021,0.084259
Kuwait,KWT,2022,0.101662
Kuwait,KWT,2023,0.101662
Kuwait,KWT,2024,0.101662
Kuwait,KWT,2025,0.101662
Kyrgyzstan,KGZ,2023,0.00008
Kyrgyzstan,KGZ,2024,0.00008
Kyrgyzstan,KGZ,2025,0.10008
Laos,LAO,2003,0.000100000005
Laos,LAO,2004,0.000100000005
Laos,LAO,2005,0.000100000005
Laos,LAO,2006,0.000100000005
Laos,LAO,2007,0.000102
Laos,LAO,2008,0.000107
Laos,LAO,2009,0.000108
Laos,LAO,2010,0.000154
Laos,LAO,2011,0.000155
Laos,LAO,2012,0.000155
Laos,LAO,2013,0.000608
Laos,LAO,2014,0.001657
Laos,LAO,2015,0.002445
Laos,LAO,2016,0.00269
Laos,LAO,2017,0.008762
Laos,LAO,2018,0.034244
Laos,LAO,2019,0.033825003
Laos,LAO,2020,0.044054
Laos,LAO,2021,0.058083
Laos,LAO,2022,0.058083
Laos,LAO,2023,0.058101002
Laos,LAO,2024,0.058101002
Laos,LAO,2025,1.0581009
Latvia,LVA,2016,0.00069
Latvia,LVA,2017,0.00069
Latvia,LVA,2018,0.001962
Latvia,LVA,2019,0.003302
Latvia,LVA,2020,0.005102
Latvia,LVA,2021,0.0071549998
Latvia,LVA,2022,0.113
Latvia,LVA,2023,0.319
Latvia,LVA,2024,0.660406
Latvia,LVA,2025,0.922406
Lebanon,LBN,2008,0.000002
Lebanon,LBN,2009,0.000002
Lebanon,LBN,2010,0.000333
Lebanon,LBN,2011,0.000473
Lebanon,LBN,2012,0.00079
Lebanon,LBN,2013,0.00186
Lebanon,LBN,2014,0.0045
Lebanon,LBN,2015,0.0112
Lebanon,LBN,2016,0.0244
Lebanon,LBN,2017,0.037
Lebanon,LBN,2018,0.0562
Lebanon,LBN,2019,0.078
Lebanon,LBN,2020,0.0923
Lebanon,LBN,2021,0.2063
Lebanon,LBN,2022,0.8693
Lebanon,LBN,2023,1.0813
Lebanon,LBN,2024,1.0813
Lebanon,LBN,2025,1.5051811
Lesotho,LSO,2013,0.00043762499
Lesotho,LSO,2014,0.00043762499
Lesotho,LSO,2015,0.00043762499
Lesotho,LSO,2016,0.000438595
Lesotho,LSO,2017,0.000438595
Lesotho,LSO,2018,0.00037357
Lesotho,LSO,2019,0.00059852004
Lesotho,LSO,2020,0.00060530996
Lesotho,LSO,2021,0.00056971004
Lesotho,LSO,2022,0.00073951
Lesotho,LSO,2023,0.02879459
Lesotho,LSO,2024,0.02879459
Lesotho,LSO,2025,0.02879459
Liberia,LBR,2011,0.000017580001
Liberia,LBR,2012,0.000017580001
Liberia,LBR,2013,0.000017580001
Liberia,LBR,2014,0.00010858
Liberia,LBR,2015,0.00013283
Liberia,LBR,2016,0.00036190997
Liberia,LBR,2017,0.00073131
Liberia,LBR,2018,0.00111303
Liberia,LBR,2019,0.00155274
Liberia,LBR,2020,0.00244047
Liberia,LBR,2021,0.00283639
Liberia,LBR,2022,0.00345913
Liberia,LBR,2023,0.00368611
Liberia,LBR,2024,0.00369096
Liberia,LBR,2025,0.00369096
Libya,LBY,2003,0.00020000001
Libya,LBY,2004,0.0007
Libya,LBY,2005,0.0012
Libya,LBY,2006,0.0017
Libya,LBY,2007,0.0022
Libya,LBY,2008,0.0027
Libya,LBY,2009,0.0032000002
Libya,LBY,2010,0.0037
Libya,LBY,2011,0.0042
Libya,LBY,2012,0.0049
Libya,LBY,2013,0.0049
Libya,LBY,2014,0.0049
Libya,LBY,2015,0.0049
Libya,LBY,2016,0.0049
Libya,LBY,2017,0.0051100003
Libya,LBY,2018,0.0051100003
Libya,LBY,2019,0.0051100003
Libya,LBY,2020,0.005111
Libya,LBY,2021,0.006333
Libya,LBY,2022,0.006333
Libya,LBY,2023,0.008333
Libya,LBY,2024,0.008333
Libya,LBY,2025,0.009473001
Lithuania,LTU,2008,0.000100000005
Lithuania,LTU,2009,0.000100000005
Lithuania,LTU,2010,0.000100000005
Lithuania,LTU,2011,0.0003
Lithuania,LTU,2012,0.007
Lithuania,LTU,2013,0.065654
Lithuania,LTU,2014,0.066606
Lithuania,LTU,2015,0.066606
Lithuania,LTU,2016,0.067541
Lithuania,LTU,2017,0.074916
Lithuania,LTU,2018,0.089086995
Lithuania,LTU,2019,0.130013
Lithuania,LTU,2020,0.24449499
Lithuania,LTU,2021,0.42188102
Lithuania,LTU,2022,0.738468
Lithuania,LTU,2023,1.329558
Lithuania,LTU,2024,2.575
Lithuania,LTU,2025,3.295
Low-income countries,OWID_LIC,2000,0.00071825006
Low-income countries,OWID_LIC,2001,0.00134525
Low-income countries,OWID_LIC,2002,0.0019652501
Low-income countries,OWID_LIC,2003,0.0028842501
Low-income countries,OWID_LIC,2004,0.00397121
Low-income countries,OWID_LIC,2005,0.00495157
Low-income countries,OWID_LIC,2006,0.00611594
Low-income countries,OWID_LIC,2007,0.007885414
Low-income countries,OWID_LIC,2008,0.009235333
Low-income countries,OWID_LIC,2009,0.00988503
Low-income countries,OWID_LIC,2010,0.012219763
Low-income countries,OWID_LIC,2011,0.015523504
Low-income countries,OWID_LIC,2012,0.04023564
Low-income countries,OWID_LIC,2013,0.06208538
Low-income countries,OWID_LIC,2014,0.099607766
Low-income countries,OWID_LIC,2015,0.17737631
Low-income countries,OWID_LIC,2016,0.24251725
Low-income countries,OWID_LIC,2017,0.35165298
Low-income countries,OWID_LIC,2018,0.6182573
Low-income countries,OWID_LIC,2019,0.7531619
Low-income countries,OWID_LIC,2020,0.9125209
Low-income countries,OWID_LIC,2021,1.1049305
Low-income countries,OWID_LIC,2022,1.6807723
Low-income countries,OWID_LIC,2023,2.680047
Low-income countries,OWID_LIC,2024,3.5338626
Low-income countries,OWID_LIC,2025,4.373162
Lower-middle-income countries,OWID_LMC,2000,0.009358
Lower-middle-income countries,OWID_LMC,2001,0.016912
Lower-middle-income countries,OWID_LMC,2002,0.0197312
Lower-middle-income countries,OWID_LMC,2003,0.023137199
Lower-middle-income countries,OWID_LMC,2004,0.025063
Lower-middle-income countries,OWID_LMC,2005,0.03378904
Lower-middle-income countries,OWID_LMC,2006,0.034911837
Lower-middle-income countries,OWID_LMC,2007,0.05825584
Lower-middle-income countries,OWID_LMC,2008,0.06882474
Lower-middle-income countries,OWID_LMC,2009,0.09757879
Lower-middle-income countries,OWID_LMC,2010,0.18353087
Lower-middle-income countries,OWID_LMC,2011,0.7845023
Lower-middle-income countries,OWID_LMC,2012,1.2644273
Lower-middle-income countries,OWID_LMC,2013,2.0044541
Lower-middle-income countries,OWID_LMC,2014,4.318909
Lower-middle-income countries,OWID_LMC,2015,7.0383787
Lower-middle-income countries,OWID_LMC,2016,11.807973
Lower-middle-income countries,OWID_LMC,2017,20.615547
Lower-middle-income countries,OWID_LMC,2018,31.476357
Lower-middle-income countries,OWID_LMC,2019,40.69215
Lower-middle-income countries,OWID_LMC,2020,45.955555
Lower-middle-income countries,OWID_LMC,2021,57.541626
Lower-middle-income countries,OWID_LMC,2022,73.51259
Lower-middle-income countries,OWID_LMC,2023,86.21615
Lower-middle-income countries,OWID_LMC,2024,115.83426
Lower-middle-income countries,OWID_LMC,2025,160.44656
Luxembourg,LUX,2001,0.00016
Luxembourg,LUX,2002,0.001593
Luxembourg,LUX,2003,0.01417
Luxembourg,LUX,2004,0.023561
Luxembourg,LUX,2005,0.023583
Luxembourg,LUX,2006,0.023696
Luxembourg,LUX,2007,0.023934
Luxembourg,LUX,2008,0.024562
Luxembourg,LUX,2009,0.026357
Luxembourg,LUX,2010,0.029451
Luxembourg,LUX,2011,0.040666
Luxembourg,LUX,2012,0.074654
Luxembourg,LUX,2013,0.095021
Luxembourg,LUX,2014,0.109933
Luxembourg,LUX,2015,0.116272
Luxembourg,LUX,2016,0.121896006
Luxembourg,LUX,2017,0.128103
Luxembourg,LUX,2018,0.130624
Luxembourg,LUX,2019,0.159736
Luxembourg,LUX,2020,0.186643
Luxembourg,LUX,2021,0.277161
Luxembourg,LUX,2022,0.316634
Luxembourg,LUX,2023,0.394
Luxembourg,LUX,2024,0.547867
Luxembourg,LUX,2025,0.77386695
Madagascar,MDG,2006,0.000002
Madagascar,MDG,2007,0.000002
Madagascar,MDG,2008,0.000004
Madagascar,MDG,2009,0.000004
Madagascar,MDG,2010,0.000008239999
Madagascar,MDG,2011,0.000008239999
Madagascar,MDG,2012,0.00025823998
Madagascar,MDG,2013,0.00027651998
Madagascar,MDG,2014,0.00027651998
Madagascar,MDG,2015,0.00044242002
Madagascar,MDG,2016,0.00124752
Madagascar,MDG,2017,0.0017859499
Madagascar,MDG,2018,0.02200355
Madagascar,MDG,2019,0.022997981
Madagascar,MDG,2020,0.02428937
Madagascar,MDG,2021,0.02415814
Madagascar,MDG,2022,0.05295892
Madagascar,MDG,2023,0.057808097
Madagascar,MDG,2024,0.0591428
Madagascar,MDG,2025,0.0631428
Malawi,MWI,2000,0.00021825
Malawi,MWI,2001,0.00021825
Malawi,MWI,2002,0.00021825
Malawi,MWI,2003,0.00021825
Malawi,MWI,2004,0.00021825
Malawi,MWI,2005,0.0000705
Malawi,MWI,2006,0.0000705
Malawi,MWI,2007,0.0000705
Malawi,MWI,2008,0.0000705
Malawi,MWI,2009,0.0000705
Malawi,MWI,2010,0.0000705
Malawi,MWI,2011,0.00007826
Malawi,MWI,2012,0.0000855
Malawi,MWI,2013,0.000929025
Malawi,MWI,2014,0.000945
Malawi,MWI,2015,0.0010522649
Malawi,MWI,2016,0.0012064399
Malawi,MWI,2017,0.001641925
Malawi,MWI,2018,0.0017281051
Malawi,MWI,2019,0.001846565
Malawi,MWI,2020,0.003346235
Malawi,MWI,2021,0.06340127
Malawi,MWI,2022,0.10472777
Malawi,MWI,2023,0.10472777
Malawi,MWI,2024,0.10489503
Malawi,MWI,2025,0.10489503
Malaysia,MYS,2007,0.00045
Malaysia,MYS,2008,0.00054000004
Malaysia,MYS,2009,0.00054000004
Malaysia,MYS,2010,0.00054000004
Malaysia,MYS,2011,0.000544
Malaysia,MYS,2012,0.026324
Malaysia,MYS,2013,0.115563996
Malaysia,MYS,2014,0.171408
Malaysia,MYS,2015,0.222305
Malaysia,MYS,2016,0.28719997
Malaysia,MYS,2017,0.330879
Malaysia,MYS,2018,0.481159
Malaysia,MYS,2019,0.82927
Malaysia,MYS,2020,1.482946
Malaysia,MYS,2021,1.582953
Malaysia,MYS,2022,2.130686
Malaysia,MYS,2023,2.4171932
Malaysia,MYS,2024,3.073637
Malaysia,MYS,2025,3.073637
Maldives,MDV,2005,0.000012
Maldives,MDV,2006,0.000052
Maldives,MDV,2007,0.000071999995
Maldives,MDV,2008,0.000074
Maldives,MDV,2009,0.00014399999
Maldives,MDV,2010,0.000166
Maldives,MDV,2011,0.000184
Maldives,MDV,2012,0.001324
Maldives,MDV,2013,0.0017530001
Maldives,MDV,2014,0.003882
Maldives,MDV,2015,0.004799
Maldives,MDV,2016,0.0074879997
Maldives,MDV,2017,0.010791
Maldives,MDV,2018,0.016478
Maldives,MDV,2019,0.029
Maldives,MDV,2020,0.039
Maldives,MDV,2021,0.04
Maldives,MDV,2022,0.052
Maldives,MDV,2023,0.055
Maldives,MDV,2024,0.0685
Maldives,MDV,2025,0.074714
Mali,MLI,2007,0.0000018
Mali,MLI,2008,0.0000867
Mali,MLI,2009,0.0000877
Mali,MLI,2010,0.0004703
Mali,MLI,2011,0.0009663
Mali,MLI,2012,0.0013427
Mali,MLI,2013,0.0033342
Mali,MLI,2014,0.0043056402
Mali,MLI,2015,0.006302711
Mali,MLI,2016,0.007081624
Mali,MLI,2017,0.009548981
Mali,MLI,2018,0.010043342
Mali,MLI,2019,0.011078171
Mali,MLI,2020,0.06154494
Mali,MLI,2021,0.092546105
Mali,MLI,2022,0.09700145
Mali,MLI,2023,0.09700145
Mali,MLI,2024,0.13653682
Mali,MLI,2025,0.13653682
Malta,MLT,2005,0.000100000005
Malta,MLT,2006,0.000100000005
Malta,MLT,2007,0.000100000005
Malta,MLT,2008,0.00020000001
Malta,MLT,2009,0.0009
Malta,MLT,2010,0.00080000004
Malta,MLT,2011,0.0053000003
Malta,MLT,2012,0.0157
Malta,MLT,2013,0.027516998
Malta,MLT,2014,0.053608
Malta,MLT,2015,0.073802
Malta,MLT,2016,0.091608
Malta,MLT,2017,0.10877
Malta,MLT,2018,0.128893
Malta,MLT,2019,0.151181
Malta,MLT,2020,0.179907
Malta,MLT,2021,0.194369
Malta,MLT,2022,0.209639
Malta,MLT,2023,0.22610901
Malta,MLT,2024,0.238046
Malta,MLT,2025,0.249546
Marshall Islands,MHL,2000,0.00004
Marshall Islands,MHL,2001,0.00004
Marshall Islands,MHL,2002,0.00004
Marshall Islands,MHL,2003,0.00004
Marshall Islands,MHL,2004,0.00007
Marshall Islands,MHL,2005,0.00007
Marshall Islands,MHL,2006,0.00007
Marshall Islands,MHL,2007,0.00007
Marshall Islands,MHL,2008,0.00015
Marshall Islands,MHL,2009,0.00026499998
Marshall Islands,MHL,2010,0.000315
Marshall Islands,MHL,2011,0.000315
Marshall Islands,MHL,2012,0.000412
Marshall Islands,MHL,2013,0.000592
Marshall Islands,MHL,2014,0.001025
Marshall Islands,MHL,2015,0.001025
Marshall Islands,MHL,2016,0.001625
Marshall Islands,MHL,2017,0.0016849999
Marshall Islands,MHL,2018,0.001701
Marshall Islands,MHL,2019,0.001701
Marshall Islands,MHL,2020,0.001701
Marshall Islands,MHL,2021,0.001701
Marshall Islands,MHL,2022,0.0017690001
Marshall Islands,MHL,2023,0.0018829999
Marshall Islands,MHL,2024,0.003183
Marshall Islands,MHL,2025,0.003183
Martinique,MTQ,2006,0.0025
Martinique,MTQ,2007,0.004
Martinique,MTQ,2008,0.0073
Martinique,MTQ,2009,0.0142
Martinique,MTQ,2010,0.0264
Martinique,MTQ,2011,0.048
Martinique,MTQ,2012,0.06
Martinique,MTQ,2013,0.062
Martinique,MTQ,2014,0.0625
Martinique,MTQ,2015,0.065400004
Martinique,MTQ,2016,0.0669
Martinique,MTQ,2017,0.0684
Martinique,MTQ,2018,0.071
Martinique,MTQ,2019,0.075846
Martinique,MTQ,2020,0.076634005
Martinique,MTQ,2021,0.0894
Martinique,MTQ,2022,0.096029
Martinique,MTQ,2023,0.10417101
Martinique,MTQ,2024,0.115338005
Martinique,MTQ,2025,0.12245
Mauritania,MRT,2013,0.018
Mauritania,MRT,2014,0.018151
Mauritania,MRT,2015,0.018166
Mauritania,MRT,2016,0.034766
Mauritania,MRT,2017,0.034766
Mauritania,MRT,2018,0.086846
Mauritania,MRT,2019,0.087509006
Mauritania,MRT,2020,0.087509006
Mauritania,MRT,2021,0.087509006
Mauritania,MRT,2022,0.089009
Mauritania,MRT,2023,0.123009
Mauritania,MRT,2024,0.157009
Mauritania,MRT,2025,0.1690088
Mauritius,MUS,2012,0.0014500001
Mauritius,MUS,2013,0.00246
Mauritius,MUS,2014,0.01753857
Mauritius,MUS,2015,0.0183687
Mauritius,MUS,2016,0.024729999
Mauritius,MUS,2017,0.02947
Mauritius,MUS,2018,0.07318
Mauritius,MUS,2019,0.099615
Mauritius,MUS,2020,0.11089499
Mauritius,MUS,2021,0.116475
Mauritius,MUS,2022,0.116475
Mauritius,MUS,2023,0.140315
Mauritius,MUS,2024,0.15511501
Mauritius,MUS,2025,0.15519999
Mayotte,MYT,2008,0.000512
Mayotte,MYT,2009,0.001809
Mayotte,MYT,2010,0.008344
Mayotte,MYT,2011,0.0124429995
Mayotte,MYT,2012,0.013068
Mayotte,MYT,2013,0.013138
Mayotte,MYT,2014,0.013235
Mayotte,MYT,2015,0.013326
Mayotte,MYT,2016,0.013326
Mayotte,MYT,2017,0.015146
Mayotte,MYT,2018,0.015734
Mayotte,MYT,2019,0.016812999
Mayotte,MYT,2020,0.018567
Mayotte,MYT,2021,0.030034
Mayotte,MYT,2022,0.030034
Mayotte,MYT,2023,0.031234
Mayotte,MYT,2024,0.031234
Mayotte,MYT,2025,0.031234
Mexico,MEX,2000,0.014
Mexico,MEX,2001,0.015
Mexico,MEX,2002,0.016
Mexico,MEX,2003,0.016
Mexico,MEX,2004,0.016
Mexico,MEX,2005,0.016
Mexico,MEX,2006,0.016
Mexico,MEX,2007,0.019
Mexico,MEX,2008,0.019
Mexico,MEX,2009,0.02515
Mexico,MEX,2010,0.02981
Mexico,MEX,2011,0.042400002
Mexico,MEX,2012,0.0728
Mexico,MEX,2013,0.109
Mexico,MEX,2014,0.17434
Mexico,MEX,2015,0.295
Mexico,MEX,2016,0.606
Mexico,MEX,2017,1.072
Mexico,MEX,2018,2.769805
Mexico,MEX,2019,6.247084
Mexico,MEX,2020,7.1575737
Mexico,MEX,2021,8.926916
Mexico,MEX,2022,9.355813
Mexico,MEX,2023,10.909793
Mexico,MEX,2024,11.992133
Mexico,MEX,2025,12.929483
Micronesia (country),FSM,2000,0.000100000005
Micronesia (country),FSM,2001,0.000100000005
Micronesia (country),FSM,2002,0.000100000005
Micronesia (country),FSM,2003,0.000100000005
Micronesia (country),FSM,2004,0.000100000005
Micronesia (country),FSM,2005,0.000100000005
Micronesia (country),FSM,2006,0.000100000005
Micronesia (country),FSM,2007,0.00018
Micronesia (country),FSM,2008,0.000183
Micronesia (country),FSM,2009,0.00035800002
Micronesia (country),FSM,2010,0.00035800002
Micronesia (country),FSM,2011,0.00035800002
Micronesia (country),FSM,2012,0.00035800002
Micronesia (country),FSM,2013,0.000433
Micronesia (country),FSM,2014,0.00088199996
Micronesia (country),FSM,2015,0.00088199996
Micronesia (country),FSM,2016,0.0037820002
Micronesia (country),FSM,2017,0.0037820002
Micronesia (country),FSM,2018,0.004541
Micronesia (country),FSM,2019,0.005216
Micronesia (country),FSM,2020,0.007216
Micronesia (country),FSM,2021,0.007216
Micronesia (country),FSM,2022,0.007216
Micronesia (country),FSM,2023,0.007216
Micronesia (country),FSM,2024,0.007151
Micronesia (country),FSM,2025,0.007151
Moldova,MDA,2014,0.001
Moldova,MDA,2015,0.001
Moldova,MDA,2016,0.002
Moldova,MDA,2017,0.002
Moldova,MDA,2018,0.003
Moldova,MDA,2019,0.005
Moldova,MDA,2020,0.0043
Moldova,MDA,2021,0.014475999
Moldova,MDA,2022,0.06013
Moldova,MDA,2023,0.20061
Moldova,MDA,2024,0.39970002
Moldova,MDA,2025,0.71056
Mongolia,MNG,2000,0.000255
Mongolia,MNG,2001,0.00051
Mongolia,MNG,2002,0.000765
Mongolia,MNG,2003,0.00122
Mongolia,MNG,2004,0.001475
Mongolia,MNG,2005,0.00173
Mongolia,MNG,2006,0.0020150002
Mongolia,MNG,2007,0.0023
Mongolia,MNG,2008,0.0064299996
Mongolia,MNG,2009,0.006715
Mongolia,MNG,2010,0.011585
Mongolia,MNG,2011,0.012878
Mongolia,MNG,2012,0.013163
Mongolia,MNG,2013,0.013596
Mongolia,MNG,2014,0.013596
Mongolia,MNG,2015,0.013596
Mongolia,MNG,2016,0.023596
Mongolia,MNG,2017,0.056296
Mongolia,MNG,2018,0.072795995
Mongolia,MNG,2019,0.09779601
Mongolia,MNG,2020,0.103167996
Mongolia,MNG,2021,0.103368
Mongolia,MNG,2022,0.103397995
Mongolia,MNG,2023,0.108398
Mongolia,MNG,2024,0.143198
Mongolia,MNG,2025,0.189198
Montenegro,MNE,2020,0.00257
Montenegro,MNE,2021,0.00257
Montenegro,MNE,2022,0.00287
Montenegro,MNE,2023,0.017299999
Montenegro,MNE,2024,0.0637
Montenegro,MNE,2025,0.0997
Montserrat,MSR,2019,0.00025
Montserrat,MSR,2020,0.00025
Montserrat,MSR,2021,0.001
Montserrat,MSR,2022,0.001
Montserrat,MSR,2023,0.001018
Montserrat,MSR,2024,0.001018
Montserrat,MSR,2025,0.001018
Morocco,MAR,2000,0.0067
Morocco,MAR,2001,0.007
Morocco,MAR,2002,0.0077
Morocco,MAR,2003,0.0084
Morocco,MAR,2004,0.0091
Morocco,MAR,2005,0.01
Morocco,MAR,2006,0.0108
Morocco,MAR,2007,0.011945
Morocco,MAR,2008,0.012845
Morocco,MAR,2009,0.013444999
Morocco,MAR,2010,0.033545
Morocco,MAR,2011,0.034174
Morocco,MAR,2012,0.035174
Morocco,MAR,2013,0.035174
Morocco,MAR,2014,0.0396
Morocco,MAR,2015,0.1998
Morocco,MAR,2016,0.20187
Morocco,MAR,2017,0.203895
Morocco,MAR,2018,0.733895
Morocco,MAR,2019,0.733903
Morocco,MAR,2020,0.774
Morocco,MAR,2021,0.854
Morocco,MAR,2022,0.854
Morocco,MAR,2023,0.854
Morocco,MAR,2024,0.951
Morocco,MAR,2025,1.086
Mozambique,MOZ,2010,3.9e-8
Mozambique,MOZ,2011,3.9e-8
Mozambique,MOZ,2012,3.9e-8
Mozambique,MOZ,2013,0.002721839
Mozambique,MOZ,2014,0.0028366388
Mozambique,MOZ,2015,0.002975639
Mozambique,MOZ,2016,0.004032079
Mozambique,MOZ,2017,0.004466589
Mozambique,MOZ,2018,0.004811409
Mozambique,MOZ,2019,0.04789557
Mozambique,MOZ,2020,0.05496642
Mozambique,MOZ,2021,0.06335193
Mozambique,MOZ,2022,0.11487756
Mozambique,MOZ,2023,0.1618306
Mozambique,MOZ,2024,0.17538409
Mozambique,MOZ,2025,0.17538409
Myanmar,MMR,2007,0.000100000005
Myanmar,MMR,2008,0.000100000005
Myanmar,MMR,2009,0.00020000001
Myanmar,MMR,2010,0.00040000002
Myanmar,MMR,2011,0.0014
Myanmar,MMR,2012,0.0028
Myanmar,MMR,2013,0.004209
Myanmar,MMR,2014,0.006271
Myanmar,MMR,2015,0.020819
Myanmar,MMR,2016,0.032008
Myanmar,MMR,2017,0.043780997
Myanmar,MMR,2018,0.047542
Myanmar,MMR,2019,0.08848199
Myanmar,MMR,2020,0.084496
Myanmar,MMR,2021,0.110447
Myanmar,MMR,2022,0.181
Myanmar,MMR,2023,0.181
Myanmar,MMR,2024,0.216
Myanmar,MMR,2025,0.24
Namibia,NAM,2002,0.000121200006
Namibia,NAM,2003,0.00026519998
Namibia,NAM,2004,0.000348
Namibia,NAM,2005,0.00053280004
Namibia,NAM,2006,0.0008028
Namibia,NAM,2007,0.0008028
Namibia,NAM,2008,0.0008028
Namibia,NAM,2009,0.0008028
Namibia,NAM,2010,0.0008028
Namibia,NAM,2011,0.0010413
Namibia,NAM,2012,0.00143891
Namibia,NAM,2013,0.0022559098
Namibia,NAM,2014,0.0037179098
Namibia,NAM,2015,0.01464491
Namibia,NAM,2016,0.02695964
Namibia,NAM,2017,0.0667609
Namibia,NAM,2018,0.12303466
Namibia,NAM,2019,0.18697612
Namibia,NAM,2020,0.18746546
Namibia,NAM,2021,0.19007592
Namibia,NAM,2022,0.24549945
Namibia,NAM,2023,0.23956646
Namibia,NAM,2024,0.23962565
Namibia,NAM,2025,0.38890964
Nauru,NRU,2006,0.00004
Nauru,NRU,2007,0.00004
Nauru,NRU,2008,0.00004
Nauru,NRU,2009,0.00004
Nauru,NRU,2010,0.00004
Nauru,NRU,2011,0.00004
Nauru,NRU,2012,0.00007
Nauru,NRU,2013,0.00021000001
Nauru,NRU,2014,0.00021000001
Nauru,NRU,2015,0.00021000001
Nauru,NRU,2016,0.00071000005
Nauru,NRU,2017,0.000711
Nauru,NRU,2018,0.00082300004
Nauru,NRU,2019,0.002476
Nauru,NRU,2020,0.002481
Nauru,NRU,2021,0.0029030002
Nauru,NRU,2022,0.003163
Nauru,NRU,2023,0.003163
Nauru,NRU,2024,0.003163
Nauru,NRU,2025,0.009163
Nepal,NPL,2000,0.000028
Nepal,NPL,2001,0.000291
Nepal,NPL,2002,0.000637
Nepal,NPL,2003,0.00104
Nepal,NPL,2004,0.0014450001
Nepal,NPL,2005,0.00185
Nepal,NPL,2006,0.001752
Nepal,NPL,2007,0.001568
Nepal,NPL,2008,0.002008
Nepal,NPL,2009,0.0037739999
Nepal,NPL,2010,0.0042919996
Nepal,NPL,2011,0.008476
Nepal,NPL,2012,0.009253
Nepal,NPL,2013,0.0108320005
Nepal,NPL,2014,0.01155
Nepal,NPL,2015,0.013421001
Nepal,NPL,2016,0.013684
Nepal,NPL,2017,0.054817002
Nepal,NPL,2018,0.055849
Nepal,NPL,2019,0.054515
Nepal,NPL,2020,0.064537
Nepal,NPL,2021,0.090165004
Nepal,NPL,2022,0.112285
Nepal,NPL,2023,0.115017995
Nepal,NPL,2024,0.17104
Nepal,NPL,2025,0.213365
Netherlands,NLD,2000,0.013
Netherlands,NLD,2001,0.021
Netherlands,NLD,2002,0.026
Netherlands,NLD,2003,0.046
Netherlands,NLD,2004,0.05
Netherlands,NLD,2005,0.051
Netherlands,NLD,2006,0.053
Netherlands,NLD,2007,0.054
Netherlands,NLD,2008,0.059
Netherlands,NLD,2009,0.069
Netherlands,NLD,2010,0.09
Netherlands,NLD,2011,0.149
Netherlands,NLD,2012,0.287
Netherlands,NLD,2013,0.65
Netherlands,NLD,2014,1.007
Netherlands,NLD,2015,1.5262591
Netherlands,NLD,2016,2.135021
Netherlands,NLD,2017,2.910892
Netherlands,NLD,2018,4.608
Netherlands,NLD,2019,7.2275953
Netherlands,NLD,2020,11.110023
Netherlands,NLD,2021,14.82288
Netherlands,NLD,2022,17.356464
Netherlands,NLD,2023,21.956636
Netherlands,NLD,2024,24.77166
Netherlands,NLD,2025,25.878
New Caledonia,NCL,2005,0.000056
New Caledonia,NCL,2006,0.000056
New Caledonia,NCL,2007,0.000056
New Caledonia,NCL,2008,0.000056
New Caledonia,NCL,2009,0.000056
New Caledonia,NCL,2010,0.002156
New Caledonia,NCL,2011,0.002688
New Caledonia,NCL,2012,0.002688
New Caledonia,NCL,2013,0.002688
New Caledonia,NCL,2014,0.0029359998
New Caledonia,NCL,2015,0.006293
New Caledonia,NCL,2016,0.009589
New Caledonia,NCL,2017,0.026734
New Caledonia,NCL,2018,0.059954
New Caledonia,NCL,2019,0.103554
New Caledonia,NCL,2020,0.124518
New Caledonia,NCL,2021,0.174728
New Caledonia,NCL,2022,0.209728
New Caledonia,NCL,2023,0.21471299
New Caledonia,NCL,2024,0.21471299
New Caledonia,NCL,2025,0.218713
New Zealand,NZL,2007,0.003
New Zealand,NZL,2008,0.003
New Zealand,NZL,2009,0.003
New Zealand,NZL,2010,0.003
New Zealand,NZL,2011,0.003
New Zealand,NZL,2012,0.004
New Zealand,NZL,2013,0.009
New Zealand,NZL,2014,0.022
New Zealand,NZL,2015,0.037
New Zealand,NZL,2016,0.053
New Zealand,NZL,2017,0.07062
New Zealand,NZL,2018,0.091308
New Zealand,NZL,2019,0.114649005
New Zealand,NZL,2020,0.14539
New Zealand,NZL,2021,0.19222799
New Zealand,NZL,2022,0.262708
New Zealand,NZL,2023,0.374991
New Zealand,NZL,2024,0.567871
New Zealand,NZL,2025,0.825871
Nicaragua,NIC,2013,0
Nicaragua,NIC,2014,0.00138
Nicaragua,NIC,2015,0.00138
Nicaragua,NIC,2016,0.00138
Nicaragua,NIC,2017,0.01396
Nicaragua,NIC,2018,0.01396
Nicaragua,NIC,2019,0.01636
Nicaragua,NIC,2020,0.01636
Nicaragua,NIC,2021,0.016290002
Nicaragua,NIC,2022,0.017385
Nicaragua,NIC,2023,0.018489
Nicaragua,NIC,2024,0.041879
Nicaragua,NIC,2025,0.110879
Niger,NER,2000,0.0005
Niger,NER,2001,0.0011
Niger,NER,2002,0.0017
Niger,NER,2003,0.0024
Niger,NER,2004,0.0032000002
Niger,NER,2005,0.0042
Niger,NER,2006,0.0053000003
Niger,NER,2007,0.0064000003
Niger,NER,2008,0.0064000003
Niger,NER,2009,0.0064000003
Niger,NER,2010,0.0064054998
Niger,NER,2011,0.0064054998
Niger,NER,2012,0.0064054998
Niger,NER,2013,0.00641075
Niger,NER,2014,0.0064528
Niger,NER,2015,0.0064566997
Niger,NER,2016,0.00662573
Niger,NER,2017,0.00684655
Niger,NER,2018,0.013945119
Niger,NER,2019,0.01410044
Niger,NER,2020,0.014690849
Niger,NER,2021,0.01455505
Niger,NER,2022,0.04995372
Niger,NER,2023,0.08289762
Niger,NER,2024,0.082904704
Niger,NER,2025,0.082904704
Nigeria,NGA,2006,0.0001685
Nigeria,NGA,2007,0.0001685
Nigeria,NGA,2008,0.0001685
Nigeria,NGA,2009,0.00053658
Nigeria,NGA,2010,0.0005505
Nigeria,NGA,2011,0.00059533
Nigeria,NGA,2012,0.0017206201
Nigeria,NGA,2013,0.0024733501
Nigeria,NGA,2014,0.0041553997
Nigeria,NGA,2015,0.01568181
Nigeria,NGA,2016,0.021179419
Nigeria,NGA,2017,0.027086
Nigeria,NGA,2018,0.0311318
Nigeria,NGA,2019,0.05035915
Nigeria,NGA,2020,0.07524683
Nigeria,NGA,2021,0.098172575
Nigeria,NGA,2022,0.13095556
Nigeria,NGA,2023,0.17124823
Nigeria,NGA,2024,0.23310523
Nigeria,NGA,2025,0.28453597
Niue,NIU,2009,0.000055
Niue,NIU,2010,0.000055
Niue,NIU,2011,0.000055
Niue,NIU,2012,0.000055
Niue,NIU,2013,0.000055
Niue,NIU,2014,0.00034099998
Niue,NIU,2015,0.00034099998
Niue,NIU,2016,0.00034099998
Niue,NIU,2017,0.00034099998
Niue,NIU,2018,0.00034099998
Niue,NIU,2019,0.000941
Niue,NIU,2020,0.000941
Niue,NIU,2021,0.000941
Niue,NIU,2022,0.000941
Niue,NIU,2023,0.000941
Niue,NIU,2024,0.0018150001
Niue,NIU,2025,0.0018150001
North America,OWID_NAM,2000,0.6113443
North America,OWID_NAM,2001,0.4774372
North America,OWID_NAM,2002,0.47688308
North America,OWID_NAM,2003,0.70143193
North America,OWID_NAM,2004,0.7729678
North America,OWID_NAM,2005,0.90407777
North America,OWID_NAM,2006,1.1262016
North America,OWID_NAM,2007,1.4739686
North America,OWID_NAM,2008,1.6610526
North America,OWID_NAM,2009,2.1952806
North America,OWID_NAM,2010,3.6640406
North America,OWID_NAM,2011,6.244888
North America,OWID_NAM,2012,9.531119
North America,OWID_NAM,2013,14.430091
North America,OWID_NAM,2014,19.682053
North America,OWID_NAM,2015,26.86769
North America,OWID_NAM,2016,38.78446
North America,OWID_NAM,2017,48.238358
North America,OWID_NAM,2018,58.913418
North America,OWID_NAM,2019,72.43442
North America,OWID_NAM,2020,88.83457
North America,OWID_NAM,2021,111.10962
North America,OWID_NAM,2022,130.47447
North America,OWID_NAM,2023,160.72906
North America,OWID_NAM,2024,199.73164
North America,OWID_NAM,2025,236.53172
North Korea,PRK,2001,0.000027
North Korea,PRK,2002,0.000038
North Korea,PRK,2003,0.000257
North Korea,PRK,2004,0.00033500002
North Korea,PRK,2005,0.000364
North Korea,PRK,2006,0.000417
North Korea,PRK,2007,0.000459
North Korea,PRK,2008,0.000494
North Korea,PRK,2009,0.000637
North Korea,PRK,2010,0.00095099997
North Korea,PRK,2011,0.0016900001
North Korea,PRK,2012,0.002294
North Korea,PRK,2013,0.006139
North Korea,PRK,2014,0.010958
North Korea,PRK,2015,0.022859002
North Korea,PRK,2016,0.032409
North Korea,PRK,2017,0.03631
North Korea,PRK,2018,0.049935002
North Korea,PRK,2019,0.06496701
North Korea,PRK,2020,0.078972
North Korea,PRK,2021,0.101972
North Korea,PRK,2022,0.115522
North Korea,PRK,2023,0.129187
North Korea,PRK,2024,0.142737
North Korea,PRK,2025,0.15628698
North Macedonia,MKD,2011,0.002
North Macedonia,MKD,2012,0.004
North Macedonia,MKD,2013,0.007
North Macedonia,MKD,2014,0.015
North Macedonia,MKD,2015,0.016689999
North Macedonia,MKD,2016,0.016699
North Macedonia,MKD,2017,0.016699
North Macedonia,MKD,2018,0.016699
North Macedonia,MKD,2019,0.016712999
North Macedonia,MKD,2020,0.029719999
North Macedonia,MKD,2021,0.0452
North Macedonia,MKD,2022,0.144
North Macedonia,MKD,2023,0.547742
North Macedonia,MKD,2024,0.869315
North Macedonia,MKD,2025,1.0583149
Norway,NOR,2008,0.0083
Norway,NOR,2009,0.0087
Norway,NOR,2010,0.0091
Norway,NOR,2011,0.0095
Norway,NOR,2012,0.01
Norway,NOR,2013,0.011
Norway,NOR,2014,0.013
Norway,NOR,2015,0.015
Norway,NOR,2016,0.026700001
Norway,NOR,2017,0.0449
Norway,NOR,2018,0.083697
Norway,NOR,2019,0.137118
Norway,NOR,2020,0.142573
Norway,NOR,2021,0.184733
Norway,NOR,2022,0.34102702
Norway,NOR,2023,0.63375103
Norway,NOR,2024,0.78589696
Norway,NOR,2025,0.902897
Oceania,OWID_OCE,2000,0.025959998
Oceania,OWID_OCE,2001,0.030427
Oceania,OWID_OCE,2002,0.035584
Oceania,OWID_OCE,2003,0.041144002
Oceania,OWID_OCE,2004,0.048349
Oceania,OWID_OCE,2005,0.054787997
Oceania,OWID_OCE,2006,0.064201
Oceania,OWID_OCE,2007,0.079165004
Oceania,OWID_OCE,2008,0.091941
Oceania,OWID_OCE,2009,0.33993798
Oceania,OWID_OCE,2010,1.101365
Oceania,OWID_OCE,2011,1.4413991
Oceania,OWID_OCE,2012,2.541992
Oceania,OWID_OCE,2013,3.356036
Oceania,OWID_OCE,2014,4.2076697
Oceania,OWID_OCE,2015,5.1733932
Oceania,OWID_OCE,2016,6.0618157
Oceania,OWID_OCE,2017,7.4672117
Oceania,OWID_OCE,2018,11.42143
Oceania,OWID_OCE,2019,15.822218
Oceania,OWID_OCE,2020,20.202457
Oceania,OWID_OCE,2021,24.93001
Oceania,OWID_OCE,2022,29.60583
Oceania,OWID_OCE,2023,34.04017
Oceania,OWID_OCE,2024,38.45731
Oceania,OWID_OCE,2025,43.802715
Oman,OMN,2013,0.0007
Oman,OMN,2014,0.0007
Oman,OMN,2015,0.0022050003
Oman,OMN,2016,0.0022050003
Oman,OMN,2017,0.008215
Oman,OMN,2018,0.025795
Oman,OMN,2019,0.02624
Oman,OMN,2020,0.12909
Oman,OMN,2021,0.15508999
Oman,OMN,2022,0.65509003
Oman,OMN,2023,0.67209005
Oman,OMN,2024,0.67209005
Oman,OMN,2025,1.6720899
Pakistan,PAK,2007,0.00014
Pakistan,PAK,2008,0.00114
Pakistan,PAK,2009,0.00667
Pakistan,PAK,2010,0.009256
Pakistan,PAK,2011,0.0186065
Pakistan,PAK,2012,0.04557844
Pakistan,PAK,2013,0.10039491
Pakistan,PAK,2014,0.16502905
Pakistan,PAK,2015,0.26506954
Pakistan,PAK,2016,0.58919173
Pakistan,PAK,2017,0.65447706
Pakistan,PAK,2018,0.6792382
Pakistan,PAK,2019,0.7545502
Pakistan,PAK,2020,1.0487666
Pakistan,PAK,2021,1.4335852
Pakistan,PAK,2022,2.1820896
Pakistan,PAK,2023,3.209697
Pakistan,PAK,2024,3.7171533
Pakistan,PAK,2025,3.7171533
Palau,PLW,2000,0.000004
Palau,PLW,2001,0.000004
Palau,PLW,2002,0.000004
Palau,PLW,2003,0.000004
Palau,PLW,2004,0.000004
Palau,PLW,2005,0.000032
Palau,PLW,2006,0.000032
Palau,PLW,2007,0.000032
Palau,PLW,2008,0.000282
Palau,PLW,2009,0.000282
Palau,PLW,2010,0.00029199998
Palau,PLW,2011,0.000577
Palau,PLW,2012,0.000667
Palau,PLW,2013,0.000745
Palau,PLW,2014,0.001131
Palau,PLW,2015,0.001131
Palau,PLW,2016,0.00247
Palau,PLW,2017,0.00247
Palau,PLW,2018,0.0028700002
Palau,PLW,2019,0.0026179997
Palau,PLW,2020,0.002921
Palau,PLW,2021,0.004338
Palau,PLW,2022,0.004338
Palau,PLW,2023,0.019618
Palau,PLW,2024,0.019878
Palau,PLW,2025,0.023119
Palestine,PSE,2009,0.000012
Palestine,PSE,2010,0.000012
Palestine,PSE,2011,0.000382
Palestine,PSE,2012,0.00065400003
Palestine,PSE,2013,0.000676
Palestine,PSE,2014,0.003076
Palestine,PSE,2015,0.012786
Palestine,PSE,2016,0.025816
Palestine,PSE,2017,0.035816003
Palestine,PSE,2018,0.040832
Palestine,PSE,2019,0.082915
Palestine,PSE,2020,0.118535005
Palestine,PSE,2021,0.17903501
Palestine,PSE,2022,0.193035
Palestine,PSE,2023,0.260035
Palestine,PSE,2024,0.303035
Palestine,PSE,2025,0.308395
Panama,PAN,2014,0.0024
Panama,PAN,2015,0.0427
Panama,PAN,2016,0.08853
Panama,PAN,2017,0.12678
Panama,PAN,2018,0.199112
Panama,PAN,2019,0.22463
Panama,PAN,2020,0.23506999
Panama,PAN,2021,0.498466
Panama,PAN,2022,0.52919
Panama,PAN,2023,0.646365
Panama,PAN,2024,0.743164
Panama,PAN,2025,0.973364
Papua New Guinea,PNG,2001,0.000317
Papua New Guinea,PNG,2002,0.000317
Papua New Guinea,PNG,2003,0.000317
Papua New Guinea,PNG,2004,0.000339
Papua New Guinea,PNG,2005,0.000339
Papua New Guinea,PNG,2006,0.000339
Papua New Guinea,PNG,2007,0.000339
Papua New Guinea,PNG,2008,0.000339
Papua New Guinea,PNG,2009,0.000339
Papua New Guinea,PNG,2010,0.000339
Papua New Guinea,PNG,2011,0.000339
Papua New Guinea,PNG,2012,0.000339
Papua New Guinea,PNG,2013,0.000339
Papua New Guinea,PNG,2014,0.000339
Papua New Guinea,PNG,2015,0.00087800005
Papua New Guinea,PNG,2016,0.001037
Papua New Guinea,PNG,2017,0.00109
Papua New Guinea,PNG,2018,0.0013329999
Papua New Guinea,PNG,2019,0.0019019999
Papua New Guinea,PNG,2020,0.002402
Papua New Guinea,PNG,2021,0.004061
Papua New Guinea,PNG,2022,0.003887
Papua New Guinea,PNG,2023,0.003887
Papua New Guinea,PNG,2024,0.004887
Papua New Guinea,PNG,2025,0.005987
Paraguay,PRY,2009,0.000001
Paraguay,PRY,2010,0.000001
Paraguay,PRY,2011,0.000005
Paraguay,PRY,2012,0.000005
Paraguay,PRY,2013,0.000057
Paraguay,PRY,2014,0.000057
Paraguay,PRY,2015,0.000057
Paraguay,PRY,2016,0.000057
Paraguay,PRY,2017,0.000057
Paraguay,PRY,2018,0.000057
Paraguay,PRY,2019,0.000057
Paraguay,PRY,2020,0.00015
Paraguay,PRY,2021,0.00015
Paraguay,PRY,2022,0.001166
Paraguay,PRY,2023,0.001166
Paraguay,PRY,2024,0.001166
Paraguay,PRY,2025,0.003116
Peru,PER,2000,0.00087800005
Peru,PER,2001,0.001851
Peru,PER,2002,0.002976
Peru,PER,2003,0.003537
Peru,PER,2004,0.00434
Peru,PER,2005,0.004956
Peru,PER,2006,0.0058449996
Peru,PER,2007,0.0068200002
Peru,PER,2008,0.008022
Peru,PER,2009,0.009757
Peru,PER,2010,0.012511
Peru,PER,2011,0.017539
Peru,PER,2012,0.102566004
Peru,PER,2013,0.108525
Peru,PER,2014,0.13048401
Peru,PER,2015,0.134914
Peru,PER,2016,0.146147
Peru,PER,2017,0.297863
Peru,PER,2018,0.324159
Peru,PER,2019,0.334771
Peru,PER,2020,0.334771
Peru,PER,2021,0.332286
Peru,PER,2022,0.332246
Peru,PER,2023,0.447177
Peru,PER,2024,0.527742
Peru,PER,2025,1.0157421
Philippines,PHL,2004,0.001
Philippines,PHL,2005,0.00102
Philippines,PHL,2006,0.00102
Philippines,PHL,2007,0.00102
Philippines,PHL,2008,0.00102
Philippines,PHL,2009,0.00102
Philippines,PHL,2010,0.00102
Philippines,PHL,2011,0.00112
Philippines,PHL,2012,0.0017200001
Philippines,PHL,2013,0.0028409997
Philippines,PHL,2014,0.029241001
Philippines,PHL,2015,0.174842
Philippines,PHL,2016,0.79067
Philippines,PHL,2017,0.915448
Philippines,PHL,2018,0.929516
Philippines,PHL,2019,1.002085
Philippines,PHL,2020,1.082711
Philippines,PHL,2021,1.405625
Philippines,PHL,2022,1.659937
Philippines,PHL,2023,1.801074
Philippines,PHL,2024,2.9898
Philippines,PHL,2025,3.888378
Poland,POL,2011,0.0011100001
Poland,POL,2012,0.001296
Poland,POL,2013,0.0023569998
Poland,POL,2014,0.025772998
Poland,POL,2015,0.101505
Poland,POL,2016,0.17643699
Poland,POL,2017,0.27035698
Poland,POL,2018,0.526372
Poland,POL,2019,1.4281889
Poland,POL,2020,3.656309
Poland,POL,2021,7.09054
Poland,POL,2022,11.06336
Poland,POL,2023,15.917281
Poland,POL,2024,21.721207
Poland,POL,2025,25.421207
Portugal,PRT,2000,0.001
Portugal,PRT,2001,0.001
Portugal,PRT,2002,0.001
Portugal,PRT,2003,0.002
Portugal,PRT,2004,0.002
Portugal,PRT,2005,0.002
Portugal,PRT,2006,0.003
Portugal,PRT,2007,0.024
Portugal,PRT,2008,0.059
Portugal,PRT,2009,0.115
Portugal,PRT,2010,0.134
Portugal,PRT,2011,0.17439999
Portugal,PRT,2012,0.24039999
Portugal,PRT,2013,0.29839998
Portugal,PRT,2014,0.41740003
Portugal,PRT,2015,0.452252
Portugal,PRT,2016,0.532598
Portugal,PRT,2017,0.61905104
Portugal,PRT,2018,0.717016
Portugal,PRT,2019,0.97014004
Portugal,PRT,2020,1.1905141
Portugal,PRT,2021,1.817204
Portugal,PRT,2022,2.817467
Portugal,PRT,2023,4.040001
Portugal,PRT,2024,5.8105907
Portugal,PRT,2025,6.9485908
Puerto Rico,PRI,2010,0.00454
Puerto Rico,PRI,2011,0.01827
Puerto Rico,PRI,2012,0.043509997
Puerto Rico,PRI,2013,0.073905
Puerto Rico,PRI,2014,0.078696996
Puerto Rico,PRI,2015,0.20895
Puerto Rico,PRI,2016,0.24360299
Puerto Rico,PRI,2017,0.30246302
Puerto Rico,PRI,2018,0.305402
Puerto Rico,PRI,2019,0.337031
Puerto Rico,PRI,2020,0.38104102
Puerto Rico,PRI,2021,0.487568
Puerto Rico,PRI,2022,0.639385
Puerto Rico,PRI,2023,0.955195
Puerto Rico,PRI,2024,0.962645
Puerto Rico,PRI,2025,1.3617419
Qatar,QAT,2011,0.000667
Qatar,QAT,2012,0.000667
Qatar,QAT,2013,0.002287
Qatar,QAT,2014,0.003967
Qatar,QAT,2015,0.003967
Qatar,QAT,2016,0.0050999997
Qatar,QAT,2017,0.0050999997
Qatar,QAT,2018,0.0050999997
Qatar,QAT,2019,0.0050999997
Qatar,QAT,2020,0.0050999997
Qatar,QAT,2021,0.0050999997
Qatar,QAT,2022,0.80509996
Qatar,QAT,2023,0.80509996
Qatar,QAT,2024,0.80509996
Qatar,QAT,2025,1.6801
Reunion,REU,2004,0.00026300002
Reunion,REU,2005,0.00052600005
Reunion,REU,2006,0.003
Reunion,REU,2007,0.0058000004
Reunion,REU,2008,0.01
Reunion,REU,2009,0.042337
Reunion,REU,2010,0.08929999
Reunion,REU,2011,0.13110901
Reunion,REU,2012,0.152033
Reunion,REU,2013,0.16022
Reunion,REU,2014,0.17309
Reunion,REU,2015,0.187727
Reunion,REU,2016,0.18824801
Reunion,REU,2017,0.18873599
Reunion,REU,2018,0.189724
Reunion,REU,2019,0.19489801
Reunion,REU,2020,0.211791
Reunion,REU,2021,0.222643
Reunion,REU,2022,0.24252102
Reunion,REU,2023,0.267654
Reunion,REU,2024,0.313645
Reunion,REU,2025,0.313645
Romania,ROU,2008,0.000100000005
Romania,ROU,2009,0.000100000005
Romania,ROU,2010,0.000100000005
Romania,ROU,2011,0.001
Romania,ROU,2012,0.041
Romania,ROU,2013,0.761
Romania,ROU,2014,1.293
Romania,ROU,2015,1.326
Romania,ROU,2016,1.372
Romania,ROU,2017,1.374199
Romania,ROU,2018,1.3859109
Romania,ROU,2019,1.3977959
Romania,ROU,2020,1.3826299
Romania,ROU,2021,1.3940129
Romania,ROU,2022,1.8090199
Romania,ROU,2023,2.988068
Romania,ROU,2024,4.257505
Romania,ROU,2025,6.237505
Russia,RUS,2010,0.00001
Russia,RUS,2011,0.000023
Russia,RUS,2012,0.000093
Russia,RUS,2013,0.0012589999
Russia,RUS,2014,0.3064
Russia,RUS,2015,0.36280003
Russia,RUS,2016,0.43319997
Russia,RUS,2017,0.5378
Russia,RUS,2018,0.8279
Russia,RUS,2019,1.42501
Russia,RUS,2020,1.77421
Russia,RUS,2021,1.9884099
Russia,RUS,2022,2.14821
Russia,RUS,2023,1.89905
Russia,RUS,2024,2.26181
Russia,RUS,2025,2.43322
Rwanda,RWA,2007,0.000337324
Rwanda,RWA,2008,0.000467606
Rwanda,RWA,2009,0.000505634
Rwanda,RWA,2010,0.000478409
Rwanda,RWA,2011,0.000463713
Rwanda,RWA,2012,0.000480283
Rwanda,RWA,2013,0.00040068
Rwanda,RWA,2014,0.00909142
Rwanda,RWA,2015,0.00918313
Rwanda,RWA,2016,0.009349461
Rwanda,RWA,2017,0.012837641
Rwanda,RWA,2018,0.0131068
Rwanda,RWA,2019,0.01373213
Rwanda,RWA,2020,0.01422949
Rwanda,RWA,2021,0.01463732
Rwanda,RWA,2022,0.015293031
Rwanda,RWA,2023,0.01566519
Rwanda,RWA,2024,0.015427301
Rwanda,RWA,2025,0.015427301
Saint Barthelemy,BLM,2016,0.000024
Saint Barthelemy,BLM,2017,0.000024
Saint Barthelemy,BLM,2018,0.000024
Saint Barthelemy,BLM,2019,0.000024
Saint Barthelemy,BLM,2020,0.000043
Saint Barthelemy,BLM,2021,0.000043
Saint Barthelemy,BLM,2022,0.000062
Saint Barthelemy,BLM,2023,0.000062
Saint Barthelemy,BLM,2024,0.0012
Saint Barthelemy,BLM,2025,0.0012
Saint Kitts and Nevis,KNA,2010,0.000062
Saint Kitts and Nevis,KNA,2011,0.00017900001
Saint Kitts and Nevis,KNA,2012,0.00017900001
Saint Kitts and Nevis,KNA,2013,0.001431
Saint Kitts and Nevis,KNA,2014,0.0014320001
Saint Kitts and Nevis,KNA,2015,0.0014320001
Saint Kitts and Nevis,KNA,2016,0.001932
Saint Kitts and Nevis,KNA,2017,0.001932
Saint Kitts and Nevis,KNA,2018,0.001964
Saint Kitts and Nevis,KNA,2019,0.002014
Saint Kitts and Nevis,KNA,2020,0.003014
Saint Kitts and Nevis,KNA,2021,0.003014
Saint Kitts and Nevis,KNA,2022,0.003014
Saint Kitts and Nevis,KNA,2023,0.003014
Saint Kitts and Nevis,KNA,2024,0.0045140004
Saint Kitts and Nevis,KNA,2025,0.0045140004
Saint Lucia,LCA,2009,0.00001
Saint Lucia,LCA,2010,0.00002
Saint Lucia,LCA,2011,0.00002
Saint Lucia,LCA,2012,0.000050000002
Saint Lucia,LCA,2013,0.00006
Saint Lucia,LCA,2014,0.000100000005
Saint Lucia,LCA,2015,0.00075999997
Saint Lucia,LCA,2016,0.000865
Saint Lucia,LCA,2017,0.000865
Saint Lucia,LCA,2018,0.003865
Saint Lucia,LCA,2019,0.00411
Saint Lucia,LCA,2020,0.004164
Saint Lucia,LCA,2021,0.004164
Saint Lucia,LCA,2022,0.004164
Saint Lucia,LCA,2023,0.004239
Saint Lucia,LCA,2024,0.00498
Saint Lucia,LCA,2025,0.00553
Saint Martin (French part),MAF,2013,0.0014
Saint Martin (French part),MAF,2014,0.0016000001
Saint Martin (French part),MAF,2015,0.0026
Saint Martin (French part),MAF,2016,0.0018
Saint Martin (French part),MAF,2017,0.000100000005
Saint Martin (French part),MAF,2018,0.000100000005
Saint Martin (French part),MAF,2019,0.0005
Saint Martin (French part),MAF,2020,0.001
Saint Martin (French part),MAF,2021,0.001
Saint Martin (French part),MAF,2022,0.0019
Saint Martin (French part),MAF,2023,0.0021
Saint Martin (French part),MAF,2024,0.0021
Saint Martin (French part),MAF,2025,0.0171
Saint Vincent and the Grenadines,VCT,2011,0.000076
Saint Vincent and the Grenadines,VCT,2012,0.00008599999
Saint Vincent and the Grenadines,VCT,2013,0.000263
Saint Vincent and the Grenadines,VCT,2014,0.000824
Saint Vincent and the Grenadines,VCT,2015,0.002523
Saint Vincent and the Grenadines,VCT,2016,0.002612
Saint Vincent and the Grenadines,VCT,2017,0.002682
Saint Vincent and the Grenadines,VCT,2018,0.003306
Saint Vincent and the Grenadines,VCT,2019,0.003998
Saint Vincent and the Grenadines,VCT,2020,0.004165
Saint Vincent and the Grenadines,VCT,2021,0.004236
Saint Vincent and the Grenadines,VCT,2022,0.004303
Saint Vincent and the Grenadines,VCT,2023,0.0056029996
Saint Vincent and the Grenadines,VCT,2024,0.0056029996
Saint Vincent and the Grenadines,VCT,2025,0.0056029996
Samoa,WSM,2005,0
Samoa,WSM,2006,0
Samoa,WSM,2007,0.000014
Samoa,WSM,2008,0.000014
Samoa,WSM,2009,0.000014
Samoa,WSM,2010,0.000014
Samoa,WSM,2011,0.000014
Samoa,WSM,2012,0.000314
Samoa,WSM,2013,0.000314
Samoa,WSM,2014,0.003154
Samoa,WSM,2015,0.007854
Samoa,WSM,2016,0.013934
Samoa,WSM,2017,0.013959
Samoa,WSM,2018,0.015759
Samoa,WSM,2019,0.015917
Samoa,WSM,2020,0.015892
Samoa,WSM,2021,0.015892
Samoa,WSM,2022,0.015734
Samoa,WSM,2023,0.015734
Samoa,WSM,2024,0.015734
Samoa,WSM,2025,0.015734
Sao Tome and Principe,STP,2016,0.00015423
Sao Tome and Principe,STP,2017,0.00034823
Sao Tome and Principe,STP,2018,0.00034823
Sao Tome and Principe,STP,2019,0.0003492
Sao Tome and Principe,STP,2020,0.00033853
Sao Tome and Principe,STP,2021,0.00020273
Sao Tome and Principe,STP,2022,0.000012609999
Sao Tome and Principe,STP,2023,0.00051261
Sao Tome and Principe,STP,2024,0.00051261
Sao Tome and Principe,STP,2025,0.00171261
Saudi Arabia,SAU,2000,0.00035
Saudi Arabia,SAU,2001,0.00035
Saudi Arabia,SAU,2002,0.00035
Saudi Arabia,SAU,2003,0.00035
Saudi Arabia,SAU,2004,0.00035
Saudi Arabia,SAU,2005,0.00035
Saudi Arabia,SAU,2006,0.00035
Saudi Arabia,SAU,2007,0.00035
Saudi Arabia,SAU,2008,0.00035
Saudi Arabia,SAU,2009,0.00035
Saudi Arabia,SAU,2010,0.00235
Saudi Arabia,SAU,2011,0.0028499998
Saudi Arabia,SAU,2012,0.01355
Saudi Arabia,SAU,2013,0.02245
Saudi Arabia,SAU,2014,0.02425
Saudi Arabia,SAU,2015,0.02425
Saudi Arabia,SAU,2016,0.02425
Saudi Arabia,SAU,2017,0.034369998
Saudi Arabia,SAU,2018,0.084369995
Saudi Arabia,SAU,2019,0.10936999
Saudi Arabia,SAU,2020,0.40937
Saudi Arabia,SAU,2021,0.43937
Saudi Arabia,SAU,2022,0.43987
Saudi Arabia,SAU,2023,2.43987
Saudi Arabia,SAU,2024,6.201
Saudi Arabia,SAU,2025,11.932
Senegal,SEN,2010,0.007
Senegal,SEN,2011,0.007
Senegal,SEN,2012,0.00704569
Senegal,SEN,2013,0.007104545
Senegal,SEN,2014,0.0071936147
Senegal,SEN,2015,0.007444575
Senegal,SEN,2016,0.051747333
Senegal,SEN,2017,0.09348321
Senegal,SEN,2018,0.13618219
Senegal,SEN,2019,0.1619068
Senegal,SEN,2020,0.1624239
Senegal,SEN,2021,0.23003298
Senegal,SEN,2022,0.23277988
Senegal,SEN,2023,0.2329925
Senegal,SEN,2024,0.27341455
Senegal,SEN,2025,0.28991455
Serbia,SRB,2005,0.00067300006
Serbia,SRB,2006,0.000926
Serbia,SRB,2007,0.000926
Serbia,SRB,2008,0.002326
Serbia,SRB,2009,0.003006
Serbia,SRB,2010,0.003304
Serbia,SRB,2011,0.003668
Serbia,SRB,2012,0.007068
Serbia,SRB,2013,0.009722
Serbia,SRB,2014,0.013428
Serbia,SRB,2015,0.015832
Serbia,SRB,2016,0.017241001
Serbia,SRB,2017,0.018388001
Serbia,SRB,2018,0.020766
Serbia,SRB,2019,0.023448
Serbia,SRB,2020,0.030507999
Serbia,SRB,2021,0.051837996
Serbia,SRB,2022,0.136998
Serbia,SRB,2023,0.197066
Serbia,SRB,2024,0.295947
Serbia,SRB,2025,0.430947
Seychelles,SYC,2013,0.000278
Seychelles,SYC,2014,0.00095899997
Seychelles,SYC,2015,0.0014139999
Seychelles,SYC,2016,0.001946
Seychelles,SYC,2017,0.002644
Seychelles,SYC,2018,0.004016
Seychelles,SYC,2019,0.004016
Seychelles,SYC,2020,0.006802
Seychelles,SYC,2021,0.016452
Seychelles,SYC,2022,0.017322
Seychelles,SYC,2023,0.018280001
Seychelles,SYC,2024,0.018866
Seychelles,SYC,2025,0.018866
Sierra Leone,SLE,2004,0.0000029599998
Sierra Leone,SLE,2005,0.0000040699997
Sierra Leone,SLE,2006,0.00000444
Sierra Leone,SLE,2007,0.000032189997
Sierra Leone,SLE,2008,0.00004403
Sierra Leone,SLE,2009,0.000067299996
Sierra Leone,SLE,2010,0.000093575
Sierra Leone,SLE,2011,0.00000828
Sierra Leone,SLE,2012,0.00004876
Sierra Leone,SLE,2013,0.00006436
Sierra Leone,SLE,2014,0.00006436
Sierra Leone,SLE,2015,0.00019337
Sierra Leone,SLE,2016,0.00059297
Sierra Leone,SLE,2017,0.00095961
Sierra Leone,SLE,2018,0.0012613799
Sierra Leone,SLE,2019,0.00312113
Sierra Leone,SLE,2020,0.00395396
Sierra Leone,SLE,2021,0.01123021
Sierra Leone,SLE,2022,0.0165789
Sierra Leone,SLE,2023,0.01682751
Sierra Leone,SLE,2024,0.01642672
Sierra Leone,SLE,2025,0.01742672
Singapore,SGP,2008,0.00020000001
Singapore,SGP,2009,0.0015
Singapore,SGP,2010,0.0026999998
Singapore,SGP,2011,0.0045
Singapore,SGP,2012,0.007900001
Singapore,SGP,2013,0.0127
Singapore,SGP,2014,0.027
Singapore,SGP,2015,0.0487
Singapore,SGP,2016,0.0998
Singapore,SGP,2017,0.1205
Singapore,SGP,2018,0.1689
Singapore,SGP,2019,0.2815
Singapore,SGP,2020,0.344
Singapore,SGP,2021,0.5021
Singapore,SGP,2022,0.65809995
Singapore,SGP,2023,0.9567
Singapore,SGP,2024,1.269
Singapore,SGP,2025,1.4558
Sint Maarten (Dutch part),SXM,2022,0.00009
Sint Maarten (Dutch part),SXM,2023,0.00009
Sint Maarten (Dutch part),SXM,2024,0.00009
Sint Maarten (Dutch part),SXM,2025,0.00009
Slovakia,SVK,2010,0.019
Slovakia,SVK,2011,0.496
Slovakia,SVK,2012,0.513
Slovakia,SVK,2013,0.533
Slovakia,SVK,2014,0.533
Slovakia,SVK,2015,0.533
Slovakia,SVK,2016,0.533
Slovakia,SVK,2017,0.528
Slovakia,SVK,2018,0.471
Slovakia,SVK,2019,0.59
Slovakia,SVK,2020,0.535
Slovakia,SVK,2021,0.537
Slovakia,SVK,2022,0.549
Slovakia,SVK,2023,0.594
Slovakia,SVK,2024,0.728
Slovakia,SVK,2025,1.028
Slovenia,SVN,2000,0.001
Slovenia,SVN,2001,0.001
Slovenia,SVN,2002,0.001
Slovenia,SVN,2003,0.001
Slovenia,SVN,2004,0.001
Slovenia,SVN,2005,0.001
Slovenia,SVN,2006,0.001
Slovenia,SVN,2007,0.001
Slovenia,SVN,2008,0.001
Slovenia,SVN,2009,0.004
Slovenia,SVN,2010,0.012
Slovenia,SVN,2011,0.057
Slovenia,SVN,2012,0.142
Slovenia,SVN,2013,0.187
Slovenia,SVN,2014,0.223
Slovenia,SVN,2015,0.238
Slovenia,SVN,2016,0.233
Slovenia,SVN,2017,0.2468
Slovenia,SVN,2018,0.2468
Slovenia,SVN,2019,0.277877
Slovenia,SVN,2020,0.36978
Slovenia,SVN,2021,0.461164
Slovenia,SVN,2022,0.626164
Slovenia,SVN,2023,1.0311999
Slovenia,SVN,2024,1.4211
Slovenia,SVN,2025,1.5683
Solomon Islands,SLB,2009,0.000003
Solomon Islands,SLB,2010,0.000003
Solomon Islands,SLB,2011,0.00080299994
Solomon Islands,SLB,2012,0.00080000004
Solomon Islands,SLB,2013,0.00080000004
Solomon Islands,SLB,2014,0.001126
Solomon Islands,SLB,2015,0.001126
Solomon Islands,SLB,2016,0.0021570001
Solomon Islands,SLB,2017,0.002532
Solomon Islands,SLB,2018,0.002532
Solomon Islands,SLB,2019,0.002419
Solomon Islands,SLB,2020,0.002419
Solomon Islands,SLB,2021,0.002419
Solomon Islands,SLB,2022,0.004129
Solomon Islands,SLB,2023,0.0061890003
Solomon Islands,SLB,2024,0.0061890003
Solomon Islands,SLB,2025,0.008409
Somalia,SOM,2008,0.00002
Somalia,SOM,2009,0.00002
Somalia,SOM,2010,0.00002
Somalia,SOM,2011,0.00002
Somalia,SOM,2012,0.00002
Somalia,SOM,2013,0.00002
Somalia,SOM,2014,0.000131
Somalia,SOM,2015,0.000163
Somalia,SOM,2016,0.001105
Somalia,SOM,2017,0.001582
Somalia,SOM,2018,0.0022679998
Somalia,SOM,2019,0.002439
Somalia,SOM,2020,0.010909
Somalia,SOM,2021,0.018909
Somalia,SOM,2022,0.042409
Somalia,SOM,2023,0.045909
Somalia,SOM,2024,0.045909
Somalia,SOM,2025,0.045909
South Africa,ZAF,2010,0.001966
South Africa,ZAF,2011,0.0057076
South Africa,ZAF,2012,0.0115614
South Africa,ZAF,2013,0.26230636
South Africa,ZAF,2014,1.1637286
South Africa,ZAF,2015,1.35287
South Africa,ZAF,2016,1.9024857
South Africa,ZAF,2017,2.2052476
South Africa,ZAF,2018,2.5051064
South Africa,ZAF,2019,2.8055322
South Africa,ZAF,2020,3.7052956
South Africa,ZAF,2021,4.2051897
South Africa,ZAF,2022,5.705117
South Africa,ZAF,2023,8.005783
South Africa,ZAF,2024,9.058424
South Africa,ZAF,2025,11.255223
South America,OWID_SAM,2000,0.003283
South America,OWID_SAM,2001,0.004782
South America,OWID_SAM,2002,0.005947
South America,OWID_SAM,2003,0.007255
South America,OWID_SAM,2004,0.008093
South America,OWID_SAM,2005,0.008847
South America,OWID_SAM,2006,0.00981
South America,OWID_SAM,2007,0.011638001
South America,OWID_SAM,2008,0.013705
South America,OWID_SAM,2009,0.020044
South America,OWID_SAM,2010,0.045842998
South America,OWID_SAM,2011,0.072771
South America,OWID_SAM,2012,0.167436
South America,OWID_SAM,2013,0.195574
South America,OWID_SAM,2014,0.46622998
South America,OWID_SAM,2015,0.92822504
South America,OWID_SAM,2016,1.599255
South America,OWID_SAM,2017,3.5912118
South America,OWID_SAM,2018,5.6934886
South America,OWID_SAM,2019,8.604548
South America,OWID_SAM,2020,13.3259325
South America,OWID_SAM,2021,21.121338
South America,OWID_SAM,2022,34.27165
South America,OWID_SAM,2023,49.287228
South America,OWID_SAM,2024,68.517525
South America,OWID_SAM,2025,82.98082
South Korea,KOR,2000,0.004
South Korea,KOR,2001,0.005
South Korea,KOR,2002,0.005
South Korea,KOR,2003,0.006
South Korea,KOR,2004,0.009
South Korea,KOR,2005,0.014
South Korea,KOR,2006,0.036
South Korea,KOR,2007,0.081
South Korea,KOR,2008,0.357
South Korea,KOR,2009,0.524
South Korea,KOR,2010,0.768
South Korea,KOR,2011,0.894
South Korea,KOR,2012,1.2662
South Korea,KOR,2013,1.8341999
South Korea,KOR,2014,2.7312
South Korea,KOR,2015,3.7522
South Korea,KOR,2016,4.7032003
South Korea,KOR,2017,6.061366
South Korea,KOR,2018,8.111579
South Korea,KOR,2019,11.035646
South Korea,KOR,2020,14.664564
South Korea,KOR,2021,17.586267
South Korea,KOR,2022,20.129503
South Korea,KOR,2023,23.024652
South Korea,KOR,2024,30.372583
South Korea,KOR,2025,34.038696
South Sudan,SSD,2011,0.00003
South Sudan,SSD,2012,0.000044
South Sudan,SSD,2013,0.000098
South Sudan,SSD,2014,0.000098
South Sudan,SSD,2015,0.000107
South Sudan,SSD,2016,0.001237
South Sudan,SSD,2017,0.001953
South Sudan,SSD,2018,0.002228
South Sudan,SSD,2019,0.002482
South Sudan,SSD,2020,0.003732
South Sudan,SSD,2021,0.003533
South Sudan,SSD,2022,0.003983
South Sudan,SSD,2023,0.016739
South Sudan,SSD,2024,0.030739
South Sudan,SSD,2025,0.044738997
Spain,ESP,2000,0.019294001
Spain,ESP,2001,0.023142999
Spain,ESP,2002,0.027971001
Spain,ESP,2003,0.034375
Spain,ESP,2004,0.046823
Spain,ESP,2005,0.06696
Spain,ESP,2006,0.158755
Spain,ESP,2007,0.523921
Spain,ESP,2008,3.467249
Spain,ESP,2009,3.7301211
Spain,ESP,2010,4.634062
Spain,ESP,2011,5.4600544
Spain,ESP,2012,6.598698
Spain,ESP,2013,7.024773
Spain,ESP,2014,7.03153
Spain,ESP,2015,7.040753
Spain,ESP,2016,7.043993
Spain,ESP,2017,7.0532618
Spain,ESP,2018,7.1005754
Spain,ESP,2019,11.146392
Spain,ESP,2020,12.474767
Spain,ESP,2021,16.056005
Spain,ESP,2022,26.238125
Spain,ESP,2023,31.920416
Spain,ESP,2024,38.163685
Spain,ESP,2025,47.20558
Sri Lanka,LKA,2000,0.000245
Sri Lanka,LKA,2001,0.000845
Sri Lanka,LKA,2002,0.001524
Sri Lanka,LKA,2003,0.002203
Sri Lanka,LKA,2004,0.002882
Sri Lanka,LKA,2005,0.0035609999
Sri Lanka,LKA,2006,0.0042399997
Sri Lanka,LKA,2007,0.004919
Sri Lanka,LKA,2008,0.005578
Sri Lanka,LKA,2009,0.006257
Sri Lanka,LKA,2010,0.0069359997
Sri Lanka,LKA,2011,0.009061
Sri Lanka,LKA,2012,0.009143
Sri Lanka,LKA,2013,0.012503999
Sri Lanka,LKA,2014,0.022356002
Sri Lanka,LKA,2015,0.036797002
Sri Lanka,LKA,2016,0.071443
Sri Lanka,LKA,2017,0.154225
Sri Lanka,LKA,2018,0.228181
Sri Lanka,LKA,2019,0.349588
Sri Lanka,LKA,2020,0.435626
Sri Lanka,LKA,2021,0.624446
Sri Lanka,LKA,2022,0.800177
Sri Lanka,LKA,2023,0.957837
Sri Lanka,LKA,2024,1.57925
Sri Lanka,LKA,2025,2.5074441
Sudan,SDN,2002,0.000008999999
Sudan,SDN,2003,0.000008999999
Sudan,SDN,2004,0.000105
Sudan,SDN,2005,0.00020299999
Sudan,SDN,2006,0.000212
Sudan,SDN,2007,0.00040299998
Sudan,SDN,2008,0.000522
Sudan,SDN,2009,0.000882
Sudan,SDN,2010,0.00227
Sudan,SDN,2011,0.0035060002
Sudan,SDN,2012,0.008107999
Sudan,SDN,2013,0.014724
Sudan,SDN,2014,0.016642
Sudan,SDN,2015,0.019988
Sudan,SDN,2016,0.026294
Sudan,SDN,2017,0.036169
Sudan,SDN,2018,0.059919
Sudan,SDN,2019,0.080919996
Sudan,SDN,2020,0.117561005
Sudan,SDN,2021,0.136291
Sudan,SDN,2022,0.190291
Sudan,SDN,2023,0.190291
Sudan,SDN,2024,0.190291
Sudan,SDN,2025,0.190291
Suriname,SUR,2014,0.00502
Suriname,SUR,2015,0.00502
Suriname,SUR,2016,0.00502
Suriname,SUR,2017,0.00502
Suriname,SUR,2018,0.005599
Suriname,SUR,2019,0.005612
Suriname,SUR,2020,0.006262
Suriname,SUR,2021,0.007262
Suriname,SUR,2022,0.009562001
Suriname,SUR,2023,0.010762
Suriname,SUR,2024,0.012552
Suriname,SUR,2025,0.035817
Sweden,SWE,2000,0.003
Sweden,SWE,2001,0.003
Sweden,SWE,2002,0.003
Sweden,SWE,2003,0.004
Sweden,SWE,2004,0.004
Sweden,SWE,2005,0.004
Sweden,SWE,2006,0.005
Sweden,SWE,2007,0.006
Sweden,SWE,2008,0.008
Sweden,SWE,2009,0.009
Sweden,SWE,2010,0.011
Sweden,SWE,2011,0.012
Sweden,SWE,2012,0.024
Sweden,SWE,2013,0.043
Sweden,SWE,2014,0.06
Sweden,SWE,2015,0.104
Sweden,SWE,2016,0.153
Sweden,SWE,2017,0.244
Sweden,SWE,2018,0.428
Sweden,SWE,2019,0.73
Sweden,SWE,2020,1.124
Sweden,SWE,2021,1.625
Sweden,SWE,2022,2.407
Sweden,SWE,2023,4.012
Sweden,SWE,2024,4.848
Sweden,SWE,2025,5.5
Switzerland,CHE,2000,0.016
Switzerland,CHE,2001,0.018
Switzerland,CHE,2002,0.02
Switzerland,CHE,2003,0.022
Switzerland,CHE,2004,0.024
Switzerland,CHE,2005,0.028
Switzerland,CHE,2006,0.03
Switzerland,CHE,2007,0.037
Switzerland,CHE,2008,0.049
Switzerland,CHE,2009,0.079
Switzerland,CHE,2010,0.125
Switzerland,CHE,2011,0.222
Switzerland,CHE,2012,0.434
Switzerland,CHE,2013,0.747
Switzerland,CHE,2014,1.043
Switzerland,CHE,2015,1.36
Switzerland,CHE,2016,1.617
Switzerland,CHE,2017,1.86
Switzerland,CHE,2018,2.117
Switzerland,CHE,2019,2.425
Switzerland,CHE,2020,2.87526
Switzerland,CHE,2021,3.515429
Switzerland,CHE,2022,4.528377
Switzerland,CHE,2023,6.0636783
Switzerland,CHE,2024,7.444686
Switzerland,CHE,2025,8.794685
Syria,SYR,2017,0.000127
Syria,SYR,2018,0.001377
Syria,SYR,2019,0.002467
Syria,SYR,2020,0.011522001
Syria,SYR,2021,0.033
Syria,SYR,2022,0.307
Syria,SYR,2023,1.022
Syria,SYR,2024,1.606
Syria,SYR,2025,2.249
Taiwan,TWN,2000,0.000100000005
Taiwan,TWN,2001,0.00020000001
Taiwan,TWN,2002,0.00033
Taiwan,TWN,2003,0.00045
Taiwan,TWN,2004,0.00057
Taiwan,TWN,2005,0.00104
Taiwan,TWN,2006,0.0014099999
Taiwan,TWN,2007,0.00244
Taiwan,TWN,2008,0.00558
Taiwan,TWN,2009,0.00951
Taiwan,TWN,2010,0.034555
Taiwan,TWN,2011,0.129912
Taiwan,TWN,2012,0.23128101
Taiwan,TWN,2013,0.40993798
Taiwan,TWN,2014,0.635951
Taiwan,TWN,2015,0.884251
Taiwan,TWN,2016,1.2450551
Taiwan,TWN,2017,1.767702
Taiwan,TWN,2018,2.738119
Taiwan,TWN,2019,4.149539
Taiwan,TWN,2020,5.817209
Taiwan,TWN,2021,7.700213
Taiwan,TWN,2022,9.723747
Taiwan,TWN,2023,12.417685
Taiwan,TWN,2024,14.281144
Taiwan,TWN,2025,15.47402
Tajikistan,TJK,2020,0.00022
Tajikistan,TJK,2021,0.00022
Tajikistan,TJK,2022,0.00022
Tajikistan,TJK,2023,0.00022
Tajikistan,TJK,2024,0.00022
Tajikistan,TJK,2025,0.00022
Tanzania,TZA,2010,0.00002298
Tanzania,TZA,2011,0.0000647
Tanzania,TZA,2012,0.00021213999
Tanzania,TZA,2013,0.0013429199
Tanzania,TZA,2014,0.0075177248
Tanzania,TZA,2015,0.0087399855
Tanzania,TZA,2016,0.0087347645
Tanzania,TZA,2017,0.00898016
Tanzania,TZA,2018,0.009987934
Tanzania,TZA,2019,0.005952509
Tanzania,TZA,2020,0.006109959
Tanzania,TZA,2021,0.005960619
Tanzania,TZA,2022,0.005514419
Tanzania,TZA,2023,0.0060033486
Tanzania,TZA,2024,0.012212768
Tanzania,TZA,2025,0.012212768
Thailand,THA,2006,0.03041
Thailand,THA,2007,0.03225
Thailand,THA,2008,0.03235
Thailand,THA,2009,0.037
Thailand,THA,2010,0.048604
Thailand,THA,2011,0.07870399
Thailand,THA,2012,0.381704
Thailand,THA,2013,0.82852197
Thailand,THA,2014,1.303563
Thailand,THA,2015,1.424709
Thailand,THA,2016,2.4515643
Thailand,THA,2017,2.702886
Thailand,THA,2018,2.968261
Thailand,THA,2019,2.988488
Thailand,THA,2020,2.98424
Thailand,THA,2021,3.0652897
Thailand,THA,2022,3.18516
Thailand,THA,2023,3.29932
Thailand,THA,2024,3.387611
Thailand,THA,2025,6.842222
Togo,TGO,2012,0.000007
Togo,TGO,2013,0.000014475
Togo,TGO,2014,0.000029474999
Togo,TGO,2015,0.000070475
Togo,TGO,2016,0.000095935
Togo,TGO,2017,0.000585845
Togo,TGO,2018,0.0037958848
Togo,TGO,2019,0.0066516446
Togo,TGO,2020,0.010164445
Togo,TGO,2021,0.06357531
Togo,TGO,2022,0.06551494
Togo,TGO,2023,0.06632391
Togo,TGO,2024,0.06648785
Togo,TGO,2025,0.08660784
Tokelau,TKL,2012,0.00093
Tokelau,TKL,2013,0.00093
Tokelau,TKL,2014,0.00093
Tokelau,TKL,2015,0.00093
Tokelau,TKL,2016,0.00102
Tokelau,TKL,2017,0.00102
Tokelau,TKL,2018,0.00102
Tokelau,TKL,2019,0.00102
Tokelau,TKL,2020,0.00102
Tokelau,TKL,2021,0.00102
Tokelau,TKL,2022,0.00102
Tokelau,TKL,2023,0.00102
Tokelau,TKL,2024,0.00102
Tokelau,TKL,2025,0.00102
Tonga,TON,2000,0.000057
Tonga,TON,2001,0.000057
Tonga,TON,2002,0.000084
Tonga,TON,2003,0.000084
Tonga,TON,2004,0.000084
Tonga,TON,2005,0.000084
Tonga,TON,2006,0.000111
Tonga,TON,2007,0.000111
Tonga,TON,2008,0.000122000005
Tonga,TON,2009,0.000131
Tonga,TON,2010,0.000131
Tonga,TON,2011,0.00031099998
Tonga,TON,2012,0.002002
Tonga,TON,2013,0.0027090001
Tonga,TON,2014,0.002714
Tonga,TON,2015,0.00375
Tonga,TON,2016,0.0045359996
Tonga,TON,2017,0.006703
Tonga,TON,2018,0.0070090005
Tonga,TON,2019,0.0070090005
Tonga,TON,2020,0.0070090005
Tonga,TON,2021,0.0070090005
Tonga,TON,2022,0.014299001
Tonga,TON,2023,0.015099
Tonga,TON,2024,0.015533
Tonga,TON,2025,0.015769
Trinidad and Tobago,TTO,2000,0.00034099998
Trinidad and Tobago,TTO,2001,0.000667
Trinidad and Tobago,TTO,2002,0.000879
Trinidad and Tobago,TTO,2003,0.001222
Trinidad and Tobago,TTO,2004,0.001656
Trinidad and Tobago,TTO,2005,0.0017619999
Trinidad and Tobago,TTO,2006,0.001985
Trinidad and Tobago,TTO,2007,0.00211
Trinidad and Tobago,TTO,2008,0.00227
Trinidad and Tobago,TTO,2009,0.00253
Trinidad and Tobago,TTO,2010,0.0028310001
Trinidad and Tobago,TTO,2011,0.0028310001
Trinidad and Tobago,TTO,2012,0.004
Trinidad and Tobago,TTO,2013,0.004
Trinidad and Tobago,TTO,2014,0.004001
Trinidad and Tobago,TTO,2015,0.004001
Trinidad and Tobago,TTO,2016,0.004001
Trinidad and Tobago,TTO,2017,0.004001
Trinidad and Tobago,TTO,2018,0.004001
Trinidad and Tobago,TTO,2019,0.004001
Trinidad and Tobago,TTO,2020,0.004001
Trinidad and Tobago,TTO,2021,0.004101
Trinidad and Tobago,TTO,2022,0.004101
Trinidad and Tobago,TTO,2023,0.004106
Trinidad and Tobago,TTO,2024,0.004623
Trinidad and Tobago,TTO,2025,0.096623
Tunisia,TUN,2000,0.000837
Tunisia,TUN,2001,0.000971
Tunisia,TUN,2002,0.001084
Tunisia,TUN,2003,0.0011440001
Tunisia,TUN,2004,0.001184
Tunisia,TUN,2005,0.001194
Tunisia,TUN,2006,0.001206
Tunisia,TUN,2007,0.001216
Tunisia,TUN,2008,0.001316
Tunisia,TUN,2009,0.001396
Tunisia,TUN,2010,0.001813
Tunisia,TUN,2011,0.0028910001
Tunisia,TUN,2012,0.005562
Tunisia,TUN,2013,0.009528
Tunisia,TUN,2014,0.017063
Tunisia,TUN,2015,0.027542999
Tunisia,TUN,2016,0.038078
Tunisia,TUN,2017,0.047091
Tunisia,TUN,2018,0.063764
Tunisia,TUN,2019,0.080096
Tunisia,TUN,2020,0.096496
Tunisia,TUN,2021,0.096528
Tunisia,TUN,2022,0.19892
Tunisia,TUN,2023,0.50792
Tunisia,TUN,2024,0.77492
Tunisia,TUN,2025,0.89492
Turkey,TUR,2000,0.000100000005
Turkey,TUR,2001,0.0003
Turkey,TUR,2002,0.0006
Turkey,TUR,2003,0.001
Turkey,TUR,2004,0.0015
Turkey,TUR,2005,0.002
Turkey,TUR,2006,0.0025
Turkey,TUR,2007,0.003
Turkey,TUR,2008,0.0037
Turkey,TUR,2009,0.0047
Turkey,TUR,2010,0.0056999996
Turkey,TUR,2011,0.0067
Turkey,TUR,2012,0.0117
Turkey,TUR,2013,0.0187
Turkey,TUR,2014,0.041
Turkey,TUR,2015,0.25
Turkey,TUR,2016,0.834
Turkey,TUR,2017,3.4217
Turkey,TUR,2018,5.0636077
Turkey,TUR,2019,5.9961553
Turkey,TUR,2020,6.6684175
Turkey,TUR,2021,7.8166304
Turkey,TUR,2022,9.426439
Turkey,TUR,2023,15.614368
Turkey,TUR,2024,20.23311
Turkey,TUR,2025,25.46911
Turkmenistan,TKM,2024,0.000112
Turkmenistan,TKM,2025,0.000112
Turks and Caicos Islands,TCA,2015,0.00003
Turks and Caicos Islands,TCA,2016,0.00003
Turks and Caicos Islands,TCA,2017,0.00018999999
Turks and Caicos Islands,TCA,2018,0.00044
Turks and Caicos Islands,TCA,2019,0.00094
Turks and Caicos Islands,TCA,2020,0.00094
Turks and Caicos Islands,TCA,2021,0.002572
Turks and Caicos Islands,TCA,2022,0.0032890001
Turks and Caicos Islands,TCA,2023,0.00352
Turks and Caicos Islands,TCA,2024,0.00352
Turks and Caicos Islands,TCA,2025,0.004019
Tuvalu,TUV,2000,0.000006
Tuvalu,TUV,2001,0.000006
Tuvalu,TUV,2002,0.000006
Tuvalu,TUV,2003,0.000006
Tuvalu,TUV,2004,0.000006
Tuvalu,TUV,2005,0.000006
Tuvalu,TUV,2006,0.000006
Tuvalu,TUV,2007,0.000006
Tuvalu,TUV,2008,0.000046
Tuvalu,TUV,2009,0.000275
Tuvalu,TUV,2010,0.000275
Tuvalu,TUV,2011,0.000278
Tuvalu,TUV,2012,0.000278
Tuvalu,TUV,2013,0.00034399997
Tuvalu,TUV,2014,0.00034399997
Tuvalu,TUV,2015,0.003623
Tuvalu,TUV,2016,0.003631
Tuvalu,TUV,2017,0.003644
Tuvalu,TUV,2018,0.003655
Tuvalu,TUV,2019,0.003655
Tuvalu,TUV,2020,0.003729
Tuvalu,TUV,2021,0.003729
Tuvalu,TUV,2022,0.003729
Tuvalu,TUV,2023,0.003829
Tuvalu,TUV,2024,0.004553
Tuvalu,TUV,2025,0.004553
Uganda,UGA,2009,3.9999998e-7
Uganda,UGA,2010,0.000027279999
Uganda,UGA,2011,0.0001036
Uganda,UGA,2012,0.00095888606
Uganda,UGA,2013,0.001879562
Uganda,UGA,2014,0.002756288
Uganda,UGA,2015,0.004656234
Uganda,UGA,2016,0.01507415
Uganda,UGA,2017,0.02608465
Uganda,UGA,2018,0.051977403
Uganda,UGA,2019,0.06451621
Uganda,UGA,2020,0.07459868
Uganda,UGA,2021,0.07648407
Uganda,UGA,2022,0.07643845
Uganda,UGA,2023,0.09587398
Uganda,UGA,2024,0.09667398
Uganda,UGA,2025,0.095830746
Ukraine,UKR,2010,0.0025
Ukraine,UKR,2011,0.1882
Ukraine,UKR,2012,0.3716
Ukraine,UKR,2013,0.74840003
Ukraine,UKR,2014,0.81909996
Ukraine,UKR,2015,0.8412
Ukraine,UKR,2016,0.9547
Ukraine,UKR,2017,1.2
Ukraine,UKR,2018,2.002688
Ukraine,UKR,2019,5.935688
Ukraine,UKR,2020,7.331
Ukraine,UKR,2021,8.062
Ukraine,UKR,2022,8.062
Ukraine,UKR,2023,8.062
Ukraine,UKR,2024,5.5
Ukraine,UKR,2025,5.5
United Arab Emirates,ARE,2009,0.010076
United Arab Emirates,ARE,2010,0.010826
United Arab Emirates,ARE,2011,0.012750999
United Arab Emirates,ARE,2012,0.0132059995
United Arab Emirates,ARE,2013,0.125802
United Arab Emirates,ARE,2014,0.130466
United Arab Emirates,ARE,2015,0.13153
United Arab Emirates,ARE,2016,0.13541001
United Arab Emirates,ARE,2017,0.35347
United Arab Emirates,ARE,2018,0.59988904
United Arab Emirates,ARE,2019,1.935233
United Arab Emirates,ARE,2020,2.332597
United Arab Emirates,ARE,2021,3.002383
United Arab Emirates,ARE,2022,3.5961971
United Arab Emirates,ARE,2023,5.942297
United Arab Emirates,ARE,2024,6.497697
United Arab Emirates,ARE,2025,7.637437
United Kingdom,GBR,2000,0.002
United Kingdom,GBR,2001,0.003
United Kingdom,GBR,2002,0.004
United Kingdom,GBR,2003,0.006
United Kingdom,GBR,2004,0.008
United Kingdom,GBR,2005,0.011
United Kingdom,GBR,2006,0.014
United Kingdom,GBR,2007,0.018
United Kingdom,GBR,2008,0.023
United Kingdom,GBR,2009,0.027
United Kingdom,GBR,2010,0.095
United Kingdom,GBR,2011,1
United Kingdom,GBR,2012,1.753
United Kingdom,GBR,2013,2.937
United Kingdom,GBR,2014,5.528
United Kingdom,GBR,2015,9.601
United Kingdom,GBR,2016,11.914
United Kingdom,GBR,2017,12.75096
United Kingdom,GBR,2018,13.059071
United Kingdom,GBR,2019,13.34484
United Kingdom,GBR,2020,13.772241
United Kingdom,GBR,2021,14.251349
United Kingdom,GBR,2022,14.812559
United Kingdom,GBR,2023,16.42806
United Kingdom,GBR,2024,18.95253
United Kingdom,GBR,2025,21.73602
United States,USA,2000,0.595
United States,USA,2001,0.459
United States,USA,2002,0.457
United States,USA,2003,0.681
United States,USA,2004,0.751
United States,USA,2005,0.881
United States,USA,2006,1.099
United States,USA,2007,1.439
United States,USA,2008,1.618
United States,USA,2009,2.086
United States,USA,2010,3.382
United States,USA,2011,5.644
United States,USA,2012,8.613
United States,USA,2013,13.045
United States,USA,2014,17.651
United States,USA,2015,23.442
United States,USA,2016,34.716
United States,USA,2017,43.114655
United States,USA,2018,51.57013
United States,USA,2019,60.826504
United States,USA,2020,75.79348
United States,USA,2021,94.78566
United States,USA,2022,112.84192
United States,USA,2023,139.92659
United States,USA,2024,176.84329
United States,USA,2025,210.8591
United States Virgin Islands,VIR,2011,0.00047600002
United States Virgin Islands,VIR,2012,0.00061
United States Virgin Islands,VIR,2013,0.000861
United States Virgin Islands,VIR,2014,0.004951
United States Virgin Islands,VIR,2015,0.009153999
United States Virgin Islands,VIR,2016,0.009192999
United States Virgin Islands,VIR,2017,0.004993
United States Virgin Islands,VIR,2018,0.009993
United States Virgin Islands,VIR,2019,0.009993
United States Virgin Islands,VIR,2020,0.009993
United States Virgin Islands,VIR,2021,0.009993
United States Virgin Islands,VIR,2022,0.009993
United States Virgin Islands,VIR,2023,0.009993
United States Virgin Islands,VIR,2024,0.030493
United States Virgin Islands,VIR,2025,0.052893
Upper-middle-income countries,OWID_UMC,2000,0.052130822
Upper-middle-income countries,OWID_UMC,2001,0.06077282
Upper-middle-income countries,OWID_UMC,2002,0.08327082
Upper-middle-income countries,OWID_UMC,2003,0.09697982
Upper-middle-income countries,OWID_UMC,2004,0.11131783
Upper-middle-income countries,OWID_UMC,2005,0.1805098
Upper-middle-income countries,OWID_UMC,2006,0.23551482
Upper-middle-income countries,OWID_UMC,2007,0.28656584
Upper-middle-income countries,OWID_UMC,2008,0.35421282
Upper-middle-income countries,OWID_UMC,2009,0.5408018
Upper-middle-income countries,OWID_UMC,2010,1.220687
Upper-middle-income countries,OWID_UMC,2011,3.567027
Upper-middle-income countries,OWID_UMC,2012,7.8515344
Upper-middle-income countries,OWID_UMC,2013,20.180994
Upper-middle-income countries,OWID_UMC,2014,32.598583
Upper-middle-income countries,OWID_UMC,2015,48.970734
Upper-middle-income countries,OWID_UMC,2016,87.326546
Upper-middle-income countries,OWID_UMC,2017,146.32036
Upper-middle-income countries,OWID_UMC,2018,198.2187
Upper-middle-income countries,OWID_UMC,2019,245.77032
Upper-middle-income countries,OWID_UMC,2020,316.4413
Upper-middle-income countries,OWID_UMC,2021,381.69867
Upper-middle-income countries,OWID_UMC,2022,484.70682
Upper-middle-income countries,OWID_UMC,2023,729.5768
Upper-middle-income countries,OWID_UMC,2024,1033.6416
Upper-middle-income countries,OWID_UMC,2025,1380.4689
Uruguay,URY,2008,0.000074
Uruguay,URY,2009,0.00011
Uruguay,URY,2010,0.00014300001
Uruguay,URY,2011,0.000389
Uruguay,URY,2012,0.000608
Uruguay,URY,2013,0.001589
Uruguay,URY,2014,0.003707
Uruguay,URY,2015,0.06449401
Uruguay,URY,2016,0.088993
Uruguay,URY,2017,0.24270199
Uruguay,URY,2018,0.248401
Uruguay,URY,2019,0.253691
Uruguay,URY,2020,0.257943
Uruguay,URY,2021,0.26650602
Uruguay,URY,2022,0.280457
Uruguay,URY,2023,0.300565
Uruguay,URY,2024,0.336233
Uruguay,URY,2025,0.339427
Uzbekistan,UZB,2013,0.001
Uzbekistan,UZB,2014,0.00113
Uzbekistan,UZB,2015,0.00113
Uzbekistan,UZB,2016,0.0023299998
Uzbekistan,UZB,2017,0.0032000002
Uzbekistan,UZB,2018,0.0035
Uzbekistan,UZB,2019,0.0035
Uzbekistan,UZB,2020,0.0035
Uzbekistan,UZB,2021,0.0035
Uzbekistan,UZB,2022,0.2035
Uzbekistan,UZB,2023,0.8673
Uzbekistan,UZB,2024,3.18757
Uzbekistan,UZB,2025,5.9335
Vanuatu,VUT,2009,0.00004
Vanuatu,VUT,2010,0.00004
Vanuatu,VUT,2011,0.000127
Vanuatu,VUT,2012,0.00016699999
Vanuatu,VUT,2013,0.000183
Vanuatu,VUT,2014,0.000273
Vanuatu,VUT,2015,0.00043400002
Vanuatu,VUT,2016,0.0017510001
Vanuatu,VUT,2017,0.002652
Vanuatu,VUT,2018,0.004073
Vanuatu,VUT,2019,0.004589
Vanuatu,VUT,2020,0.00481
Vanuatu,VUT,2021,0.004822
Vanuatu,VUT,2022,0.004874
Vanuatu,VUT,2023,0.004884
Vanuatu,VUT,2024,0.004916
Vanuatu,VUT,2025,0.004916
Venezuela,VEN,2005,0.00002
Venezuela,VEN,2006,0.000100000005
Venezuela,VEN,2007,0.0009
Venezuela,VEN,2008,0.00112
Venezuela,VEN,2009,0.0015
Venezuela,VEN,2010,0.00187
Venezuela,VEN,2011,0.0024
Venezuela,VEN,2012,0.0026800002
Venezuela,VEN,2013,0.00287
Venezuela,VEN,2014,0.00287
Venezuela,VEN,2015,0.00287
Venezuela,VEN,2016,0.00287
Venezuela,VEN,2017,0.00287
Venezuela,VEN,2018,0.00287
Venezuela,VEN,2019,0.00287
Venezuela,VEN,2020,0.00287
Venezuela,VEN,2021,0.0030699999
Venezuela,VEN,2022,0.0030699999
Venezuela,VEN,2023,0.0031149997
Venezuela,VEN,2024,0.004305
Venezuela,VEN,2025,0.0047049997
Vietnam,VNM,2000,0.000002
Vietnam,VNM,2001,0.000108
Vietnam,VNM,2002,0.000236
Vietnam,VNM,2003,0.00040599998
Vietnam,VNM,2004,0.000747
Vietnam,VNM,2005,0.001885
Vietnam,VNM,2006,0.003424
Vietnam,VNM,2007,0.003424
Vietnam,VNM,2008,0.003424
Vietnam,VNM,2009,0.003487
Vietnam,VNM,2010,0.004428
Vietnam,VNM,2011,0.004428
Vietnam,VNM,2012,0.004428
Vietnam,VNM,2013,0.004428
Vietnam,VNM,2014,0.005228
Vietnam,VNM,2015,0.005228
Vietnam,VNM,2016,0.005228
Vietnam,VNM,2017,0.00793
Vietnam,VNM,2018,0.10493
Vietnam,VNM,2019,4.993428
Vietnam,VNM,2020,16.660427
Vietnam,VNM,2021,16.660427
Vietnam,VNM,2022,16.697428
Vietnam,VNM,2023,18.587347
Vietnam,VNM,2024,18.666277
Vietnam,VNM,2025,19.252277
World,OWID_WRL,2000,1.2213535
World,OWID_WRL,2001,1.3319664
World,OWID_WRL,2002,1.6317205
World,OWID_WRL,2003,2.3429854
World,OWID_WRL,2004,3.427396
World,OWID_WRL,2005,4.9233394
World,OWID_WRL,2006,6.4868364
World,OWID_WRL,2007,8.956226
World,OWID_WRL,2008,15.22942
World,OWID_WRL,2009,23.544443
World,OWID_WRL,2010,41.488235
World,OWID_WRL,2011,72.6579
World,OWID_WRL,2012,102.81575
World,OWID_WRL,2013,139.68687
World,OWID_WRL,2014,178.84773
World,OWID_WRL,2015,226.5979
World,OWID_WRL,2016,298.50723
World,OWID_WRL,2017,392.3427
World,OWID_WRL,2018,487.84647
World,OWID_WRL,2019,590.1197
World,OWID_WRL,2020,721.2222
World,OWID_WRL,2021,865.921
World,OWID_WRL,2022,1057.8683
World,OWID_WRL,2023,1423.988
World,OWID_WRL,2024,1883.1776
World,OWID_WRL,2025,2396.7092
Yemen,YEM,2008,0.000946
Yemen,YEM,2009,0.000997
Yemen,YEM,2010,0.001007
Yemen,YEM,2011,0.001286
Yemen,YEM,2012,0.0013669999
Yemen,YEM,2013,0.0023689999
Yemen,YEM,2014,0.005453
Yemen,YEM,2015,0.060249
Yemen,YEM,2016,0.080634005
Yemen,YEM,2017,0.103084
Yemen,YEM,2018,0.253341
Yemen,YEM,2019,0.25416002
Yemen,YEM,2020,0.257671
Yemen,YEM,2021,0.257711
Yemen,YEM,2022,0.26373002
Yemen,YEM,2023,0.283484
Yemen,YEM,2024,0.40274242
Yemen,YEM,2025,0.4557424
Zambia,ZMB,2013,9.6e-7
Zambia,ZMB,2014,0.00000102
Zambia,ZMB,2015,0.00043901
Zambia,ZMB,2016,0.00114711
Zambia,ZMB,2017,0.00150448
Zambia,ZMB,2018,0.00400869
Zambia,ZMB,2019,0.09336171
Zambia,ZMB,2020,0.094060116
Zambia,ZMB,2021,0.09429679
Zambia,ZMB,2022,0.095243506
Zambia,ZMB,2023,0.13087499
Zambia,ZMB,2024,0.19311781
Zambia,ZMB,2025,0.33331782
Zimbabwe,ZWE,2007,0.000002
Zimbabwe,ZWE,2008,0.000002
Zimbabwe,ZWE,2009,0.000002
Zimbabwe,ZWE,2010,0.000002
Zimbabwe,ZWE,2011,0.00013489001
Zimbabwe,ZWE,2012,0.00069327
Zimbabwe,ZWE,2013,0.0014922901
Zimbabwe,ZWE,2014,0.00218661
Zimbabwe,ZWE,2015,0.0020360502
Zimbabwe,ZWE,2016,0.002227265
Zimbabwe,ZWE,2017,0.0041807652
Zimbabwe,ZWE,2018,0.007820775
Zimbabwe,ZWE,2019,0.011155485
Zimbabwe,ZWE,2020,0.013305175
Zimbabwe,ZWE,2021,0.026854675
Zimbabwe,ZWE,2022,0.039804295
Zimbabwe,ZWE,2023,0.04534503
Zimbabwe,ZWE,2024,0.1048019
Zimbabwe,ZWE,2025,0.1048019