{
  "type": "FeatureCollection",
  "features": [
    {
      "type": "Feature",
      "properties": {
        "units": "m",
        "crs": "local offset of EPSG:32633",
        "origin_easting_m": 533354.7081490323,
        "origin_northing_m": 5213605.157462877
      },
      "geometry": {
        "type": "Polygon",
        "coordinates": [
          [
            [
              -2881.5724270348437,
              6567.088642398827
            ],
            [
              -2902.475428446429,
              6573.489213949069
            ],
            [
              -2923.2756691783434,
              6579.141773028299
            ],
            [
              -2927.393537415657,
              6580.261009550653
            ],
            [
              -2931.4209471304202,
              6581.351801726967
            ],
            [
              -2932.1039556374308,
              6581.540063759312
            ],
            [
              -2948.913596914499,
              6582.992160757072
            ],
            [
              -2957.1431807307526,
              6583.701211107895
            ],
            [
              -2963.9271297536325,
              6578.206898575649
            ],
            [
              -2965.7857492960757,
              6572.896755226888
            ],
            [
              -2967.0226065139286,
              6568.05709908437
            ],
            [
              -2973.440016854205,
              6556.910800759681
            ],
            [
              -3000.5976789848646,
              6533.873508037999
            ],
            [
              -3020.232266836334,
              6519.292253111489
            ],
            [
              -3032.973571545328,
              6511.996625939384
            ],
            [
              -3057.022684887983,
              6498.9294152027
            ],
            [
              -3065.9067416562466,
              6496.988094546832
            ],
            [
              -3079.2658045520075,
              6500.098687903024
            ],
            [
              -3083.16004455043,
              6501.00181569159
            ],
            [
              -3092.7934815675253,
              6501.3769641947
            ],
            [
              -3102.290073983837,
              6498.425481389277
            ],
            [
              -3104.1993522611447,
              6497.833015198819
            ],
            [
              -3113.12986746151,
              6488.0833149319515
            ],
            [
              -3121.227714441833,
              6471.729896243662
            ],
            [
              -3129.160285049933,
              6463.836687953211
            ],
            [
              -3134.795540606603,
              6459.801571425982
            ],
            [
              -3143.678036906407,
              6453.441645383835
            ],
            [
              -3146.9793255991535,
              6445.857538376935
            ],
            [
              -3149.728486222797,
              6439.542480464093
            ],
            [
              -3152.8295671523083,
              6427.966032270342
            ],
            [
              -3158.0168053249363,
              6408.600320222788
            ],
            [
              -3157.5673195200507,
              6393.534667093307
            ],
            [
              -3157.4320980485063,
              6389.016377141699
            ],
            [
              -3158.6921003895113,
              6377.9282611347735
            ],
            [
              -3161.3610011470737,
              6369.725160438567
            ],
            [
              -3165.474759901408,
              6362.41707582213
            ],
            [
              -3171.1698763292516,
              6356.971373892389
            ],
            [
              -3179.210761921131,
              6353.07508001104
            ],
            [
              -3191.4684874800732,
              6351.117078459822
            ],
            [
              -3194.913021246204,
              6350.567346966825
            ],
            [
              -3200.3243805216625,
              6350.744757706299
            ],
            [
              -3206.5595993675524,
              6345.899634781294
            ],
            [
              -3202.4801681536483,
              6337.671939307824
            ],
            [
              -3196.331174925086,
              6323.233555037528
            ],
            [
              -3188.6594893593574,
              6305.218315056525
            ],
            [
              -3182.5966314040124,
              6287.397503519431
            ],
            [
              -3174.952739981003,
              6226.796963174827
            ],
            [
              -3170.6172193681123,
              6201.249003822915
            ],
            [
              -3159.393446508795,
              6155.794988625683
            ],
            [
              -3155.4011442657793,
              6139.798203983344
            ],
            [
              -3149.3373526965734,
              6115.489411715418
            ],
            [
              -3147.425937963999,
              6110.693579405546
            ],
            [
              -3145.1907009171555,
              6105.083536093123
            ],
            [
              -3140.793601700454,
              6094.062133158557
            ],
            [
              -3132.9708709531697,
              6074.4619596088305
            ],
            [
              -3127.4440247575985,
              6059.341141867451
            ],
            [
              -3117.554846753832,
              6032.308600399643
            ],
            [
              -3116.162095343927,
              6026.274281639606
            ],
            [
              -3111.1405887325527,
              6004.45689278096
            ],
            [
              -3108.9056099208537,
              5994.768105390482
            ],
            [
              -3101.8797571960604,
              5963.887790926732
            ],
            [
              -3100.807753528119,
              5959.657429384999
            ],
            [
              -3095.9518488592003,
              5946.884410527535
            ],
            [
              -3095.291332141962,
              5945.146242205054
            ],
            [
              -3087.532755027176,
              5932.222902207635
            ],
            [
              -3083.3652640162036,
              5925.276309926063
            ],
            [
              -3082.614006909891,
              5924.019544231705
            ],
            [
              -3082.1145555177936,
              5923.048384606838
            ],
            [
              -3067.6721501998836,
              5894.984011079185
            ],
            [
              -3065.6964214642067,
              5881.162067036144
            ],
            [
              -3066.4569117598003,
              5865.413932289928
            ],
            [
              -3070.6566184555413,
              5845.588251946494
            ],
            [
              -3074.2918065867852,
              5818.762388950214
            ],
            [
              -3074.7401628895896,
              5815.457744402811
            ],
            [
              -3071.7089283869136,
              5786.088654930703
            ],
            [
              -3070.080171387992,
              5776.189565010369
            ],
            [
              -3066.788234561449,
              5756.132053705864
            ],
            [
              -3060.013952649082,
              5731.195593292825
            ],
            [
              -3049.2787236815784,
              5703.20780124329
            ],
            [
              -3046.4600821820786,
              5697.387794626877
            ],
            [
              -3032.9553229942685,
              5670.547000562772
            ],
            [
              -3024.355564331985,
              5651.982779712416
            ],
            [
              -3022.6999738349114,
              5648.409191940911
            ],
            [
              -3021.6988781569526,
              5645.34425621666
            ],
            [
              -3020.125974343973,
              5640.525639399886
            ],
            [
              -3026.831386036589,
              5602.362784175202
            ],
            [
              -3033.1556485898327,
              5575.822854545899
            ],
            [
              -3040.9819837048417,
              5562.883039214648
            ],
            [
              -3062.7082505142316,
              5549.605667443946
            ],
            [
              -3086.564253527322,
              5542.200067100115
            ],
            [
              -3116.564069629181,
              5543.3167846966535
            ],
            [
              -3148.6656881915405,
              5550.425711468793
            ],
            [
              -3166.8060658705654,
              5542.587972055189
            ],
            [
              -3181.113196550985,
              5532.736397391185
            ],
            [
              -3194.3514030077495,
              5518.834353496321
            ],
            [
              -3190.974824722507,
              5502.597111506388
            ],
            [
              -3186.438953071367,
              5480.531494547613
            ],
            [
              -3188.3538021220593,
              5467.9826385574415
            ],
            [
              -3195.3435020082397,
              5445.3401380851865
            ],
            [
              -3195.477071868023,
              5444.907988096587
            ],
            [
              -3194.6417246368947,
              5414.751604542136
            ],
            [
              -3198.0844733781414,
              5393.91918964684
            ],
            [
              -3208.11385082209,
              5377.10291645024
            ],
            [
              -3217.193623130559,
              5363.801791823469
            ],
            [
              -3229.497093961574,
              5351.945103292353
            ],
            [
              -3245.0367474566447,
              5334.074946871959
            ],
            [
              -3257.824202184682,
              5321.290272551589
            ],
            [
              -3267.754828217672,
              5309.224220927805
            ],
            [
              -3278.2430743481964,
              5293.519762980752
            ],
            [
              -3291.6720369383693,
              5273.81626614742
            ],
            [
              -3279.378385830787,
              5244.13564825058
            ],
            [
              -3264.8042143745115,
              5221.4018676336855
            ],
            [
              -3251.358499887632,
              5203.277364609763
            ],
            [
              -3241.3325949675636,
              5191.052564628422
            ],
            [
              -3236.3188586481847,
              5153.30997173395
            ],
            [
              -3234.0977612095885,
              5133.903954719193
            ],
            [
              -3232.7810012432747,
              5110.67366022896
            ],
            [
              -3245.33811751171,
              5086.166560964659
            ],
            [
              -3256.04001889925,
              5064.83019957412
            ],
            [
              -3253.3199395873817,
              5033.776321363635
            ],
            [
              -3256.634475542465,
              5020.063900294714
            ],
            [
              -3259.4004515144043,
              5007.010653869249
            ],
            [
              -3270.909376991447,
              4959.778518980369
            ],
            [
              -3278.7750132748624,
              4949.137339796871
            ],
            [
              -3282.1553259204375,
              4944.01113607455
            ],
            [
              -3298.867789050564,
              4918.6632639952
            ],
            [
              -3319.1542966665,
              4887.825991704129
            ],
            [
              -3328.194022858632,
              4873.935749410652
            ],
            [
              -3341.004754212452,
              4850.813898493536
            ],
            [
              -3355.9696334643522,
              4836.162595696747
            ],
            [
              -3367.5859839831246,
              4832.065269585699
            ],
            [
              -3382.8280962997815,
              4828.955650558695
            ],
            [
              -3393.502682677703,
              4832.342105157673
            ],
            [
              -3392.8220520152245,
              4809.480829611421
            ],
            [
              -3400.4363399012946,
              4787.057607044466
            ],
            [
              -3409.860685638152,
              4753.55687557999
            ],
            [
              -3404.597760042525,
              4735.742374968715
            ],
            [
              -3406.2910111719975,
              4710.811158129014
            ],
            [
              -3414.345604005386,
              4673.205119376071
            ],
            [
              -3435.1709950157674,
              4628.2730278950185
            ],
            [
              -3445.9583261987427,
              4585.611843853258
            ],
            [
              -3455.172292802832,
              4554.424000398256
            ],
            [
              -3469.0749234387185,
              4514.468723622151
            ],
            [
              -3480.319062137394,
              4477.4779777554795
            ],
            [
              -3492.614279661677,
              4440.5692400969565
            ],
            [
              -3496.4464615621837,
              4429.067297326401
            ],
            [
              -3510.9121872978285,
              4404.511623409577
            ],
            [
              -3559.645825510961,
              4321.784198790789
            ],
            [
              -3561.2730874691624,
              4319.02123866789
            ],
            [
              -3643.046708535403,
              4180.208450254984
            ],
            [
              -3659.732972155558,
              4180.293177959509
            ],
            [
              -3686.3395823093597,
              4179.4086219659075
            ],
            [
              -3708.455502634519,
              4173.722325636074
            ],
            [
              -3735.925255025155,
              4174.792407179251
            ],
            [
              -3752.775517317117,
              4175.114257730544
            ],
            [
              -3764.354245160357,
              4178.175371313468
            ],
            [
              -3771.113756944309,
              4178.269790383056
            ],
            [
              -3784.8798032324994,
              4180.043912585825
            ],
            [
              -3805.357864151243,
              4182.64303828124
            ],
            [
              -3827.653196046711,
              4186.870591269806
            ],
            [
              -3862.1105283196084,
              4204.306126812473
            ],
            [
              -3873.114654805977,
              4204.747876686044
            ],
            [
              -3903.1159444154473,
              4205.95463681221
            ],
            [
              -3930.1012790884124,
              4206.173261410557
            ],
            [
              -3973.1460021927487,
              4200.79909714777
            ],
            [
              -4012.838610787294,
              4202.260107250884
            ],
            [
              -4034.04520576715,
              4202.447527606972
            ],
            [
              -4038.094640491763,
              4202.488290861249
            ],
            [
              -4039.072055460303,
              4208.789618042298
            ],
            [
              -4039.9520703490125,
              4212.667365678586
            ],
            [
              -4042.8017792959,
              4225.22073750291
            ],
            [
              -4043.7546516155126,
              4237.690561303869
            ],
            [
              -4050.091348503134,
              4235.272990182973
            ],
            [
              -4070.371857097256,
              4230.407815314829
            ],
            [
              -4104.175839095842,
              4221.312778942287
            ],
            [
              -4126.691809257725,
              4221.487818465568
            ],
            [
              -4132.523824995384,
              4217.617328699678
            ],
            [
              -4147.825430378201,
              4207.460919574834
            ],
            [
              -4156.365144672571,
              4207.0150742884725
            ],
            [
              -4167.164051887114,
              4215.337872628123
            ],
            [
              -4183.273091165931,
              4222.010409831069
            ],
            [
              -4213.77950774366,
              4207.733365110122
            ],
            [
              -4233.345390779665,
              4204.339950259775
            ],
            [
              -4243.353366848431,
              4202.649394117296
            ],
            [
              -4274.905173874344,
              4197.481637454592
            ],
            [
              -4333.607660101377,
              4191.679945873097
            ],
            [
              -4388.54336814885,
              4164.939192850143
            ],
            [
              -4406.675148856128,
              4162.450014133006
            ],
            [
              -4432.164392261882,
              4171.061591198668
            ],
            [
              -4458.235382329556,
              4132.987823274918
            ],
            [
              -4474.92592645844,
              4123.965327290818
            ],
            [
              -4481.970557359164,
              4126.705045272596
            ],
            [
              -4511.658676526509,
              4138.252925953828
            ],
            [
              -4523.49764374888,
              4143.089030050673
            ],
            [
              -4578.152653710102,
              4150.232486515306
            ],
            [
              -4584.384663691628,
              4136.717183666304
            ],
            [
              -4589.906216343981,
              4124.741544181481
            ],
            [
              -4596.137227593921,
              4111.226259208284
            ],
            [
              -4598.878742128843,
              4105.281255646609
            ],
            [
              -4599.188190534012,
              4104.611175575294
            ],
            [
              -4599.407957252464,
              4104.133568307385
            ],
            [
              -4601.228470306727,
              4102.441977133043
            ],
            [
              -4607.752858048072,
              4096.383342891
            ],
            [
              -4624.302645750227,
              4118.90337963216
            ],
            [
              -4631.763887260575,
              4131.923755066469
            ],
            [
              -4636.420337411109,
              4140.0496098725125
            ],
            [
              -4637.341888131225,
              4142.380126389675
            ],
            [
              -4639.7116046739975,
              4148.373739720322
            ],
            [
              -4640.626868721913,
              4150.687368958257
            ],
            [
              -4647.370330077014,
              4167.743749354966
            ],
            [
              -4669.822797643952,
              4225.041981007904
            ],
            [
              -4675.717963887611,
              4240.076493932866
            ],
            [
              -4685.467291232315,
              4255.425021470524
            ],
            [
              -4709.906767384266,
              4293.865184565075
            ],
            [
              -4741.823957741959,
              4348.102559116669
            ],
            [
              -4760.134948678431,
              4381.838953921571
            ],
            [
              -4763.107655434636,
              4387.3164176326245
            ],
            [
              -4778.838315719739,
              4418.587693454698
            ],
            [
              -4802.193666680134,
              4465.013867292553
            ],
            [
              -4822.687916304218,
              4509.509553473443
            ],
            [
              -4825.535080720903,
              4516.122805417515
            ],
            [
              -4825.764102340327,
              4516.654723330401
            ],
            [
              -4828.192789022345,
              4522.296434024349
            ],
            [
              -4833.8892366397195,
              4535.529899066314
            ],
            [
              -4837.4491462294245,
              4542.901727873832
            ],
            [
              -4841.444344396819,
              4551.175831981935
            ],
            [
              -4846.126104484778,
              4560.840762401931
            ],
            [
              -4846.832833294524,
              4562.300222564489
            ],
            [
              -4850.942098532105,
              4570.81430095993
            ],
            [
              -4859.828450668836,
              4589.189617695287
            ],
            [
              -4864.770969228353,
              4600.892450025305
            ],
            [
              -4867.1213883270975,
              4606.458521466702
            ],
            [
              -4873.351594863343,
              4621.208383273333
            ],
            [
              -4874.050580354175,
              4623.969567198306
            ],
            [
              -4890.493879221263,
              4688.924072908238
            ],
            [
              -4914.493246892933,
              4773.55721772369
            ],
            [
              -4920.3382752046455,
              4793.261105630547
            ],
            [
              -4921.957937536179,
              4806.139373491518
            ],
            [
              -4926.366697560996,
              4841.24298211094
            ],
            [
              -4934.423641485977,
              4888.590375820175
            ],
            [
              -4945.720504051424,
              4915.578766935505
            ],
            [
              -4956.925663629547,
              4942.34879294876
            ],
            [
              -4961.751168768271,
              4953.872675103135
            ],
            [
              -4968.957614407409,
              4969.0047179199755
            ],
            [
              -4973.251065361546,
              4974.549573073164
            ],
            [
              -4976.233999026357,
              4978.402364956215
            ],
            [
              -4988.574629875948,
              4994.341375381686
            ],
            [
              -4993.40929112013,
              4999.96695168782
            ],
            [
              -5002.19086399721,
              5010.163612747565
            ],
            [
              -5009.09743263782,
              5015.353902318515
            ],
            [
              -5009.509749375633,
              5014.3271754598245
            ],
            [
              -5009.709339015535,
              5013.838916452602
            ],
            [
              -5013.539809905109,
              5004.461372740567
            ],
            [
              -5016.10835478676,
              4997.989491490647
            ],
            [
              -5018.826119534206,
              4993.814337777905
            ],
            [
              -5021.5728412657045,
              4989.57870804891
            ],
            [
              -5025.554385145777,
              4982.781771428883
            ],
            [
              -5026.129440761753,
              4981.801247829571
            ],
            [
              -5026.565562903765,
              4981.056025635451
            ],
            [
              -5032.833640989964,
              4971.992708833888
            ],
            [
              -5038.311477346695,
              4964.070544371381
            ],
            [
              -5045.374743195367,
              4953.862992497161
            ],
            [
              -5050.324331141193,
              4944.571290085092
            ],
            [
              -5049.443523521419,
              4935.14930900652
            ],
            [
              -5045.582562479074,
              4923.90884971153
            ],
            [
              -5048.5481683776015,
              4913.8213170403615
            ],
            [
              -5050.051262725261,
              4908.707225944847
            ],
            [
              -5051.85720483982,
              4898.559538652189
            ],
            [
              -5054.100495960214,
              4885.925155581906
            ],
            [
              -5066.8438058614265,
              4852.4278146624565
            ],
            [
              -5067.532798524946,
              4849.456968830898
            ],
            [
              -5072.3286360079655,
              4837.193830573931
            ],
            [
              -5073.091051273397,
              4835.243408900686
            ],
            [
              -5082.082121036947,
              4812.249919845723
            ],
            [
              -5157.778878680314,
              4812.925570013002
            ],
            [
              -5189.461288156337,
              4810.49068246875
            ],
            [
              -5201.401665339945,
              4811.083359299228
            ],
            [
              -5392.408851662534,
              4818.939359017648
            ],
            [
              -5502.554595073685,
              4823.469837146811
            ],
            [
              -5569.8583511664765,
              4828.90846969001
            ],
            [
              -5655.90206502506,
              4839.54607244581
            ],
            [
              -5737.6076207400765,
              4847.404715158977
            ],
            [
              -5851.980044642114,
              4865.1607358995825
            ],
            [
              -6018.432054746547,
              4890.351009303704
            ],
            [
              -6029.6044189630775,
              4892.041464656591
            ],
            [
              -6043.111778218765,
              4894.359800594859
            ],
            [
              -6065.313373599318,
              4896.443568611518
            ],
            [
              -6106.354233287275,
              4900.295688306913
            ],
            [
              -6106.418343779282,
              4895.741035129875
            ],
            [
              -6106.744408407249,
              4872.295887902379
            ],
            [
              -6106.794482171768,
              4868.733160484582
            ],
            [
              -6106.15286523127,
              4824.75806120038
            ],
            [
              -6105.99360557273,
              4815.439736027271
            ],
            [
              -6105.900072222925,
              4809.967068860307
            ],
            [
              -6105.904698509839,
              4805.441423499025
            ],
            [
              -6105.911555313272,
              4797.770736361854
            ],
            [
              -6105.929787387606,
              4785.384348702617
            ],
            [
              -6104.284882161068,
              4707.857031388208
            ],
            [
              -6106.6828391533345,
              4677.365695577115
            ],
            [
              -6106.994552195654,
              4673.201685721986
            ],
            [
              -6107.122420222266,
              4671.500038788654
            ],
            [
              -6106.543018990313,
              4667.02036349196
            ],
            [
              -6105.958971193293,
              4662.5027796290815
            ],
            [
              -6105.566980965319,
              4659.454446855001
            ],
            [
              -6105.182114401949,
              4656.471971426159
            ],
            [
              -6102.535420842469,
              4635.90973359067
            ],
            [
              -6101.601570319268,
              4628.647999219596
            ],
            [
              -6073.494044414256,
              4495.49070034083
            ],
            [
              -6073.360536761815,
              4495.283048508689
            ],
            [
              -6042.63080255792,
              4491.21967910137
            ],
            [
              -6020.233378528734,
              4478.086734735407
            ],
            [
              -6011.275694650831,
              4471.621918184683
            ],
            [
              -5992.317801803467,
              4457.940344749019
            ],
            [
              -5985.268095391453,
              4453.030417289585
            ],
            [
              -5960.915634869831,
              4436.174069482833
            ],
            [
              -5943.204156658961,
              4419.4981321254745
            ],
            [
              -5935.90343046817,
              4412.76907025557
            ],
            [
              -5926.752423037309,
              4398.969876307063
            ],
            [
              -5925.847389621427,
              4397.6057797642425
            ],
            [
              -5899.5787180208135,
              4366.19478825666
            ],
            [
              -5888.035819046549,
              4347.677974170074
            ],
            [
              -5866.453496563598,
              4323.744497892447
            ],
            [
              -5848.737548201345,
              4297.915522285737
            ],
            [
              -5834.306339575094,
              4256.045463303104
            ],
            [
              -5825.775015227846,
              4221.882107015699
            ],
            [
              -5823.667687334819,
              4198.015676858835
            ],
            [
              -5815.606103757396,
              4159.165770010091
            ],
            [
              -5813.364611075842,
              4148.507457138039
            ],
            [
              -5810.063807876781,
              4110.375937508419
            ],
            [
              -5805.379520635703,
              4083.714441621676
            ],
            [
              -5796.2421536758775,
              4018.181355264038
            ],
            [
              -5785.157923635095,
              3973.8548437086865
            ],
            [
              -5780.264855701011,
              3952.5252286167815
            ],
            [
              -5785.6725768910255,
              3901.5389029746875
            ],
            [
              -5787.92741256638,
              3880.2770789591596
            ],
            [
              -5789.345695463591,
              3832.8178359000012
            ],
            [
              -5788.645173182711,
              3818.7342622121796
            ],
            [
              -5834.2381514719455,
              3813.3166126077995
            ],
            [
              -5864.842508449568,
              3815.8926498005167
            ],
            [
              -5897.045695265755,
              3807.3148848367855
            ],
            [
              -5925.70884483587,
              3792.8195066414773
            ],
            [
              -5990.593703338178,
              3763.2997193364426
            ],
            [
              -5999.108369480935,
              3759.6353315776214
            ],
            [
              -6045.720701475628,
              3739.5749040404335
            ],
            [
              -6080.531269057654,
              3729.7229824997485
            ],
            [
              -6119.908526702435,
              3722.1022938555107
            ],
            [
              -6146.734975434141,
              3697.8214271999896
            ],
            [
              -6169.119379067095,
              3682.1137761697173
            ],
            [
              -6222.401733245817,
              3647.5539500880986
            ],
            [
              -6281.3905800798675,
              3645.8901506764814
            ],
            [
              -6281.734302264405,
              3645.8802783861756
            ],
            [
              -6283.8325109690195,
              3645.8144334992394
            ],
            [
              -6287.72803735116,
              3643.8114808443934
            ],
            [
              -6291.316365397652,
              3641.9667291203514
            ],
            [
              -6324.4625696449075,
              3624.9265530603006
            ],
            [
              -6365.719497689162,
              3591.5819169003516
            ],
            [
              -6397.4264055565,
              3605.4455348346382
            ],
            [
              -6447.327911671717,
              3609.971108784899
            ],
            [
              -6463.72192605841,
              3603.43195658084
            ],
            [
              -6470.534325563,
              3600.715372618288
            ],
            [
              -6479.091263308888,
              3597.3021900150925
            ],
            [
              -6484.675119976979,
              3594.823530619964
            ],
            [
              -6484.925139076076,
              3594.7122922949493
            ],
            [
              -6488.971758851316,
              3592.8347185356542
            ],
            [
              -6507.300461643143,
              3569.6987732658163
            ],
            [
              -6538.175044872914,
              3527.834334805608
            ],
            [
              -6580.894611675525,
              3556.6849417900667
            ],
            [
              -6610.840895534027,
              3565.80016019661
            ],
            [
              -6620.63954974059,
              3568.24389084056
            ],
            [
              -6632.827613462112,
              3571.282588992268
            ],
            [
              -6682.16555039899,
              3553.9447566745803
            ],
            [
              -6716.47073217947,
              3516.8601753059775
            ],
            [
              -6742.262398307794,
              3492.8669536672533
            ],
            [
              -6755.671832841472,
              3476.7028923351318
            ],
            [
              -6780.698512730305,
              3476.975021111779
            ],
            [
              -6808.196928012301,
              3463.9391406532377
            ],
            [
              -6787.417182094068,
              3418.928671427071
            ],
            [
              -6785.389619868132,
              3414.5287303477526
            ],
            [
              -6778.45337322366,
              3399.4081086292863
            ],
            [
              -6781.304787747678,
              3384.684060446918
            ],
            [
              -6783.845732268528,
              3371.564808034338
            ],
            [
              -6788.313329031807,
              3358.5196002367884
            ],
            [
              -6789.315027178498,
              3355.595410041511
            ],
            [
              -6791.4631072132615,
              3349.3216921603307
            ],
            [
              -6802.889861229109,
              3312.48711383529
            ],
            [
              -6819.519233886036,
              3258.351125018671
            ],
            [
              -6818.474695229786,
              3228.228578692302
            ],
            [
              -6800.018279915792,
              3195.916341639124
            ],
            [
              -6785.896107233246,
              3170.9536775397137
            ],
            [
              -6763.749804968364,
              3146.7699145535007
            ],
            [
              -6730.890721642645,
              3111.6927238767967
            ],
            [
              -6688.567967239302,
              3059.8426220333204
            ],
            [
              -6660.168499549851,
              3030.0914985928684
            ],
            [
              -6646.532505432027,
              3015.445226892829
            ],
            [
              -6612.866407522233,
              2978.772316472605
            ],
            [
              -6626.173938170192,
              2963.663673696108
            ],
            [
              -6647.989889268298,
              2938.6747523564845
            ],
            [
              -6670.191388595849,
              2915.1877659168094
            ],
            [
              -6683.596817582729,
              2901.1281201886013
            ],
            [
              -6707.9771344177425,
              2886.0962058715522
            ],
            [
              -6725.571134196012,
              2875.2489498080686
            ],
            [
              -6731.451448166161,
              2867.770827400498
            ],
            [
              -6733.377044536406,
              2865.2087318804115
            ],
            [
              -6693.171066558105,
              2845.387228280306
            ],
            [
              -6675.004194378154,
              2836.455572036095
            ],
            [
              -6655.439473488717,
              2834.0597258657217
            ],
            [
              -6649.216373384232,
              2833.1773690367118
            ],
            [
              -6634.717830984504,
              2827.7269059857354
            ],
            [
              -6615.669240852236,
              2822.7740513253957
            ],
            [
              -6607.879407461267,
              2821.468606663868
            ],
            [
              -6576.649858982768,
              2816.23303192202
            ],
            [
              -6551.875306188362,
              2817.845952722244
            ],
            [
              -6531.107379065128,
              2828.6974565451965
            ],
            [
              -6486.015502811293,
              2880.9915207773447
            ],
            [
              -6472.328917350271,
              2890.122544556856
            ],
            [
              -6463.993608073681,
              2895.683241421357
            ],
            [
              -6454.014711241354,
              2899.0727202314883
            ],
            [
              -6436.109298928641,
              2900.1784024294466
            ],
            [
              -6393.636705965619,
              2904.502956610173
            ],
            [
              -6362.646452293848,
              2916.198917896487
            ],
            [
              -6329.588212385192,
              2929.7296438682824
            ],
            [
              -6295.599492502282,
              2950.2360613876954
            ],
            [
              -6272.947004512185,
              2964.296770790592
            ],
            [
              -6260.951679829741,
              2973.7088061375543
            ],
            [
              -6227.9402368068695,
              2987.989502305165
            ],
            [
              -6208.813709725859,
              2996.2627864293754
            ],
            [
              -6177.378598114243,
              3006.496826890856
            ],
            [
              -6167.4215632056585,
              3000.634870550595
            ],
            [
              -6151.092421274516,
              2991.021014839411
            ],
            [
              -6136.542144922307,
              2979.033506689593
            ],
            [
              -6123.649077816517,
              2954.0417950628325
            ],
            [
              -6114.654716821038,
              2944.258625696413
            ],
            [
              -6100.4784888899885,
              2931.92982979957
            ],
            [
              -6084.874083783128,
              2917.925973816775
            ],
            [
              -6055.247366222786,
              2903.526906576939
            ],
            [
              -6022.032285522553,
              2897.816416126676
            ],
            [
              -6018.541133815539,
              2897.216275726445
            ],
            [
              -6019.254220763221,
              2886.293547448702
            ],
            [
              -6021.401406104094,
              2847.5531190894544
            ],
            [
              -6016.13103500579,
              2826.9557214537635
            ],
            [
              -6013.252256269101,
              2816.4422538252547
            ],
            [
              -6006.303778298665,
              2791.8288084883243
            ],
            [
              -5982.15947587695,
              2767.726099897176
            ],
            [
              -5980.4000142466975,
              2765.969727549702
            ],
            [
              -5947.5403644475155,
              2744.318196083419
            ],
            [
              -5908.224299978348,
              2722.7569803204387
            ],
            [
              -5874.878337525297,
              2724.7162828901783
            ],
            [
              -5815.138066001004,
              2729.44582016021
            ],
            [
              -5808.616057668347,
              2723.415196157992
            ],
            [
              -5783.789513626834,
              2700.280825501308
            ],
            [
              -5779.050953227677,
              2693.8998302007094
            ],
            [
              -5750.331346047693,
              2655.886695422232
            ],
            [
              -5742.0448225135915,
              2628.436996275559
            ],
            [
              -5740.236188950948,
              2623.2175571741536
            ],
            [
              -5732.906235988368,
              2603.191162048839
            ],
            [
              -5728.112838339293,
              2591.7866895962507
            ],
            [
              -5726.004628459108,
              2579.389638464898
            ],
            [
              -5725.133604294155,
              2574.223157705739
            ],
            [
              -5723.811353263794,
              2561.7796884207055
            ],
            [
              -5729.699904884445,
              2542.4951430261135
            ],
            [
              -5729.764470704016,
              2524.039872072637
            ],
            [
              -5717.626306285849,
              2503.4438301902264
            ],
            [
              -5705.801169684506,
              2481.4508786490187
            ],
            [
              -5697.621020046412,
              2466.4874100442976
            ],
            [
              -5695.860229023499,
              2456.695596710779
            ],
            [
              -5692.643853004207,
              2440.230768318288
            ],
            [
              -5688.97915968718,
              2430.5264656776562
            ],
            [
              -5686.657778054243,
              2427.4771025544032
            ],
            [
              -5686.487351941061,
              2419.8424272835255
            ],
            [
              -5683.64532752044,
              2403.7560808621347
            ],
            [
              -5681.009167979239,
              2388.8358475239947
            ],
            [
              -5676.406568216509,
              2381.8697082754225
            ],
            [
              -5675.5291565074585,
              2380.542122934945
            ],
            [
              -5674.9168858421035,
              2379.812817240134
            ],
            [
              -5673.618059609435,
              2375.176479263231
            ],
            [
              -5663.399956670706,
              2361.0555704329163
            ],
            [
              -5660.779024734278,
              2347.49464648962
            ],
            [
              -5657.762391091208,
              2338.8589292773977
            ],
            [
              -5652.807517528534,
              2332.0457611829042
            ],
            [
              -5649.852304435102,
              2322.90915221069
            ],
            [
              -5637.260807176819,
              2294.1514255646616
            ],
            [
              -5619.638638332603,
              2254.0852425517514
            ],
            [
              -5613.850507220952,
              2241.390170486644
            ],
            [
              -5606.723923583399,
              2229.7556372843683
            ],
            [
              -5592.007499252213,
              2219.160485298373
            ],
            [
              -5589.171809296007,
              2215.9079738697037
            ],
            [
              -5584.709619824775,
              2210.957795072347
            ],
            [
              -5571.083168373676,
              2187.508072063327
            ],
            [
              -5568.156130192685,
              2180.0204582242295
            ],
            [
              -5566.284407997853,
              2175.2039659768343
            ],
            [
              -5566.32088805479,
              2165.636362616904
            ],
            [
              -5563.893238988239,
              2154.6113306852058
            ],
            [
              -5562.661026146496,
              2151.533360466361
            ],
            [
              -5567.217482604319,
              2143.218116541393
            ],
            [
              -5568.566912867711,
              2135.01764373295
            ],
            [
              -5571.865751071135,
              2127.4036710653454
            ],
            [
              -5576.6920098168775,
              2122.5927105303854
            ],
            [
              -5581.393731479533,
              2117.5139629505575
            ],
            [
              -5583.704787423718,
              2110.5966515904292
            ],
            [
              -5581.215912643471,
              2106.5204724352807
            ],
            [
              -5577.854618322686,
              2098.190545424819
            ],
            [
              -5585.018352244748,
              2092.6898565404117
            ],
            [
              -5590.775686522364,
              2077.4262850200757
            ],
            [
              -5598.823293004069,
              2058.124849206768
            ],
            [
              -5625.550679966807,
              2019.2603648174554
            ],
            [
              -5631.254019495915,
              1996.7400106051937
            ],
            [
              -5642.34707692673,
              1982.4949366403744
            ],
            [
              -5642.951063407701,
              1974.5471253180876
            ],
            [
              -5647.211711165146,
              1967.056679775007
            ],
            [
              -5658.854264350492,
              1952.7922228602692
            ],
            [
              -5660.266258416697,
              1941.231744949706
            ],
            [
              -5657.59768191562,
              1927.2217746470124
            ],
            [
              -5671.115989493555,
              1907.4769956404343
            ],
            [
              -5670.852918834542,
              1904.1325479289517
            ],
            [
              -5669.697806805139,
              1889.416936964728
            ],
            [
              -5682.817962622037,
              1871.5283774007112
            ],
            [
              -5687.419624675298,
              1861.762825020589
            ],
            [
              -5674.347491123597,
              1845.0115077933297
            ],
            [
              -5670.5790923211025,
              1837.4283017925918
            ],
            [
              -5667.802649678197,
              1825.4135442310944
            ],
            [
              -5664.782281281194,
              1812.3452877737582
            ],
            [
              -5655.713343179552,
              1780.640281913802
            ],
            [
              -5645.316622885992,
              1753.1366376914084
            ],
            [
              -5632.555008170311,
              1726.4731397014111
            ],
            [
              -5620.363456562161,
              1701.5793395424262
            ],
            [
              -5606.375996479299,
              1683.9139447491616
            ],
            [
              -5602.17572003149,
              1671.3556872317567
            ],
            [
              -5592.183016423136,
              1643.0993703324348
            ],
            [
              -5592.956023029052,
              1622.2227528728545
            ],
            [
              -5584.918431274011,
              1598.807495987974
            ],
            [
              -5583.901661847252,
              1586.6886973539367
            ],
            [
              -5586.075253893621,
              1575.2351707005873
            ],
            [
              -5586.27092756331,
              1553.918557706289
            ],
            [
              -5588.460661074496,
              1550.4322397848591
            ],
            [
              -5588.147933420492,
              1543.8296685637906
            ],
            [
              -5580.353917158209,
              1531.746669664979
            ],
            [
              -5570.630127584445,
              1512.618870777078
            ],
            [
              -5565.9774621955585,
              1499.5025171749294
            ],
            [
              -5567.09070259938,
              1485.6678617019206
            ],
            [
              -5565.827397562331,
              1475.5026583978906
            ],
            [
              -5562.246762019815,
              1467.2064636452124
            ],
            [
              -5558.54060557636,
              1455.0736248428002
            ],
            [
              -5553.833245536545,
              1436.9997698403895
            ],
            [
              -5548.098359978059,
              1427.5957359457389
            ],
            [
              -5543.308171299752,
              1423.6338410414755
            ],
            [
              -5533.69741702592,
              1409.952387323603
            ],
            [
              -5530.601574635017,
              1406.7443013284355
            ],
            [
              -5530.546617235756,
              1406.6872584428638
            ],
            [
              -5529.473965646583,
              1405.5759385572746
            ],
            [
              -5527.49846899102,
              1406.739328452386
            ],
            [
              -5520.873236465501,
              1410.6413082722574
            ],
            [
              -5503.719752431964,
              1415.972743014805
            ],
            [
              -5492.100186635391,
              1419.8800643254071
            ],
            [
              -5479.903481610701,
              1421.0181216709316
            ],
            [
              -5463.693338601501,
              1427.7330011744052
            ],
            [
              -5450.4850129595725,
              1429.9280119435862
            ],
            [
              -5422.914371866384,
              1425.8704171963036
            ],
            [
              -5401.772712580161,
              1438.2577787535265
            ],
            [
              -5397.660123483045,
              1442.1268346579745
            ],
            [
              -5396.220064992551,
              1441.511636304669
            ],
            [
              -5334.241532701417,
              1414.7051713084802
            ],
            [
              -5323.8661236083135,
              1410.2178792674094
            ],
            [
              -5297.480420678854,
              1398.8053506854922
            ],
            [
              -5208.773744299775,
              1360.555199767463
            ],
            [
              -5147.268245914835,
              1334.2874564966187
            ],
            [
              -5142.017321565305,
              1332.0298930248246
            ],
            [
              -5140.750353112584,
              1331.4817150691524
            ],
            [
              -5139.879499018774,
              1331.298653547652
            ],
            [
              -5137.797647627536,
              1330.8593657808378
            ],
            [
              -5134.860864135204,
              1330.2327457563952
            ],
            [
              -5133.984930438921,
              1329.8108461759984
            ],
            [
              -5132.219917274313,
              1328.958274400793
            ],
            [
              -5127.392018740065,
              1326.6514977291226
            ],
            [
              -5119.63061375753,
              1330.522904063575
            ],
            [
              -5110.870091367513,
              1332.6719249831513
            ],
            [
              -5108.231728902436,
              1336.815704937093
            ],
            [
              -5106.869674776564,
              1341.9373681498691
            ],
            [
              -5104.556451722281,
              1342.8766003688797
            ],
            [
              -5100.127548945951,
              1339.933206025511
            ],
            [
              -5096.106413867907,
              1338.6223303051665
            ],
            [
              -5094.1953794299625,
              1336.1857518851757
            ],
            [
              -5090.48802405491,
              1331.5905473716557
            ],
            [
              -5089.895820826176,
              1331.4507107343525
            ],
            [
              -5080.85508861288,
              1329.4858138207346
            ],
            [
              -5073.695316665573,
              1330.5378267969936
            ],
            [
              -5069.644974625437,
              1328.687619577162
            ],
            [
              -5062.483365684398,
              1326.120801948011
            ],
            [
              -5057.580451954971,
              1325.2748472932726
            ],
            [
              -5056.074859840795,
              1326.0903179114684
            ],
            [
              -5055.221014702343,
              1326.4347998062149
            ],
            [
              -5053.727885099244,
              1327.9798280764371
            ],
            [
              -5052.3543039660435,
              1325.4041092786938
            ],
            [
              -5053.401424763841,
              1319.9879195177928
            ],
            [
              -5056.845594689483,
              1316.1402766611427
            ],
            [
              -5064.83640192647,
              1309.9556775391102
            ],
            [
              -5066.893409238895,
              1305.7218596152961
            ],
            [
              -5067.774695114,
              1302.8287103837356
            ],
            [
              -5067.52612438146,
              1295.8851414751261
            ],
            [
              -5068.054123631795,
              1293.436889173463
            ],
            [
              -5074.547379307798,
              1291.46455543302
            ],
            [
              -5083.312251836876,
              1287.7559514353052
            ],
            [
              -5088.809029818163,
              1281.8748746672645
            ],
            [
              -5092.3998145265505,
              1274.9057090478018
            ],
            [
              -5098.155032182462,
              1261.271655262448
            ],
            [
              -5098.391835946008,
              1253.4810594841838
            ],
            [
              -5099.839679597062,
              1241.677032602951
            ],
            [
              -5102.633672801545,
              1232.0133303022012
            ],
            [
              -5104.354365503532,
              1229.7446417622268
            ],
            [
              -5110.779382797424,
              1228.986093393527
            ],
            [
              -5114.2308908202685,
              1227.9674364877865
            ],
            [
              -5118.78988315817,
              1223.8958160486072
            ],
            [
              -5125.785090433317,
              1206.2458392949775
            ],
            [
              -5127.958404647536,
              1197.7013914790004
            ],
            [
              -5132.148499799776,
              1185.9624875010923
            ],
            [
              -5134.246926374617,
              1171.922048910521
            ],
            [
              -5138.587862536311,
              1164.3902441104874
            ],
            [
              -5146.497884565848,
              1158.6848788717762
            ],
            [
              -5156.292133793118,
              1157.650847490877
            ],
            [
              -5169.411133254063,
              1156.7219722308218
            ],
            [
              -5187.289879654534,
              1152.7057379130274
            ],
            [
              -5188.804614117835,
              1152.3669619262218
            ],
            [
              -5194.849594549276,
              1151.0140957934782
            ],
            [
              -5196.941272198921,
              1147.6394171984866
            ],
            [
              -5197.1329459522385,
              1147.3312390455976
            ],
            [
              -5198.50465328258,
              1145.1154979253188
            ],
            [
              -5200.861790560768,
              1141.3044208101928
            ],
            [
              -5200.568054200034,
              1139.9098789812997
            ],
            [
              -5199.01088523888,
              1132.4388386830688
            ],
            [
              -5199.4641160718165,
              1123.2139984127134
            ],
            [
              -5197.01091608475,
              1113.851863994263
            ],
            [
              -5195.939724794705,
              1098.8388938829303
            ],
            [
              -5201.09162634355,
              1075.0503520965576
            ],
            [
              -5204.051255126717,
              1070.4012444885448
            ],
            [
              -5217.216713397531,
              1065.227914750576
            ],
            [
              -5222.360579788918,
              1057.882334381342
            ],
            [
              -5247.989375606878,
              1037.8007396254689
            ],
            [
              -5252.488368313294,
              1036.6542266290635
            ],
            [
              -5259.759878361016,
              1031.0827335584909
            ],
            [
              -5266.859294785885,
              1014.6755944322795
            ],
            [
              -5268.0992060280405,
              1009.4260617960244
            ],
            [
              -5281.729049440706,
              994.568850713782
            ],
            [
              -5295.370023105177,
              993.2971700653434
            ],
            [
              -5296.171494709444,
              993.2224989682436
            ],
            [
              -5296.640185364289,
              993.1545119397342
            ],
            [
              -5300.658522547688,
              992.5460429331288
            ],
            [
              -5302.383810244268,
              991.7168244775385
            ],
            [
              -5306.38977816375,
              989.7989794239402
            ],
            [
              -5326.225592888542,
              969.7873545773327
            ],
            [
              -5326.632822079351,
              969.2815557364374
            ],
            [
              -5345.937241084757,
              945.2572775175795
            ],
            [
              -5349.514516096911,
              928.1915328362957
            ],
            [
              -5358.542131504975,
              909.7830836838111
            ],
            [
              -5365.364268725505,
              895.8709020521492
            ],
            [
              -5370.079101896146,
              882.1946531394497
            ],
            [
              -5379.153522350476,
              870.2133798664436
            ],
            [
              -5382.154742080951,
              866.2433511046693
            ],
            [
              -5388.592519010068,
              848.0890760235488
            ],
            [
              -5388.5378624401055,
              847.2302806973457
            ],
            [
              -5388.4095078825485,
              844.9831823669374
            ],
            [
              -5387.857743330649,
              835.5055984715
            ],
            [
              -5386.667279651156,
              814.9724135939032
            ],
            [
              -5397.901603604318,
              799.0454816631973
            ],
            [
              -5402.163905101712,
              791.065170972608
            ],
            [
              -5398.676206185599,
              777.0891702594236
            ],
            [
              -5411.113200920052,
              756.0732956510037
            ],
            [
              -5419.955129006645,
              746.9850864876062
            ],
            [
              -5427.448931435589,
              735.6406237669289
            ],
            [
              -5429.670532416087,
              732.2637301571667
            ],
            [
              -5429.915895605227,
              729.0705450382084
            ],
            [
              -5430.713500716491,
              718.4102795245126
            ],
            [
              -5435.265928421635,
              696.10353235621
            ],
            [
              -5430.1097259238595,
              686.5736378515139
            ],
            [
              -5433.05919679685,
              668.1610508933663
            ],
            [
              -5443.41974696354,
              651.0604246063158
            ],
            [
              -5458.324608864146,
              646.4112268080935
            ],
            [
              -5473.3739178393735,
              634.3578976094723
            ],
            [
              -5476.529641348403,
              631.8247783314437
            ],
            [
              -5491.506635622121,
              610.8554995292798
            ],
            [
              -5495.589763497701,
              600.5789787946269
            ],
            [
              -5503.114080164465,
              581.656391444616
            ],
            [
              -5500.986925367499,
              580.613064958714
            ],
            [
              -5505.229057678836,
              567.3547691963613
            ],
            [
              -5492.3685340437805,
              558.3073568921536
            ],
            [
              -5489.382258632686,
              556.1290671816096
            ],
            [
              -5476.799159030779,
              548.1065907375887
            ],
            [
              -5470.0807554745115,
              542.9839961091056
            ],
            [
              -5439.738045292092,
              519.8487221477553
            ],
            [
              -5435.528314122581,
              517.2114802105352
            ],
            [
              -5432.814106002334,
              515.5103908935562
            ],
            [
              -5417.042233048938,
              505.6279809214175
            ],
            [
              -5389.126572279958,
              488.39337274990976
            ],
            [
              -5365.679557602038,
              474.0884891487658
            ],
            [
              -5335.2961629075,
              459.28227358311415
            ],
            [
              -5317.77708942513,
              450.81926337908953
            ],
            [
              -5315.549397219787,
              449.7426639171317
            ],
            [
              -5290.399793562712,
              437.59618476592004
            ],
            [
              -5261.971417943365,
              424.87590406183153
            ],
            [
              -5245.718286755378,
              411.8676932863891
            ],
            [
              -5233.683521820698,
              402.2363455388695
            ],
            [
              -5221.798450704198,
              387.8489374704659
            ],
            [
              -5200.4802209476475,
              362.21623783465475
            ],
            [
              -5188.560603872989,
              345.0452940352261
            ],
            [
              -5180.5662655889755,
              334.9280643668026
            ],
            [
              -5173.735763431992,
              326.3444671416655
            ],
            [
              -5157.80982287752,
              305.8030307041481
            ],
            [
              -5121.394876004662,
              290.2100916467607
            ],
            [
              -5101.097055022488,
              281.7695374144241
            ],
            [
              -5100.538589267642,
              281.8490538178012
            ],
            [
              -5067.586430890835,
              294.5780395939946
            ],
            [
              -5038.377703778562,
              302.8944580666721
            ],
            [
              -5019.387953847996,
              307.82734901458025
            ],
            [
              -4986.049358598655,
              308.46674201637506
            ],
            [
              -4980.373140724492,
              308.58368413709104
            ],
            [
              -4974.876813736395,
              308.69755376689136
            ],
            [
              -4962.794819761999,
              308.9438986890018
            ],
            [
              -4926.822983164922,
              312.857252295129
            ],
            [
              -4897.2071984555805,
              317.2418644512072
            ],
            [
              -4866.912158575375,
              328.0960505763069
            ],
            [
              -4843.7878031086875,
              339.70748801343143
            ],
            [
              -4823.099398321239,
              345.85902210325
            ],
            [
              -4800.504197042319,
              352.1630869526416
            ],
            [
              -4777.632732119062,
              359.85143807996064
            ],
            [
              -4756.136179983616,
              366.0967520987615
            ],
            [
              -4736.289046782767,
              372.9237035252154
            ],
            [
              -4746.528686764184,
              352.6051315208897
            ],
            [
              -4770.763424283941,
              315.2827880317345
            ],
            [
              -4753.251950161299,
              287.59965991508216
            ],
            [
              -4694.168669035891,
              194.78021172992885
            ],
            [
              -4689.895440290915,
              188.07432218361646
            ],
            [
              -4694.82389984082,
              165.24727980606258
            ],
            [
              -4688.094421371818,
              165.1542803933844
            ],
            [
              -4667.026039733202,
              164.86231984198093
            ],
            [
              -4660.488214003621,
              140.87153926398605
            ],
            [
              -4656.864072463242,
              130.0268568592146
            ],
            [
              -4640.943685591803,
              114.49372087977827
            ],
            [
              -4626.721980960807,
              95.40267772041261
            ],
            [
              -4608.837261511013,
              66.11740922927856
            ],
            [
              -4604.105959570967,
              58.93049362953752
            ],
            [
              -4591.478115637437,
              43.02121946029365
            ],
            [
              -4565.581574473414,
              19.920885075815022
            ],
            [
              -4549.116029105033,
              -0.021563725546002388
            ],
            [
              -4536.607354003238,
              -16.562679888680577
            ],
            [
              -4526.960816951818,
              -34.68220011424273
            ],
            [
              -4519.550766003202,
              -51.210428164340556
            ],
            [
              -4513.006514343084,
              -75.46102959290147
            ],
            [
              -4511.194328896119,
              -82.17796624917537
            ],
            [
              -4509.550047630328,
              -90.94612902309746
            ],
            [
              -4507.90573241096,
              -99.71629065461457
            ],
            [
              -4508.344023589976,
              -122.63659997284412
            ],
            [
              -4511.902842974523,
              -163.6145644299686
            ],
            [
              -4517.723136220709,
              -189.24596951995045
            ],
            [
              -4520.486479280633,
              -209.48683801852167
            ],
            [
              -4529.242852004012,
              -239.97687903046608
            ],
            [
              -4553.891054178472,
              -270.0685339188203
            ],
            [
              -4544.215248329565,
              -289.31720532570034
            ],
            [
              -4541.628156735562,
              -298.5601127753034
            ],
            [
              -4541.121973261354,
              -298.93134904652834
            ],
            [
              -4529.240817969898,
              -333.1676515387371
            ],
            [
              -4520.797853628523,
              -357.4957956466824
            ],
            [
              -4520.398796816007,
              -358.61862667184323
            ],
            [
              -4520.092321773409,
              -359.00327054038644
            ],
            [
              -4519.793356542126,
              -358.94818044733256
            ],
            [
              -4508.579111870611,
              -374.62169357575476
            ],
            [
              -4491.499097843072,
              -395.42339459620416
            ],
            [
              -4470.146638533799,
              -427.56855811271816
            ],
            [
              -4474.550120804692,
              -469.4306754739955
            ],
            [
              -4480.128000763361,
              -504.5749577814713
            ],
            [
              -4484.443760662805,
              -525.2322150776163
            ],
            [
              -4491.158033338841,
              -548.8595154387876
            ],
            [
              -4491.263318885351,
              -549.3091732012108
            ],
            [
              -4491.999523137347,
              -552.4447677209973
            ],
            [
              -4497.30293319386,
              -575.0362899377942
            ],
            [
              -4504.027473432478,
              -603.6821921085939
            ],
            [
              -4522.17268137529,
              -600.7030966319144
            ],
            [
              -4558.867802476278,
              -594.4619087483734
            ],
            [
              -4591.390093569062,
              -584.9504632307217
            ],
            [
              -4615.364499115618,
              -577.0524908760563
            ],
            [
              -4675.758445574087,
              -557.1564345173538
            ],
            [
              -4699.171856171801,
              -549.4438240062445
            ],
            [
              -4702.813203577767,
              -548.2444052919745
            ],
            [
              -4707.6277912254445,
              -546.6581503888592
            ],
            [
              -4746.203274703119,
              -533.9211315177381
            ],
            [
              -4787.730724842637,
              -526.2829431481659
            ],
            [
              -4808.50254611508,
              -524.0384935149923
            ],
            [
              -4843.632613266236,
              -518.1204804256558
            ],
            [
              -4868.655897936202,
              -517.4681595098227
            ],
            [
              -4895.357139709988,
              -516.9044755185023
            ],
            [
              -4895.556306676823,
              -526.6668106988072
            ],
            [
              -4896.691042896244,
              -554.1155712781474
            ],
            [
              -4899.262318160385,
              -564.2962975213304
            ],
            [
              -4903.728876016336,
              -581.9770439872518
            ],
            [
              -4908.667384496308,
              -601.5252655008808
            ],
            [
              -4919.8440840441035,
              -651.2705626832321
            ],
            [
              -4920.620446868241,
              -656.1522909533232
            ],
            [
              -4923.998675706796,
              -677.8531803693622
            ],
            [
              -4927.936208536616,
              -703.6823263280094
            ],
            [
              -4932.015965554514,
              -719.4270707368851
            ],
            [
              -4929.350533236866,
              -737.3559035342187
            ],
            [
              -4925.570443688193,
              -753.2363392161205
            ],
            [
              -4922.692127494956,
              -774.850377747789
            ],
            [
              -4919.237906075548,
              -780.4296179171652
            ],
            [
              -4912.436610598117,
              -793.5093251327053
            ],
            [
              -4903.631807689089,
              -810.3436283823103
            ],
            [
              -4895.661090702633,
              -825.752628297545
            ],
            [
              -4891.3727843801025,
              -832.7571733659133
            ],
            [
              -4872.316654498456,
              -863.3220492582768
            ],
            [
              -4863.607867847313,
              -880.3879230767488
            ],
            [
              -4858.850549529074,
              -888.5141052110121
            ],
            [
              -4853.595321465051,
              -901.2103466801345
            ],
            [
              -4851.01065542514,
              -911.4829684672877
            ],
            [
              -4850.2537825382315,
              -922.4365989342332
            ],
            [
              -4852.444467662135,
              -939.9185290718451
            ],
            [
              -4852.005782945314,
              -960.9244372788817
            ],
            [
              -4847.733301911852,
              -974.0273393196985
            ],
            [
              -4842.223067015759,
              -984.6798680899665
            ],
            [
              -4836.698565052357,
              -990.313729676418
            ],
            [
              -4833.4312887010165,
              -993.7268465105444
            ],
            [
              -4821.549428582541,
              -1003.4208378372714
            ],
            [
              -4818.7904852199135,
              -1012.1909558931366
            ],
            [
              -4815.894836697262,
              -1038.3332835603505
            ],
            [
              -4802.139958846034,
              -1049.9946644743904
            ],
            [
              -4786.131759897806,
              -1062.4772978024557
            ],
            [
              -4764.122617724934,
              -1072.19829292316
            ],
            [
              -4771.0977613065625,
              -1079.5551305795088
            ],
            [
              -4782.128557666787,
              -1091.1899021137506
            ],
            [
              -4808.400977078476,
              -1118.8999763941392
            ],
            [
              -4868.753377621528,
              -1182.5738852508366
            ],
            [
              -4964.2867294208845,
              -1283.3640397265553
            ],
            [
              -5032.249586750288,
              -1355.0673673674464
            ],
            [
              -5117.448428183212,
              -1444.9543509734794
            ],
            [
              -5119.125682758284,
              -1446.723442837596
            ],
            [
              -5137.151168256183,
              -1465.7413439759985
            ],
            [
              -5196.977232484147,
              -1528.8593334369361
            ],
            [
              -5246.412807795103,
              -1581.015284803696
            ],
            [
              -5252.674003763357,
              -1587.6211469108239
            ],
            [
              -5256.172847102978,
              -1591.3127451734617
            ],
            [
              -5265.402616536128,
              -1601.0503242965788
            ],
            [
              -5267.670046058367,
              -1603.4422989441082
            ],
            [
              -5278.523882667883,
              -1612.3848677659407
            ],
            [
              -5282.438988640788,
              -1618.4538260726258
            ],
            [
              -5283.596960782073,
              -1620.2490387260914
            ],
            [
              -5282.346720328322,
              -1623.857546675019
            ],
            [
              -5280.149132867926,
              -1630.1970127718523
            ],
            [
              -5266.886521253269,
              -1644.6459289249033
            ],
            [
              -5254.385669044452,
              -1672.4436499774456
            ],
            [
              -5245.286627144786,
              -1688.3632194604725
            ],
            [
              -5239.023587240721,
              -1710.319326643832
            ],
            [
              -5244.356612966745,
              -1746.9288780195639
            ],
            [
              -5243.337764988071,
              -1765.6155870528892
            ],
            [
              -5237.281763802865,
              -1795.3527795542032
            ],
            [
              -5223.744264462497,
              -1817.704517341219
            ],
            [
              -5216.525954628363,
              -1841.7436553705484
            ],
            [
              -5218.749445333262,
              -1853.208019808866
            ],
            [
              -5223.713197548408,
              -1888.6116436673328
            ],
            [
              -5235.4645034347195,
              -1891.8313374780118
            ],
            [
              -5235.497686353861,
              -1906.8671659035608
            ],
            [
              -5235.098372951848,
              -1924.9846363086253
            ],
            [
              -5232.262444181251,
              -1940.0214612726122
            ],
            [
              -5231.089050256065,
              -1948.438767711632
            ],
            [
              -5229.557992248447,
              -1960.2388994526118
            ],
            [
              -5228.515520441579,
              -1967.428828845732
            ],
            [
              -5255.95571508084,
              -2006.7251070868224
            ],
            [
              -5256.3174674278125,
              -2011.2998436531052
            ],
            [
              -5258.337661799276,
              -2035.2567960210145
            ],
            [
              -5260.075250109774,
              -2057.0296098636463
            ],
            [
              -5260.90632397728,
              -2067.4905065950006
            ],
            [
              -5262.227321496699,
              -2076.1903259009123
            ],
            [
              -5264.037898432231,
              -2087.657634386793
            ],
            [
              -5268.244525161223,
              -2114.301081240177
            ],
            [
              -5268.583951697452,
              -2117.2559468690306
            ],
            [
              -5269.053299415042,
              -2120.213030732237
            ],
            [
              -5273.238307256135,
              -2146.7761329486966
            ],
            [
              -5273.410110090976,
              -2147.2529168678448
            ],
            [
              -5275.137688762159,
              -2152.0469109183177
            ],
            [
              -5284.842763504945,
              -2178.5043226247653
            ],
            [
              -5289.767305074958,
              -2195.7130028819665
            ],
            [
              -5291.354162545409,
              -2222.8015637127683
            ],
            [
              -5291.600645232713,
              -2229.443679095246
            ],
            [
              -5291.878694719751,
              -2234.236916542053
            ],
            [
              -5292.34355667315,
              -2243.3119944380596
            ],
            [
              -5293.863165003015,
              -2273.168533512391
            ],
            [
              -5294.986601753859,
              -2298.7096669282764
            ],
            [
              -5296.14397071756,
              -2325.1910831788555
            ],
            [
              -5296.273355365964,
              -2336.3497743373737
            ],
            [
              -5304.65629274433,
              -2360.6152909304947
            ],
            [
              -5319.924884370645,
              -2405.5018991855904
            ],
            [
              -5330.652722044499,
              -2441.733685472049
            ],
            [
              -5340.943830816075,
              -2486.5652984390035
            ],
            [
              -5356.385802453617,
              -2549.9890102976933
            ],
            [
              -5363.3540338109015,
              -2589.1956441402435
            ],
            [
              -5365.661543709342,
              -2602.1809546295553
            ],
            [
              -5367.416338890092,
              -2612.4076961483806
            ],
            [
              -5374.993672074052,
              -2654.58379278332
            ],
            [
              -5376.26049405185,
              -2661.7731587318704
            ],
            [
              -5372.090667306795,
              -2671.208970132284
            ],
            [
              -5370.5064853407675,
              -2674.410905584693
            ],
            [
              -5383.782522512949,
              -2701.9189495723695
            ],
            [
              -5394.247285167221,
              -2721.9413443189114
            ],
            [
              -5406.6468960766215,
              -2739.8874358190224
            ],
            [
              -5433.874584455858,
              -2765.2844008225948
            ],
            [
              -5452.620410278556,
              -2778.6503125866875
            ],
            [
              -5478.96718069131,
              -2792.405904727988
            ],
            [
              -5505.809644962777,
              -2802.8909933418036
            ],
            [
              -5532.674432697706,
              -2810.897245001048
            ],
            [
              -5556.104242011788,
              -2818.672908073291
            ],
            [
              -5558.46014332294,
              -2819.4548935825005
            ],
            [
              -5559.872013534652,
              -2818.3823435641825
            ],
            [
              -5562.280574717559,
              -2816.431092111394
            ],
            [
              -5568.732356378459,
              -2811.5228228587657
            ],
            [
              -5580.269738658215,
              -2802.737628011033
            ],
            [
              -5589.931335368194,
              -2795.3799488367513
            ],
            [
              -5598.994134637294,
              -2790.012414975092
            ],
            [
              -5628.726542165619,
              -2772.0468492219225
            ],
            [
              -5639.685462609981,
              -2769.857692436315
            ],
            [
              -5648.890961022582,
              -2768.0184810291976
            ],
            [
              -5670.07353301032,
              -2763.786565183662
            ],
            [
              -5672.292396051576,
              -2763.3435979811475
            ],
            [
              -5743.700417306856,
              -2749.0785849476233
            ],
            [
              -5831.842487102258,
              -2713.478111455217
            ],
            [
              -5839.64064607711,
              -2715.783555652015
            ],
            [
              -5888.813154454925,
              -2697.802003974095
            ],
            [
              -5922.905240744934,
              -2685.3361691553146
            ],
            [
              -5951.571680715657,
              -2676.873409689404
            ],
            [
              -5976.860163233709,
              -2669.407647364773
            ],
            [
              -5984.908117029816,
              -2667.035840586759
            ],
            [
              -5998.606990846456,
              -2662.80712797679
            ],
            [
              -6002.063110847259,
              -2661.7404891410843
            ],
            [
              -6008.04858889454,
              -2660.723030618392
            ],
            [
              -6000.770360601135,
              -2667.312644883059
            ],
            [
              -5996.870290829451,
              -2670.8439205838367
            ],
            [
              -5991.792397311307,
              -2675.440743879415
            ],
            [
              -5988.314274075907,
              -2680.0798743739724
            ],
            [
              -5973.339070701855,
              -2697.1167302606627
            ],
            [
              -5965.070028357208,
              -2706.5245315283537
            ],
            [
              -5960.196437707753,
              -2711.5097215538844
            ],
            [
              -5930.52048019378,
              -2746.3718763515353
            ],
            [
              -5907.921280597802,
              -2771.3380254162475
            ],
            [
              -5897.938024702715,
              -2782.254077360034
            ],
            [
              -5887.217654206674,
              -2791.258147562854
            ],
            [
              -5882.714495526743,
              -2795.0400468278676
            ],
            [
              -5883.790503640892,
              -2798.7672414816916
            ],
            [
              -5885.388601089595,
              -2804.2947816764936
            ],
            [
              -5885.815228595398,
              -2805.7725991755724
            ],
            [
              -5886.905494029052,
              -2809.543023548089
            ],
            [
              -5892.473785160342,
              -2828.8050126666203
            ],
            [
              -5893.4818979915,
              -2832.2931234054267
            ],
            [
              -5896.495874613407,
              -2842.720290336758
            ],
            [
              -5897.804767805035,
              -2848.030960045755
            ],
            [
              -5898.0984277023235,
              -2855.4236325556412
            ],
            [
              -5897.13565603178,
              -2862.045092958957
            ],
            [
              -5897.108941834886,
              -2863.0243264790624
            ],
            [
              -5896.814839413157,
              -2866.1393170058727
            ],
            [
              -5896.765940570505,
              -2866.6613165494055
            ],
            [
              -5891.922464266536,
              -2917.9583499412984
            ],
            [
              -5891.543042374426,
              -2922.030580223538
            ],
            [
              -5891.407884499524,
              -2924.6774334711954
            ],
            [
              -5891.232500494574,
              -2926.0500035220757
            ],
            [
              -5890.784782825736,
              -2929.5552471699193
            ],
            [
              -5888.1111922035925,
              -2963.7787465788424
            ],
            [
              -5886.356461111689,
              -2983.4125602487475
            ],
            [
              -5886.360536209657,
              -3001.326953877695
            ],
            [
              -5890.861654223176,
              -3032.214032644406
            ],
            [
              -5895.481742769596,
              -3078.8531509870663
            ],
            [
              -5895.901361061493,
              -3083.0839760927483
            ],
            [
              -5886.8176914015785,
              -3095.7648386787623
            ],
            [
              -5885.258912095451,
              -3097.947528280318
            ],
            [
              -5884.859509784612,
              -3098.5055310027674
            ],
            [
              -5883.448311033775,
              -3100.475808115676
            ],
            [
              -5881.892942807986,
              -3103.1613966627046
            ],
            [
              -5863.516868177336,
              -3134.894541271962
            ],
            [
              -5850.544269179227,
              -3158.12565449439
            ],
            [
              -5836.871261882829,
              -3178.4657243443653
            ],
            [
              -5831.810843787156,
              -3186.1968615110964
            ],
            [
              -5826.502211921383,
              -3194.4136064639315
            ],
            [
              -5822.434406931163,
              -3200.8021195307374
            ],
            [
              -5815.142695454764,
              -3212.164004950784
            ],
            [
              -5813.819017025642,
              -3214.1607689401135
            ],
            [
              -5802.1517367661,
              -3231.7859526937827
            ],
            [
              -5791.007624841877,
              -3248.630318474956
            ],
            [
              -5784.178633730509,
              -3260.4099749149755
            ],
            [
              -5780.339109448949,
              -3268.65180074051
            ],
            [
              -5771.547719170572,
              -3287.635666745715
            ],
            [
              -5770.640616007266,
              -3289.239669062197
            ],
            [
              -5760.367279939586,
              -3310.7074437104166
            ],
            [
              -5756.468475348433,
              -3318.908271180466
            ],
            [
              -5750.761534845922,
              -3330.547134621069
            ],
            [
              -5741.10411486472,
              -3350.4859126908705
            ],
            [
              -5731.218469803687,
              -3370.910640725866
            ],
            [
              -5716.054233160568,
              -3401.891892148182
            ],
            [
              -5707.716696403804,
              -3421.8132172795013
            ],
            [
              -5704.405955762952,
              -3431.8735001916066
            ],
            [
              -5691.07573592884,
              -3473.7126378538087
            ],
            [
              -5682.681789336493,
              -3499.2812157776207
            ],
            [
              -5667.782916825032,
              -3564.4961774786934
            ],
            [
              -5666.530161920935,
              -3571.1226898366585
            ],
            [
              -5662.716891792486,
              -3593.9903426738456
            ],
            [
              -5659.848006608081,
              -3611.195912690833
            ],
            [
              -5655.03624481603,
              -3633.0568350618705
            ],
            [
              -5654.331580245518,
              -3634.5143416384235
            ],
            [
              -5643.8980158420745,
              -3655.9993894640356
            ],
            [
              -5636.735910110758,
              -3664.8642906816676
            ],
            [
              -5633.573064806289,
              -3668.7790461415425
            ],
            [
              -5624.166816275334,
              -3679.27511268761
            ],
            [
              -5614.301970170462,
              -3690.2831871667877
            ],
            [
              -5601.304930055048,
              -3708.505498385057
            ],
            [
              -5575.40267296508,
              -3744.8417264791206
            ],
            [
              -5558.685845624073,
              -3763.120507870801
            ],
            [
              -5556.72999274265,
              -3765.256436514668
            ],
            [
              -5542.3458019852405,
              -3778.0667775571346
            ],
            [
              -5539.278163686162,
              -3780.913498012349
            ],
            [
              -5520.270650970866,
              -3798.103513272479
            ],
            [
              -5515.87057877949,
              -3801.1174299884588
            ],
            [
              -5500.627193628228,
              -3811.553852988407
            ],
            [
              -5494.670968291466,
              -3814.3712609326467
            ],
            [
              -5478.17289603618,
              -3822.177092341706
            ],
            [
              -5453.154410309624,
              -3842.4634979534894
            ],
            [
              -5438.435272148694,
              -3854.398402400315
            ],
            [
              -5428.919303439674,
              -3863.1231642570347
            ],
            [
              -5421.241407274385,
              -3870.1698409989476
            ],
            [
              -5408.343313929858,
              -3889.6234674863517
            ],
            [
              -5402.015174336149,
              -3913.058018111624
            ],
            [
              -5402.151210881537,
              -3918.5586043475196
            ],
            [
              -5402.308699863148,
              -3924.5593989528716
            ],
            [
              -5417.636036554351,
              -3999.3974777329713
            ],
            [
              -5428.222133578267,
              -4066.197135671042
            ],
            [
              -5429.138440059265,
              -4074.0103136859834
            ],
            [
              -5430.280376333278,
              -4089.8648048006
            ],
            [
              -5436.985233314917,
              -4182.989875624888
            ],
            [
              -5438.919174384559,
              -4249.491893353872
            ],
            [
              -5442.730682097143,
              -4278.6177715417
            ],
            [
              -5457.468378921039,
              -4331.192792340182
            ],
            [
              -5462.112809847225,
              -4357.203873090446
            ],
            [
              -5461.19038418564,
              -4393.676602929831
            ],
            [
              -5454.184365737368,
              -4425.786843441427
            ],
            [
              -5449.3669812302105,
              -4459.693884652108
            ],
            [
              -5442.733140092809,
              -4488.741448703222
            ],
            [
              -5416.208304543747,
              -4566.244110667147
            ],
            [
              -5406.402777595678,
              -4589.299420773983
            ],
            [
              -5384.297372655128,
              -4641.2756067877635
            ],
            [
              -5371.24472427438,
              -4664.515424853191
            ],
            [
              -5344.725303989719,
              -4700.701244145632
            ],
            [
              -5332.644537487649,
              -4733.184741741978
            ],
            [
              -5330.646332676406,
              -4745.299803878181
            ],
            [
              -5324.573828312219,
              -4781.991551806219
            ],
            [
              -5325.960185234901,
              -4814.394994570874
            ],
            [
              -5327.941975498456,
              -4820.813802804798
            ],
            [
              -5334.894258031854,
              -4843.2784049278125
            ],
            [
              -5349.7769289179705,
              -4877.9915297962725
            ],
            [
              -5352.5777426055865,
              -4901.321981691755
            ],
            [
              -5345.323423366295,
              -4929.2393230088055
            ],
            [
              -5337.641333593521,
              -4944.733283399604
            ],
            [
              -5331.717803580919,
              -4959.107619908638
            ],
            [
              -5324.878803716856,
              -4984.362894044258
            ],
            [
              -5314.657345369109,
              -5035.012410442345
            ],
            [
              -5315.12878444395,
              -5066.55050634034
            ],
            [
              -5318.504659563769,
              -5087.641482613981
            ],
            [
              -5322.400925212773,
              -5111.980317432433
            ],
            [
              -5315.937790674507,
              -5156.216021292843
            ],
            [
              -5307.113156616688,
              -5202.340816138312
            ],
            [
              -5298.608072663657,
              -5269.574407262728
            ],
            [
              -5282.54424380057,
              -5297.041511526331
            ],
            [
              -5276.336488782428,
              -5318.698705127463
            ],
            [
              -5270.44177223288,
              -5318.498138913885
            ],
            [
              -5271.530882183812,
              -5346.647850554436
            ],
            [
              -5224.874367230455,
              -5404.713062437251
            ],
            [
              -5217.622786465567,
              -5415.483874723315
            ],
            [
              -5203.314524437068,
              -5436.734919168986
            ],
            [
              -5180.396867391071,
              -5477.440862598829
            ],
            [
              -5162.171148193302,
              -5512.088814531453
            ],
            [
              -5134.645877595292,
              -5565.0422519547865
            ],
            [
              -5117.070008803159,
              -5584.046234527603
            ],
            [
              -5111.363471195218,
              -5590.21687693242
            ],
            [
              -5066.556574340677,
              -5605.507187095471
            ],
            [
              -5054.234621407697,
              -5605.43886792101
            ],
            [
              -5048.707896817941,
              -5605.407534384169
            ],
            [
              -5041.157989072613,
              -5605.365667616017
            ],
            [
              -5030.0335483592935,
              -5605.303788441233
            ],
            [
              -5012.648673407501,
              -5605.207052138634
            ],
            [
              -5013.173702387488,
              -5610.409376598895
            ],
            [
              -5018.4547724023,
              -5662.738049614243
            ],
            [
              -5020.84049591911,
              -5723.8695252444595
            ],
            [
              -5020.2216638553655,
              -5731.955415595323
            ],
            [
              -5018.833439951995,
              -5750.096006355248
            ],
            [
              -5016.471131213126,
              -5780.971959502436
            ],
            [
              -5015.050676623476,
              -5799.536866753362
            ],
            [
              -5014.616981987376,
              -5804.447917251848
            ],
            [
              -4997.69577343727,
              -5812.446555629373
            ],
            [
              -4957.753323512268,
              -5806.296678372659
            ],
            [
              -4925.018925779383,
              -5801.299478093162
            ],
            [
              -4869.4902182129445,
              -5816.306888439693
            ],
            [
              -4815.392340118648,
              -5822.451513449661
            ],
            [
              -4750.956889793859,
              -5823.371321544051
            ],
            [
              -4739.859206931898,
              -5824.611496265978
            ],
            [
              -4731.175284345634,
              -5826.172772656195
            ],
            [
              -4721.216468694038,
              -5829.80163739901
            ],
            [
              -4703.291624433361,
              -5839.202710681595
            ],
            [
              -4687.465984934126,
              -5844.5109031852335
            ],
            [
              -4657.334705521585,
              -5854.513428257778
            ],
            [
              -4622.077687279554,
              -5866.1179570695385
            ],
            [
              -4614.010249705054,
              -5868.45951319579
            ],
            [
              -4607.712456962676,
              -5869.0318320458755
            ],
            [
              -4597.205675219884,
              -5869.6222990024835
            ],
            [
              -4591.2496551685035,
              -5870.670302582905
            ],
            [
              -4585.000468685175,
              -5873.66669050511
            ],
            [
              -4583.196270698332,
              -5874.531621966511
            ],
            [
              -4574.985782459145,
              -5883.498657697812
            ],
            [
              -4566.613278257661,
              -5896.1017873529345
            ],
            [
              -4558.561026292038,
              -5912.1992877544835
            ],
            [
              -4549.625179093564,
              -5927.352002614178
            ],
            [
              -4539.628062323085,
              -5941.426940870471
            ],
            [
              -4531.601386251743,
              -5947.23810645286
            ],
            [
              -4497.139210304827,
              -5968.503185303882
            ],
            [
              -4474.596130947466,
              -5980.814527089708
            ],
            [
              -4459.5771985042375,
              -5986.886259051971
            ],
            [
              -4443.33842120273,
              -5990.627899883315
            ],
            [
              -4425.073290242464,
              -5992.43555857148
            ],
            [
              -4404.210820494918,
              -5993.549099990167
            ],
            [
              -4389.339748551953,
              -5999.743319070898
            ],
            [
              -4345.023412013194,
              -6014.402275683358
            ],
            [
              -4303.142527745804,
              -6029.282737742178
            ],
            [
              -4272.99352382042,
              -6041.494292913005
            ],
            [
              -4254.354448281345,
              -6044.125314240344
            ],
            [
              -4230.545092893182,
              -6039.2514316719025
            ],
            [
              -4226.440728953108,
              -6038.410636328161
            ],
            [
              -4225.229759658803,
              -6044.348107981496
            ],
            [
              -4230.472610839177,
              -6056.973648459651
            ],
            [
              -4229.782954331487,
              -6069.269028848968
            ],
            [
              -4229.538038474857,
              -6073.662473451346
            ],
            [
              -4184.0858693058835,
              -6102.157728437334
            ],
            [
              -4148.768831101945,
              -6124.307971139438
            ],
            [
              -4149.094509737333,
              -6122.7390208393335
            ],
            [
              -4149.738444915623,
              -6119.625985786319
            ],
            [
              -4112.433014305192,
              -6141.132493386045
            ],
            [
              -4062.6454839227954,
              -6154.78840237949
            ],
            [
              -3990.265921818558,
              -6170.148161134683
            ],
            [
              -3955.05833804945,
              -6174.751768358983
            ],
            [
              -3952.9342619557865,
              -6175.029426010326
            ],
            [
              -3866.4501953428844,
              -6170.404681437649
            ],
            [
              -3851.5518099621404,
              -6169.410692433827
            ],
            [
              -3837.550756610115,
              -6160.354535005987
            ],
            [
              -3819.567824917729,
              -6148.49328544829
            ],
            [
              -3773.462262025918,
              -6118.083793568425
            ],
            [
              -3757.132990991231,
              -6113.066632946022
            ],
            [
              -3745.5265735142166,
              -6110.139435052872
            ],
            [
              -3742.4408785500564,
              -6128.690982112661
            ],
            [
              -3740.892559257569,
              -6131.315735640936
            ],
            [
              -3718.687153097242,
              -6170.587471780367
            ],
            [
              -3706.226309208898,
              -6192.892827621661
            ],
            [
              -3696.1271855505183,
              -6207.613859944977
            ],
            [
              -3660.332978381077,
              -6260.128535719588
            ],
            [
              -3653.4288087106543,
              -6268.993929010816
            ],
            [
              -3651.0283794469433,
              -6271.875059426762
            ],
            [
              -3637.8628801316954,
              -6288.666112206876
            ],
            [
              -3606.512974905432,
              -6319.932276995853
            ],
            [
              -3581.2541536766803,
              -6345.282253907993
            ],
            [
              -3575.125424274709,
              -6353.639044284821
            ],
            [
              -3571.909898355487,
              -6357.946819208562
            ],
            [
              -3564.8567689656047,
              -6367.398491102271
            ],
            [
              -3523.262478070683,
              -6423.188181493431
            ],
            [
              -3514.114033904625,
              -6425.021463070065
            ],
            [
              -3502.8346186202252,
              -6425.778707626276
            ],
            [
              -3500.692837424809,
              -6425.922106564045
            ],
            [
              -3486.726545059704,
              -6428.302985777147
            ],
            [
              -3448.7225280716084,
              -6439.190937940963
            ],
            [
              -3432.4881902685156,
              -6446.77148952242
            ],
            [
              -3413.904103089706,
              -6452.622473610565
            ],
            [
              -3404.9541049741674,
              -6455.128934236243
            ],
            [
              -3399.8356239722343,
              -6453.434098097496
            ],
            [
              -3394.190292562358,
              -6451.564323931001
            ],
            [
              -3389.039001820027,
              -6449.858930981718
            ],
            [
              -3386.6130889375927,
              -6449.077767916955
            ],
            [
              -3387.031782428967,
              -6450.90434642788
            ],
            [
              -3381.5432216557674,
              -6456.77884061262
            ],
            [
              -3377.571508914116,
              -6461.052722279914
            ],
            [
              -3370.799201748101,
              -6468.341865877621
            ],
            [
              -3360.1387147924397,
              -6479.696382313967
            ],
            [
              -3352.318656956544,
              -6485.7010426474735
            ],
            [
              -3341.2957921604393,
              -6496.029693781398
            ],
            [
              -3324.5040222291136,
              -6511.672230524011
            ],
            [
              -3322.7161600183463,
              -6513.337197938934
            ],
            [
              -3306.6582583221607,
              -6533.426880161278
            ],
            [
              -3301.7586175957695,
              -6535.252686080523
            ],
            [
              -3279.244746008422,
              -6543.505856856704
            ],
            [
              -3262.575842111488,
              -6530.855281949043
            ],
            [
              -3251.4013831502525,
              -6526.456922547892
            ],
            [
              -3249.487836789922,
              -6525.703496150672
            ],
            [
              -3248.330002157716,
              -6526.183585178107
            ],
            [
              -3230.692133144359,
              -6533.410298713483
            ],
            [
              -3224.9270402839174,
              -6535.571229463443
            ],
            [
              -3195.4914970247773,
              -6545.805648405105
            ],
            [
              -3174.3135352454847,
              -6550.582702103071
            ],
            [
              -3172.500118545722,
              -6550.991623966023
            ],
            [
              -3130.062445746502,
              -6554.556195938028
            ],
            [
              -3051.8429078604095,
              -6558.879812830128
            ],
            [
              -3049.111652455991,
              -6555.83913880866
            ],
            [
              -3042.127029752359,
              -6548.327254879288
            ],
            [
              -3041.64502147655,
              -6547.809188616462
            ],
            [
              -3040.6859393429477,
              -6547.772830364294
            ],
            [
              -3040.585999428644,
              -6547.771125129424
            ],
            [
              -3015.830096042948,
              -6546.808891987428
            ],
            [
              -3005.8398553377483,
              -6546.4185004998
            ],
            [
              -2995.8489322895184,
              -6546.068084962666
            ],
            [
              -2992.4821504354477,
              -6545.940660536289
            ],
            [
              -2960.0134390391177,
              -6544.696872998029
            ],
            [
              -2950.023026421899,
              -6544.31647541374
            ],
            [
              -2930.631334530073,
              -6543.595723077655
            ],
            [
              -2869.0307000397006,
              -6541.235060121864
            ],
            [
              -2865.6341056594392,
              -6541.097130057402
            ],
            [
              -2842.147429036326,
              -6540.156552753411
            ],
            [
              -2821.797160850023,
              -6539.369459811598
            ],
            [
              -2820.071419256623,
              -6539.327018143609
            ],
            [
              -2818.27172207844,
              -6539.283314597793
            ],
            [
              -2784.6940526684048,
              -6538.466466718353
            ],
            [
              -2707.830171092879,
              -6535.9853282906115
            ],
            [
              -2699.2814303038176,
              -6536.066394092515
            ],
            [
              -2688.9129968824564,
              -6536.162396941334
            ],
            [
              -2685.593454072252,
              -6536.19572898373
            ],
            [
              -2685.1735355341807,
              -6536.19856098108
            ],
            [
              -2683.143048222293,
              -6536.263884616084
            ],
            [
              -2668.019841628615,
              -6536.725620417856
            ],
            [
              -2642.314284401131,
              -6537.516635990702
            ],
            [
              -2636.743021434755,
              -6537.69149219431
            ],
            [
              -2632.252133715898,
              -6537.824800980277
            ],
            [
              -2625.9094567074208,
              -6538.096460867673
            ],
            [
              -2620.9926465193275,
              -6537.998571494594
            ],
            [
              -2619.38567921496,
              -6537.967153645121
            ],
            [
              -2614.683722939575,
              -6537.873929936439
            ],
            [
              -2613.040777202812,
              -6537.8418982010335
            ],
            [
              -2607.731219620793,
              -6537.736307833344
            ],
            [
              -2590.7670801437926,
              -6537.875722573139
            ],
            [
              -2565.11819259997,
              -6538.098881115206
            ],
            [
              -2545.0174917137483,
              -6536.101421265863
            ],
            [
              -2540.128164906637,
              -6535.6231184192
            ],
            [
              -2516.2712423163466,
              -6530.718444999307
            ],
            [
              -2501.9142823377624,
              -6527.753316964954
            ],
            [
              -2500.3910418729065,
              -6527.443414083682
            ],
            [
              -2463.5303276423365,
              -6519.890609144233
            ],
            [
              -2459.4658561205724,
              -6519.171458924189
            ],
            [
              -2412.5599559412804,
              -6510.8734316965565
            ],
            [
              -2409.1788084983127,
              -6510.415863570757
            ],
            [
              -2349.6837782443035,
              -6500.653415033594
            ],
            [
              -2341.9053333579795,
              -6499.530998762697
            ],
            [
              -2327.524496259168,
              -6497.496174215339
            ],
            [
              -2325.9284219137626,
              -6497.294994463213
            ],
            [
              -2309.4825831202324,
              -6495.238930902444
            ],
            [
              -2295.384497416904,
              -6493.44785695523
            ],
            [
              -2288.593364707078,
              -6492.582212733105
            ],
            [
              -2274.2839168315986,
              -6490.757541446947
            ],
            [
              -2266.521225846722,
              -6489.766353273764
            ],
            [
              -2265.0598657758674,
              -6489.579468362965
            ],
            [
              -2252.3899537876714,
              -6487.986709039658
            ],
            [
              -2249.966047365917,
              -6487.673434312455
            ],
            [
              -2247.0334012996173,
              -6487.295496335253
            ],
            [
              -2242.4248648670036,
              -6486.707019111142
            ],
            [
              -2241.225972053362,
              -6486.546605817974
            ],
            [
              -2239.093515545246,
              -6486.260297240689
            ],
            [
              -2238.1254606361035,
              -6486.163804201409
            ],
            [
              -2209.618677687715,
              -6482.388413052075
            ],
            [
              -2170.2939004509244,
              -6477.518716614693
            ],
            [
              -2162.3623019572115,
              -6476.583627805114
            ],
            [
              -2106.9605996670434,
              -6470.007054144517
            ],
            [
              -2097.8428772363113,
              -6468.924765555188
            ],
            [
              -2082.95772655739,
              -6467.151250901632
            ],
            [
              -2075.6644985110033,
              -6466.300031662919
            ],
            [
              -2057.38654853974,
              -6464.165719362907
            ],
            [
              -2028.63058460725,
              -6460.346085891128
            ],
            [
              -2008.5130671171937,
              -6457.633553061634
            ],
            [
              -1947.9706223326502,
              -6449.492713016458
            ],
            [
              -1944.6692526558181,
              -6449.046502116136
            ],
            [
              -1947.2610003822483,
              -6426.047805289738
            ],
            [
              -1924.1495479049627,
              -6428.892462135293
            ],
            [
              -1915.144318141858,
              -6430.00541790016
            ],
            [
              -1908.1007601962192,
              -6430.867932688445
            ],
            [
              -1874.6908967237687,
              -6434.9764276770875
            ],
            [
              -1874.5396289090859,
              -6434.994840171188
            ],
            [
              -1869.3570348864887,
              -6435.650181887671
            ],
            [
              -1868.2991936702747,
              -6435.777087580413
            ],
            [
              -1836.0197299181018,
              -6433.396869288757
            ],
            [
              -1836.8755638691364,
              -6414.877162374556
            ],
            [
              -1837.035188580281,
              -6411.38096021954
            ],
            [
              -1823.8816919272067,
              -6411.23649862688
            ],
            [
              -1808.5391629422083,
              -6411.074679623358
            ],
            [
              -1802.6227017844794,
              -6410.9737275298685
            ],
            [
              -1802.922790788114,
              -6408.619572028518
            ],
            [
              -1794.014846083708,
              -6410.4169781804085
            ],
            [
              -1794.2482420923188,
              -6403.18318184372
            ],
            [
              -1779.5554995887214,
              -6405.95155406557
            ],
            [
              -1758.0079524545,
              -6410.882264194079
            ],
            [
              -1748.841112582013,
              -6410.275989175774
            ],
            [
              -1727.9516904695192,
              -6408.859879703261
            ],
            [
              -1698.1562940506265,
              -6406.781964493915
            ],
            [
              -1689.8111498227809,
              -6406.471623419784
            ],
            [
              -1675.0871485959506,
              -6405.388643883169
            ],
            [
              -1671.2327288695378,
              -6405.130935042165
            ],
            [
              -1649.1548321531154,
              -6403.6465609958395
            ],
            [
              -1640.818930051988,
              -6403.087453839369
            ],
            [
              -1621.0764859031187,
              -6401.76889069099
            ],
            [
              -1616.6718893044163,
              -6401.4728030459955
            ],
            [
              -1600.4440437182784,
              -6400.466131960973
            ],
            [
              -1580.495757796918,
              -6398.966110855341
            ],
            [
              -1578.6685559743783,
              -6398.834964043461
            ],
            [
              -1570.5586916096509,
              -6398.386680836789
            ],
            [
              -1557.6357980817556,
              -6397.616346661001
            ],
            [
              -1554.4805840636836,
              -6397.392561472021
            ],
            [
              -1543.2682036890183,
              -6396.561441199854
            ],
            [
              -1532.0360054719495,
              -6395.719985799864
            ],
            [
              -1527.4709510343382,
              -6395.5121323103085
            ],
            [
              -1514.2373214714462,
              -6395.376300018281
            ],
            [
              -1513.5666983285919,
              -6395.424838844687
            ],
            [
              -1499.1070426616352,
              -6395.078145091422
            ],
            [
              -1494.9705374451587,
              -6394.947582480498
            ],
            [
              -1478.1198841403238,
              -6393.530406434089
            ],
            [
              -1461.8522944723954,
              -6391.92324027326
            ],
            [
              -1452.139954076265,
              -6391.062731677666
            ],
            [
              -1443.3958407846512,
              -6390.288722450845
            ],
            [
              -1424.3720775257098,
              -6387.334925219417
            ],
            [
              -1430.948871285771,
              -6352.837734906003
            ],
            [
              -1378.1045731768245,
              -6342.318991311826
            ],
            [
              -1315.043905587634,
              -6329.426594523713
            ],
            [
              -1268.3418319881894,
              -6319.252577505074
            ],
            [
              -1162.576232915162,
              -6295.694526814856
            ],
            [
              -1152.7967048807768,
              -6293.498276456259
            ],
            [
              -1110.024658195558,
              -6283.251353277825
            ],
            [
              -1107.5157099306816,
              -6282.648713398725
            ],
            [
              -1105.0162440992426,
              -6282.076226162724
            ],
            [
              -1073.9590886840597,
              -6274.848334620707
            ],
            [
              -1055.379273751052,
              -6270.4825379168615
            ],
            [
              -1040.0660779820755,
              -6266.842275701463
            ],
            [
              -1021.1282846104586,
              -6262.95022368338
            ],
            [
              -1005.1090244667139,
              -6259.677797302604
            ],
            [
              -979.2241042369278,
              -6253.397895688191
            ],
            [
              -954.7328915008111,
              -6247.4616770604625
            ],
            [
              -922.7448114404688,
              -6239.718048104085
            ],
            [
              -903.9993543825112,
              -6235.099498060532
            ],
            [
              -880.2198165218579,
              -6229.755244263448
            ],
            [
              -872.3636348461732,
              -6227.9726936575025
            ],
            [
              -856.4147568183253,
              -6224.50052698236
            ],
            [
              -830.265753954649,
              -6219.049861040898
            ],
            [
              -809.2967371388804,
              -6214.679280604236
            ],
            [
              -804.9634808369447,
              -6213.7755932034925
            ],
            [
              -796.0651259795995,
              -6211.494405360892
            ],
            [
              -764.4927585074911,
              -6203.407970776781
            ],
            [
              -747.9518190110102,
              -6199.6567815467715
            ],
            [
              -708.46508087439,
              -6190.795493448153
            ],
            [
              -697.4215844849823,
              -6188.267764962278
            ],
            [
              -681.97606561461,
              -6184.7651962907985
            ],
            [
              -670.1104983967962,
              -6182.373394528404
            ],
            [
              -669.1531159456354,
              -6182.237094754353
            ],
            [
              -657.6125188061269,
              -6179.899823072366
            ],
            [
              -643.8026121945586,
              -6176.625102206133
            ],
            [
              -621.607512206072,
              -6171.108938398771
            ],
            [
              -610.2960500010522,
              -6168.466669881716
            ],
            [
              -609.7584175952943,
              -6168.337532459758
            ],
            [
              -609.230128830648,
              -6166.48907706514
            ],
            [
              -608.3782112504123,
              -6165.444853320718
            ],
            [
              -608.2412253270159,
              -6163.513102258556
            ],
            [
              -604.3192222161451,
              -6161.3568141479045
            ],
            [
              -600.057012805366,
              -6159.804535557516
            ],
            [
              -574.7255599519704,
              -6152.72431202326
            ],
            [
              -531.5658324958058,
              -6140.001495557837
            ],
            [
              -487.0105817662552,
              -6126.455106667243
            ],
            [
              -467.15896996774245,
              -6120.458084622398
            ],
            [
              -466.2043156041764,
              -6120.161879753694
            ],
            [
              -456.4275675097015,
              -6117.215896798298
            ],
            [
              -455.59215965494514,
              -6116.96171454899
            ],
            [
              -435.7303818416549,
              -6110.974515106529
            ],
            [
              -416.5470052444143,
              -6105.068869852461
            ],
            [
              -401.1537984922761,
              -6100.257585791871
            ],
            [
              -382.0159567594528,
              -6094.612637709826
            ],
            [
              -369.3829950700747,
              -6098.525820747949
            ],
            [
              -362.4464366483735,
              -6098.447445586324
            ],
            [
              -351.12453290936537,
              -6098.17427679617
            ],
            [
              -339.68467557046097,
              -6095.439841043204
            ],
            [
              -292.1032799372915,
              -6077.033261714503
            ],
            [
              -276.33496315788943,
              -6068.426722805016
            ],
            [
              -271.396870868979,
              -6065.473330116831
            ],
            [
              -266.78084085008595,
              -6063.565117857419
            ],
            [
              -264.7750486576697,
              -6062.358246925287
            ],
            [
              -258.247043435229,
              -6058.432010803372
            ],
            [
              -255.35956301435363,
              -6056.695250924677
            ],
            [
              -244.9020882641198,
              -6050.405658882111
            ],
            [
              -243.53092304582242,
              -6049.912404003553
            ],
            [
              -229.77073221688624,
              -6044.309229721315
            ],
            [
              -220.06871233333368,
              -6041.084603277966
            ],
            [
              -214.53169331746176,
              -6039.250647678971
            ],
            [
              -208.55205343838315,
              -6037.57808805909
            ],
            [
              -198.16479209496174,
              -6034.672668241896
            ],
            [
              -196.97979743371252,
              -6035.572169147432
            ],
            [
              -194.60554163751658,
              -6034.691909650341
            ],
            [
              -183.70014058437664,
              -6031.68667577859
            ],
            [
              -174.08656372642145,
              -6026.794063445181
            ],
            [
              -157.44392010511365,
              -6021.9714505067095
            ],
            [
              -145.49125553655904,
              -6018.238560588099
            ],
            [
              -130.8569457216654,
              -6015.645552325994
            ],
            [
              -125.9901291495189,
              -6014.783741422929
            ],
            [
              -123.98279889917467,
              -6014.428585768677
            ],
            [
              -118.24090798513498,
              -6013.410885360092
            ],
            [
              -111.72460990771651,
              -6012.2550083706155
            ],
            [
              -110.09902903076727,
              -6011.9663486573845
            ],
            [
              -109.10351257328875,
              -6013.478898360394
            ],
            [
              -103.06428083323408,
              -6027.601540295407
            ],
            [
              -102.77302105061244,
              -6028.266367571428
            ],
            [
              -100.03407417517155,
              -6034.697670108639
            ],
            [
              -99.2216235382948,
              -6036.613222680055
            ],
            [
              -92.01684186176863,
              -6053.425156747922
            ],
            [
              -85.85290749836713,
              -6067.825587254949
            ],
            [
              -85.62390380830038,
              -6068.345421104692
            ],
            [
              -79.61099993344396,
              -6082.694545499049
            ],
            [
              -74.7370825286489,
              -6094.727712241933
            ],
            [
              -75.65684559522197,
              -6096.48288041167
            ],
            [
              -73.5018863088917,
              -6102.08440286573
            ],
            [
              -73.33741234382614,
              -6103.521160754375
            ],
            [
              -66.08027155208401,
              -6117.543047513813
            ],
            [
              -63.377958915545605,
              -6123.585094289854
            ],
            [
              -54.48916812625248,
              -6144.1771438336
            ],
            [
              -47.22630167158786,
              -6160.878123734146
            ],
            [
              -26.820293228607625,
              -6207.875605084933
            ],
            [
              -25.171209237654693,
              -6211.366401764564
            ],
            [
              -9.02665372856427,
              -6248.8295078789815
            ],
            [
              -1.4251190214417875,
              -6266.044555479661
            ],
            [
              10.146499771275558,
              -6292.708983545192
            ],
            [
              18.70401161466725,
              -6313.806541910395
            ],
            [
              20.429626523982733,
              -6322.954322657548
            ],
            [
              27.093075131066144,
              -6343.194469638169
            ],
            [
              31.142200514674187,
              -6365.478620913811
            ],
            [
              27.53019919025246,
              -6391.662354257889
            ],
            [
              21.598827373003587,
              -6397.921698689461
            ],
            [
              16.07268837245647,
              -6415.040842557326
            ],
            [
              17.329249767004512,
              -6425.173331655562
            ],
            [
              17.637604354997166,
              -6427.660316640511
            ],
            [
              19.480351530830376,
              -6428.615575813688
            ],
            [
              35.562784621841274,
              -6436.952560597099
            ],
            [
              39.201880066655576,
              -6438.83887838386
            ],
            [
              44.61393280082848,
              -6434.367857389152
            ],
            [
              51.705123105086386,
              -6431.047828856856
            ],
            [
              74.62180937896483,
              -6440.633790267631
            ],
            [
              80.4740373037057,
              -6444.910612189211
            ],
            [
              84.38057648390532,
              -6447.765072966926
            ],
            [
              93.38297311111819,
              -6467.985310236923
            ],
            [
              104.48653479549102,
              -6492.99823786132
            ],
            [
              105.21208702819422,
              -6494.625362605788
            ],
            [
              112.17014886112884,
              -6510.219891806133
            ],
            [
              117.59814976807684,
              -6522.385572195984
            ],
            [
              145.7109394086292,
              -6585.386719534174
            ],
            [
              149.50990799197461,
              -6583.694391533732
            ],
            [
              152.8743080238346,
              -6582.195422126912
            ],
            [
              156.42609541979618,
              -6580.605281988159
            ],
            [
              159.26506384368986,
              -6578.837361622602
            ],
            [
              193.8937780612614,
              -6561.2116549592465
            ],
            [
              197.2429559173761,
              -6559.465019799769
            ],
            [
              198.392377908458,
              -6558.865582875907
            ],
            [
              253.21825425990392,
              -6530.2984562581405
            ],
            [
              260.02718722017016,
              -6544.417982283048
            ],
            [
              268.39892602944747,
              -6567.5181253114715
            ],
            [
              269.2100774598075,
              -6569.943548980169
            ],
            [
              277.9084021183662,
              -6597.536763242446
            ],
            [
              283.2239086435875,
              -6615.530611264519
            ],
            [
              284.575079400558,
              -6618.552638323046
            ],
            [
              286.64343175815884,
              -6623.179940565489
            ],
            [
              292.01434966060333,
              -6633.875045699067
            ],
            [
              297.23262788169086,
              -6644.412803747691
            ],
            [
              303.2656630965648,
              -6642.52940359246
            ],
            [
              356.0235253102146,
              -6623.8256030203775
            ],
            [
              364.0716866243165,
              -6620.989096587524
            ],
            [
              393.2581772496924,
              -6610.694060468115
            ],
            [
              394.33208084851503,
              -6610.355833578855
            ],
            [
              400.90682669822127,
              -6607.23455999326
            ],
            [
              401.67186884838156,
              -6606.957586124539
            ],
            [
              425.8251019140007,
              -6598.1989903170615
            ],
            [
              425.8479518746026,
              -6598.190602852032
            ],
            [
              441.96531284821685,
              -6592.344281082042
            ],
            [
              466.8189186756499,
              -6583.326807918027
            ],
            [
              557.0431252304697,
              -6550.5967543767765
            ],
            [
              611.2214611396194,
              -6530.947970897891
            ],
            [
              651.2118092938326,
              -6516.439792652614
            ],
            [
              654.469235159806,
              -6515.174576417543
            ],
            [
              655.270068856189,
              -6514.885994820856
            ],
            [
              657.8176309508272,
              -6513.967789939605
            ],
            [
              665.228369312943,
              -6511.21213436313
            ],
            [
              654.3872279806528,
              -6488.1041189376265
            ],
            [
              653.4621470589191,
              -6485.270760301501
            ],
            [
              647.2145596548216,
              -6466.1431467542425
            ],
            [
              639.1237013702048,
              -6441.928524876013
            ],
            [
              632.2366265419405,
              -6421.472227109596
            ],
            [
              629.8985710097477,
              -6414.514226293191
            ],
            [
              584.5049088017549,
              -6377.760065883398
            ],
            [
              591.5786911734613,
              -6349.397865664214
            ],
            [
              607.4953327853,
              -6316.086221970618
            ],
            [
              668.8181840343168,
              -6328.465827163309
            ],
            [
              675.3623040959937,
              -6324.135433240794
            ],
            [
              745.827809620765,
              -6277.656684253365
            ],
            [
              776.1740993963322,
              -6308.439474901184
            ],
            [
              791.7593503877288,
              -6326.59800668899
            ],
            [
              793.5499142289627,
              -6334.8649612804875
            ],
            [
              801.2155238956911,
              -6330.055568309501
            ],
            [
              802.5903775283368,
              -6329.192361399531
            ],
            [
              813.5231747612124,
              -6338.9228355893865
            ],
            [
              814.2865441951435,
              -6339.719566958025
            ],
            [
              835.4698580355616,
              -6361.964326148853
            ],
            [
              838.889722376829,
              -6365.531884157099
            ],
            [
              848.1913600449916,
              -6377.919402999803
            ],
            [
              849.4375822980655,
              -6379.477664461359
            ],
            [
              861.7162307613762,
              -6395.023423948325
            ],
            [
              864.8457389733521,
              -6397.979121989571
            ],
            [
              875.5054193179822,
              -6408.693965561688
            ],
            [
              886.0150177869946,
              -6419.4013735232875
            ],
            [
              904.1536797886947,
              -6400.307515401393
            ],
            [
              910.7165012576152,
              -6393.557527305558
            ],
            [
              946.0081308508525,
              -6353.847085485235
            ],
            [
              978.3462942464976,
              -6317.982893191278
            ],
            [
              986.9458995676832,
              -6308.26802759897
            ],
            [
              991.1403666052502,
              -6303.564846270718
            ],
            [
              994.3348767074058,
              -6300.018385390751
            ],
            [
              997.2178398659453,
              -6296.903112689033
            ],
            [
              1002.518838858814,
              -6291.137363243848
            ],
            [
              1004.059303023736,
              -6289.49256351497
            ],
            [
              1018.3263704583514,
              -6273.576822380535
            ],
            [
              1020.5418771008262,
              -6271.184724786319
            ],
            [
              1041.462940295809,
              -6248.5894123557955
            ],
            [
              1044.6090218393365,
              -6244.89982010331
            ],
            [
              1082.3130694756983,
              -6200.686525186524
            ],
            [
              1077.4559905711794,
              -6165.6199384192005
            ],
            [
              1078.6354729882441,
              -6164.2042306717485
            ],
            [
              1080.9983331348049,
              -6161.366750483401
            ],
            [
              1081.4430949304951,
              -6160.83331890963
            ],
            [
              1118.8269684916595,
              -6116.018656997941
            ],
            [
              1163.754893936566,
              -6061.028266517445
            ],
            [
              1198.8627000250854,
              -6021.852747620083
            ],
            [
              1201.9852927097818,
              -6018.368491567671
            ],
            [
              1210.5098579430487,
              -6008.825843364932
            ],
            [
              1226.2723401548574,
              -5991.671929385513
            ],
            [
              1239.2709912466817,
              -5977.1743948804215
            ],
            [
              1240.9061637572013,
              -5975.3970160717145
            ],
            [
              1241.5971284154803,
              -5974.645446925424
            ],
            [
              1243.4816761405673,
              -5972.542908818461
            ],
            [
              1246.4140157200163,
              -5969.274834731594
            ],
            [
              1247.5531046969118,
              -5968.655576914549
            ],
            [
              1255.3474374834914,
              -5964.417803386226
            ],
            [
              1282.5468674500007,
              -5949.6289598513395
            ],
            [
              1292.1429094636114,
              -5974.522716661915
            ],
            [
              1483.5645835971227,
              -6471.10700022988
            ],
            [
              1565.4541767435148,
              -6683.61888522096
            ],
            [
              1577.9181866879808,
              -6716.297404048964
            ],
            [
              1595.2954505666858,
              -6761.967192430049
            ],
            [
              1636.1523216724163,
              -6880.504517862573
            ],
            [
              1658.3215521286475,
              -6967.976066031493
            ],
            [
              1658.3408715317491,
              -6968.053713152185
            ],
            [
              1670.7626508841058,
              -7017.067095744424
            ],
            [
              1682.550349916215,
              -7014.32573991362
            ],
            [
              1682.578231114312,
              -7014.319266013801
            ],
            [
              1699.6673559499905,
              -7010.347800602205
            ],
            [
              1704.346244146116,
              -7009.075328263454
            ],
            [
              1714.1996130100451,
              -7006.397965000011
            ],
            [
              1715.8375331305433,
              -7005.953144213185
            ],
            [
              1719.6965957848588,
              -7004.207804265432
            ],
            [
              1724.959503899794,
              -7003.298256451264
            ],
            [
              1733.5736373550026,
              -7001.698720896617
            ],
            [
              1751.278242149623,
              -6998.4105467591435
            ],
            [
              1779.357457697275,
              -6989.3040487272665
            ],
            [
              1804.5077557591721,
              -6981.147252786905
            ],
            [
              1815.5415687895147,
              -6979.219518858939
            ],
            [
              1821.3514260886004,
              -6978.140686472878
            ],
            [
              1826.1230002660304,
              -6977.2615144159645
            ],
            [
              1829.3419250688748,
              -6976.668755278923
            ],
            [
              1830.4401388551341,
              -6976.466073013842
            ],
            [
              1885.2322772433981,
              -6965.301288482733
            ],
            [
              1889.1708649925422,
              -6964.408336429857
            ],
            [
              1890.5969408527017,
              -6964.086094242521
            ],
            [
              1890.9474889264675,
              -6964.007135118358
            ],
            [
              1910.1199527857825,
              -6959.681215922348
            ],
            [
              1955.341537105618,
              -6941.929723620415
            ],
            [
              1962.798408901319,
              -6939.005330684595
            ],
            [
              1977.8094813385978,
              -6933.118894625455
            ],
            [
              1994.98402109358,
              -6926.242829525843
            ],
            [
              2034.4478459038073,
              -6908.404621322639
            ],
            [
              2036.6343505487312,
              -6907.417598564178
            ],
            [
              2037.3942729816772,
              -6907.074731204659
            ],
            [
              2040.559718096396,
              -6905.691119138151
            ],
            [
              2047.1457530299667,
              -6902.526658601128
            ],
            [
              2047.6990425816039,
              -6902.2602950064465
            ],
            [
              2051.2990755800856,
              -6901.739009493962
            ],
            [
              2072.087325489847,
              -6898.600156803615
            ],
            [
              2088.1033039479516,
              -6896.182536197826
            ],
            [
              2130.0348693259293,
              -6908.7231777580455
            ],
            [
              2150.606255659368,
              -6906.232833394781
            ],
            [
              2163.9638673906447,
              -6903.395706719719
            ],
            [
              2170.8159697428346,
              -6896.020955023356
            ],
            [
              2176.4776784225833,
              -6890.243044820614
            ],
            [
              2189.87403949257,
              -6875.731723400764
            ],
            [
              2203.608700171928,
              -6862.181341970339
            ],
            [
              2211.085656684474,
              -6843.9691427554935
            ],
            [
              2212.1148001071997,
              -6828.175268481486
            ],
            [
              2211.9070008227136,
              -6827.070143114775
            ],
            [
              2206.548083528527,
              -6811.8061355939135
            ],
            [
              2221.5491876956075,
              -6824.436363585293
            ],
            [
              2230.635219966527,
              -6831.979054369964
            ],
            [
              2255.9623765421566,
              -6852.760631777346
            ],
            [
              2271.482323089731,
              -6865.33202539105
            ],
            [
              2282.649244782515,
              -6834.994445826858
            ],
            [
              2284.486152759986,
              -6830.040565810166
            ],
            [
              2303.3558942814125,
              -6779.377551855519
            ],
            [
              2311.7468941465486,
              -6756.848027457483
            ],
            [
              2312.962711049826,
              -6753.577247516252
            ],
            [
              2326.344123262679,
              -6764.380662014708
            ],
            [
              2346.7808403095696,
              -6780.422111089341
            ],
            [
              2458.48668684368,
              -6724.112320980057
            ],
            [
              2491.979678334552,
              -6709.634982592426
            ],
            [
              2530.938512896886,
              -6692.66509371344
            ],
            [
              2558.84283978818,
              -6680.512444679625
            ],
            [
              2572.397966917837,
              -6674.602846481837
            ],
            [
              2603.0808726450196,
              -6661.243129647337
            ],
            [
              2644.222907827352,
              -6643.3262505512685
            ],
            [
              2649.760073019308,
              -6640.912460432388
            ],
            [
              2653.07527759159,
              -6647.134038427845
            ],
            [
              2653.9220800229814,
              -6648.719116927125
            ],
            [
              2659.2726322355447,
              -6658.8048142418265
            ],
            [
              2664.3853046871955,
              -6668.424709542654
            ],
            [
              2678.019040229381,
              -6694.074433493428
            ],
            [
              2687.2265153641347,
              -6689.39867120143
            ],
            [
              2691.0711583896773,
              -6687.393647114746
            ],
            [
              2711.4341502354946,
              -6676.789244635031
            ],
            [
              2772.3940592028666,
              -6645.028218262829
            ],
            [
              2785.8697887309827,
              -6637.980307384394
            ],
            [
              2846.557647539652,
              -6606.093949645758
            ],
            [
              2853.6147124669515,
              -6602.235643832944
            ],
            [
              2924.487749382388,
              -6563.504461069591
            ],
            [
              2924.51549424103,
              -6563.4899918064475
            ],
            [
              2986.1150769550586,
              -6529.8445702735335
            ],
            [
              2988.5185862111393,
              -6528.333993945271
            ],
            [
              2993.768179077888,
              -6524.885413665324
            ],
            [
              3020.867417260306,
              -6507.263093652204
            ],
            [
              3056.163741002325,
              -6484.6313434885815
            ],
            [
              3099.9220446094405,
              -6456.8126916708425
            ],
            [
              3104.9743370978395,
              -6453.577414127998
            ],
            [
              3121.3137658016058,
              -6443.162606459111
            ],
            [
              3133.272154909093,
              -6435.540749571286
            ],
            [
              3146.9784100943943,
              -6426.7693987023085
            ],
            [
              3149.952930985368,
              -6424.859192997217
            ],
            [
              3188.2082969074836,
              -6400.2884950861335
            ],
            [
              3195.0275301971706,
              -6395.908395397477
            ],
            [
              3225.894356144592,
              -6376.041414138861
            ],
            [
              3230.5190462627215,
              -6373.056359199807
            ],
            [
              3238.8413777888054,
              -6367.711887739599
            ],
            [
              3290.344660467934,
              -6334.634567016736
            ],
            [
              3304.852338111843,
              -6325.315691751428
            ],
            [
              3369.9113729306264,
              -6283.551543726586
            ],
            [
              3373.2301612835145,
              -6281.428522504866
            ],
            [
              3382.8037261588033,
              -6275.298921909183
            ],
            [
              3441.4065762643004,
              -6237.923663835041
            ],
            [
              3449.8076595988823,
              -6232.565846602432
            ],
            [
              3542.639883998898,
              -6173.361747192219
            ],
            [
              3542.6468116941396,
              -6173.357630154118
            ],
            [
              3543.896839513327,
              -6172.560528238304
            ],
            [
              3560.125555297942,
              -6162.218566345051
            ],
            [
              3566.1538207373815,
              -6158.353807953186
            ],
            [
              3567.2179945613025,
              -6157.73782501556
            ],
            [
              3575.510524683399,
              -6152.755747022107
            ],
            [
              3576.4585343009094,
              -6152.186733004637
            ],
            [
              3577.3214297936065,
              -6151.668156945147
            ],
            [
              3591.963959045126,
              -6142.869814121164
            ],
            [
              3595.087009373703,
              -6140.993059264496
            ],
            [
              3624.175163544365,
              -6123.5156972957775
            ],
            [
              3651.915518843569,
              -6106.847100554965
            ],
            [
              3657.412531804526,
              -6103.544243367389
            ],
            [
              3717.3947729108622,
              -6067.502999974415
            ],
            [
              3734.1153759643203,
              -6057.455547322519
            ],
            [
              3741.057160809054,
              -6053.285282720812
            ],
            [
              3758.2082300158218,
              -6042.979557099752
            ],
            [
              3780.3658489492955,
              -6026.816091521643
            ],
            [
              3777.399006028427,
              -6023.317756677978
            ],
            [
              3776.4165130826877,
              -6022.158866114914
            ],
            [
              3774.6834937225794,
              -6020.136039217003
            ],
            [
              3773.8369075260125,
              -6019.149778338149
            ],
            [
              3766.620061780559,
              -6010.598466384225
            ],
            [
              3765.171149115311,
              -6008.879701139405
            ],
            [
              3762.2151462405454,
              -6005.37218421977
            ],
            [
              3756.3211588531267,
              -5996.8352889455855
            ],
            [
              3751.6611346412683,
              -5989.957845333032
            ],
            [
              3750.5884422438685,
              -5988.375618584454
            ],
            [
              3753.3700268260436,
              -5986.7586140995845
            ],
            [
              3762.2488375629764,
              -5981.56858412642
            ],
            [
              3755.6525297957705,
              -5972.8837203411385
            ],
            [
              3747.4811374855926,
              -5962.116352045909
            ],
            [
              3770.3760683167493,
              -5946.979996275157
            ],
            [
              3758.498980060802,
              -5932.475975323468
            ],
            [
              3758.4673330574296,
              -5932.437526769936
            ],
            [
              3754.69367859303,
              -5927.823291220702
            ],
            [
              3740.876665106276,
              -5909.892388290726
            ],
            [
              3735.360866834759,
              -5902.720639402978
            ],
            [
              3758.8029932976933,
              -5888.249745503999
            ],
            [
              3767.305084477295,
              -5883.0111577278
            ],
            [
              3749.35650979972,
              -5860.524112961255
            ],
            [
              3764.6325063655386,
              -5850.006446761079
            ],
            [
              3757.095482963603,
              -5840.677830880508
            ],
            [
              3753.463229413028,
              -5836.148157803342
            ],
            [
              3745.3797782047186,
              -5826.082085651346
            ],
            [
              3687.446941965143,
              -5859.369194086641
            ],
            [
              3636.5124022882665,
              -5888.634018596262
            ],
            [
              3626.134235958103,
              -5894.597414826043
            ],
            [
              3622.6693657765863,
              -5896.595970574766
            ],
            [
              3619.500558158383,
              -5898.427521781065
            ],
            [
              3618.125535455183,
              -5899.222758801654
            ],
            [
              3613.888863607426,
              -5901.688351362944
            ],
            [
              3612.9296560279327,
              -5902.245560631156
            ],
            [
              3611.430985431536,
              -5903.117885557935
            ],
            [
              3600.2136782986345,
              -5909.644439119846
            ],
            [
              3597.7340347371064,
              -5911.087340816855
            ],
            [
              3559.3222091912758,
              -5934.047253577039
            ],
            [
              3556.4236398707144,
              -5935.780220458284
            ],
            [
              3556.242537488346,
              -5935.888279969804
            ],
            [
              3556.1960254141595,
              -5935.916065725498
            ],
            [
              3554.9937073872425,
              -5936.6383760152385
            ],
            [
              3554.478145122528,
              -5936.948085212149
            ],
            [
              3546.7637000995455,
              -5941.5933990506455
            ],
            [
              3545.690992373391,
              -5942.236520241946
            ],
            [
              3542.4580592297716,
              -5936.150489630178
            ],
            [
              3542.44360695465,
              -5936.123744166456
            ],
            [
              3538.4863272531657,
              -5928.657482702285
            ],
            [
              3538.470824400778,
              -5928.627756047994
            ],
            [
              3531.546059744316,
              -5915.457821256481
            ],
            [
              3530.6334243337624,
              -5913.705913385376
            ],
            [
              3529.328049961594,
              -5911.200930291787
            ],
            [
              3529.0283281260636,
              -5910.626214981079
            ],
            [
              3526.493753114599,
              -5905.7449108585715
            ],
            [
              3514.04889976664,
              -5882.984015810303
            ],
            [
              3511.055603534216,
              -5877.466728743166
            ],
            [
              3510.014091292047,
              -5875.544070998207
            ],
            [
              3507.6080684375484,
              -5871.107442467473
            ],
            [
              3505.7403266680194,
              -5868.454102335498
            ],
            [
              3502.7424996166956,
              -5864.194523485377
            ],
            [
              3495.51856511971,
              -5853.938841671683
            ],
            [
              3492.294334043865,
              -5850.471894783899
            ],
            [
              3491.3736889496213,
              -5849.480900477618
            ],
            [
              3489.1679051519604,
              -5847.990988957696
            ],
            [
              3478.195601581363,
              -5840.578454365954
            ],
            [
              3463.2352027099114,
              -5836.138120750897
            ],
            [
              3458.732724995236,
              -5834.802366890013
            ],
            [
              3448.5703125828877,
              -5828.627645355649
            ],
            [
              3446.00451094436,
              -5827.071898687631
            ],
            [
              3436.882005772204,
              -5815.051144802012
            ],
            [
              3422.0363031741,
              -5790.44178163074
            ],
            [
              3417.0680882064626,
              -5782.2589903678745
            ],
            [
              3410.890479553258,
              -5771.7475272435695
            ],
            [
              3409.475892076385,
              -5769.345379321836
            ],
            [
              3400.9184284706134,
              -5754.8177196811885
            ],
            [
              3399.4111989617813,
              -5752.259199181572
            ],
            [
              3397.258681910229,
              -5748.793959886767
            ],
            [
              3391.1156835680595,
              -5738.9047241117805
            ],
            [
              3388.937990126433,
              -5735.252969527617
            ],
            [
              3385.3626717746956,
              -5729.255761137232
            ],
            [
              3382.6881293884944,
              -5724.842711396515
            ],
            [
              3380.464070512331,
              -5721.168754928745
            ],
            [
              3379.3757012668066,
              -5719.370861350559
            ],
            [
              3374.2895340670366,
              -5710.7202227329835
            ],
            [
              3370.846530241426,
              -5705.622491799295
            ],
            [
              3367.0384569267044,
              -5699.987150573172
            ],
            [
              3363.0098506514914,
              -5693.906704718247
            ],
            [
              3359.3937876829877,
              -5688.451033351943
            ],
            [
              3357.988092210493,
              -5686.335649928078
            ],
            [
              3356.7280315741664,
              -5684.435717245564
            ],
            [
              3351.061943905661,
              -5675.89694567211
            ],
            [
              3349.021374547272,
              -5672.54776216764
            ],
            [
              3344.908332958934,
              -5665.795955536887
            ],
            [
              3341.715878430987,
              -5660.55898950249
            ],
            [
              3339.0798829542473,
              -5656.237255855463
            ],
            [
              3338.826017974876,
              -5655.830708792433
            ],
            [
              3332.3371422495693,
              -5645.4155345167965
            ],
            [
              3332.2230691204313,
              -5645.233535233885
            ],
            [
              3330.8573944644304,
              -5643.0614856230095
            ],
            [
              3330.5800483451458,
              -5642.626347799785
            ],
            [
              3330.1434848735807,
              -5641.999984002672
            ],
            [
              3328.4914966018405,
              -5639.6288802409545
            ],
            [
              3322.4641181550687,
              -5631.008301080205
            ],
            [
              3314.8701688435394,
              -5620.1011356618255
            ],
            [
              3305.886316439137,
              -5607.4182183025405
            ],
            [
              3304.4911265131086,
              -5605.332647342235
            ],
            [
              3308.372581413132,
              -5603.200018958189
            ],
            [
              3322.386603587889,
              -5595.534056881443
            ],
            [
              3338.5755237743724,
              -5586.669321620837
            ],
            [
              3342.318442245247,
              -5584.620033173822
            ],
            [
              3353.260062111076,
              -5578.34210721124
            ],
            [
              3357.763627643115,
              -5575.757991710678
            ],
            [
              3358.2952652949607,
              -5575.4530063942075
            ],
            [
              3376.8653219701955,
              -5565.1140571739525
            ],
            [
              3404.9828569209203,
              -5549.460694176145
            ],
            [
              3412.4200781470863,
              -5545.207991055213
            ],
            [
              3423.422373727546,
              -5538.9120325231925
            ],
            [
              3429.29866215121,
              -5535.573705425486
            ],
            [
              3451.6337502324022,
              -5523.075117987581
            ],
            [
              3453.597324877861,
              -5521.970924152993
            ],
            [
              3462.100186036085,
              -5517.188185240142
            ],
            [
              3477.0835695625283,
              -5507.685209834948
            ],
            [
              3478.907997057773,
              -5506.804325518198
            ],
            [
              3488.159546979121,
              -5502.367704198696
            ],
            [
              3497.313747668406,
              -5496.913043382578
            ],
            [
              3507.3397592959227,
              -5490.993636909872
            ],
            [
              3530.7494025347987,
              -5477.257065311074
            ],
            [
              3530.768220878439,
              -5477.246747110039
            ],
            [
              3539.607060631155,
              -5472.058390230872
            ],
            [
              3564.3419777237577,
              -5457.5404231650755
            ],
            [
              3577.79492805514,
              -5449.743067433126
            ],
            [
              3597.802463942091,
              -5435.355756655335
            ],
            [
              3597.844927158789,
              -5435.325040812604
            ],
            [
              3618.5637096838327,
              -5420.49571712967
            ],
            [
              3615.4449166199192,
              -5415.2404972575605
            ],
            [
              3608.3994743207004,
              -5403.0843308810145
            ],
            [
              3601.455062442459,
              -5385.717968869954
            ],
            [
              3597.5179056845373,
              -5375.858070187271
            ],
            [
              3584.136940288474,
              -5342.7661977550015
            ],
            [
              3583.82261846622,
              -5341.9218111261725
            ],
            [
              3576.1296307569137,
              -5322.868724666536
            ],
            [
              3570.602239421336,
              -5308.867188663222
            ],
            [
              3564.7895535241114,
              -5294.550615619868
            ],
            [
              3558.7167445336236,
              -5277.879174538888
            ],
            [
              3547.0118577628164,
              -5245.758411552757
            ],
            [
              3537.6483351824572,
              -5219.615926741622
            ],
            [
              3534.2416848912835,
              -5210.966619656421
            ],
            [
              3526.6668473558966,
              -5191.221724075265
            ],
            [
              3525.846437509521,
              -5188.840428177267
            ],
            [
              3517.800198720419,
              -5165.490638926625
            ],
            [
              3509.935984484502,
              -5131.952734374441
            ],
            [
              3509.778676438611,
              -5131.287615044974
            ],
            [
              3505.4795041194884,
              -5118.374797260389
            ],
            [
              3502.932896993938,
              -5111.500288771465
            ],
            [
              3501.877265577903,
              -5108.809099622071
            ],
            [
              3498.0942792617716,
              -5099.196501479484
            ],
            [
              3485.8974853471154,
              -5068.7136646378785
            ],
            [
              3509.9097067614784,
              -5058.126857276075
            ],
            [
              3506.1510366535513,
              -5046.424457823858
            ],
            [
              3499.0755215676036,
              -5024.8915674407035
            ],
            [
              3495.373302738066,
              -5013.568093635142
            ],
            [
              3495.0440398146166,
              -5012.434047545306
            ],
            [
              3494.7710584803717,
              -5011.668932332657
            ],
            [
              3491.3287239419296,
              -5002.10050687287
            ],
            [
              3490.824784607743,
              -5000.689524072222
            ],
            [
              3490.3208452700637,
              -4999.278541269712
            ],
            [
              3483.8243800215423,
              -4981.214748661965
            ],
            [
              3483.488363568671,
              -4980.270762109198
            ],
            [
              3478.588716945029,
              -4966.148552722298
            ],
            [
              3521.5814463640563,
              -4938.930597520433
            ],
            [
              3525.0835687197978,
              -4936.713462058455
            ],
            [
              3526.803472390049,
              -4935.624420485459
            ],
            [
              3521.4310765595874,
              -4930.1197509448975
            ],
            [
              3516.3334010536782,
              -4924.896309112199
            ],
            [
              3497.81915064191,
              -4907.927356863394
            ],
            [
              3494.945946355816,
              -4905.347164398991
            ],
            [
              3487.2329711166676,
              -4898.010990778916
            ],
            [
              3478.6382880079327,
              -4887.630763459019
            ],
            [
              3447.828207868617,
              -4859.564983626828
            ],
            [
              3440.8128138410393,
              -4853.8564247787
            ],
            [
              3443.2986235171556,
              -4850.724907725118
            ],
            [
              3444.6126653914107,
              -4849.812742772512
            ],
            [
              3466.279621274676,
              -4834.777267295867
            ],
            [
              3471.4961534681497,
              -4831.149277613498
            ],
            [
              3494.1312797524733,
              -4815.437470358796
            ],
            [
              3499.3578062934102,
              -4811.809309611097
            ],
            [
              3506.145329055027,
              -4807.094818721525
            ],
            [
              3519.1779454023344,
              -4798.099969274364
            ],
            [
              3519.2490845887223,
              -4798.050769242458
            ],
            [
              3522.0232570165535,
              -4796.116976787336
            ],
            [
              3525.1257728586206,
              -4793.974640105851
            ],
            [
              3527.2599484742386,
              -4792.498639119789
            ],
            [
              3543.2762599409325,
              -4781.428460683674
            ],
            [
              3549.9457294909516,
              -4776.825951300561
            ],
            [
              3555.182421144913,
              -4773.207613134757
            ],
            [
              3560.3794773500413,
              -4769.60994545836
            ],
            [
              3561.4064180165296,
              -4768.862632960081
            ],
            [
              3574.380349659943,
              -4759.943760626949
            ],
            [
              3579.399899156997,
              -4756.489081037231
            ],
            [
              3579.62720621028,
              -4756.335245611146
            ],
            [
              3584.9524809255963,
              -4752.635418540798
            ],
            [
              3597.3327335171634,
              -4744.076574797742
            ],
            [
              3599.366145871347,
              -4742.67127277609
            ],
            [
              3603.133593152277,
              -4740.067718904465
            ],
            [
              3604.6146773479413,
              -4739.043734298088
            ],
            [
              3610.514325679862,
              -4735.024194875732
            ],
            [
              3612.441353358561,
              -4733.711681738496
            ],
            [
              3613.248422640376,
              -4732.968121582642
            ],
            [
              3613.9539141112473,
              -4732.716151374392
            ],
            [
              3618.0599410340656,
              -4729.800908518024
            ],
            [
              3619.1197942672297,
              -4729.049035266042
            ],
            [
              3621.1576680456055,
              -4727.55368333403
            ],
            [
              3631.186144977226,
              -4720.197634805925
            ],
            [
              3647.219638254028,
              -4708.435360286385
            ],
            [
              3658.04516160395,
              -4701.095698809251
            ],
            [
              3663.901637738687,
              -4697.123881353065
            ],
            [
              3696.778141496121,
              -4674.639202726074
            ],
            [
              3716.7925244243816,
              -4661.181459140964
            ],
            [
              3738.4317926965887,
              -4646.866225172766
            ],
            [
              3743.890076157986,
              -4643.169123671949
            ],
            [
              3757.970891971723,
              -4633.676514451392
            ],
            [
              3790.281555032241,
              -4612.011245678179
            ],
            [
              3793.2980477182427,
              -4610.1003070138395
            ],
            [
              3796.1153394795256,
              -4608.232756427489
            ],
            [
              3816.4035604178207,
              -4595.590092590079
            ],
            [
              3821.4978467577603,
              -4592.41405140236
            ],
            [
              3842.617220055312,
              -4579.2673438396305
            ],
            [
              3847.7115066038677,
              -4576.091302236542
            ],
            [
              3848.0280789131066,
              -4575.895954793319
            ],
            [
              3872.5193357755197,
              -4562.155853185803
            ],
            [
              3874.6057629125426,
              -4560.986575141549
            ],
            [
              3896.281880298746,
              -4548.830069567077
            ],
            [
              3903.6887735418277,
              -4544.674831919372
            ],
            [
              3949.885285671684,
              -4518.903683657758
            ],
            [
              3960.8574993300717,
              -4512.778152265586
            ],
            [
              3953.780229886179,
              -4500.633530315943
            ],
            [
              3941.3045225421665,
              -4478.881883555092
            ],
            [
              3941.1398397708545,
              -4478.604776154272
            ],
            [
              3939.9673915439053,
              -4477.504114759155
            ],
            [
              3942.445725726313,
              -4476.0432305065915
            ],
            [
              4015.763946149382,
              -4436.1931481407955
            ],
            [
              4031.6830634910148,
              -4428.213698420674
            ],
            [
              4036.6590263688704,
              -4425.719474297017
            ],
            [
              4050.2458204440773,
              -4418.149723112583
            ],
            [
              4064.0399337062845,
              -4410.426476764493
            ],
            [
              4073.550069756224,
              -4405.325603030622
            ],
            [
              4075.3831271585077,
              -4404.364588474855
            ],
            [
              4076.7224153301213,
              -4403.642933981493
            ],
            [
              4077.1463959669927,
              -4403.414762127213
            ],
            [
              4086.8845487615326,
              -4384.144134177826
            ],
            [
              4087.580759657896,
              -4382.762651448138
            ],
            [
              4097.939235498663,
              -4379.394787070341
            ],
            [
              4103.15972755861,
              -4377.697154493071
            ],
            [
              4103.676712151151,
              -4377.529377119616
            ],
            [
              4108.672261525295,
              -4377.354140294716
            ],
            [
              4115.946682798793,
              -4375.980346752331
            ],
            [
              4122.768637307803,
              -4374.45432249736
            ],
            [
              4129.6745691999095,
              -4372.576967048459
            ],
            [
              4136.424788975157,
              -4370.362368446775
            ],
            [
              4136.693062237813,
              -4370.265816459432
            ],
            [
              4136.801350490539,
              -4370.225979303941
            ],
            [
              4143.360804190976,
              -4367.904668700881
            ],
            [
              4152.552973918733,
              -4364.088846422732
            ],
            [
              4179.546240078402,
              -4352.441394563764
            ],
            [
              4199.226000614464,
              -4343.977874674834
            ],
            [
              4201.199147432577,
              -4343.024465602823
            ],
            [
              4205.32414212171,
              -4341.044617799111
            ],
            [
              4223.327200864092,
              -4332.15984590631
            ],
            [
              4261.326321421657,
              -4325.14313717559
            ],
            [
              4276.791464170092,
              -4345.623129638843
            ],
            [
              4315.577355472371,
              -4323.787309115753
            ],
            [
              4349.542739112861,
              -4288.367743651383
            ],
            [
              4356.003553987248,
              -4279.73995247297
            ],
            [
              4364.531588105136,
              -4269.227416500449
            ],
            [
              4370.547310433583,
              -4262.636630232446
            ],
            [
              4375.807810064172,
              -4256.8984893085435
            ],
            [
              4382.915391221177,
              -4249.3223483404145
            ],
            [
              4389.991656268714,
              -4241.785730259493
            ],
            [
              4396.5165587746305,
              -4234.921329567209
            ],
            [
              4438.926820429158,
              -4170.645971228369
            ],
            [
              4451.4086067104945,
              -4151.869333383627
            ],
            [
              4452.924156324705,
              -4149.643106108531
            ],
            [
              4457.328507890226,
              -4146.4588362481445
            ],
            [
              4460.024677998736,
              -4144.5233671125025
            ],
            [
              4465.243167725042,
              -4140.775361191481
            ],
            [
              4470.947571173194,
              -4136.67916035559
            ],
            [
              4475.5448987653945,
              -4133.379629009403
            ],
            [
              4496.260033133673,
              -4118.5122789805755
            ],
            [
              4499.9048976833,
              -4115.9308000374585
            ],
            [
              4501.677991292207,
              -4114.97080666665
            ],
            [
              4503.466721224482,
              -4113.169791094959
            ],
            [
              4510.724309987272,
              -4105.538100184873
            ],
            [
              4513.338597082067,
              -4102.905231504701
            ],
            [
              4513.90444205259,
              -4102.085809041746
            ],
            [
              4520.158107244875,
              -4093.6215004846454
            ],
            [
              4523.088706408977,
              -4092.300849271938
            ],
            [
              4525.4361171807395,
              -4091.2520759804174
            ],
            [
              4563.411995317205,
              -4074.7894844096154
            ],
            [
              4570.534120492754,
              -4071.6967842476442
            ],
            [
              4571.382669478888,
              -4071.333402223885
            ],
            [
              4576.234683086397,
              -4069.191184317693
            ],
            [
              4591.509403014439,
              -4062.289398071356
            ],
            [
              4599.895271545276,
              -4058.500323396176
            ],
            [
              4620.210813949467,
              -4049.3311307476833
            ],
            [
              4624.7888921399135,
              -4047.2465726239607
            ],
            [
              4625.505149771227,
              -4046.92243777588
            ],
            [
              4625.56665311486,
              -4046.894395848736
            ],
            [
              4626.77991753316,
              -4046.3448408460245
            ],
            [
              4632.335959700053,
              -4044.450529991649
            ],
            [
              4656.725173123996,
              -4034.277075544931
            ],
            [
              4683.7837173356675,
              -4022.9383833119646
            ],
            [
              4687.4649477705825,
              -4021.3160027377307
            ],
            [
              4689.231288971845,
              -4020.5460685789585
            ],
            [
              4690.352443518816,
              -4020.047071378678
            ],
            [
              4733.367897095508,
              -4003.527439107187
            ],
            [
              4755.1128087244,
              -3995.3995337560773
            ],
            [
              4757.188952861703,
              -3994.6233117002994
            ],
            [
              4760.26838561357,
              -3993.4710689773783
            ],
            [
              4762.045915388269,
              -3992.77092326805
            ],
            [
              4764.091923470143,
              -3991.9862181860954
            ],
            [
              4766.704188371077,
              -3990.991905855015
            ],
            [
              4788.638391740387,
              -3982.2399484505877
            ],
            [
              4796.144301092951,
              -3979.316643198952
            ],
            [
              4799.403683581273,
              -3978.047361817211
            ],
            [
              4817.7815521900775,
              -3967.106758312322
            ],
            [
              4833.634315588395,
              -3942.3532755747437
            ],
            [
              4851.476868942496,
              -3924.063941744156
            ],
            [
              4862.8990331362,
              -3914.193784814328
            ],
            [
              4862.925642144401,
              -3914.1713370094076
            ],
            [
              4876.295012364746,
              -3902.7063957173377
            ],
            [
              4900.4778635875555,
              -3882.199447320774
            ],
            [
              4937.031362625421,
              -3859.0120568973944
            ],
            [
              4953.012176540797,
              -3851.1314846128225
            ],
            [
              4979.303741963464,
              -3839.955820288509
            ],
            [
              4999.3968174800975,
              -3834.034465553239
            ],
            [
              5003.436376393656,
              -3832.9058208232746
            ],
            [
              5007.514888557373,
              -3831.716528551653
            ],
            [
              5011.513788411277,
              -3830.5485893813893
            ],
            [
              5027.160132311983,
              -3824.7431241525337
            ],
            [
              5049.809904865455,
              -3816.3288367567584
            ],
            [
              5058.8796719171805,
              -3812.954955585301
            ],
            [
              5083.745697862119,
              -3803.773048534058
            ],
            [
              5084.172718690708,
              -3803.605805940926
            ],
            [
              5084.848059018608,
              -3803.344350782223
            ],
            [
              5093.575728744734,
              -3813.3124468829483
            ],
            [
              5096.088752077427,
              -3808.2610018095
            ],
            [
              5087.757138676709,
              -3799.8256995761767
            ],
            [
              5073.7003201942425,
              -3783.9603026797995
            ],
            [
              5058.2163371661445,
              -3766.4797424618155
            ],
            [
              5056.564111851505,
              -3763.9786773882806
            ],
            [
              5044.024520507548,
              -3745.0482652243227
            ],
            [
              5032.172451991821,
              -3727.15581452474
            ],
            [
              5026.613664823468,
              -3718.933109436184
            ],
            [
              5009.513709027669,
              -3690.533309432678
            ],
            [
              4996.435781791923,
              -3668.353035294451
            ],
            [
              4995.121309975046,
              -3666.1361216800287
            ],
            [
              4992.331339038443,
              -3661.405130070634
            ],
            [
              4985.8244537770515,
              -3650.3494360512123
            ],
            [
              4981.401562941377,
              -3643.0770625891164
            ],
            [
              4969.893175300793,
              -3623.649194434285
            ],
            [
              4959.47676396661,
              -3608.5724209835753
            ],
            [
              4954.273066234775,
              -3601.1224319562316
            ],
            [
              4952.024467199459,
              -3598.003730124794
            ],
            [
              4946.411235029227,
              -3590.339796069078
            ],
            [
              4941.55323522212,
              -3583.873619597405
            ],
            [
              4937.937753546983,
              -3579.0987372705713
            ],
            [
              4933.421772507252,
              -3573.166566358879
            ],
            [
              4917.697151167551,
              -3552.3650920949876
            ],
            [
              4905.457741319318,
              -3536.1447814432904
            ],
            [
              4892.885802587727,
              -3522.9332770192996
            ],
            [
              4872.747436606209,
              -3501.603324446827
            ],
            [
              4866.547911038157,
              -3496.840562541969
            ],
            [
              4843.6128656432265,
              -3479.757133825682
            ],
            [
              4834.90373241005,
              -3473.2177396742627
            ],
            [
              4819.511087974883,
              -3461.673919209279
            ],
            [
              4797.426430508494,
              -3443.456303311512
            ],
            [
              4783.190295658191,
              -3428.213811274618
            ],
            [
              4778.341322586988,
              -3424.677634635009
            ],
            [
              4766.382014242816,
              -3415.9643711131066
            ],
            [
              4752.800994652673,
              -3406.0691423201934
            ],
            [
              4744.919821153162,
              -3396.4375116592273
            ],
            [
              4744.888173827436,
              -3396.399063210003
            ],
            [
              4744.142868718482,
              -3395.490053410642
            ],
            [
              4722.032725043828,
              -3382.221442366019
            ],
            [
              4720.426759989816,
              -3381.2591440947726
            ],
            [
              4710.033899383736,
              -3375.0584058184177
            ],
            [
              4699.086482770159,
              -3369.1670471830294
            ],
            [
              4689.844973169966,
              -3364.236280951649
            ],
            [
              4671.763768991572,
              -3354.4878552081063
            ],
            [
              4656.598775637685,
              -3342.810195736587
            ],
            [
              4641.732072535553,
              -3331.037471371703
            ],
            [
              4622.652580163209,
              -3309.659475092776
            ],
            [
              4607.4357616519555,
              -3289.675118670799
            ],
            [
              4599.24391674716,
              -3273.0298378393054
            ],
            [
              4589.381623437046,
              -3258.6724162679166
            ],
            [
              4583.579479096341,
              -3224.4814332015812
            ],
            [
              4576.063238232862,
              -3177.723374946043
            ],
            [
              4560.602103437646,
              -3132.300595928915
            ],
            [
              4543.101046999334,
              -3090.3616405976936
            ],
            [
              4542.243307444616,
              -3088.1369344452396
            ],
            [
              4531.667622645386,
              -3060.6855102246627
            ],
            [
              4523.034182301257,
              -3027.542577173561
            ],
            [
              4518.36262767727,
              -2993.992110034451
            ],
            [
              4520.00929543213,
              -2977.310844136402
            ],
            [
              4525.1589416567,
              -2925.3760156733915
            ],
            [
              4525.571949708043,
              -2922.6897444371134
            ],
            [
              4525.958745795069,
              -2920.2248563989997
            ],
            [
              4525.959557537106,
              -2920.213845741935
            ],
            [
              4526.370754395146,
              -2917.5386022133753
            ],
            [
              4528.284353753668,
              -2905.191516541876
            ],
            [
              4534.252986728912,
              -2867.207642315887
            ],
            [
              4536.0477589266375,
              -2859.3192883552983
            ],
            [
              4540.754367097048,
              -2838.7049116529524
            ],
            [
              4549.180880616768,
              -2801.7517628399655
            ],
            [
              4553.371601687861,
              -2755.6036202162504
            ],
            [
              4554.635936091072,
              -2719.5725079448894
            ],
            [
              4555.614593868842,
              -2692.5736471610144
            ],
            [
              4556.5530768225435,
              -2666.7351348195225
            ],
            [
              4556.908286202699,
              -2665.2894893009216
            ],
            [
              4562.066793987178,
              -2643.0378679558635
            ],
            [
              4566.270363916759,
              -2625.751109919511
            ],
            [
              4572.957467390224,
              -2603.443399688229
            ],
            [
              4579.615781566943,
              -2581.20615983475
            ],
            [
              4580.362836607732,
              -2578.7041296465322
            ],
            [
              4588.491463150713,
              -2557.681426880881
            ],
            [
              4602.486091769417,
              -2531.839948224835
            ],
            [
              4606.213665182353,
              -2515.950909666717
            ],
            [
              4605.67235468654,
              -2504.1535830367357
            ],
            [
              4604.275317582302,
              -2499.6187590118498
            ],
            [
              4594.560410238919,
              -2466.374328965321
            ],
            [
              4594.485625752248,
              -2464.3361985869706
            ],
            [
              4592.274409690406,
              -2449.5882480004802
            ],
            [
              4590.0278666334925,
              -2445.067927586846
            ],
            [
              4583.2477486251155,
              -2431.4776666248217
            ],
            [
              4579.27611681202,
              -2422.9409745298326
            ],
            [
              4577.664420415182,
              -2419.4765057452023
            ],
            [
              4576.978698496125,
              -2417.9586575562134
            ],
            [
              4558.01397818746,
              -2379.883602047339
            ],
            [
              4556.854873590171,
              -2377.574068520218
            ],
            [
              4547.940119216451,
              -2363.090524395928
            ],
            [
              4535.229648560169,
              -2347.6220899121836
            ],
            [
              4522.421454090509,
              -2332.28528702911
            ],
            [
              4521.439831037656,
              -2331.0024242028594
            ],
            [
              4510.415742789046,
              -2318.864223105833
            ],
            [
              4502.746431018459,
              -2311.747269271873
            ],
            [
              4477.651736259926,
              -2287.6228540660813
            ],
            [
              4461.3686873255065,
              -2274.284817222506
            ],
            [
              4443.920706854085,
              -2267.664720890112
            ],
            [
              4412.597567427554,
              -2265.19037877582
            ],
            [
              4395.6437805069145,
              -2222.52034084592
            ],
            [
              4395.006356825936,
              -2220.9036975931376
            ],
            [
              4423.884943735204,
              -2210.773453818634
            ],
            [
              4440.507477908395,
              -2202.4220021571964
            ],
            [
              4450.677264713333,
              -2195.9661994921044
            ],
            [
              4453.631367935333,
              -2194.090294654481
            ],
            [
              4479.388507195399,
              -2172.6966336714104
            ],
            [
              4495.69386065763,
              -2156.892764317803
            ],
            [
              4519.790649180999,
              -2129.0093424152583
            ],
            [
              4524.692353970255,
              -2123.337279013358
            ],
            [
              4543.575669779908,
              -2108.629059733823
            ],
            [
              4555.446924111922,
              -2097.7794722542167
            ],
            [
              4601.718286307296,
              -2062.9293588474393
            ],
            [
              4610.716849615448,
              -2056.5575284948573
            ],
            [
              4626.463579269941,
              -2043.752318399027
            ],
            [
              4631.618039560271,
              -2038.2458876222372
            ],
            [
              4643.606103755883,
              -2025.454864833504
            ],
            [
              4655.984976831125,
              -2037.310006679967
            ],
            [
              4676.694483986241,
              -2012.7484518401325
            ],
            [
              4679.270541600301,
              -2009.6923439307138
            ],
            [
              4693.229739973205,
              -1993.13674771972
            ],
            [
              4705.731220447342,
              -1976.2801337437704
            ],
            [
              4707.089543485665,
              -1974.4484671941027
            ],
            [
              4710.721911983215,
              -1969.5548519035801
            ],
            [
              4713.917318033287,
              -1965.2415308095515
            ],
            [
              4715.246153349639,
              -1963.4393592309207
            ],
            [
              4720.308113008854,
              -1956.6138889910653
            ],
            [
              4721.246241874294,
              -1955.3492340818048
            ],
            [
              4723.855306656333,
              -1951.8256974546239
            ],
            [
              4724.080224359175,
              -1951.5319414222613
            ],
            [
              4730.51141019247,
              -1942.693670483306
            ],
            [
              4738.732099257526,
              -1931.3975501470268
            ],
            [
              4740.4414931640495,
              -1929.0490374471992
            ],
            [
              4749.448779672151,
              -1916.6887912349775
            ],
            [
              4749.633403765853,
              -1916.4357115244493
            ],
            [
              4755.47477939527,
              -1908.4182745087892
            ],
            [
              4758.063343704329,
              -1904.8650959990919
            ],
            [
              4766.658577344846,
              -1893.0217361021787
            ],
            [
              4763.616393542266,
              -1889.9145951876417
            ],
            [
              4763.078340338077,
              -1889.4339240817353
            ],
            [
              4735.004848273005,
              -1864.1607268601656
            ],
            [
              4732.182268909761,
              -1861.6196714378893
            ],
            [
              4736.321339281858,
              -1851.6818651640788
            ],
            [
              4741.6402080177795,
              -1838.8247562712058
            ],
            [
              4749.379173585796,
              -1818.9883398115635
            ],
            [
              4755.142854310805,
              -1804.6640588818118
            ],
            [
              4757.436416466371,
              -1799.056514346972
            ],
            [
              4758.074416849646,
              -1797.5450565228239
            ],
            [
              4758.253158751992,
              -1797.123126222752
            ],
            [
              4768.618808564148,
              -1772.4532491145656
            ],
            [
              4778.148067967384,
              -1749.7370887091383
            ],
            [
              4786.56092938676,
              -1728.9694291464984
            ],
            [
              4793.574341666303,
              -1712.89430889301
            ],
            [
              4799.25043777423,
              -1699.8811402665451
            ],
            [
              4809.823673850042,
              -1678.5867332722992
            ],
            [
              4814.9446110063,
              -1670.531607143581
            ],
            [
              4829.119700762094,
              -1648.2359709199518
            ],
            [
              4837.26862564683,
              -1635.4305050745606
            ],
            [
              4850.207558098133,
              -1615.095410884358
            ],
            [
              4865.541237742291,
              -1590.9805098762736
            ],
            [
              4868.228473270778,
              -1586.7658348195255
            ],
            [
              4877.658359276364,
              -1575.385074914433
            ],
            [
              4879.723188699456,
              -1572.892530859448
            ],
            [
              4885.32900577283,
              -1566.1267465222627
            ],
            [
              4885.487686361303,
              -1565.9350918605924
            ],
            [
              4886.76791988709,
              -1564.3896738309413
            ],
            [
              4887.243978713057,
              -1563.8157092630863
            ],
            [
              4893.107403971604,
              -1556.7386150313541
            ],
            [
              4897.173414518242,
              -1551.83159097936
            ],
            [
              4900.797885135049,
              -1547.4709498565644
            ],
            [
              4900.964373356546,
              -1547.2681650500745
            ],
            [
              4901.225172039354,
              -1546.7338655442
            ],
            [
              4902.2494022873,
              -1544.6569739347324
            ],
            [
              4929.010942672961,
              -1490.1656839232892
            ],
            [
              4934.128583279089,
              -1480.1611741455272
            ],
            [
              4944.097748060944,
              -1421.148000846617
            ],
            [
              4945.3955393070355,
              -1413.4880539346486
            ],
            [
              4949.1107910624705,
              -1391.55195281934
            ],
            [
              4949.301538837375,
              -1390.4280204614624
            ],
            [
              4949.365013347357,
              -1390.0470466911793
            ],
            [
              4950.24398162018,
              -1385.9032343812287
            ],
            [
              4952.640303822467,
              -1366.4079531589523
            ],
            [
              4953.079260583734,
              -1362.841488986276
            ],
            [
              4956.950210364419,
              -1342.4712738702074
            ],
            [
              4958.445640939055,
              -1334.6180066829547
            ],
            [
              4958.674505184288,
              -1333.3844549870118
            ],
            [
              4964.80086078844,
              -1296.3905319347978
            ],
            [
              4971.445045542088,
              -1254.0093234563246
            ],
            [
              4971.859724972164,
              -1251.3630070909858
            ],
            [
              4980.304149073432,
              -1217.8084911052138
            ],
            [
              4981.464926265762,
              -1213.1900020726025
            ],
            [
              4993.997557726572,
              -1189.5527827488258
            ],
            [
              4996.661697807722,
              -1182.229398360476
            ],
            [
              4999.068282026681,
              -1175.6302033830434
            ],
            [
              5002.928258057218,
              -1156.9596791006625
            ],
            [
              5004.368241495104,
              -1135.3213492818177
            ],
            [
              5005.228316535824,
              -1122.4603828350082
            ],
            [
              5003.948831338901,
              -1092.6108815073967
            ],
            [
              5000.290319529129,
              -1056.9237069766968
            ],
            [
              4996.9601567374775,
              -1007.0950197800994
            ],
            [
              4995.836120115826,
              -972.8841269910336
            ],
            [
              5006.366775732604,
              -932.7058849856257
            ],
            [
              5010.811870823614,
              -923.7125609954819
            ],
            [
              5013.550170366536,
              -920.1468196390197
            ],
            [
              5014.469485894311,
              -918.9514626087621
            ],
            [
              5019.339756938396,
              -912.6101078614593
            ],
            [
              5019.57851982885,
              -912.3661001129076
            ],
            [
              5029.155507779797,
              -902.575346622616
            ],
            [
              5042.9039798824815,
              -894.522834662348
            ],
            [
              5066.36282744573,
              -884.3150788769126
            ],
            [
              5070.123831920209,
              -882.6813083682209
            ],
            [
              5091.0023153057555,
              -876.5064606806263
            ],
            [
              5115.759932638495,
              -869.1756855035201
            ],
            [
              5127.606697774143,
              -865.6743382299319
            ],
            [
              5140.0843125748215,
              -861.0625360868871
            ],
            [
              5163.271157805808,
              -852.4889496657997
            ],
            [
              5169.231834849692,
              -850.2877688417211
            ],
            [
              5177.7985528609715,
              -846.1426348956302
            ],
            [
              5185.51259687182,
              -842.4119459269568
            ],
            [
              5194.217438003048,
              -833.4758373359218
            ],
            [
              5197.7718549109995,
              -824.4277380565181
            ],
            [
              5199.901784839691,
              -816.2637155475095
            ],
            [
              5200.89286202495,
              -814.5872709918767
            ],
            [
              5201.932374177035,
              -812.8200253294781
            ],
            [
              5216.400371766533,
              -808.2642056234181
            ],
            [
              5232.312804574845,
              -805.1632918454707
            ],
            [
              5248.084862162592,
              -803.7942752316594
            ],
            [
              5260.916558046942,
              -803.5251668766141
            ],
            [
              5265.691441412317,
              -795.6958661340177
            ],
            [
              5265.684102691128,
              -795.2661156505346
            ],
            [
              5265.423830027808,
              -765.3891933318228
            ],
            [
              5265.055591360084,
              -754.9484999161214
            ],
            [
              5264.954419676913,
              -751.9510940881446
            ],
            [
              5264.496197760454,
              -738.582783578895
            ],
            [
              5258.415146580082,
              -706.8058399120346
            ],
            [
              5256.166243957588,
              -684.0008443696424
            ],
            [
              5255.7422052712645,
              -679.6593421483412
            ],
            [
              5254.499384723487,
              -671.8628245750442
            ],
            [
              5251.105342641007,
              -643.4690054990351
            ],
            [
              5248.177247870481,
              -621.2854330809787
            ],
            [
              5245.50213474792,
              -601.0369803356007
            ],
            [
              5244.171849514707,
              -592.8020839206874
            ],
            [
              5240.837473128806,
              -581.9521773969755
            ],
            [
              5234.752003535279,
              -563.3814968625084
            ],
            [
              5229.074132525246,
              -546.4333852594718
            ],
            [
              5230.393159248517,
              -543.4717091759667
            ],
            [
              5236.833469019155,
              -526.0367322051898
            ],
            [
              5237.360203825869,
              -524.0982944983989
            ],
            [
              5247.234874219517,
              -509.9037136491388
            ],
            [
              5260.419332219753,
              -490.48410256486386
            ],
            [
              5275.574145658524,
              -468.1916615711525
            ],
            [
              5305.864294231753,
              -423.63709846138954
            ],
            [
              5307.642636326607,
              -420.0577534744516
            ],
            [
              5312.0785825998755,
              -411.114558651112
            ],
            [
              5311.799265151611,
              -407.5203680144623
            ],
            [
              5309.117762155947,
              -372.9661534782499
            ],
            [
              5292.295398132643,
              -293.51647079270333
            ],
            [
              5287.725372219458,
              -274.1201420966536
            ],
            [
              5287.202695268439,
              -268.1008094670251
            ],
            [
              5286.446092704777,
              -259.5062167895958
            ],
            [
              5285.565140524297,
              -249.48416068777442
            ],
            [
              5291.709271280211,
              -227.5855250544846
            ],
            [
              5294.38547545427,
              -218.04256334435195
            ],
            [
              5307.643908019178,
              -170.75972226634622
            ],
            [
              5311.111832179478,
              -158.40404683258384
            ],
            [
              5311.25304028322,
              -157.89178245794028
            ],
            [
              5298.943050137255,
              -155.3428128408268
            ],
            [
              5293.505371303647,
              -154.2160313585773
            ],
            [
              5286.068929107278,
              -153.713215040043
            ],
            [
              5260.642611196614,
              -157.59645696915686
            ],
            [
              5236.740438724286,
              -162.33341447077692
            ],
            [
              5208.302987653646,
              -164.92846757452935
            ],
            [
              5187.4612584227,
              -164.47464240901172
            ],
            [
              5180.521794470609,
              -158.53490780480206
            ],
            [
              5181.358647447545,
              -115.63301357161254
            ],
            [
              5181.406606725766,
              -113.17290541995317
            ],
            [
              5181.503113514278,
              -108.87249989435077
            ],
            [
              5181.529017902445,
              -107.46246496774256
            ],
            [
              5181.839964604122,
              -89.96221179235727
            ],
            [
              5182.058351711254,
              -81.09104539360851
            ],
            [
              5152.04720724083,
              -55.93101330380887
            ],
            [
              5122.657340285135,
              -63.05103546008468
            ],
            [
              5100.823103541392,
              -68.8723560506478
            ],
            [
              5114.141403876361,
              -48.51072280947119
            ],
            [
              5115.525094632641,
              -45.238031092099845
            ],
            [
              5117.754524014657,
              -25.925530309788883
            ],
            [
              5118.545516326209,
              -14.875213363207877
            ],
            [
              5114.600509145297,
              -0.4667756464332342
            ],
            [
              5114.5171418420505,
              -0.26825728174299
            ],
            [
              5113.340095903142,
              7.305443921126425
            ],
            [
              5113.259193663835,
              7.827910699881613
            ],
            [
              5112.961698993226,
              9.442361449822783
            ],
            [
              5112.682798430091,
              11.49000455532223
            ],
            [
              5109.857105161645,
              32.59262759797275
            ],
            [
              5110.925503819715,
              45.663099315948784
            ],
            [
              5111.650500497897,
              54.606898098252714
            ],
            [
              5110.29832509649,
              73.48833660595119
            ],
            [
              5104.697427642182,
              87.09871510975063
            ],
            [
              5104.001797663164,
              88.78634292446077
            ],
            [
              5099.743650901015,
              99.11061095725745
            ],
            [
              5105.538760118536,
              151.39449094701558
            ],
            [
              5118.239273136831,
              182.1725651724264
            ],
            [
              5122.233113677357,
              189.6066463245079
            ],
            [
              5139.8774631720735,
              222.30063047073781
            ],
            [
              5142.406184176798,
              235.21009885147214
            ],
            [
              5128.914861201192,
              257.17325893975794
            ],
            [
              5133.433526567416,
              269.46690209954977
            ],
            [
              5141.220540811191,
              292.9231554577127
            ],
            [
              5137.495684447698,
              315.51298674196005
            ],
            [
              5131.971557549899,
              322.2866515656933
            ],
            [
              5132.295518320636,
              337.26785420347005
            ],
            [
              5138.901960588293,
              350.8268011873588
            ],
            [
              5144.508874250576,
              350.9125676956028
            ],
            [
              5159.326243044576,
              362.5223586522043
            ],
            [
              5174.098902646452,
              374.70122212637216
            ],
            [
              5180.236306128791,
              379.7246249560267
            ],
            [
              5202.165001023095,
              396.40444694366306
            ],
            [
              5203.525998723693,
              400.12762311752886
            ],
            [
              5209.442767227767,
              416.31303177122027
            ],
            [
              5218.1734463912435,
              436.02649631537497
            ],
            [
              5220.611487744842,
              470.04831936303526
            ],
            [
              5215.9562629692955,
              477.4566452074796
            ],
            [
              5201.69752434385,
              494.598083820194
            ],
            [
              5225.054956921376,
              499.035859904252
            ],
            [
              5247.535847572726,
              500.3595604132861
            ],
            [
              5272.713801011443,
              513.5159226693213
            ],
            [
              5288.446572121582,
              527.7206135895103
            ],
            [
              5300.979846045491,
              536.6821561902761
            ],
            [
              5302.539324689424,
              537.2716296073049
            ],
            [
              5316.137619202607,
              542.409472537227
            ],
            [
              5323.071345797391,
              546.7566800620407
            ],
            [
              5334.04007920844,
              557.1810715962201
            ],
            [
              5347.033180580009,
              566.7303026532754
            ],
            [
              5348.774628581479,
              567.7867504293099
            ],
            [
              5369.701663246495,
              580.4836255200207
            ],
            [
              5385.740390946274,
              593.1639895429835
            ],
            [
              5386.128212643904,
              593.4605299495161
            ],
            [
              5403.533070569276,
              606.7540586115792
            ],
            [
              5418.108889985364,
              619.6293744994327
            ],
            [
              5431.053979845019,
              634.9161345483735
            ],
            [
              5432.672405214747,
              640.3072308721021
            ],
            [
              5438.679132494726,
              660.2391090290621
            ],
            [
              5444.755521471845,
              679.0774933230132
            ],
            [
              5449.95674901898,
              695.8915095003322
            ],
            [
              5453.793798146653,
              711.8024790175259
            ],
            [
              5456.326561495662,
              722.074790389277
            ],
            [
              5457.792543328833,
              728.0211227834225
            ],
            [
              5458.827836619574,
              732.20060614869
            ],
            [
              5459.17003284744,
              733.5880526825786
            ],
            [
              5461.801540325279,
              739.9521782314405
            ],
            [
              5463.772623053985,
              744.7134823156521
            ],
            [
              5464.872892156709,
              747.3715145783499
            ],
            [
              5465.246880300809,
              748.0097203413025
            ],
            [
              5467.045894737355,
              751.0805720025674
            ],
            [
              5472.8869724296965,
              761.0444970866665
            ],
            [
              5483.324351725983,
              775.0687822252512
            ],
            [
              5485.133459360339,
              776.6122468756512
            ],
            [
              5502.121992019238,
              791.1023287810385
            ],
            [
              5503.691654691589,
              792.4417613241822
            ],
            [
              5512.6037314544665,
              798.198370276019
            ],
            [
              5517.633770846878,
              801.4473751662299
            ],
            [
              5527.869729172788,
              809.1200517211109
            ],
            [
              5537.5738378159,
              821.5922588212416
            ],
            [
              5546.664544169442,
              840.712070970796
            ],
            [
              5560.963655730011,
              883.83395938389
            ],
            [
              5563.672845691093,
              883.2504161382094
            ],
            [
              5580.620829453575,
              879.5710455868393
            ],
            [
              5584.933713001199,
              905.6672188891098
            ],
            [
              5586.017984932405,
              934.0775625538081
            ],
            [
              5588.10695230437,
              961.0254937987775
            ],
            [
              5587.866432025912,
              982.7151379389688
            ],
            [
              5587.73121280584,
              989.460884896107
            ],
            [
              5587.101384302252,
              992.329297542572
            ],
            [
              5579.836561158649,
              1036.1025634380057
            ],
            [
              5575.039080581744,
              1064.4214366367087
            ],
            [
              5570.260528036044,
              1092.8026146786287
            ],
            [
              5569.67235117266,
              1096.4515139376745
            ],
            [
              5566.371020050487,
              1116.9522014874965
            ],
            [
              5564.846314967959,
              1126.500399602577
            ],
            [
              5550.292865053634,
              1159.7221633950248
            ],
            [
              5551.1525701776845,
              1176.1121313618496
            ],
            [
              5558.398669578135,
              1186.7528769904748
            ],
            [
              5563.406529914006,
              1200.2545551229268
            ],
            [
              5574.468063805136,
              1235.0935251992196
            ],
            [
              5575.568664391758,
              1238.5513349529356
            ],
            [
              5584.64096388733,
              1255.8213770529255
            ],
            [
              5594.3256479899865,
              1280.5497359950095
            ],
            [
              5601.165141005069,
              1298.0215702112764
            ],
            [
              5611.0710753131425,
              1323.8433969132602
            ],
            [
              5617.877774248365,
              1342.0644565988332
            ],
            [
              5624.425233078073,
              1368.438740237616
            ],
            [
              5629.933467461844,
              1380.7393186483532
            ],
            [
              5637.11120030412,
              1403.5753917442635
            ],
            [
              5643.510288366117,
              1423.4190221475437
            ],
            [
              5650.5874725759495,
              1445.7035374781117
            ],
            [
              5657.466174837318,
              1463.8058656631038
            ],
            [
              5664.5985797013855,
              1482.2724247630686
            ],
            [
              5671.960601318162,
              1501.3427343489602
            ],
            [
              5678.783525751438,
              1519.78401388973
            ],
            [
              5685.623418644071,
              1543.084186100401
            ],
            [
              5688.514505125699,
              1552.920757388696
            ],
            [
              5689.707126718131,
              1558.5995025169104
            ],
            [
              5689.92896818195,
              1559.716971738264
            ],
            [
              5693.131151200389,
              1575.8630439788103
            ],
            [
              5688.437487526913,
              1598.3363755252212
            ],
            [
              5687.1211172329495,
              1604.6420678412542
            ],
            [
              5679.990140189882,
              1621.2054511951283
            ],
            [
              5673.542235659319,
              1634.651403060183
            ],
            [
              5670.152400445077,
              1641.7214444186538
            ],
            [
              5658.510961519787,
              1665.9955341005698
            ],
            [
              5655.5296013474,
              1672.5626995777711
            ],
            [
              5650.937452897546,
              1685.640466555953
            ],
            [
              5648.879394380725,
              1691.4136374611408
            ],
            [
              5645.395748664392,
              1704.5603260966018
            ],
            [
              5645.535668014432,
              1710.7659310912713
            ],
            [
              5645.682587097748,
              1717.3225546814501
            ],
            [
              5645.719566706452,
              1718.9617148498073
            ],
            [
              5649.451684127329,
              1735.1608269810677
            ],
            [
              5636.107907664729,
              1737.362176177092
            ],
            [
              5627.595278493478,
              1738.771307499148
            ],
            [
              5622.804108456243,
              1739.5642081405967
            ],
            [
              5611.2451063203625,
              1741.4561441838741
            ],
            [
              5607.850585393375,
              1742.0119788441807
            ],
            [
              5599.796382228145,
              1743.3299697460607
            ],
            [
              5582.495546498802,
              1741.91474174615
            ],
            [
              5558.521472473745,
              1739.0459006885067
            ],
            [
              5544.005353556946,
              1753.693631180562
            ],
            [
              5522.905836608028,
              1775.029936590232
            ],
            [
              5510.697525688796,
              1787.4847322674468
            ],
            [
              5499.425570388557,
              1800.0784876653925
            ],
            [
              5494.59367869969,
              1808.463503677398
            ],
            [
              5492.645030560321,
              1813.0988692305982
            ],
            [
              5490.558400410344,
              1818.3207078818232
            ],
            [
              5514.881703455816,
              1827.5486888596788
            ],
            [
              5543.584203778184,
              1840.0855503026396
            ],
            [
              5555.61496396095,
              1846.0414187218994
            ],
            [
              5567.011789926561,
              1851.7115369793028
            ],
            [
              5590.699201067793,
              1864.1627273466438
            ],
            [
              5613.698105759453,
              1874.1388662345707
            ],
            [
              5682.425582343945,
              1898.5852658655494
            ],
            [
              5740.574199034832,
              1922.850950077176
            ],
            [
              5764.583760834648,
              1932.4794662855566
            ],
            [
              5771.926841034787,
              1935.1601771088317
            ],
            [
              5808.004150387715,
              1949.223639008589
            ],
            [
              5841.57630873099,
              1960.1781873274595
            ],
            [
              5864.600752523867,
              1969.6549174757674
            ],
            [
              5890.122554728412,
              1984.9206623844802
            ],
            [
              5901.484384723473,
              1992.4056699415669
            ],
            [
              5902.48995556531,
              1993.17463287618
            ],
            [
              5923.220155869611,
              2009.0243314160034
            ],
            [
              5956.282833638019,
              2031.8367781657726
            ],
            [
              5974.715838626726,
              2042.9965705536306
            ],
            [
              6001.779447293957,
              2060.179121736437
            ],
            [
              6027.342127142474,
              2076.9731376692653
            ],
            [
              6066.380981073598,
              2104.649326867424
            ],
            [
              6088.54314174084,
              2120.360547736287
            ],
            [
              6112.184904021677,
              2140.7517137704417
            ],
            [
              6120.03414164437,
              2151.197854824364
            ],
            [
              6126.997389030061,
              2160.078304323368
            ],
            [
              6134.654883189709,
              2181.7479534363374
            ],
            [
              6140.256677868427,
              2200.9181896243244
            ],
            [
              6145.16787437594,
              2217.7942819846794
            ],
            [
              6147.416916931164,
              2224.951665396802
            ],
            [
              6151.699297928251,
              2230.5922313937917
            ],
            [
              6160.647562329192,
              2240.784229490906
            ],
            [
              6204.210405170103,
              2280.4983078632504
            ],
            [
              6228.086489551584,
              2303.26581326779
            ],
            [
              6255.137123669032,
              2332.384754339233
            ],
            [
              6290.313388069044,
              2366.4801376955584
            ],
            [
              6316.025900682551,
              2383.1647768644616
            ],
            [
              6338.914635855355,
              2394.3247413197532
            ],
            [
              6389.132011155016,
              2418.2730843992904
            ],
            [
              6414.525384160108,
              2435.4981224415824
            ],
            [
              6502.298982829205,
              2525.6883786926046
            ],
            [
              6517.9547851907555,
              2540.827610237524
            ],
            [
              6530.451701007318,
              2552.9117302726954
            ],
            [
              6550.208025714965,
              2583.5166263785213
            ],
            [
              6574.233174508554,
              2613.1827478092164
            ],
            [
              6591.620288888342,
              2634.6527670798823
            ],
            [
              6596.2340402464615,
              2639.1543318862095
            ],
            [
              6607.097791622509,
              2649.7539699422196
            ],
            [
              6629.125067347661,
              2658.9078072486445
            ],
            [
              6661.700194429024,
              2659.234427482821
            ],
            [
              6675.611186760478,
              2653.0929195676
            ],
            [
              6676.60741976439,
              2652.653070738539
            ],
            [
              6705.017722320859,
              2635.3095506494865
            ],
            [
              6722.394411879592,
              2626.7289654333144
            ],
            [
              6732.11871427123,
              2621.9265230773017
            ],
            [
              6740.78336418781,
              2618.1746715707704
            ],
            [
              6748.23474688828,
              2616.1555913239717
            ],
            [
              6781.656995293335,
              2607.099358437583
            ],
            [
              6792.865378186223,
              2604.6666027139872
            ],
            [
              6806.423802671488,
              2601.724154205993
            ],
            [
              6819.784187079989,
              2605.3994361963123
            ],
            [
              6840.909854835016,
              2611.210818849504
            ],
            [
              6868.688921939,
              2616.654013613239
            ],
            [
              6873.686387346941,
              2618.298952111043
            ],
            [
              6902.389753866475,
              2627.7468043258414
            ],
            [
              6913.28237065766,
              2629.811372072436
            ],
            [
              6918.6286132409,
              2630.878435960971
            ],
            [
              6921.150283173192,
              2631.3823880199343
            ],
            [
              6948.264227314037,
              2640.8230808926746
            ],
            [
              6976.628324805177,
              2661.059069897048
            ],
            [
              7003.966100875754,
              2678.4053433975205
            ],
            [
              7013.542108593276,
              2685.033114492893
            ],
            [
              7048.4881742447615,
              2698.198606815189
            ],
            [
              7074.196603500284,
              2705.8208031784743
            ],
            [
              7095.290812905994,
              2710.4899813439697
            ],
            [
              7126.446767180576,
              2712.4908755347133
            ],
            [
              7139.78846751235,
              2715.738965877332
            ],
            [
              7144.458701253636,
              2716.8764582742006
            ],
            [
              7155.474067657953,
              2723.1669273255393
            ],
            [
              7161.476513244561,
              2728.8339015562087
            ],
            [
              7163.337593171047,
              2731.6069205394015
            ],
            [
              7176.346709724865,
              2750.985748132691
            ],
            [
              7180.057939053047,
              2755.9427669616416
            ],
            [
              7182.591363312793,
              2759.3281029630452
            ],
            [
              7177.925868938095,
              2762.0675902757794
            ],
            [
              7155.203625272843,
              2788.321803816594
            ],
            [
              7144.910857874202,
              2800.94231200777
            ],
            [
              7138.15123461606,
              2811.564770163968
            ],
            [
              7125.125081646605,
              2832.035332591273
            ],
            [
              7120.923540261225,
              2838.6316523654386
            ],
            [
              7100.471563194296,
              2869.513343530707
            ],
            [
              7081.252903716755,
              2901.9356721127406
            ],
            [
              7078.5333412680775,
              2910.1468596970662
            ],
            [
              7074.729012037278,
              2928.0167631572112
            ],
            [
              7038.455299495952,
              2980.911782315932
            ],
            [
              7021.308863859391,
              3003.2223916444927
            ],
            [
              7015.39254349214,
              3004.860810212791
            ],
            [
              7014.507834888063,
              2993.4489340353757
            ],
            [
              7010.994010488852,
              2977.933290651068
            ],
            [
              7002.000097440206,
              2962.5139606986195
            ],
            [
              6991.490245908848,
              2960.9247901057824
            ],
            [
              6976.683567536413,
              2971.508721170947
            ],
            [
              6961.316515912884,
              3002.017406976782
            ],
            [
              6938.981329944916,
              3030.7774952370673
            ],
            [
              6932.134451684891,
              3045.3363329861313
            ],
            [
              6923.003476658603,
              3067.194055811502
            ],
            [
              6918.181482026936,
              3079.678090360947
            ],
            [
              6896.993949264288,
              3112.066753502004
            ],
            [
              6893.3241745331325,
              3118.4922038577497
            ],
            [
              6888.584723180276,
              3126.7888394165784
            ],
            [
              6895.7797190739075,
              3138.078598265536
            ],
            [
              6886.984635624685,
              3151.3944890005514
            ],
            [
              6874.778524319176,
              3164.2422132436186
            ],
            [
              6872.087466060533,
              3170.6094069974497
            ],
            [
              6870.0173377416795,
              3175.507631368935
            ],
            [
              6868.451342579792,
              3178.809926318936
            ],
            [
              6854.364924831549,
              3177.07966207806
            ],
            [
              6840.308058991795,
              3174.790062277578
            ],
            [
              6820.5055962553015,
              3169.4131414853036
            ],
            [
              6810.156161540421,
              3166.627048666589
            ],
            [
              6807.177618901129,
              3166.0063180206344
            ],
            [
              6789.443289993913,
              3161.8743906812742
            ],
            [
              6764.823177394108,
              3155.855313871987
            ],
            [
              6756.262954844511,
              3151.3302972847596
            ],
            [
              6755.394310323172,
              3151.2654694477096
            ],
            [
              6740.968560692389,
              3143.651083686389
            ],
            [
              6722.915344984387,
              3137.704225020483
            ],
            [
              6702.478819860378,
              3133.7460660813376
            ],
            [
              6696.9123738592025,
              3133.630961013958
            ],
            [
              6684.050479920232,
              3133.3712083939463
            ],
            [
              6663.0575141821755,
              3139.160760037601
            ],
            [
              6640.893794938456,
              3147.939448747784
            ],
            [
              6619.671909230645,
              3143.138107644394
            ],
            [
              6599.32006140484,
              3141.8306402526796
            ],
            [
              6565.3650084655965,
              3135.672060484998
            ],
            [
              6538.933401250048,
              3130.9416595613584
            ],
            [
              6538.182080896338,
              3136.29728962481
            ],
            [
              6535.084489840199,
              3139.1335379770026
            ],
            [
              6547.118609576835,
              3190.764479271136
            ],
            [
              6557.205064648762,
              3195.1916079884395
            ],
            [
              6577.4523856752785,
              3204.0791283715516
            ],
            [
              6583.783566470374,
              3207.473369177431
            ],
            [
              6599.870553981629,
              3216.098859047517
            ],
            [
              6621.264743774547,
              3234.219349358231
            ],
            [
              6625.060913372203,
              3238.066134562716
            ],
            [
              6628.369668475934,
              3241.4187301220372
            ],
            [
              6643.537375019281,
              3272.3091603033245
            ],
            [
              6649.385394821526,
              3288.1246023532003
            ],
            [
              6658.692420010106,
              3312.716662567109
            ],
            [
              6662.9821589966305,
              3323.7768279751763
            ],
            [
              6666.784400394652,
              3334.698700840585
            ],
            [
              6681.779003700591,
              3372.794124858454
            ],
            [
              6687.116590595804,
              3382.7925040321425
            ],
            [
              6664.535302181961,
              3400.2115792324767
            ],
            [
              6647.061733400915,
              3415.3386073745787
            ],
            [
              6645.549709384912,
              3416.6523891612887
            ],
            [
              6645.174287326634,
              3416.975880185142
            ],
            [
              6650.586385726696,
              3430.804440373555
            ],
            [
              6743.436328835436,
              3498.882038667798
            ],
            [
              6780.918595587835,
              3519.186910082586
            ],
            [
              6806.0811790433945,
              3533.2429928062484
            ],
            [
              6842.834546201513,
              3552.3257597815245
            ],
            [
              6873.804675817839,
              3572.279432955198
            ],
            [
              6872.142046614201,
              3581.7633154317737
            ],
            [
              6869.750582263223,
              3595.4035573005676
            ],
            [
              6862.631122716819,
              3612.4570143204182
            ],
            [
              6861.139954530867,
              3616.0605008555576
            ],
            [
              6868.235130427405,
              3617.9212455693632
            ],
            [
              6881.283925375086,
              3621.3433083193377
            ],
            [
              6896.2585746230325,
              3627.257579838857
            ],
            [
              6911.843036216451,
              3632.0026076883078
            ],
            [
              6905.633650876,
              3685.0753731802106
            ],
            [
              6902.918787243543,
              3708.280366490595
            ],
            [
              6899.199528068304,
              3740.066749922931
            ],
            [
              6898.684484255733,
              3744.465694732964
            ],
            [
              6898.304488387774,
              3752.7208506651223
            ],
            [
              6897.602856693091,
              3767.980515886098
            ],
            [
              6897.488664563978,
              3770.5678278347477
            ],
            [
              6895.769024372101,
              3808.017778325826
            ],
            [
              6895.00487877347,
              3812.953312457539
            ],
            [
              6889.523630649084,
              3848.2195865251124
            ],
            [
              6885.336247457191,
              3860.9483891660348
            ],
            [
              6880.0005632682005,
              3877.165570789017
            ],
            [
              6879.548191018286,
              3878.5404470730573
            ],
            [
              6876.367066859151,
              3899.252177514136
            ],
            [
              6875.7843475419795,
              3903.0481367222965
            ],
            [
              6874.643850707565,
              3910.4675305401906
            ],
            [
              6893.468253345112,
              3930.723536944948
            ],
            [
              6900.500889523886,
              3938.2915945621207
            ],
            [
              6904.116260429961,
              3944.9375023888424
            ],
            [
              6914.361414003884,
              3963.771268239245
            ],
            [
              6897.383020214038,
              3967.4699979918078
            ],
            [
              6886.501256727846,
              3966.584243964404
            ],
            [
              6868.920704524964,
              3965.154140007682
            ],
            [
              6837.157307457994,
              3963.541655466892
            ],
            [
              6831.985511981533,
              3964.9028645427898
            ],
            [
              6835.89537825773,
              3977.7160497726873
            ],
            [
              6835.337637213408,
              3988.123553333804
            ],
            [
              6815.389408807037,
              3989.5221714461222
            ],
            [
              6794.28415895754,
              3991.3508894331753
            ],
            [
              6772.341197329108,
              3994.8148220591247
            ],
            [
              6751.574912406853,
              3999.0386512689292
            ],
            [
              6742.83653649257,
              3999.089267737232
            ],
            [
              6730.927566074883,
              3993.377329691313
            ],
            [
              6722.542125184322,
              3973.359697679989
            ],
            [
              6722.014055036241,
              3958.045035184361
            ],
            [
              6717.905910842237,
              3942.209325855598
            ],
            [
              6711.41411686223,
              3929.55196667742
            ],
            [
              6687.20297890564,
              3917.151653238572
            ],
            [
              6670.163279739558,
              3908.6428149314597
            ],
            [
              6662.165388341877,
              3903.38760333322
            ],
            [
              6651.3190590485465,
              3898.6735486593097
            ],
            [
              6633.095259824186,
              3890.4243977451697
            ],
            [
              6601.024452941376,
              3874.040878568776
            ],
            [
              6607.346053674002,
              3865.651327827014
            ],
            [
              6580.799098450225,
              3854.800652805716
            ],
            [
              6538.621013900498,
              3846.0322005338967
            ],
            [
              6521.915998484008,
              3837.5950685553253
            ],
            [
              6496.020932076382,
              3824.5171762602404
            ],
            [
              6478.408012488042,
              3815.6216581063345
            ],
            [
              6448.403648475767,
              3788.2965980684385
            ],
            [
              6432.462250121287,
              3743.596882683225
            ],
            [
              6416.549600131344,
              3721.2012892914936
            ],
            [
              6381.85194413946,
              3690.63694524765
            ],
            [
              6347.854469835409,
              3671.751235392876
            ],
            [
              6336.166627524537,
              3660.7046175133437
            ],
            [
              6321.222101776279,
              3646.593211464584
            ],
            [
              6254.3869290289,
              3637.4834300251678
            ],
            [
              6221.71780337661,
              3612.822088431567
            ],
            [
              6216.436528904247,
              3606.7835465064272
            ],
            [
              6192.124618268805,
              3578.985953026451
            ],
            [
              6191.755686017801,
              3578.9296631822363
            ],
            [
              6133.835622434504,
              3581.658885076642
            ],
            [
              6096.716666245949,
              3580.464772616513
            ],
            [
              6037.859633500455,
              3595.9043342703953
            ],
            [
              6004.868931562873,
              3603.168357248418
            ],
            [
              5992.06039912242,
              3605.9886181643233
            ],
            [
              5948.990455800318,
              3620.632242119871
            ],
            [
              5944.467460744199,
              3622.1704911272973
            ],
            [
              5943.331118647708,
              3622.1510736756027
            ],
            [
              5941.324297625339,
              3622.115782051347
            ],
            [
              5916.963556359522,
              3621.690516103059
            ],
            [
              5915.179544717772,
              3607.9139764411375
            ],
            [
              5915.414718903252,
              3601.6397967832163
            ],
            [
              5916.207833338645,
              3580.49942014087
            ],
            [
              5920.637881215429,
              3561.7005355097353
            ],
            [
              5911.465931643732,
              3549.0973816979676
            ],
            [
              5891.836609458434,
              3521.88967942819
            ],
            [
              5876.354096691124,
              3522.8817622903734
            ],
            [
              5871.390085308813,
              3523.199824399315
            ],
            [
              5857.220660836087,
              3519.308753040619
            ],
            [
              5839.917040707078,
              3511.035369775258
            ],
            [
              5825.43521958543,
              3504.9495899006724
            ],
            [
              5819.044300287729,
              3503.940644202754
            ],
            [
              5789.278856268153,
              3510.6099682161584
            ],
            [
              5782.876561542391,
              3512.4899979960173
            ],
            [
              5775.604157433845,
              3514.6250822283328
            ],
            [
              5762.844389159465,
              3517.1662578349933
            ],
            [
              5759.230478058802,
              3517.631353999488
            ],
            [
              5730.572607436799,
              3521.323462736793
            ],
            [
              5710.76520846365,
              3522.67451937031
            ],
            [
              5723.817146644928,
              3564.465594022535
            ],
            [
              5646.844273888855,
              3581.7249737270176
            ],
            [
              5644.405605927925,
              3582.2731331037357
            ],
            [
              5635.14678271336,
              3584.34927934967
            ],
            [
              5617.389857044327,
              3588.3296236479655
            ],
            [
              5612.576005422743,
              3578.6901164939627
            ],
            [
              5610.18159765529,
              3567.8723029112443
            ],
            [
              5604.68736148288,
              3569.967789837159
            ],
            [
              5603.537263160804,
              3570.577956222929
            ],
            [
              5573.650738095632,
              3581.993835481815
            ],
            [
              5557.667228905717,
              3588.3188163815066
            ],
            [
              5539.583514851285,
              3595.2177336746827
            ],
            [
              5534.241216628812,
              3597.255833365023
            ],
            [
              5492.234928384307,
              3614.71281045489
            ],
            [
              5437.234042809228,
              3644.943990578875
            ],
            [
              5436.105846699444,
              3645.5595293072984
            ],
            [
              5432.884701447561,
              3647.3189642727375
            ],
            [
              5429.382899581455,
              3649.238555873744
            ],
            [
              5352.352084152168,
              3695.0486812600866
            ],
            [
              5355.920091970358,
              3707.9759406410158
            ],
            [
              5364.885997439735,
              3750.187021863647
            ],
            [
              5372.7171699743485,
              3777.483009453863
            ],
            [
              5364.565688232193,
              3781.8024306185544
            ],
            [
              5371.67854630074,
              3792.6308886893094
            ],
            [
              5383.658763953019,
              3805.871849756688
            ],
            [
              5417.207380923326,
              3829.9583568051457
            ],
            [
              5428.103593623731,
              3839.941730191
            ],
            [
              5445.125724451616,
              3862.346236523241
            ],
            [
              5479.452879750519,
              3919.2666018269956
            ],
            [
              5496.121972846333,
              3943.0246899835765
            ],
            [
              5530.6318567037815,
              3972.286156593822
            ],
            [
              5535.677500049816,
              3976.5511762751266
            ],
            [
              5538.270622728276,
              3978.6648932574317
            ],
            [
              5550.224108001217,
              3992.8851265348494
            ],
            [
              5561.778868519003,
              4010.5475542368367
            ],
            [
              5568.737636004342,
              4023.3728130543604
            ],
            [
              5587.626620983705,
              4060.554993873462
            ],
            [
              5600.610002722475,
              4096.116695395671
            ],
            [
              5601.865830617491,
              4099.557172304951
            ],
            [
              5608.172169533209,
              4115.460395922884
            ],
            [
              5618.4495174220065,
              4144.107833584771
            ],
            [
              5628.074301866116,
              4165.896090998314
            ],
            [
              5633.654600249138,
              4189.1847813967615
            ],
            [
              5636.550267472514,
              4205.769509531558
            ],
            [
              5653.23958893423,
              4264.0280427457765
            ],
            [
              5655.15632078331,
              4270.621911412105
            ],
            [
              5658.094716020394,
              4280.728234580718
            ],
            [
              5660.019016000093,
              4287.347225557081
            ],
            [
              5669.180604733992,
              4319.2746553001925
            ],
            [
              5680.636998822214,
              4366.676865606569
            ],
            [
              5684.320115498849,
              4375.207373863086
            ],
            [
              5687.397256459575,
              4442.010770020075
            ],
            [
              5691.003683068557,
              4455.028678092174
            ],
            [
              5700.338019510964,
              4517.2103706290945
            ],
            [
              5708.8380991907325,
              4550.406136294827
            ],
            [
              5727.27083535085,
              4598.137524730526
            ],
            [
              5730.656018599868,
              4606.90287554916
            ],
            [
              5734.316150954808,
              4615.023112175986
            ],
            [
              5746.334985486232,
              4634.1930666882545
            ],
            [
              5755.76146968361,
              4651.78915790841
            ],
            [
              5769.0190987127135,
              4678.0282612051815
            ],
            [
              5802.550603364478,
              4699.605292846449
            ],
            [
              5847.199630209827,
              4729.330046619289
            ],
            [
              5855.645235749893,
              4734.7098828097805
            ],
            [
              5882.365605197847,
              4751.729792430066
            ],
            [
              5885.377935615135,
              4753.648738706484
            ],
            [
              5889.4375677960925,
              4756.234397727996
            ],
            [
              5914.168951369589,
              4775.041794723831
            ],
            [
              5929.84974109137,
              4787.016429726034
            ],
            [
              5957.029890827835,
              4809.364677896723
            ],
            [
              5966.436983068008,
              4817.098279336467
            ],
            [
              5974.004451636807,
              4823.319865302183
            ],
            [
              5980.888715630746,
              4828.979932727292
            ],
            [
              5981.110527993878,
              4829.162672341801
            ],
            [
              5985.4315681044245,
              4832.714524616487
            ],
            [
              5986.031948661548,
              4833.208646798506
            ],
            [
              5986.162078809226,
              4833.315840714611
            ],
            [
              5988.695747111109,
              4835.398558113724
            ],
            [
              6032.345454428229,
              4866.855759860948
            ],
            [
              6041.503944952507,
              4873.751354221255
            ],
            [
              6042.974601586815,
              4874.858178911731
            ],
            [
              6048.357755348086,
              4878.912045927718
            ],
            [
              6048.994371335022,
              4879.391791846603
            ],
            [
              6057.53401357343,
              4885.820940773003
            ],
            [
              6081.4436442130245,
              4901.235277048312
            ],
            [
              6111.051200859365,
              4924.86467280332
            ],
            [
              6117.509707740042,
              4931.86308191251
            ],
            [
              6125.391412986093,
              4940.405379897915
            ],
            [
              6132.388175257365,
              4953.931122312322
            ],
            [
              6133.849475097028,
              4956.755295814946
            ],
            [
              6139.462499586982,
              4967.598150746897
            ],
            [
              6149.254239983275,
              4986.050266453065
            ],
            [
              6171.455856063752,
              5020.679911493324
            ],
            [
              6180.977586683119,
              5041.476742775179
            ],
            [
              6176.5504957300145,
              5043.720414574258
            ],
            [
              6141.522869352484,
              5061.774409360252
            ],
            [
              6129.559884550516,
              5067.94012280833
            ],
            [
              6126.561885768431,
              5090.568388679065
            ],
            [
              6126.483778707334,
              5091.160883675329
            ],
            [
              6124.448396455613,
              5099.113808888942
            ],
            [
              6120.5357521077385,
              5104.71531324368
            ],
            [
              6111.536087380722,
              5117.597763179801
            ],
            [
              6109.683507494163,
              5126.553526008502
            ],
            [
              6110.1381652313285,
              5145.575851033442
            ],
            [
              6112.089722356293,
              5160.07506310381
            ],
            [
              6119.513185437536,
              5186.654366004281
            ],
            [
              6122.615549214766,
              5209.86076001171
            ],
            [
              6127.0034534853185,
              5227.281789388508
            ],
            [
              6127.41820029309,
              5228.927408912219
            ],
            [
              6132.929065393633,
              5244.577144728042
            ],
            [
              6134.521888974006,
              5275.385555285029
            ],
            [
              6132.560258100508,
              5284.638368533924
            ],
            [
              6131.771893352503,
              5288.357825090177
            ],
            [
              6129.552593396045,
              5298.823885519989
            ],
            [
              6111.046030472731,
              5336.366732010618
            ],
            [
              6089.372135831043,
              5365.617798509076
            ],
            [
              6081.185699683032,
              5377.244505251758
            ],
            [
              6075.380023335922,
              5389.371771905571
            ],
            [
              6071.472402665298,
              5406.260125341825
            ],
            [
              6071.1841785599245,
              5407.447857314721
            ],
            [
              6069.615901815239,
              5413.924189130776
            ],
            [
              6067.7723504918395,
              5421.532490229234
            ],
            [
              6063.432691213791,
              5449.660236462951
            ],
            [
              6061.270365718752,
              5456.8512067347765
            ],
            [
              6058.036515438114,
              5464.324775939807
            ],
            [
              6054.613271138049,
              5472.233982115984
            ],
            [
              6052.673153893673,
              5476.718526690267
            ],
            [
              6042.447899172199,
              5490.64971173089
            ],
            [
              6036.931190264528,
              5498.153241160326
            ],
            [
              6019.858887930401,
              5521.384693832137
            ],
            [
              6009.336967214593,
              5535.710691260174
            ],
            [
              6001.926400997094,
              5545.811095148325
            ],
            [
              5996.113026336301,
              5553.7094376971945
            ],
            [
              5982.503746959032,
              5567.932677043602
            ],
            [
              5974.641214155126,
              5574.178457333706
            ],
            [
              5954.957505102619,
              5589.81543244794
            ],
            [
              5938.290502419113,
              5599.277755049057
            ],
            [
              5934.594380661263,
              5601.3939536791295
            ],
            [
              5927.881580835441,
              5605.238078981638
            ],
            [
              5916.416437240667,
              5613.919563257135
            ],
            [
              5913.5210244708,
              5617.209115209989
            ],
            [
              5908.800090540783,
              5622.606850405224
            ],
            [
              5894.3092140867375,
              5639.102359212935
            ],
            [
              5890.603135230718,
              5643.321783564985
            ],
            [
              5885.533941856003,
              5649.09145701956
            ],
            [
              5882.567461398547,
              5654.199271671474
            ],
            [
              5879.332589963102,
              5659.802355280146
            ],
            [
              5875.1315444571665,
              5680.404615546577
            ],
            [
              5872.997233196278,
              5687.126194966957
            ],
            [
              5861.870370010962,
              5708.769739768468
            ],
            [
              5861.69048085832,
              5714.614986622706
            ],
            [
              5866.260317098466,
              5718.641965133138
            ],
            [
              5884.145360281342,
              5734.423232105561
            ],
            [
              5892.211380195338,
              5741.539102092385
            ],
            [
              5888.443225549534,
              5746.173345129006
            ],
            [
              5886.441652320675,
              5748.638415235095
            ],
            [
              5885.591009322321,
              5749.684570893645
            ],
            [
              5881.586000665906,
              5754.606681481004
            ],
            [
              5880.161485629273,
              5756.35682311561
            ],
            [
              5858.982462204061,
              5782.389235666022
            ],
            [
              5843.489833457046,
              5805.027845686302
            ],
            [
              5842.870168290567,
              5806.71476646699
            ],
            [
              5842.154977495084,
              5808.667977512814
            ],
            [
              5838.386075792951,
              5818.96058248356
            ],
            [
              5837.051134305075,
              5822.605711326934
            ],
            [
              5831.47119149717,
              5837.843931103125
            ],
            [
              5830.067042241222,
              5841.677822321653
            ],
            [
              5808.047168830526,
              5866.604167763144
            ],
            [
              5793.624596069567,
              5882.203089133836
            ],
            [
              5768.970322269364,
              5865.906225451268
            ],
            [
              5759.856111834641,
              5859.872122190893
            ],
            [
              5747.9736860309495,
              5889.807355770841
            ],
            [
              5743.001951720682,
              5902.3327498734
            ],
            [
              5729.684100807761,
              5935.884398671798
            ],
            [
              5728.588216138305,
              5938.6448677955195
            ],
            [
              5717.850463435869,
              5951.326626169495
            ],
            [
              5712.885617576307,
              5957.1910502798855
            ],
            [
              5679.333503090427,
              5915.76926774811
            ],
            [
              5674.271903310553,
              5909.5145207569
            ],
            [
              5648.864167022868,
              5930.863954152912
            ],
            [
              5632.554656170192,
              5944.561150166206
            ],
            [
              5619.91549803887,
              5962.269948700443
            ],
            [
              5615.695641504368,
              5971.105255039409
            ],
            [
              5598.128729945747,
              5963.617041835561
            ],
            [
              5567.664855166222,
              5958.507627312094
            ],
            [
              5545.062752792612,
              5963.689675972797
            ],
            [
              5523.252584775793,
              5967.575637879781
            ],
            [
              5507.497882310534,
              5977.473408012651
            ],
            [
              5495.242347326945,
              5988.530674079433
            ],
            [
              5479.23292596871,
              6009.820807442069
            ],
            [
              5458.042917844141,
              6024.2143442276865
            ],
            [
              5441.001013877802,
              6031.630815756507
            ],
            [
              5440.589030753821,
              6031.753736014478
            ],
            [
              5421.749538019416,
              6039.059502467513
            ],
            [
              5409.018381067901,
              6045.190051053651
            ],
            [
              5407.608601106447,
              6045.785774109885
            ],
            [
              5406.1568284597015,
              6046.498745363206
            ],
            [
              5399.129847772187,
              6049.949599288404
            ],
            [
              5392.044007069897,
              6035.321655525826
            ],
            [
              5388.382317809737,
              6027.762223782018
            ],
            [
              5381.58284217515,
              6018.488634402864
            ],
            [
              5365.688213298796,
              5996.803108302876
            ],
            [
              5355.0354982313,
              5974.917270398699
            ],
            [
              5348.624512397917,
              5961.631481726654
            ],
            [
              5328.183369865641,
              5929.291293233633
            ],
            [
              5318.520425966475,
              5917.929348486476
            ],
            [
              5315.727259262814,
              5914.65253475029
            ],
            [
              5304.380507468828,
              5904.71139077004
            ],
            [
              5287.36328765098,
              5894.893256629817
            ],
            [
              5267.464153804351,
              5887.575126490556
            ],
            [
              5254.89213650045,
              5884.980915179476
            ],
            [
              5229.801749790553,
              5883.67229084298
            ],
            [
              5211.168026264058,
              5884.789364282973
            ],
            [
              5202.041293694172,
              5885.337154936045
            ],
            [
              5199.064305282547,
              5885.796121143736
            ],
            [
              5181.263023764361,
              5888.510966472328
            ],
            [
              5169.591258172179,
              5889.980975082144
            ],
            [
              5153.882000628859,
              5878.505687030964
            ],
            [
              5141.754758536117,
              5858.664061783813
            ],
            [
              5134.966406404041,
              5851.196149704978
            ],
            [
              5129.783413458732,
              5845.493176880293
            ],
            [
              5118.517986423569,
              5836.64311473351
            ],
            [
              5101.814539853716,
              5848.823998221196
            ],
            [
              5089.979112218018,
              5851.68080867175
            ],
            [
              5062.026636820985,
              5848.203876677901
            ],
            [
              5033.9092198996805,
              5849.112857282162
            ],
            [
              4994.782134122914,
              5846.094727719203
            ],
            [
              4954.6580258400645,
              5844.089258491062
            ],
            [
              4937.569587712525,
              5845.456681791693
            ],
            [
              4911.124799936893,
              5850.862959784456
            ],
            [
              4892.786833531107,
              5851.639188989066
            ],
            [
              4871.545167622971,
              5846.247555204667
            ],
            [
              4847.201379574137,
              5845.711475699209
            ],
            [
              4828.974977302598,
              5849.318792784587
            ],
            [
              4826.031083858805,
              5850.181207802147
            ],
            [
              4790.30235874909,
              5860.65427751746
            ],
            [
              4758.8496323406,
              5855.497985351831
            ],
            [
              4757.4458253399935,
              5855.451996074058
            ],
            [
              4753.384300039732,
              5855.317590167746
            ],
            [
              4748.477506010211,
              5855.154739907943
            ],
            [
              4746.717009191518,
              5855.096655377187
            ],
            [
              4732.576085155248,
              5854.630005976185
            ],
            [
              4727.524409891572,
              5854.462679813616
            ],
            [
              4723.13016401534,
              5854.317588082515
            ],
            [
              4685.050276283873,
              5850.745525290258
            ],
            [
              4676.59827299288,
              5849.953240833245
            ],
            [
              4640.04015847377,
              5853.387166570872
            ],
            [
              4604.895569924265,
              5839.630247298628
            ],
            [
              4587.1733584261965,
              5836.5511229028925
            ],
            [
              4566.929385337629,
              5833.033008616418
            ],
            [
              4532.030445013428,
              5828.76753847301
            ],
            [
              4525.847157493117,
              5828.012034892105
            ],
            [
              4509.789239215665,
              5818.220316732302
            ],
            [
              4485.187998975278,
              5797.655652964488
            ],
            [
              4458.17038044706,
              5767.562444027513
            ],
            [
              4420.010942949448,
              5717.294598810375
            ],
            [
              4403.683512084535,
              5695.781685709953
            ],
            [
              4382.871169867809,
              5671.1230066064745
            ],
            [
              4359.486313729198,
              5649.579440321773
            ],
            [
              4310.965131314122,
              5596.665227347985
            ],
            [
              4296.356292154058,
              5573.392220724374
            ],
            [
              4291.890228013275,
              5566.277931433171
            ],
            [
              4287.335244048503,
              5543.8365806574
            ],
            [
              4281.178986985702,
              5532.024760460481
            ],
            [
              4260.3294199896045,
              5521.24142367579
            ],
            [
              4247.4568223955575,
              5508.744971932843
            ],
            [
              4242.771802177769,
              5503.0355318356305
            ],
            [
              4235.67572190729,
              5494.3877242608
            ],
            [
              4222.632540090359,
              5481.928346815519
            ],
            [
              4212.687560988241,
              5475.37022326421
            ],
            [
              4212.070680933306,
              5475.022777410224
            ],
            [
              4209.223954216344,
              5473.417573311366
            ],
            [
              4199.924310481409,
              5468.174100943841
            ],
            [
              4195.918093339773,
              5463.92684198916
            ],
            [
              4177.739532570238,
              5451.869548791088
            ],
            [
              4178.601322614704,
              5453.153909056447
            ],
            [
              4187.517528300639,
              5466.442482688464
            ],
            [
              4184.261287165107,
              5464.055504783988
            ],
            [
              4192.661537939799,
              5482.906637909822
            ],
            [
              4193.8901435879525,
              5502.326989787631
            ],
            [
              4192.434701429447,
              5512.613110833801
            ],
            [
              4190.976587697398,
              5513.521916279569
            ],
            [
              4186.497027003788,
              5533.458522773348
            ],
            [
              4182.23003113817,
              5545.988919591531
            ],
            [
              4176.733392483089,
              5557.934462606907
            ],
            [
              4164.129414883093,
              5571.132122592069
            ],
            [
              4151.681225869339,
              5583.754612866789
            ],
            [
              4149.275658266153,
              5585.992831605487
            ],
            [
              4124.849807836465,
              5616.755247211084
            ],
            [
              4094.8843622937566,
              5642.20749174431
            ],
            [
              4076.0656606305856,
              5661.87000450585
            ],
            [
              4075.44854189374,
              5675.924357420765
            ],
            [
              4083.125214134343,
              5697.277389519848
            ],
            [
              4093.5627785614925,
              5710.927872293629
            ],
            [
              4092.5579982857453,
              5711.69246986974
            ],
            [
              4104.136112693814,
              5727.39685600996
            ],
            [
              4113.419942419045,
              5743.741828799248
            ],
            [
              4116.194197137258,
              5754.207214266993
            ],
            [
              4112.467363607022,
              5763.150887333788
            ],
            [
              4105.262090478558,
              5772.822873492725
            ],
            [
              4093.675739658298,
              5780.351575758308
            ],
            [
              4077.6185751856538,
              5782.974264811724
            ],
            [
              4049.759067924693,
              5774.296449887566
            ],
            [
              4049.488516104291,
              5773.923932556063
            ],
            [
              4013.969669314334,
              5764.285439171828
            ],
            [
              3997.445263105328,
              5761.666667778045
            ],
            [
              3963.358617470949,
              5777.843134387396
            ],
            [
              3956.656192399678,
              5781.02360800188
            ],
            [
              3931.508163334569,
              5823.91511031799
            ],
            [
              3893.290216630092,
              5864.392838357948
            ],
            [
              3864.1774686750723,
              5886.631567597389
            ],
            [
              3820.3359202235006,
              5914.373847170733
            ],
            [
              3793.6785979344277,
              5926.954373936169
            ],
            [
              3772.8094309339067,
              5936.034890295006
            ],
            [
              3723.0765338881174,
              5938.223893027753
            ],
            [
              3701.6738420149777,
              5942.197777446359
            ],
            [
              3695.858088584733,
              5943.277021220885
            ],
            [
              3687.7804998850916,
              5936.84078819491
            ],
            [
              3680.620067738113,
              5931.140022377484
            ],
            [
              3673.8739235154353,
              5925.766244834289
            ],
            [
              3655.480831747176,
              5926.26160622295
            ],
            [
              3637.7254901236156,
              5931.556468290277
            ],
            [
              3618.109611210879,
              5932.820696588606
            ],
            [
              3594.86986619886,
              5927.354931246489
            ],
            [
              3569.2219573798357,
              5920.06852341909
            ],
            [
              3539.27857754915,
              5939.9617141690105
            ],
            [
              3515.5331322503043,
              5949.985767325386
            ],
            [
              3486.37307099218,
              5962.302565620281
            ],
            [
              3444.0199652437586,
              5980.170153183863
            ],
            [
              3389.3865544217406,
              5994.581772956066
            ],
            [
              3357.2539943541633,
              6010.312737111002
            ],
            [
              3334.415718770004,
              6019.200625934638
            ],
            [
              3321.463338296511,
              6024.240678621456
            ],
            [
              3318.4628819761565,
              6025.897888577543
            ],
            [
              3290.4536473682383,
              6044.580485341139
            ],
            [
              3270.7237084774533,
              6054.799129100516
            ],
            [
              3269.788717317744,
              6053.469531953335
            ],
            [
              3263.4039843846112,
              6043.855181546882
            ],
            [
              3261.47520734102,
              6040.951053910889
            ],
            [
              3248.1922982260585,
              6021.932513304986
            ],
            [
              3245.7742263242835,
              6018.469183663838
            ],
            [
              3195.7318285497604,
              6010.69580421038
            ],
            [
              3179.289320339798,
              5997.088653828017
            ],
            [
              3152.9298911262304,
              5991.659536772408
            ],
            [
              3125.023935656878,
              5990.732654279098
            ],
            [
              3112.5599555104272,
              5984.161467345431
            ],
            [
              3098.1300365083152,
              5984.404663668945
            ],
            [
              3075.654139614897,
              5958.817875569686
            ],
            [
              3065.5755985636497,
              5949.548271114938
            ],
            [
              3053.1401490832213,
              5941.308064822108
            ],
            [
              3042.695922594052,
              5927.1136563792825
            ],
            [
              3037.295235973783,
              5914.964884181507
            ],
            [
              3035.652111147414,
              5910.263171479106
            ],
            [
              3033.663940122584,
              5904.575848818757
            ],
            [
              3011.6644274509745,
              5876.268014859408
            ],
            [
              3004.709439540864,
              5867.321726552211
            ],
            [
              3031.1590540857287,
              5823.200943582691
            ],
            [
              3062.3375427597202,
              5769.355868167244
            ],
            [
              3083.3013770808466,
              5736.603935579769
            ],
            [
              3085.7869117042283,
              5719.86135360878
            ],
            [
              3075.9542156677926,
              5721.942622482777
            ],
            [
              3061.7792484455276,
              5719.37701293081
            ],
            [
              3030.029846253572,
              5713.629851363599
            ],
            [
              2987.306086835335,
              5708.150972425006
            ],
            [
              2969.2299785912037,
              5709.462521702051
            ],
            [
              2966.0359629900195,
              5709.693842428736
            ],
            [
              2958.8611625538906,
              5710.215014484711
            ],
            [
              2933.8855385553325,
              5712.0264486009255
            ],
            [
              2930.636248965049,
              5713.210543840192
            ],
            [
              2923.805145627819,
              5730.938528680243
            ],
            [
              2911.910347619909,
              5751.309155714698
            ],
            [
              2883.188827220467,
              5759.495662601665
            ],
            [
              2859.9633156403434,
              5768.405926669948
            ],
            [
              2828.4142273610923,
              5777.083940220065
            ],
            [
              2799.991335471859,
              5779.497250105254
            ],
            [
              2773.112158808508,
              5786.345647507347
            ],
            [
              2743.4043052347843,
              5796.674652827904
            ],
            [
              2714.302596944035,
              5811.312750291079
            ],
            [
              2713.146301700617,
              5811.700865247287
            ],
            [
              2688.8538689748384,
              5819.865099738352
            ],
            [
              2672.0986696489854,
              5827.4763701418415
            ],
            [
              2643.2601427175105,
              5840.169536321424
            ],
            [
              2616.391567047802,
              5846.398290809244
            ],
            [
              2588.111427449505,
              5850.40356513951
            ],
            [
              2563.9431477537146,
              5854.229197982699
            ],
            [
              2542.93489011121,
              5853.320259318687
            ],
            [
              2518.0038961275714,
              5853.224008351564
            ],
            [
              2486.5071027798112,
              5851.825877384283
            ],
            [
              2450.67311515857,
              5847.4144778791815
            ],
            [
              2407.2371002744185,
              5838.574405835941
            ],
            [
              2385.9953108886257,
              5834.952277152799
            ],
            [
              2363.6258931197226,
              5828.87159516383
            ],
            [
              2326.9502686274936,
              5816.968024035916
            ],
            [
              2298.1006572853075,
              5823.292873763479
            ],
            [
              2282.485740554519,
              5826.774854818359
            ],
            [
              2254.206132730702,
              5824.90187521372
            ],
            [
              2235.1740841297433,
              5830.614768209867
            ],
            [
              2206.610648428672,
              5855.28907602746
            ],
            [
              2183.5326146681327,
              5874.2888525417075
            ],
            [
              2135.799182767165,
              5906.313198375516
            ],
            [
              2102.737713511684,
              5932.1202489556745
            ],
            [
              2086.088782900595,
              5942.873388915323
            ],
            [
              2072.502783883363,
              5951.647486525588
            ],
            [
              2060.4670510236174,
              5958.039797012694
            ],
            [
              2046.3673220151104,
              5969.965175250545
            ],
            [
              2029.552355886437,
              5986.922633618116
            ],
            [
              2012.723721000133,
              5998.8313539251685
            ],
            [
              1990.8723181202076,
              6012.743595715612
            ],
            [
              1956.7647155264858,
              6028.985577999614
            ],
            [
              1949.7208734230371,
              6033.1339056789875
            ],
            [
              1925.539520358434,
              6047.376205844805
            ],
            [
              1942.421719948179,
              6092.571463593282
            ],
            [
              1942.0764544495614,
              6132.653667775914
            ],
            [
              1940.3116797631374,
              6166.883335933089
            ],
            [
              1938.8458744824165,
              6182.453652184457
            ],
            [
              1945.3639135000994,
              6197.660594051704
            ],
            [
              1955.9849197153235,
              6215.546899479814
            ],
            [
              1968.795745849493,
              6237.499444261193
            ],
            [
              1947.867639194359,
              6251.787348098122
            ],
            [
              1942.9017604788532,
              6251.6324804816395
            ],
            [
              1911.3951895768987,
              6251.393807712011
            ],
            [
              1869.9687416687375,
              6241.378413238563
            ],
            [
              1824.6610846725525,
              6214.541650086641
            ],
            [
              1773.9248320822371,
              6207.016330407001
            ],
            [
              1714.319025488454,
              6212.485486726277
            ],
            [
              1677.9694281565025,
              6222.450970039703
            ],
            [
              1635.8438418328296,
              6218.831726376899
            ],
            [
              1589.0553726498038,
              6199.087549342774
            ],
            [
              1554.2893019317416,
              6184.25748809427
            ],
            [
              1495.5786434399197,
              6174.206572099589
            ],
            [
              1457.4559960340848,
              6166.253072945401
            ],
            [
              1425.1199962196406,
              6159.506162762642
            ],
            [
              1423.3976538919378,
              6159.146819143556
            ],
            [
              1417.708106432925,
              6156.880207808688
            ],
            [
              1386.1558772088028,
              6156.39083559718
            ],
            [
              1377.8051917748526,
              6155.465321391821
            ],
            [
              1342.6513062467566,
              6151.56837985944
            ],
            [
              1337.381657121121,
              6150.996443639509
            ],
            [
              1263.882610099623,
              6142.9240774177015
            ],
            [
              1148.1610630101059,
              6088.891470956616
            ],
            [
              1137.151158199762,
              6077.966475237161
            ],
            [
              1100.3558910436695,
              6041.488211187534
            ],
            [
              1091.207134386641,
              6032.159564662725
            ],
            [
              1077.541482523433,
              6018.225061103702
            ],
            [
              1059.2744383657118,
              5999.5982824722305
            ],
            [
              1047.4316083750455,
              5992.367945150472
            ],
            [
              997.375639141188,
              5964.350425608456
            ],
            [
              983.2323742635781,
              5953.091960635036
            ],
            [
              980.5003992125858,
              5950.915898182429
            ],
            [
              975.8269196002511,
              5941.258876129985
            ],
            [
              970.0141125185182,
              5929.243078882806
            ],
            [
              955.8685321648372,
              5899.989959600382
            ],
            [
              907.9954903471516,
              5919.135667635128
            ],
            [
              892.6897718085675,
              5911.901125913486
            ],
            [
              863.4488418301335,
              5898.080283753574
            ],
            [
              837.4074238451431,
              5887.507178077474
            ],
            [
              832.6022148213815,
              5885.556599978358
            ],
            [
              819.3169973470503,
              5882.000506771728
            ],
            [
              807.9879595431266,
              5870.036380098201
            ],
            [
              800.2372508120025,
              5861.850306464359
            ],
            [
              782.2038899958134,
              5836.629518797621
            ],
            [
              778.1520107254619,
              5830.961935973726
            ],
            [
              749.021221528179,
              5834.442801725119
            ],
            [
              718.0743112196214,
              5811.410561534576
            ],
            [
              696.7116471225163,
              5794.9802202340215
            ],
            [
              672.5537993622711,
              5776.562683633529
            ],
            [
              644.254043676774,
              5755.4051516270265
            ],
            [
              635.8385931752855,
              5747.683578259312
            ],
            [
              619.3083031490678,
              5753.839092615992
            ],
            [
              596.8510134789394,
              5762.262584430166
            ],
            [
              582.24033906986,
              5747.9370660679415
            ],
            [
              578.7762426022673,
              5744.435886820778
            ],
            [
              577.1017116310541,
              5742.74176372122
            ],
            [
              575.0085052092327,
              5740.626608381048
            ],
            [
              570.3003069553524,
              5735.866535165347
            ],
            [
              569.1277505869512,
              5732.527488702908
            ],
            [
              568.5366461831145,
              5730.847885984927
            ],
            [
              568.1534534594975,
              5729.8716270867735
            ],
            [
              567.6533207423054,
              5728.133597363718
            ],
            [
              529.9282480509719,
              5742.54423993919
            ],
            [
              495.27127331565134,
              5755.257848562673
            ],
            [
              487.0643219331978,
              5752.18244752381
            ],
            [
              481.7420211622957,
              5750.188044427894
            ],
            [
              479.8227129627485,
              5748.894616085105
            ],
            [
              465.53366807079874,
              5739.264191193506
            ],
            [
              458.79572486132383,
              5733.998566091992
            ],
            [
              453.72501701069996,
              5730.035056723282
            ],
            [
              450.78487597662024,
              5726.585821814835
            ],
            [
              447.2185235673096,
              5721.756294566207
            ],
            [
              443.3825018912321,
              5716.912160935812
            ],
            [
              374.10281370102894,
              5730.393551330082
            ],
            [
              360.24423109192867,
              5734.882244692184
            ],
            [
              355.96079771989025,
              5736.269588430412
            ],
            [
              353.6959446942201,
              5737.002643033862
            ],
            [
              351.52475405612495,
              5737.695311231539
            ],
            [
              347.15768631047104,
              5738.77031881921
            ],
            [
              341.7666106435936,
              5740.097741745412
            ],
            [
              299.2494455364067,
              5757.055671712384
            ],
            [
              298.2025454104878,
              5757.477644572966
            ],
            [
              294.86076777416747,
              5758.810105058365
            ],
            [
              293.90449763508514,
              5759.193639094941
            ],
            [
              293.02886340161785,
              5759.538563481532
            ],
            [
              287.4467850420624,
              5754.494636821561
            ],
            [
              279.29486132168677,
              5747.147463323548
            ],
            [
              267.8598860532511,
              5731.731583419256
            ],
            [
              265.63388734380715,
              5728.729426098056
            ],
            [
              262.47641959018074,
              5730.0990268960595
            ],
            [
              248.512084476999,
              5736.1544392565265
            ],
            [
              240.15712861984503,
              5738.9307486517355
            ],
            [
              230.68565614020918,
              5742.107846810482
            ],
            [
              214.98058523691725,
              5747.944560497999
            ],
            [
              190.23078162875026,
              5757.141612528823
            ],
            [
              165.62820832896978,
              5766.498132761568
            ],
            [
              151.33447484183125,
              5774.571302461438
            ],
            [
              140.9007543361513,
              5777.312077591196
            ],
            [
              106.09707023436204,
              5790.481024297886
            ],
            [
              92.13996547856368,
              5795.76278881263
            ],
            [
              88.79383366566617,
              5797.934920788743
            ],
            [
              71.0824754248606,
              5809.438617903739
            ],
            [
              33.602335367468186,
              5812.44685913343
            ],
            [
              10.747704352019355,
              5818.384290155023
            ],
            [
              -6.458487628609873,
              5820.219537244178
            ],
            [
              -39.15136912057642,
              5836.755551015958
            ],
            [
              -87.989694984979,
              5863.252492423169
            ],
            [
              -142.50156721204985,
              5892.981441553682
            ],
            [
              -145.16562461887952,
              5894.4354507746175
            ],
            [
              -167.74103096011095,
              5863.5687618283555
            ],
            [
              -179.78089932864532,
              5840.379899808206
            ],
            [
              -182.62467931525316,
              5840.651193413883
            ],
            [
              -235.27970596647356,
              5847.138909441419
            ],
            [
              -249.31879648170434,
              5847.91862568818
            ],
            [
              -249.73137201741338,
              5847.491700244136
            ],
            [
              -264.328338912921,
              5842.893502751365
            ],
            [
              -283.3634357271949,
              5838.8492526309565
            ],
            [
              -296.8675474744523,
              5833.479975099675
            ],
            [
              -316.62401468725875,
              5820.756015485153
            ],
            [
              -338.1347448317101,
              5797.785160411149
            ],
            [
              -345.6596822127467,
              5784.170612834394
            ],
            [
              -346.3628667559242,
              5767.993481590413
            ],
            [
              -344.87496691651177,
              5745.865613828413
            ],
            [
              -347.0489823666867,
              5735.6115427920595
            ],
            [
              -347.8993345357012,
              5732.138053663075
            ],
            [
              -369.7136501861969,
              5707.042657053098
            ],
            [
              -379.89444070507307,
              5699.080992073752
            ],
            [
              -386.6383809625404,
              5696.506461691111
            ],
            [
              -402.96619058272336,
              5696.667237041518
            ],
            [
              -408.9788178821327,
              5698.096999384463
            ],
            [
              -430.93142942443956,
              5703.317069597542
            ],
            [
              -451.1550314531196,
              5711.48880881723
            ],
            [
              -458.96141173609067,
              5712.585001700558
            ],
            [
              -468.6080655568512,
              5712.56006848719
            ],
            [
              -469.6242133115884,
              5712.352756910026
            ],
            [
              -486.2824240467744,
              5709.618758634664
            ],
            [
              -488.9057352549862,
              5709.274009034038
            ],
            [
              -520.5843222488184,
              5707.412924872711
            ],
            [
              -532.0384466006653,
              5706.687299421988
            ],
            [
              -547.4641383650014,
              5706.123718162999
            ],
            [
              -573.1483399095014,
              5704.485060337
            ],
            [
              -601.7364484695718,
              5706.6356027163565
            ],
            [
              -603.0773595466744,
              5706.712652158923
            ],
            [
              -604.1081133931875,
              5706.77500919532
            ],
            [
              -611.4291378009366,
              5708.719243378378
            ],
            [
              -618.1172911699396,
              5710.484352763742
            ],
            [
              -643.8741720292019,
              5717.191921952181
            ],
            [
              -646.2847019700566,
              5717.850506427698
            ],
            [
              -673.8849266468314,
              5725.956132686697
            ],
            [
              -676.7224661868531,
              5727.617111965083
            ],
            [
              -698.6001951438375,
              5740.7390605146065
            ],
            [
              -715.2188414444681,
              5744.46377971489
            ],
            [
              -737.0891482301522,
              5744.8697107499465
            ],
            [
              -753.058446889976,
              5736.339250634424
            ],
            [
              -763.4595226122765,
              5728.983641797677
            ],
            [
              -770.8599905045703,
              5723.878655579872
            ],
            [
              -788.3286608542548,
              5705.395581061952
            ],
            [
              -802.8386661040131,
              5687.522910704836
            ],
            [
              -816.5403412103187,
              5677.92155155912
            ],
            [
              -829.9281690164935,
              5668.206593760289
            ],
            [
              -836.0621502958238,
              5664.512835562229
            ],
            [
              -843.6950589128537,
              5660.724477337673
            ],
            [
              -850.76155856275,
              5659.534014885314
            ],
            [
              -865.4803521106951,
              5658.613630528562
            ],
            [
              -875.06156416249,
              5659.439558850601
            ],
            [
              -898.5388815880287,
              5665.080426891334
            ],
            [
              -900.9169250993291,
              5665.651593231596
            ],
            [
              -905.5485392995179,
              5666.764063216746
            ],
            [
              -912.0134045645827,
              5665.993759987876
            ],
            [
              -919.5473421483766,
              5664.954259414226
            ],
            [
              -926.7822722664569,
              5653.673983108252
            ],
            [
              -929.8386652433546,
              5644.744437924586
            ],
            [
              -938.4331379005453,
              5624.103761261329
            ],
            [
              -940.1348637751071,
              5619.55604709778
            ],
            [
              -950.0037692778278,
              5617.327985313721
            ],
            [
              -951.6867834484437,
              5616.94932416454
            ],
            [
              -957.6320439858828,
              5615.608079556376
            ],
            [
              -963.4304631772684,
              5619.127868153155
            ],
            [
              -969.1175812470028,
              5622.569583415985
            ],
            [
              -974.6141291726381,
              5625.974568120204
            ],
            [
              -982.3182491266634,
              5629.861660955474
            ],
            [
              -985.2997191133909,
              5630.000641329214
            ],
            [
              -989.8684445878025,
              5632.931633873843
            ],
            [
              -995.1148022925481,
              5633.981612024829
            ],
            [
              -995.9072355820099,
              5634.138015385717
            ],
            [
              -999.483648190042,
              5635.746376589872
            ],
            [
              -1004.7019014357356,
              5638.076445989311
            ],
            [
              -1006.2209956157021,
              5638.050480274484
            ],
            [
              -1012.5174941312289,
              5640.881961197592
            ],
            [
              -1027.5240098834038,
              5645.623936234973
            ],
            [
              -1032.910574099049,
              5646.688512405381
            ],
            [
              -1045.6297036848264,
              5649.203274401836
            ],
            [
              -1054.6813981666928,
              5650.0482504135
            ],
            [
              -1063.1180730815977,
              5652.343300951645
            ],
            [
              -1066.8385888931807,
              5652.439657778479
            ],
            [
              -1071.8362904663663,
              5653.563864417374
            ],
            [
              -1074.7666785941692,
              5654.223559554666
            ],
            [
              -1085.98058360524,
              5658.160624816082
            ],
            [
              -1097.0486801223597,
              5660.000820944086
            ],
            [
              -1104.1115598770557,
              5660.879791286774
            ],
            [
              -1109.027686467045,
              5661.325598934665
            ],
            [
              -1116.0359797695419,
              5665.444516535848
            ],
            [
              -1117.8016775178257,
              5666.394037373364
            ],
            [
              -1124.4056816673838,
              5670.83976793848
            ],
            [
              -1125.8042424123269,
              5677.2139151040465
            ],
            [
              -1125.6939604015788,
              5683.044026316144
            ],
            [
              -1125.5464379084297,
              5686.695437372662
            ],
            [
              -1125.0614949980518,
              5705.69794562459
            ],
            [
              -1124.8898814466083,
              5712.618773577735
            ],
            [
              -1124.3635701576713,
              5732.885604464449
            ],
            [
              -1123.8894184604287,
              5751.174145671539
            ],
            [
              -1123.409704524558,
              5772.353902136907
            ],
            [
              -1125.7880816545803,
              5793.238879372366
            ],
            [
              -1128.5823140006978,
              5814.590603822842
            ],
            [
              -1124.9624806612264,
              5829.741886531003
            ],
            [
              -1123.193702366436,
              5836.799982094206
            ],
            [
              -1122.227865999448,
              5840.535359740257
            ],
            [
              -1121.7880418436835,
              5842.2923454120755
            ],
            [
              -1123.6690559784183,
              5842.969976464286
            ],
            [
              -1146.884601685917,
              5851.31048414018
            ],
            [
              -1172.5754208096769,
              5860.588381583802
            ],
            [
              -1183.5597176423762,
              5866.298826142214
            ],
            [
              -1188.3104710149346,
              5868.766843077727
            ],
            [
              -1201.604755848064,
              5875.687420889735
            ],
            [
              -1208.4434589874,
              5879.242405339144
            ],
            [
              -1214.6093928040937,
              5882.447999567725
            ],
            [
              -1221.0416119985748,
              5885.791998401284
            ],
            [
              -1229.576003205846,
              5890.29469971545
            ],
            [
              -1231.996950776782,
              5891.562918276526
            ],
            [
              -1279.9511371162953,
              5911.376924470067
            ],
            [
              -1280.3065231832443,
              5911.522803347558
            ],
            [
              -1284.2167180569377,
              5913.124455676414
            ],
            [
              -1285.709698286024,
              5913.734741540626
            ],
            [
              -1294.9717397948261,
              5917.5282156979665
            ],
            [
              -1295.707190130488,
              5916.281020466238
            ],
            [
              -1298.5566961053992,
              5911.448770030402
            ],
            [
              -1304.4462013894226,
              5901.524091459811
            ],
            [
              -1307.2116293906001,
              5896.861227235757
            ],
            [
              -1311.7812039521523,
              5889.139446794987
            ],
            [
              -1323.4090528029483,
              5878.6938094059005
            ],
            [
              -1329.1675829389133,
              5873.446945436299
            ],
            [
              -1334.461960613029,
              5872.393739543855
            ],
            [
              -1347.595282012946,
              5869.780973471701
            ],
            [
              -1363.58002867084,
              5866.600625004619
            ],
            [
              -1395.929857136798,
              5860.1494531501085
            ],
            [
              -1398.649856775417,
              5859.613108367659
            ],
            [
              -1401.3696855645394,
              5859.06676956173
            ],
            [
              -1421.0441753816558,
              5855.0016021523625
            ],
            [
              -1422.6282720559975,
              5854.684612930752
            ],
            [
              -1449.3866515158443,
              5845.709819121286
            ],
            [
              -1469.1322967062006,
              5835.865199986845
            ],
            [
              -1487.4099260088988,
              5831.37404870335
            ],
            [
              -1500.144113893155,
              5828.337238899432
            ],
            [
              -1510.735907647293,
              5823.367651272565
            ],
            [
              -1510.343322210363,
              5822.624590786174
            ],
            [
              -1523.4400292759528,
              5817.4022501586005
            ],
            [
              -1536.4298806297593,
              5806.513467271812
            ],
            [
              -1542.2653708766447,
              5801.675166380592
            ],
            [
              -1551.4384428575868,
              5791.491430422291
            ],
            [
              -1553.1697170294356,
              5789.8423318574205
            ],
            [
              -1572.6076856947038,
              5771.355618486181
            ],
            [
              -1575.0472549656406,
              5769.03461458534
            ],
            [
              -1587.1735160002718,
              5762.599240195006
            ],
            [
              -1621.0632620592369,
              5756.171742410399
            ],
            [
              -1625.6966465932783,
              5755.2827904718
            ],
            [
              -1643.5555445903447,
              5752.028426055796
            ],
            [
              -1659.5326406749664,
              5752.729028797708
            ],
            [
              -1664.8850127372425,
              5752.963440022431
            ],
            [
              -1705.0867122940253,
              5736.8209904571995
            ],
            [
              -1712.2173219658434,
              5734.059912893921
            ],
            [
              -1726.3238463988528,
              5729.430130155757
            ],
            [
              -1748.9101725036744,
              5722.016208698973
            ],
            [
              -1754.5364673815202,
              5719.560759481974
            ],
            [
              -1763.3313671558863,
              5731.116845821962
            ],
            [
              -1765.977900766069,
              5734.470568352379
            ],
            [
              -1766.2847254227381,
              5734.875198354945
            ],
            [
              -1777.151119173388,
              5748.895110916346
            ],
            [
              -1780.6166149892379,
              5753.372486437671
            ],
            [
              -1784.4909939962672,
              5758.376709410921
            ],
            [
              -1787.5577032020083,
              5762.333062833175
            ],
            [
              -1789.810225653462,
              5764.567864334211
            ],
            [
              -1794.4098720054608,
              5769.1328205391765
            ],
            [
              -1798.520366932149,
              5773.2122889580205
            ],
            [
              -1802.2964982651174,
              5776.6796617219225
            ],
            [
              -1818.365915676346,
              5791.437382048927
            ],
            [
              -1829.556477685459,
              5801.612925204448
            ],
            [
              -1846.1860907064984,
              5814.754559707828
            ],
            [
              -1850.3697393300245,
              5817.382220769301
            ],
            [
              -1876.2598764401628,
              5833.644556058571
            ],
            [
              -1889.621015097713,
              5850.910811137408
            ],
            [
              -1906.1944166102912,
              5873.630469206721
            ],
            [
              -1912.6640434779692,
              5883.666772660799
            ],
            [
              -1919.902867670753,
              5894.839575332589
            ],
            [
              -1943.4875433393754,
              5917.759283882566
            ],
            [
              -1951.1511591660092,
              5921.617062857375
            ],
            [
              -1962.434914593352,
              5927.302381388843
            ],
            [
              -1973.1693361023208,
              5945.883140907623
            ],
            [
              -1974.2162557707634,
              5947.534733587876
            ],
            [
              -1974.5624842004618,
              5948.08064616099
            ],
            [
              -1974.9672672866145,
              5948.718529323116
            ],
            [
              -1978.9022598147858,
              5954.929341821
            ],
            [
              -1979.1087600110332,
              5955.254711176269
            ],
            [
              -1984.8714694248047,
              5964.347388277762
            ],
            [
              -1986.1818382806377,
              5965.854520423338
            ],
            [
              -2000.7897113047075,
              5982.659589871764
            ],
            [
              -2006.772768181283,
              5989.671136277728
            ],
            [
              -2012.704795833095,
              5996.621573762968
            ],
            [
              -2027.6536195925437,
              6009.102136813104
            ],
            [
              -2043.6750485143857,
              6022.923947086558
            ],
            [
              -2049.980108969379,
              6031.988356703892
            ],
            [
              -2063.7626731842756,
              6051.801610725932
            ],
            [
              -2074.223159377929,
              6068.977477268316
            ],
            [
              -2071.4749763046857,
              6071.373734232038
            ],
            [
              -2069.54433775926,
              6073.056230721995
            ],
            [
              -2048.323970307829,
              6091.953288882971
            ],
            [
              -2039.6601855349727,
              6109.705990606919
            ],
            [
              -2036.1592061856063,
              6120.112664506771
            ],
            [
              -2033.4631293361308,
              6127.896379393525
            ],
            [
              -2025.4812120693969,
              6151.735557196662
            ],
            [
              -2016.0459451810457,
              6179.914257341996
            ],
            [
              -2006.783824049984,
              6207.578155929223
            ],
            [
              -1999.6683622826822,
              6262.103116230108
            ],
            [
              -2007.269384583924,
              6297.972147034481
            ],
            [
              -2020.9645376385888,
              6332.437397886068
            ],
            [
              -2060.1940602286486,
              6316.270534534007
            ],
            [
              -2085.4503458746476,
              6305.862847705372
            ],
            [
              -2137.837973209331,
              6361.050095505081
            ],
            [
              -2151.478870900348,
              6375.382438634522
            ],
            [
              -2172.927660900983,
              6397.918747667223
            ],
            [
              -2189.6500165336765,
              6375.549660415389
            ],
            [
              -2208.503913899418,
              6350.384984006174
            ],
            [
              -2231.9146706938045,
              6363.656586154364
            ],
            [
              -2232.2942211463815,
              6363.871029999107
            ],
            [
              -2233.377392912167,
              6364.485319160856
            ],
            [
              -2237.4315219636774,
              6369.068586244248
            ],
            [
              -2246.853771434515,
              6379.720194800757
            ],
            [
              -2259.4340175020043,
              6391.07158604078
            ],
            [
              -2269.894920352148,
              6383.125144758262
            ],
            [
              -2271.582369390293,
              6381.836685072631
            ],
            [
              -2294.79572283139,
              6364.321116921492
            ],
            [
              -2306.530715492787,
              6355.467168943025
            ],
            [
              -2309.6275906483643,
              6374.638322205283
            ],
            [
              -2314.855066940072,
              6390.374097331427
            ],
            [
              -2335.3132545207627,
              6422.214476390742
            ],
            [
              -2354.5288535760483,
              6452.126693408936
            ],
            [
              -2358.439078558935,
              6458.058004676364
            ],
            [
              -2359.821131353732,
              6459.313985216431
            ],
            [
              -2360.8660868529696,
              6460.265823673457
            ],
            [
              -2364.206906937412,
              6463.297762930393
            ],
            [
              -2368.6038467674516,
              6467.29134662915
            ],
            [
              -2376.0571615903173,
              6474.051814878359
            ],
            [
              -2386.1433397205546,
              6478.687913256697
            ],
            [
              -2401.4868761228863,
              6482.094487064518
            ],
            [
              -2414.5303367034066,
              6483.700946112163
            ],
            [
              -2428.755823047366,
              6485.447149075568
            ],
            [
              -2443.88324602542,
              6486.738068535924
            ],
            [
              -2452.3049470800906,
              6487.573797816411
            ],
            [
              -2460.9559975176817,
              6488.375615541823
            ],
            [
              -2484.7909314736025,
              6490.847270296887
            ],
            [
              -2497.6093416969525,
              6489.347532876767
            ],
            [
              -2502.2905153242173,
              6488.798652231693
            ],
            [
              -2530.9505787295057,
              6484.639836144634
            ],
            [
              -2551.136842305772,
              6485.954240224324
            ],
            [
              -2567.7195378494216,
              6484.071250701323
            ],
            [
              -2584.125754075125,
              6478.8822971386835
            ],
            [
              -2600.46218253416,
              6473.70453392528
            ],
            [
              -2613.611896829447,
              6474.509422169998
            ],
            [
              -2623.599406256224,
              6475.128442221321
            ],
            [
              -2635.3408224000596,
              6478.346669237129
            ],
            [
              -2645.576561218826,
              6481.790574075654
            ],
            [
              -2679.8590714008315,
              6497.759411652572
            ],
            [
              -2695.610562515445,
              6506.317418097518
            ],
            [
              -2721.8360426170984,
              6520.209670180455
            ],
            [
              -2724.715238292003,
              6521.734964557923
            ],
            [
              -2733.5040331115015,
              6525.916383458301
            ],
            [
              -2737.8581213213038,
              6527.988287937827
            ],
            [
              -2753.124344343203,
              6534.475228805095
            ],
            [
              -2764.8009274492506,
              6540.333747456782
            ],
            [
              -2767.6141965499846,
              6541.745204001665
            ],
            [
              -2782.6050330689177,
              6552.005689287558
            ],
            [
              -2786.3335060414393,
              6554.732089695521
            ],
            [
              -2801.677695222432,
              6565.955234555528
            ],
            [
              -2807.49079284654,
              6566.065793410875
            ],
            [
              -2807.7977793668397,
              6566.0705423131585
            ],
            [
              -2822.6780706638237,
              6566.35599339474
            ],
            [
              -2840.3953738862183,
              6565.933148569427
            ],
            [
              -2861.250961437705,
              6565.466650900431
            ],
            [
              -2867.586470452603,
              6565.318356097676
            ],
            [
              -2881.5724270348437,
              6567.088642398827
            ]
          ]
        ]
      }
    }
  ]
}